timestamp,frame,ear,mar,perclos,blink_rate,score,microsleep_duration,pose_pitch,pose_yaw,pose_roll,pose_score,alert_level
2026-05-01 01:58:33,0,0.2803,0.0222,0.0,0.0,0.0,0.0,16.59,-4.96,-1.52,0.0,OK
2026-05-01 01:58:33,1,0.2924,0.0227,0.0,0.0,0.0,0.0,15.01,-4.18,-1.75,0.0,OK
2026-05-01 01:58:33,2,0.2974,0.0227,0.0,0.0,0.0,0.0,13.46,-4.65,-1.88,0.0,OK
2026-05-01 01:58:33,3,0.2954,0.0227,0.0,0.0,0.0,0.0,15.1,-4.71,-2.03,0.0,OK
2026-05-01 01:58:33,4,0.3062,0.0454,0.0,0.0,0.0,0.0,15.39,-5.88,-2.16,0.0,OK
2026-05-01 01:58:33,5,0.2855,0.0454,0.0,0.0,0.0,0.0,16.18,-4.57,-1.69,0.0,OK
2026-05-01 01:58:33,6,0.2794,0.0454,0.0,0.0,0.0,0.0,15.62,-4.67,-1.89,0.0,OK
2026-05-01 01:58:33,7,0.2873,0.0301,0.0,0.0,0.0,0.0,18.04,-3.63,-1.4,0.0,OK
2026-05-01 01:58:33,8,0.3098,0.0,0.0,0.0,0.0,0.0,17.14,-3.59,-1.7,0.0,OK
2026-05-01 01:58:33,9,0.3098,0.0217,0.0,0.0,0.0,0.0,19.07,-4.53,-1.8,0.0,OK
2026-05-01 01:58:33,10,0.303,0.0222,0.0,0.0,0.0,0.0,15.76,-3.86,-1.22,0.0,OK
2026-05-01 01:58:33,11,0.3103,0.0314,0.0,0.0,0.0,0.0,17.31,-4.2,-1.68,0.0,OK
2026-05-01 01:58:33,12,0.3061,0.0314,0.0,0.0,0.0,0.0,17.9,-5.43,-1.78,0.0,OK
2026-05-01 01:58:33,13,0.3009,0.0222,0.0,0.0,0.0,0.0,17.77,-3.43,-1.19,0.0,OK
2026-05-01 01:58:33,14,0.2684,0.0217,0.0,0.0,0.0,0.0,17.97,-4.81,-1.65,0.0,OK
2026-05-01 01:58:33,15,0.3162,0.0307,0.0,0.0,0.0,0.0,18.2,-6.05,-1.77,0.0,OK
2026-05-01 01:58:33,16,0.3077,0.0307,0.0,0.0,0.0,0.0,17.46,-6.21,-1.91,0.0,OK
2026-05-01 01:58:33,17,0.3013,0.0222,0.0,0.0,0.0,0.0,16.88,-5.12,-2.18,0.0,OK
2026-05-01 01:58:33,18,0.3013,0.0314,0.0,0.0,0.0,0.0,18.02,-3.95,-1.56,0.0,OK
2026-05-01 01:58:33,19,0.2859,0.0444,0.0,0.0,0.0,0.0,16.42,-5.02,-1.69,0.0,OK
2026-05-01 01:58:33,20,0.2875,0.0497,0.0,0.0,0.0,0.0,16.4,-5.16,-1.49,0.0,OK
2026-05-01 01:58:34,21,0.3024,0.0486,0.0,0.0,0.0,0.0,18.04,-2.87,-1.25,0.0,OK
2026-05-01 01:58:34,22,0.3093,0.0222,0.0,0.0,0.0,0.0,18.63,-3.58,-1.68,0.0,OK
2026-05-01 01:58:34,23,0.3062,0.0222,0.0,0.0,0.0,0.0,18.7,-3.32,-1.85,0.0,OK
2026-05-01 01:58:34,24,0.2587,0.0321,0.0,0.0,0.0,0.0,15.03,-4.95,-2.6,0.0,OK
2026-05-01 01:58:34,25,0.2585,0.0329,0.0,0.0,0.0,0.0,15.28,-3.41,-2.14,0.0,OK
2026-05-01 01:58:34,26,0.2162,0.0217,0.0,0.0,1.03,0.033,18.36,-3.45,-2.51,0.0,OK
2026-05-01 01:58:34,27,0.2213,0.0314,0.0,0.0,1.63,0.067,17.72,-4.45,-2.23,0.0,OK
2026-05-01 01:58:34,28,0.2579,0.0227,0.0,0.0,1.5,0.0,18.0,-3.94,-1.52,0.0,OK
2026-05-01 01:58:34,29,0.2629,0.0455,0.0,0.0,1.38,0.0,17.04,-4.46,-1.51,0.0,OK
2026-05-01 01:58:34,30,0.2922,0.0508,0.0,0.0,1.27,0.0,16.08,-7.03,-2.1,0.0,OK
2026-05-01 01:58:34,31,0.2839,0.0508,0.0,0.0,1.17,0.0,15.77,-4.56,-1.81,0.0,OK
2026-05-01 01:58:34,32,0.279,0.0435,0.0,0.0,1.07,0.0,17.62,-4.43,-1.6,0.0,OK
2026-05-01 01:58:34,33,0.2979,0.0444,0.0,0.0,0.99,0.0,16.47,-3.86,-1.02,0.0,OK
2026-05-01 01:58:34,34,0.3042,0.0476,0.0,0.0,0.91,0.0,18.32,-2.49,-1.11,0.0,OK
2026-05-01 01:58:34,35,0.3054,0.0321,0.0,0.0,0.84,0.0,17.73,-4.69,-2.31,0.0,OK
2026-05-01 01:58:34,36,0.3149,0.0,0.0,0.0,0.77,0.0,17.34,-4.7,-2.01,0.0,OK
2026-05-01 01:58:34,37,0.2871,0.0321,0.0,0.0,0.71,0.0,16.82,-4.67,-1.99,0.0,OK
2026-05-01 01:58:34,38,0.2855,0.0321,0.0,0.0,0.65,0.0,16.82,-4.67,-1.99,0.0,OK
2026-05-01 01:58:34,39,0.3114,0.0,0.0,0.0,0.6,0.0,17.21,-1.75,-1.19,0.0,OK
2026-05-01 01:58:34,40,0.3025,0.0,0.0,0.0,0.55,0.0,17.39,-3.75,-1.7,0.0,OK
2026-05-01 01:58:34,41,0.3013,0.0455,0.0,0.0,0.51,0.0,17.54,-5.52,-1.3,0.0,OK
2026-05-01 01:58:34,42,0.3082,0.0222,0.0,0.0,0.47,0.0,16.12,-4.49,-0.84,0.0,OK
2026-05-01 01:58:34,43,0.2724,0.0222,0.0,0.0,0.43,0.0,17.38,-5.44,-2.11,0.0,OK
2026-05-01 01:58:34,44,0.2958,0.0435,0.0,0.0,0.39,0.0,18.22,-4.19,-1.66,0.0,OK
2026-05-01 01:58:34,45,0.3068,0.0222,0.0,0.0,0.36,0.0,18.01,-5.41,-1.78,0.0,OK
2026-05-01 01:58:34,46,0.2878,0.0217,0.0,0.0,0.33,0.0,16.51,-6.61,-1.84,0.0,OK
2026-05-01 01:58:34,47,0.2894,0.0217,0.0,0.0,0.31,0.0,16.66,-4.49,-1.5,0.0,OK
2026-05-01 01:58:34,48,0.2841,0.0222,0.0,0.0,0.28,0.0,17.46,-5.0,-1.3,0.0,OK
2026-05-01 01:58:34,49,0.2978,0.0,0.0,0.0,0.26,0.0,16.64,-7.08,-1.77,0.0,OK
2026-05-01 01:58:34,50,0.2894,0.0454,0.0,0.0,0.24,0.0,14.92,-4.55,-1.82,0.0,OK
2026-05-01 01:58:34,51,0.2717,0.0454,0.0,0.0,0.22,0.0,14.92,-4.55,-1.82,0.0,OK
2026-05-01 01:58:35,52,0.2707,0.0435,0.0,0.0,0.2,0.0,17.83,-4.22,-1.85,0.0,OK
2026-05-01 01:58:35,53,0.2932,0.0227,0.0,0.0,0.19,0.0,16.69,-5.07,-2.84,0.0,OK
2026-05-01 01:58:35,54,0.3009,0.0444,0.0,0.0,0.17,0.0,16.02,-5.13,-2.8,0.0,OK
2026-05-01 01:58:35,55,0.288,0.0227,0.0,0.0,0.16,0.0,15.82,-2.66,-1.47,0.0,OK
2026-05-01 01:58:35,56,0.2947,0.0454,0.0,0.0,0.14,0.0,14.16,-4.69,-2.02,0.0,OK
2026-05-01 01:58:35,57,0.2665,0.0213,0.0,0.0,0.13,0.0,19.24,-5.68,-2.67,0.0,OK
2026-05-01 01:58:35,58,0.2681,0.0301,0.0,0.0,0.12,0.0,18.94,-4.69,-2.42,0.0,OK
2026-05-01 01:58:35,59,0.299,0.0217,0.0,0.0,0.11,0.0,18.25,-4.39,-1.66,0.0,OK
2026-05-01 01:58:35,60,0.2911,0.0227,0.0,0.0,0.1,0.0,16.33,-5.08,-2.85,0.0,OK
2026-05-01 01:58:35,61,0.2917,0.0454,0.0,0.0,0.1,0.0,16.31,-5.2,-2.65,0.0,OK
2026-05-01 01:58:35,62,0.267,0.0217,0.0,0.0,0.09,0.0,17.01,-4.43,-1.8,0.0,OK
2026-05-01 01:58:35,63,0.2717,0.0435,0.0,0.0,0.08,0.0,16.58,-4.46,-1.68,0.0,OK
2026-05-01 01:58:35,64,0.2712,0.0329,0.0,0.0,0.07,0.0,17.96,-3.51,-1.55,0.0,OK
2026-05-01 01:58:35,65,0.2626,0.0329,0.0,0.0,0.07,0.0,17.79,-4.18,-1.86,0.0,OK
2026-05-01 01:58:35,66,0.2841,0.0444,0.0,0.0,0.06,0.0,17.14,-5.46,-2.08,0.0,OK
2026-05-01 01:58:35,67,0.2733,0.0222,0.0,0.0,0.06,0.0,16.81,-5.54,-2.28,0.0,OK
2026-05-01 01:58:35,68,0.2788,0.0232,0.0,0.0,0.05,0.0,15.12,-4.17,-2.71,0.0,OK
2026-05-01 01:58:35,69,0.284,0.0232,0.0,0.0,0.05,0.0,15.25,-4.05,-2.52,0.0,OK
2026-05-01 01:58:35,70,0.2854,0.0217,0.0,0.0,0.05,0.0,15.9,-5.06,-1.29,0.0,OK
2026-05-01 01:58:35,71,0.2943,0.0465,0.0,0.0,0.04,0.0,15.85,-4.13,-1.61,0.0,OK
2026-05-01 01:58:35,72,0.294,0.0455,0.0,0.0,0.04,0.0,15.85,-4.13,-1.61,0.0,OK
2026-05-01 01:58:35,73,0.2956,0.0301,0.0,0.0,0.04,0.0,17.84,-3.28,-1.56,0.0,OK
2026-05-01 01:58:35,74,0.3024,0.0314,0.0,0.0,0.03,0.0,17.84,-3.28,-1.56,0.0,OK
2026-05-01 01:58:35,75,0.3139,0.0217,0.0,0.0,0.03,0.0,18.17,-3.94,-1.54,0.0,OK
2026-05-01 01:58:35,76,0.3085,0.0217,0.0,0.0,0.03,0.0,18.01,-4.47,-1.82,0.0,OK
2026-05-01 01:58:35,77,0.2988,0.0314,0.0,0.0,0.03,0.0,18.99,-5.56,-2.05,0.0,OK
2026-05-01 01:58:35,78,0.3142,0.0321,0.0,0.0,0.02,0.0,18.56,-3.55,-1.5,0.0,OK
2026-05-01 01:58:35,79,0.3044,0.0222,0.0,0.0,0.02,0.0,17.94,-4.82,-1.3,0.0,OK
2026-05-01 01:58:35,80,0.3196,0.0227,0.0,0.0,0.02,0.0,17.69,-3.86,-1.19,0.0,OK
2026-05-01 01:58:35,81,0.3125,0.0519,0.0,0.0,0.02,0.0,17.05,-4.69,-2.15,0.0,OK
2026-05-01 01:58:36,82,0.3026,0.0222,0.0,0.0,0.02,0.0,17.45,-5.71,-1.9,0.0,OK
2026-05-01 01:58:36,83,0.2994,0.0,0.0,0.0,0.02,0.0,17.92,-4.38,-1.48,0.0,OK
2026-05-01 01:58:36,84,0.3177,0.0222,0.0,0.0,0.01,0.0,16.73,-2.28,-1.59,0.0,OK
2026-05-01 01:58:36,85,0.3177,0.0227,0.0,0.0,0.01,0.0,16.82,-4.57,-1.98,0.0,OK
2026-05-01 01:58:36,86,0.3265,0.0227,0.0,0.0,0.01,0.0,18.3,-3.69,-1.33,0.0,OK
2026-05-01 01:58:36,87,0.3267,0.0227,0.0,0.0,0.01,0.0,18.3,-3.69,-1.33,0.0,OK
2026-05-01 01:58:36,88,0.2938,0.0222,0.0,0.0,0.01,0.0,18.38,-7.05,-1.88,0.0,OK
2026-05-01 01:58:36,89,0.2947,0.0486,0.0,0.0,0.01,0.0,15.95,-6.7,-2.13,0.0,OK
2026-05-01 01:58:36,90,0.3012,0.0217,0.0,0.0,0.01,0.0,16.94,-6.08,-1.58,0.0,OK
2026-05-01 01:58:36,91,0.3282,0.0217,0.0,0.0,0.01,0.0,17.55,-4.55,-1.96,0.0,OK
2026-05-01 01:58:36,92,0.3282,0.0217,0.0,0.0,0.01,0.0,17.52,-6.57,-2.55,0.0,OK
2026-05-01 01:58:36,93,0.2944,0.0217,0.0,0.0,0.01,0.0,18.58,-3.82,-1.35,0.0,OK
2026-05-01 01:58:36,94,0.2974,0.0217,0.0,0.0,0.01,0.0,19.08,-2.44,-1.55,0.0,OK
2026-05-01 01:58:36,95,0.3013,0.0435,0.0,0.0,0.01,0.0,16.81,-3.82,-1.01,0.0,OK
2026-05-01 01:58:36,96,0.3028,0.0497,0.0,0.0,0.01,0.0,16.81,-3.82,-1.01,0.0,OK
2026-05-01 01:58:36,97,0.3113,0.0227,0.0,0.0,0.0,0.0,16.48,-4.02,-1.0,0.0,OK
2026-05-01 01:58:36,98,0.311,0.0314,0.0,0.0,0.0,0.0,18.23,-2.5,-1.21,0.0,OK
2026-05-01 01:58:36,99,0.32,0.0314,0.0,0.0,0.0,0.0,18.11,-2.19,-0.76,0.0,OK
2026-05-01 01:58:36,100,0.2956,0.0222,0.0,0.0,0.0,0.0,18.45,-5.1,-1.64,0.0,OK
2026-05-01 01:58:36,101,0.2956,0.0222,0.0,0.0,0.0,0.0,18.45,-5.1,-1.64,0.0,OK
2026-05-01 01:58:36,102,0.3041,0.0,0.0,0.0,0.0,0.0,16.53,-5.71,-1.97,0.0,OK
2026-05-01 01:58:36,103,0.3307,0.0222,0.0,0.0,0.0,0.0,18.09,-5.76,-1.77,0.0,OK
2026-05-01 01:58:36,104,0.3255,0.0217,0.0,0.0,0.0,0.0,18.08,-3.99,-1.36,0.0,OK
2026-05-01 01:58:36,105,0.3187,0.0217,0.0,0.0,0.0,0.0,17.13,-4.04,-1.5,0.0,OK
2026-05-01 01:58:36,106,0.303,0.0217,0.0,0.0,0.0,0.0,18.09,-5.85,-1.53,0.0,OK
2026-05-01 01:58:36,107,0.3139,0.0222,0.0,0.0,0.0,0.0,18.26,-4.45,-1.81,0.0,OK
2026-05-01 01:58:36,108,0.3234,0.0222,0.0,0.0,0.0,0.0,18.1,-4.77,-1.62,0.0,OK
2026-05-01 01:58:36,109,0.3115,0.0213,0.0,0.0,0.0,0.0,17.55,-5.02,-1.4,0.0,OK
2026-05-01 01:58:36,110,0.3143,0.0213,0.0,0.0,0.0,0.0,18.41,-4.97,-1.27,0.0,OK
2026-05-01 01:58:37,111,0.3058,0.0307,0.0,0.0,0.0,0.0,18.5,-5.87,-1.38,0.0,OK
2026-05-01 01:58:37,112,0.303,0.0307,0.0,0.0,0.0,0.0,19.88,-4.96,-1.28,0.0,OK
2026-05-01 01:58:37,113,0.331,0.0217,0.0,0.0,0.0,0.0,16.7,-3.47,-1.11,0.0,OK
2026-05-01 01:58:37,114,0.3229,0.0217,0.0,0.0,0.0,0.0,16.7,-3.47,-1.11,0.0,OK
2026-05-01 01:58:37,115,0.3126,0.0217,0.0,0.0,0.0,0.0,17.68,-4.07,-0.83,0.0,OK
2026-05-01 01:58:37,116,0.3026,0.0222,0.0,0.0,0.0,0.0,17.5,-5.0,-1.28,0.0,OK
2026-05-01 01:58:37,117,0.3055,0.0222,0.0,0.0,0.0,0.0,17.9,-4.8,-1.46,0.0,OK
2026-05-01 01:58:37,118,0.3131,0.0227,0.0,0.0,0.0,0.0,17.94,-3.05,-1.27,0.0,OK
2026-05-01 01:58:37,119,0.3231,0.0321,0.0,0.0,0.0,0.0,17.94,-3.05,-1.27,0.0,OK
2026-05-01 01:58:37,120,0.33,0.0227,0.0,0.0,0.0,0.0,15.09,-5.2,-1.52,0.0,OK
2026-05-01 01:58:37,121,0.3286,0.0227,0.0,0.0,0.0,0.0,14.91,-4.25,-1.21,0.0,OK
2026-05-01 01:58:37,122,0.303,0.0222,0.0,0.0,0.0,0.0,15.76,-5.32,-1.67,0.0,OK
2026-05-01 01:58:37,123,0.303,0.0217,0.0,0.0,0.0,0.0,15.94,-6.11,-1.73,0.0,OK
2026-05-01 01:58:37,124,0.3153,0.0217,0.0,0.0,0.0,0.0,15.58,-4.63,-1.85,0.0,OK
2026-05-01 01:58:37,125,0.3215,0.0217,0.0,0.0,0.0,0.0,15.9,-4.18,-1.6,0.0,OK
2026-05-01 01:58:37,126,0.3005,0.0217,0.0,0.0,0.0,0.0,16.08,-4.61,-1.84,0.0,OK
2026-05-01 01:58:37,127,0.3291,0.0222,0.0,0.0,0.0,0.0,17.42,-6.63,-1.32,0.0,OK
2026-05-01 01:58:37,128,0.3126,0.0222,0.0,0.0,0.0,0.0,16.55,-5.1,-1.29,0.0,OK
2026-05-01 01:58:37,129,0.2944,0.0213,0.0,0.0,0.0,0.0,17.85,-3.02,-1.39,0.0,OK
2026-05-01 01:58:37,130,0.2911,0.0217,0.0,0.0,0.0,0.0,17.74,-1.81,-0.93,0.0,OK
2026-05-01 01:58:37,131,0.3154,0.0222,0.0,0.0,0.0,0.0,17.96,-2.62,-1.43,0.0,OK
2026-05-01 01:58:37,132,0.3104,0.0217,0.0,0.0,0.0,0.0,18.43,-3.52,-1.34,0.0,OK
2026-05-01 01:58:37,133,0.3103,0.0321,0.0,0.0,0.0,0.0,16.92,-2.66,-1.41,0.0,OK
2026-05-01 01:58:37,134,0.3065,0.0227,0.0,0.0,0.0,0.0,16.63,-1.73,-1.78,0.0,OK
2026-05-01 01:58:37,135,0.3012,0.0454,0.0,0.0,0.0,0.0,14.99,-1.83,-1.66,0.0,OK
2026-05-01 01:58:37,136,0.3041,0.0314,0.0,0.0,0.0,0.0,17.17,-0.83,-2.05,0.0,OK
2026-05-01 01:58:37,137,0.3358,0.0222,0.0,0.0,0.0,0.0,15.94,-1.26,-2.3,0.0,OK
2026-05-01 01:58:37,138,0.3087,0.0,0.0,0.0,0.0,0.0,19.61,-1.14,-2.42,0.0,OK
2026-05-01 01:58:37,139,0.3095,0.0217,0.0,0.0,0.0,0.0,18.17,-1.02,-2.42,0.0,OK
2026-05-01 01:58:37,140,0.2958,0.0454,0.0,0.0,0.0,0.0,17.48,1.69,-1.99,0.0,OK
2026-05-01 01:58:37,141,0.3012,0.0222,0.0,0.0,0.0,0.0,17.48,1.69,-1.99,0.0,OK
2026-05-01 01:58:38,142,0.3187,0.0434,0.0,0.0,0.0,0.0,18.33,1.37,-2.15,0.0,OK
2026-05-01 01:58:38,143,0.3188,0.0232,0.0,0.0,0.0,0.0,17.88,0.74,-1.97,0.0,OK
2026-05-01 01:58:38,144,0.2967,0.0232,0.0,0.0,0.0,0.0,18.07,1.0,-1.67,0.0,OK
2026-05-01 01:58:38,145,0.3358,0.0454,0.0,0.0,0.0,0.0,17.28,0.36,-1.91,0.0,OK
2026-05-01 01:58:38,146,0.3358,0.0227,0.0,0.0,0.0,0.0,17.28,0.36,-1.91,0.0,OK
2026-05-01 01:58:38,147,0.3136,0.0307,0.0,0.0,0.0,0.0,18.79,0.76,-1.89,0.0,OK
2026-05-01 01:58:38,148,0.328,0.0213,0.0,0.0,0.0,0.0,16.94,-0.96,-2.17,0.0,OK
2026-05-01 01:58:38,149,0.3136,0.0454,0.0,0.0,0.0,0.0,16.75,0.44,-1.33,0.0,OK
2026-05-01 01:58:38,150,0.3284,0.0222,0.0,0.0,0.0,0.0,16.5,-1.13,-1.91,0.0,OK
2026-05-01 01:58:38,151,0.3073,0.0222,0.0,0.0,0.0,0.0,15.59,-1.38,-2.14,0.0,OK
2026-05-01 01:58:38,152,0.3213,0.0314,0.0,0.0,0.0,0.0,15.44,-3.8,-2.34,0.0,OK
2026-05-01 01:58:38,153,0.3009,0.0314,0.0,0.0,0.0,0.0,15.72,-3.36,-1.89,0.0,OK
2026-05-01 01:58:38,154,0.317,0.0222,0.0,0.0,0.0,0.0,16.53,-7.88,-1.69,0.0,OK
2026-05-01 01:58:38,155,0.3168,0.0227,0.0,0.0,0.0,0.0,17.46,-7.79,-1.58,0.0,OK
2026-05-01 01:58:38,156,0.3157,0.0222,0.0,0.0,0.0,0.0,14.52,-9.17,-1.43,0.0,OK
2026-05-01 01:58:38,157,0.2925,0.0508,0.0,0.0,0.0,0.0,14.85,-9.48,-1.21,0.0,OK
2026-05-01 01:58:38,158,0.3136,0.0,0.0,0.0,0.0,0.0,11.81,-14.29,-1.95,0.0,OK
2026-05-01 01:58:38,159,0.3056,0.0329,0.0,0.0,0.0,0.0,13.36,-12.65,-1.79,0.0,OK
2026-05-01 01:58:38,160,0.3016,0.0217,0.0,0.0,0.0,0.0,11.87,-16.25,-0.66,0.0,OK
2026-05-01 01:58:38,161,0.3029,0.0222,0.0,0.0,0.0,0.0,12.83,-13.72,-0.73,0.0,OK
2026-05-01 01:58:38,162,0.2888,0.0454,0.0,0.0,0.0,0.0,12.87,-16.16,0.47,0.0,OK
2026-05-01 01:58:38,163,0.3176,0.0232,0.0,0.0,0.0,0.0,12.74,-17.12,0.66,0.0,OK
2026-05-01 01:58:38,164,0.3007,0.0227,0.0,0.0,0.0,0.0,12.82,-14.03,1.22,0.0,OK
2026-05-01 01:58:38,165,0.3144,0.0465,0.0,0.0,0.0,0.0,13.89,-15.67,1.42,0.0,OK
2026-05-01 01:58:38,166,0.2985,0.0454,0.0,0.0,0.0,0.0,13.69,-15.88,1.3,0.0,OK
2026-05-01 01:58:38,167,0.2917,0.0232,0.0,0.0,0.0,0.0,14.35,-14.44,2.12,0.0,OK
2026-05-01 01:58:38,168,0.2916,0.0465,0.0,0.0,0.0,0.0,13.49,-13.34,2.01,0.0,OK
2026-05-01 01:58:38,169,0.316,0.0227,0.0,0.0,0.0,0.0,15.96,-14.3,2.66,0.0,OK
2026-05-01 01:58:38,170,0.3151,0.0227,0.0,0.0,0.0,0.0,17.17,-13.85,2.81,0.0,OK
2026-05-01 01:58:38,171,0.3063,0.0222,0.0,0.0,0.0,0.0,16.51,-12.52,3.38,0.0,OK
2026-05-01 01:58:39,172,0.3005,0.0221,0.0,0.0,0.0,0.0,17.22,-12.19,4.66,0.0,OK
2026-05-01 01:58:39,173,0.3,0.0312,0.0,0.0,0.0,0.0,15.33,-11.1,4.97,0.0,OK
2026-05-01 01:58:39,174,0.3145,0.0232,0.0,0.0,0.0,0.0,13.99,-13.54,4.74,0.0,OK
2026-05-01 01:58:39,175,0.2971,0.0232,0.0,0.0,0.0,0.0,15.0,-13.52,4.31,0.0,OK
2026-05-01 01:58:39,176,0.3057,0.0442,0.0,0.0,0.0,0.0,15.36,-9.34,5.46,0.0,OK
2026-05-01 01:58:39,177,0.3069,0.0442,0.0,0.0,0.0,0.0,16.04,-8.18,5.52,0.0,OK
2026-05-01 01:58:39,178,0.3306,0.0462,0.0,0.0,0.0,0.0,14.16,-9.71,6.01,0.0,OK
2026-05-01 01:58:39,179,0.305,0.0226,0.0,0.0,0.0,0.0,14.95,-9.25,5.8,0.0,OK
2026-05-01 01:58:39,180,0.3,0.0231,0.0,0.0,0.0,0.0,15.66,-5.87,6.19,0.0,OK
2026-05-01 01:58:39,181,0.2994,0.0221,0.0,0.0,0.0,0.0,17.4,-6.33,6.68,0.0,OK
2026-05-01 01:58:39,182,0.3074,0.0226,0.0,0.0,0.0,0.0,15.89,-6.04,6.72,0.0,OK
2026-05-01 01:58:39,183,0.2986,0.0226,0.0,0.0,0.0,0.0,16.74,-4.0,6.59,0.0,OK
2026-05-01 01:58:39,184,0.3039,0.0216,0.0,0.0,0.0,0.0,17.07,-5.78,5.97,0.0,OK
2026-05-01 01:58:39,185,0.3055,0.0443,0.0,0.0,0.0,0.0,15.67,-4.01,6.2,0.0,OK
2026-05-01 01:58:39,186,0.3055,0.0221,0.0,0.0,0.0,0.0,15.77,-5.17,6.07,0.0,OK
2026-05-01 01:58:39,187,0.3074,0.0231,0.0,0.0,0.0,0.0,15.01,-4.66,6.74,0.0,OK
2026-05-01 01:58:39,188,0.3079,0.0226,0.0,0.0,0.0,0.0,15.05,-4.54,6.53,0.0,OK
2026-05-01 01:58:39,189,0.2954,0.0226,0.0,0.0,0.0,0.0,14.86,-6.84,5.76,0.0,OK
2026-05-01 01:58:39,190,0.3054,0.0462,0.0,0.0,0.0,0.0,15.54,-5.85,5.8,0.0,OK
2026-05-01 01:58:39,191,0.3138,0.0462,0.0,0.0,0.0,0.0,16.77,-5.65,5.85,0.0,OK
2026-05-01 01:58:39,192,0.3055,0.0231,0.0,0.0,0.0,0.0,16.76,-5.87,6.03,0.0,OK
2026-05-01 01:58:39,193,0.2941,0.0462,0.0,0.0,0.0,0.0,15.52,-4.72,6.14,0.0,OK
2026-05-01 01:58:39,194,0.2933,0.0226,0.0,0.0,0.0,0.0,14.97,-5.66,5.53,0.0,OK
2026-05-01 01:58:39,195,0.3017,0.0226,0.0,0.0,0.0,0.0,15.51,-5.09,5.96,0.0,OK
2026-05-01 01:58:39,196,0.3138,0.0221,0.0,0.0,0.0,0.0,14.88,-5.35,5.73,0.0,OK
2026-05-01 01:58:39,197,0.3138,0.0443,0.0,0.0,0.0,0.0,-1.85,5.38,5.78,0.0,OK
2026-05-01 01:58:39,198,0.2966,0.0232,0.0,0.0,0.0,0.0,14.48,-3.63,5.48,0.0,OK
2026-05-01 01:58:39,199,0.3058,0.0226,0.0,0.0,0.0,0.0,16.55,-6.1,5.39,0.0,OK
2026-05-01 01:58:39,200,0.3004,0.0463,0.0,0.0,0.0,0.0,17.29,-6.61,5.05,0.0,OK
2026-05-01 01:58:39,201,0.3038,0.0453,0.0,0.0,0.0,0.0,17.3,-6.36,4.87,0.0,OK
2026-05-01 01:58:40,202,0.2028,0.0222,0.0,0.0,1.84,0.033,15.58,-9.43,2.8,0.0,OK
2026-05-01 01:58:40,203,0.2054,0.0232,0.0,0.0,3.13,0.067,-4.53,5.07,3.92,0.0,OK
2026-05-01 01:58:40,204,0.202,0.0464,0.0,0.0,4.42,0.1,-3.98,6.26,3.72,0.0,OK
2026-05-01 01:58:40,205,0.2576,0.0453,0.0,0.0,4.07,0.0,15.18,-4.78,4.3,0.0,OK
2026-05-01 01:58:40,206,0.2504,0.0453,0.0,0.0,3.75,0.0,15.33,-3.77,4.33,0.0,OK
2026-05-01 01:58:40,207,0.2613,0.0226,0.0,0.0,3.45,0.0,-3.42,6.98,3.86,0.0,OK
2026-05-01 01:58:40,208,0.2613,0.0464,0.0,0.0,3.17,0.0,-3.98,6.71,3.3,0.0,OK
2026-05-01 01:58:40,209,0.2654,0.0443,0.0,0.0,2.92,0.0,13.16,-6.89,4.4,0.0,OK
2026-05-01 01:58:40,210,0.2824,0.0232,0.0,0.0,2.68,0.0,-3.35,6.34,4.03,0.0,OK
2026-05-01 01:58:40,211,0.274,0.0232,0.0,0.0,2.47,0.0,-3.2,6.38,4.04,0.0,OK
2026-05-01 01:58:40,212,0.2874,0.0328,0.0,0.0,2.27,0.0,-3.71,6.3,4.05,0.0,OK
2026-05-01 01:58:40,213,0.2807,0.0232,0.0,0.0,2.09,0.0,-3.2,7.1,3.92,0.0,OK
2026-05-01 01:58:40,214,0.2835,0.0453,0.0,0.0,1.92,0.0,-1.98,5.45,3.54,0.0,OK
2026-05-01 01:58:40,215,0.2894,0.0453,0.0,0.0,1.77,0.0,14.28,-6.4,3.57,0.0,OK
2026-05-01 01:58:40,216,0.266,0.0227,0.0,0.0,1.63,0.0,15.17,-6.9,3.63,0.0,OK
2026-05-01 01:58:40,217,0.2975,0.0227,0.0,0.0,1.5,0.0,13.16,-4.29,3.84,0.0,OK
2026-05-01 01:58:40,218,0.2918,0.0227,0.0,0.0,1.38,0.0,14.35,-4.62,3.48,0.0,OK
2026-05-01 01:58:40,219,0.2624,0.0464,0.0,0.0,1.27,0.0,-1.98,5.77,3.34,0.0,OK
2026-05-01 01:58:40,220,0.2612,0.0232,0.0,0.0,1.17,0.0,-1.98,5.77,3.34,0.0,OK
2026-05-01 01:58:40,221,0.2658,0.0314,0.0,0.0,1.07,0.0,-3.11,4.86,2.97,0.0,OK
2026-05-01 01:58:40,222,0.2619,0.0443,0.0,0.0,0.99,0.0,14.57,-3.63,3.33,0.0,OK
2026-05-01 01:58:40,223,0.273,0.0465,0.0,0.0,0.91,0.0,-3.57,6.62,2.7,0.0,OK
2026-05-01 01:58:40,224,0.2595,0.0232,0.0,0.0,0.83,0.0,-3.87,4.85,2.98,0.0,OK
2026-05-01 01:58:40,225,0.2578,0.0227,0.0,0.0,0.77,0.0,14.46,-5.86,3.0,0.0,OK
2026-05-01 01:58:40,226,0.2685,0.0321,0.0,0.0,0.71,0.0,14.39,-2.52,3.87,0.0,OK
2026-05-01 01:58:40,227,0.2673,0.0227,0.0,0.0,0.65,0.0,14.35,-2.95,3.61,0.0,OK
2026-05-01 01:58:40,228,0.1928,0.0444,0.0,0.0,2.88,0.033,13.64,-5.48,2.09,0.0,OK
2026-05-01 01:58:40,229,0.1877,0.0222,0.0,0.0,4.89,0.067,13.53,-4.02,2.56,0.0,OK
2026-05-01 01:58:40,230,0.1929,0.0454,0.0,0.0,6.12,0.1,-4.64,6.1,1.88,0.0,OK
2026-05-01 01:58:40,231,0.1908,0.0227,0.0,0.0,7.29,0.133,-4.69,4.49,2.17,0.0,OK
2026-05-01 01:58:41,232,0.2442,0.0444,0.0,0.0,6.71,0.0,13.1,-6.1,2.77,0.0,OK
2026-05-01 01:58:41,233,0.2711,0.0444,0.0,0.0,6.17,0.0,13.09,-3.69,3.09,0.0,OK
2026-05-01 01:58:41,234,0.2969,0.0232,0.0,0.0,5.68,0.0,13.3,-5.13,2.51,0.0,OK
2026-05-01 01:58:41,235,0.2783,0.0465,0.0,0.0,5.22,0.0,12.48,-4.55,2.11,0.0,OK
2026-05-01 01:58:41,236,0.2449,0.0476,0.0,0.0,4.8,0.0,14.04,-6.43,2.35,0.0,OK
2026-05-01 01:58:41,237,0.2724,0.0232,0.0,0.0,4.42,0.0,-3.27,6.7,2.38,0.0,OK
2026-05-01 01:58:41,238,0.2792,0.0222,0.0,0.0,4.07,0.0,12.22,-5.68,3.03,0.0,OK
2026-05-01 01:58:41,239,0.271,0.0222,0.0,0.0,3.74,0.0,-2.15,5.52,2.46,0.0,OK
2026-05-01 01:58:41,240,0.2691,0.0227,0.0,0.0,3.44,0.0,14.28,-4.41,3.49,0.0,OK
2026-05-01 01:58:41,241,0.3079,0.0222,0.0,0.0,3.17,0.0,12.48,-6.18,2.27,0.0,OK
2026-05-01 01:58:41,242,0.2858,0.0454,0.0,0.0,2.91,0.0,-1.93,5.78,2.55,0.0,OK
2026-05-01 01:58:41,243,0.2967,0.0454,0.0,0.0,2.68,0.0,-2.5,5.42,2.61,0.0,OK
2026-05-01 01:58:41,244,0.2727,0.0465,0.0,0.0,2.47,0.0,-4.24,5.51,2.37,0.0,OK
2026-05-01 01:58:41,245,0.2988,0.0227,0.0,0.0,2.27,0.0,13.13,-7.26,2.63,0.0,OK
2026-05-01 01:58:41,246,0.2849,0.0227,0.0,0.0,2.09,0.0,-2.67,4.29,2.87,0.0,OK
2026-05-01 01:58:41,247,0.2601,0.0232,0.0,0.0,1.92,0.0,15.35,-6.63,2.4,0.0,OK
2026-05-01 01:58:41,248,0.2075,0.0,0.0,0.0,2.81,0.033,13.8,-4.75,2.57,0.0,OK
2026-05-01 01:58:41,249,0.2014,0.0227,0.0,0.0,4.0,0.067,-3.44,4.95,2.66,0.0,OK
2026-05-01 01:58:41,250,0.2024,0.0222,0.0,0.0,4.96,0.1,12.15,-6.87,2.03,0.0,OK
2026-05-01 01:58:41,251,0.2069,0.0217,0.0,0.0,5.56,0.133,13.97,-5.52,2.46,0.0,OK
2026-05-01 01:58:41,252,0.2541,0.0453,0.0,0.0,5.11,0.0,-3.62,4.86,3.05,0.0,OK
2026-05-01 01:58:41,253,0.2621,0.0464,0.0,0.0,4.7,0.0,-4.28,5.74,2.58,0.0,OK
2026-05-01 01:58:41,254,0.258,0.0232,0.0,0.0,4.33,0.0,12.6,-6.79,2.95,0.0,OK
2026-05-01 01:58:41,255,0.2646,0.0237,0.0,0.0,3.98,0.0,-3.44,5.33,2.34,0.0,OK
2026-05-01 01:58:41,256,0.2426,0.0336,0.0,0.0,3.66,0.0,-3.59,5.29,2.33,0.0,OK
2026-05-01 01:58:41,257,0.2694,0.0454,0.0,0.0,3.37,0.0,-5.29,3.96,2.63,0.0,OK
2026-05-01 01:58:41,258,0.2603,0.0454,0.0,0.0,3.1,0.0,-5.85,4.83,2.24,0.0,OK
2026-05-01 01:58:41,259,0.2595,0.0227,0.0,0.0,2.85,0.0,-3.44,4.96,2.53,0.0,OK
2026-05-01 01:58:41,260,0.2641,0.0454,0.0,0.0,2.62,0.0,-5.36,5.43,2.64,0.0,OK
2026-05-01 01:58:41,261,0.2711,0.0454,0.0,0.0,2.41,0.0,-5.15,6.23,2.5,0.0,OK
2026-05-01 01:58:42,262,0.2943,0.0232,0.0,0.0,2.22,0.0,-4.32,5.17,2.21,0.0,OK
2026-05-01 01:58:42,263,0.3,0.0465,0.0,0.0,2.04,0.0,-4.48,3.44,2.49,0.0,OK
2026-05-01 01:58:42,264,0.2905,0.0454,0.0,0.0,1.88,0.0,-3.4,3.74,2.72,0.0,OK
2026-05-01 01:58:42,265,0.2884,0.0444,0.0,0.0,1.73,0.0,13.89,-6.11,2.65,0.0,OK
2026-05-01 01:58:42,266,0.2813,0.0232,0.0,0.0,1.59,0.0,-3.44,5.37,1.86,0.0,OK
2026-05-01 01:58:42,267,0.2767,0.0232,0.0,0.0,1.46,0.0,-3.01,5.7,1.37,0.0,OK
2026-05-01 01:58:42,268,0.2383,0.0435,0.0,0.0,1.35,0.0,13.29,-6.81,1.68,0.0,OK
2026-05-01 01:58:42,269,0.2465,0.0314,0.0,0.0,1.24,0.0,14.06,-6.93,2.01,0.0,OK
2026-05-01 01:58:42,270,0.2149,0.0222,0.0,0.0,1.91,0.033,-4.43,4.8,2.17,0.0,OK
2026-05-01 01:58:42,271,0.2069,0.0222,0.0,0.0,3.08,0.067,14.09,-6.91,1.78,0.0,OK
2026-05-01 01:58:42,272,0.2021,0.0217,0.0,0.0,4.38,0.1,12.63,-4.9,2.66,0.0,OK
2026-05-01 01:58:42,273,0.2143,0.0222,0.0,0.0,4.73,0.133,12.44,-3.68,2.61,0.0,OK
2026-05-01 01:58:42,274,0.1976,0.0222,0.0,0.0,6.22,0.167,14.66,-4.79,1.93,0.0,OK
2026-05-01 01:58:42,275,0.191,0.0314,0.0,0.0,7.83,0.2,14.45,-6.35,0.94,0.0,OK
2026-05-01 01:58:42,276,0.1964,0.0444,0.0467,0.0,8.8,0.233,13.28,-7.88,0.75,0.0,OK
2026-05-01 01:58:42,277,0.1999,0.0454,0.0533,0.0,9.46,0.267,-4.37,5.8,2.13,0.0,OK
2026-05-01 01:58:42,278,0.1931,0.0454,0.06,0.0,10.55,0.3,-5.59,5.45,2.14,0.0,OK
2026-05-01 01:58:42,279,0.159,0.0227,0.0667,0.0,13.59,0.333,-7.15,5.74,1.36,0.0,OK
2026-05-01 01:58:42,280,0.2054,0.0227,0.0733,0.0,13.45,0.367,-6.2,5.65,1.36,0.0,OK
2026-05-01 01:58:42,281,0.2001,0.0217,0.08,0.0,13.45,0.4,-5.07,5.59,1.79,0.0,OK
2026-05-01 01:58:42,282,0.1914,0.0314,0.0867,0.0,14.23,0.433,-4.43,4.72,2.17,0.0,OK
2026-05-01 01:58:42,283,0.1945,0.0238,0.0933,0.0,14.78,0.467,-4.4,6.31,1.43,0.0,OK
2026-05-01 01:58:42,284,0.2087,0.0321,0.1,0.0,14.73,0.5,-3.21,7.1,2.26,0.0,OK
2026-05-01 01:58:42,285,0.1976,0.0227,0.1067,0.0,15.64,0.533,-4.72,6.26,1.85,0.0,OK
2026-05-01 01:58:42,286,0.1887,0.0329,0.1133,0.0,17.26,0.567,-3.19,5.86,0.94,0.0,OK
2026-05-01 01:58:42,287,0.1914,0.0321,0.12,0.0,18.63,0.6,-2.97,3.44,1.51,0.0,OK
2026-05-01 01:58:42,288,0.2149,0.0465,0.1267,0.0,18.62,0.633,14.55,-5.92,1.69,0.0,OK
2026-05-01 01:58:42,289,0.2125,0.0454,0.1333,0.0,19.18,0.667,-6.17,5.35,1.71,0.0,OK
2026-05-01 01:58:42,290,0.2434,0.0454,0.1333,0.0,17.91,0.0,14.62,-7.08,1.88,0.0,OK
2026-05-01 01:58:43,291,0.2533,0.0454,0.1333,0.0,16.74,0.0,-2.05,5.68,2.23,0.0,OK
2026-05-01 01:58:43,292,0.2522,0.0222,0.1333,0.0,15.67,0.0,-3.62,5.82,2.22,0.0,OK
2026-05-01 01:58:43,293,0.2746,0.0222,0.1333,0.0,14.68,0.0,14.3,-5.57,3.2,0.0,OK
2026-05-01 01:58:43,294,0.274,0.0314,0.1333,0.0,13.77,0.0,14.3,-5.57,3.2,0.0,OK
2026-05-01 01:58:43,295,0.2976,0.0444,0.1333,0.0,12.94,0.0,-2.02,3.82,2.51,0.0,OK
2026-05-01 01:58:43,296,0.2735,0.0222,0.1333,0.0,12.17,0.0,-3.53,5.17,2.45,0.0,OK
2026-05-01 01:58:43,297,0.2648,0.0329,0.1333,0.0,11.46,0.0,14.75,-4.17,2.59,0.0,OK
2026-05-01 01:58:43,298,0.2623,0.0232,0.1333,0.0,10.81,0.0,15.43,-3.98,2.22,0.0,OK
2026-05-01 01:58:43,299,0.294,0.0314,0.1333,0.0,10.22,0.0,13.36,-4.39,2.11,0.0,OK
2026-05-01 01:58:43,300,0.2648,0.0444,0.1333,0.0,9.66,0.0,15.52,-4.4,2.36,0.0,OK
2026-05-01 01:58:43,301,0.2658,0.0508,0.1333,0.0,9.16,0.0,16.08,-4.02,2.37,0.0,OK
2026-05-01 01:58:43,302,0.2993,0.0519,0.1333,0.0,8.69,0.0,14.02,-5.22,2.08,0.0,OK
2026-05-01 01:58:43,303,0.2818,0.0227,0.1333,0.0,8.26,0.0,14.0,-5.25,2.3,0.0,OK
2026-05-01 01:58:43,304,0.266,0.0443,0.1333,0.0,7.87,0.0,14.21,-7.73,2.89,0.0,OK
2026-05-01 01:58:43,305,0.273,0.0443,0.1333,0.0,7.51,0.0,15.1,-8.65,2.35,0.0,OK
2026-05-01 01:58:43,306,0.3004,0.0454,0.1333,0.0,7.17,0.0,13.66,-3.51,2.18,0.0,OK
2026-05-01 01:58:43,307,0.3073,0.0454,0.1333,0.0,6.87,0.0,15.23,-6.02,1.83,0.0,OK
2026-05-01 01:58:43,308,0.2974,0.0232,0.1333,0.0,6.58,0.0,13.75,-3.89,2.37,0.0,OK
2026-05-01 01:58:43,309,0.2885,0.0232,0.1333,0.0,6.32,0.0,14.31,-5.45,2.07,0.0,OK
2026-05-01 01:58:43,310,0.2661,0.0227,0.1333,0.0,6.08,0.0,-2.69,5.6,2.43,0.0,OK
2026-05-01 01:58:43,311,0.2938,0.0222,0.1333,0.0,5.86,0.0,12.97,-6.39,2.26,0.0,OK
2026-05-01 01:58:43,312,0.2985,0.0222,0.1333,0.0,5.66,0.0,12.22,-6.34,2.35,0.0,OK
2026-05-01 01:58:43,313,0.2708,0.0465,0.1333,0.0,5.47,0.0,12.54,-1.72,2.27,0.0,OK
2026-05-01 01:58:43,314,0.2811,0.0476,0.1333,0.0,5.3,0.0,13.75,-3.89,2.37,0.0,OK
2026-05-01 01:58:43,315,0.2937,0.0232,0.1333,0.0,5.15,0.0,-4.23,7.03,2.78,0.0,OK
2026-05-01 01:58:43,316,0.2845,0.0464,0.1333,0.0,5.0,0.0,-4.23,7.03,2.78,0.0,OK
2026-05-01 01:58:43,317,0.2995,0.0227,0.1333,0.0,4.87,0.0,-3.3,5.55,2.43,0.0,OK
2026-05-01 01:58:43,318,0.3042,0.0227,0.1333,0.0,4.74,0.0,13.28,-6.16,2.54,0.0,OK
2026-05-01 01:58:43,319,0.3004,0.0227,0.1333,0.0,4.63,0.0,14.12,-5.21,2.84,0.0,OK
2026-05-01 01:58:43,320,0.2904,0.0227,0.1333,0.0,4.53,0.0,13.31,-5.03,2.51,0.0,OK
2026-05-01 01:58:43,321,0.299,0.0476,0.1333,0.0,4.43,0.0,-2.69,4.86,2.01,0.0,OK
2026-05-01 01:58:44,322,0.2967,0.0465,0.1333,0.0,4.34,0.0,12.58,-5.22,2.08,0.0,OK
2026-05-01 01:58:44,323,0.2937,0.0232,0.1333,0.0,4.26,0.0,12.92,-3.05,2.35,0.0,OK
2026-05-01 01:58:44,324,0.2731,0.0444,0.1333,0.0,4.19,0.0,14.26,-6.31,1.92,0.0,OK
2026-05-01 01:58:44,325,0.2735,0.0444,0.1333,0.0,4.12,0.0,12.52,-6.3,1.94,0.0,OK
2026-05-01 01:58:44,326,0.2887,0.0227,0.1333,0.0,4.06,0.0,15.44,-7.51,2.32,0.0,OK
2026-05-01 01:58:44,327,0.2794,0.0227,0.1333,0.0,4.0,0.0,14.41,-8.8,2.33,0.0,OK
2026-05-01 01:58:44,328,0.3079,0.0227,0.1333,0.0,3.95,0.0,15.88,-2.8,2.5,0.0,OK
2026-05-01 01:58:44,329,0.3059,0.0454,0.1333,0.0,3.9,0.0,14.78,-4.55,2.03,0.0,OK
2026-05-01 01:58:44,330,0.3059,0.0465,0.1333,0.0,3.85,0.0,14.78,-4.55,2.03,0.0,OK
2026-05-01 01:58:44,331,0.2937,0.0453,0.1333,0.0,3.81,0.0,-1.49,6.0,3.04,0.0,OK
2026-05-01 01:58:44,332,0.2943,0.0453,0.1333,0.0,3.77,0.0,15.82,-4.6,3.06,0.0,OK
2026-05-01 01:58:44,333,0.3146,0.0232,0.1333,0.0,3.74,0.0,13.31,-2.56,1.3,0.0,OK
2026-05-01 01:58:44,334,0.3147,0.0465,0.1333,0.0,3.71,0.0,14.63,-5.55,1.12,0.0,OK
2026-05-01 01:58:44,335,0.2993,0.0314,0.1333,0.0,3.68,0.0,16.4,-3.8,2.39,0.0,OK
2026-05-01 01:58:44,336,0.3113,0.0227,0.1333,0.0,3.65,0.0,13.41,-4.3,2.74,0.0,OK
2026-05-01 01:58:44,337,0.3113,0.0329,0.1333,0.0,3.62,0.0,13.35,-2.85,2.66,0.0,OK
2026-05-01 01:58:44,338,0.2967,0.0314,0.1333,0.0,3.6,0.0,17.22,-3.35,3.16,0.0,OK
2026-05-01 01:58:44,339,0.2884,0.0222,0.1333,0.0,3.58,0.0,16.34,-5.52,2.44,0.0,OK
2026-05-01 01:58:44,340,0.3001,0.0212,0.1333,0.0,3.56,0.0,13.9,-5.3,3.18,0.0,OK
2026-05-01 01:58:44,341,0.3014,0.0,0.1333,0.0,3.54,0.0,-4.19,6.66,3.03,0.0,OK
2026-05-01 01:58:44,342,0.302,0.0222,0.1333,0.0,3.52,0.0,13.98,-3.9,2.36,0.0,OK
2026-05-01 01:58:44,343,0.3079,0.0222,0.1333,0.0,3.51,0.0,15.54,-4.11,2.58,0.0,OK
2026-05-01 01:58:44,344,0.2935,0.0314,0.1333,0.0,3.49,0.0,14.09,-3.68,2.6,0.0,OK
2026-05-01 01:58:44,345,0.2917,0.0314,0.1333,0.0,3.48,0.0,14.64,-3.48,2.41,0.0,OK
2026-05-01 01:58:44,346,0.3051,0.0465,0.1333,0.0,3.47,0.0,14.23,-3.28,2.64,0.0,OK
2026-05-01 01:58:44,347,0.3114,0.0465,0.1333,0.0,3.46,0.0,13.79,-1.98,2.26,0.0,OK
2026-05-01 01:58:44,348,0.2957,0.0465,0.1333,0.0,3.45,0.0,13.72,-4.57,1.9,0.0,OK
2026-05-01 01:58:44,349,0.3175,0.0232,0.1333,0.0,3.44,0.0,15.16,-3.98,2.6,0.0,OK
2026-05-01 01:58:44,350,0.299,0.0232,0.1333,0.0,3.43,0.0,13.75,-5.39,2.09,0.0,OK
2026-05-01 01:58:45,351,0.2876,0.0454,0.1333,0.0,3.42,0.0,14.26,-2.67,1.76,0.0,OK
2026-05-01 01:58:45,352,0.2875,0.0465,0.1333,0.0,3.42,0.0,14.26,-2.67,1.76,0.0,OK
2026-05-01 01:58:45,353,0.299,0.0232,0.1333,0.0,3.41,0.0,15.94,-3.56,2.0,0.0,OK
2026-05-01 01:58:45,354,0.299,0.0465,0.1333,0.0,3.4,0.0,13.64,-3.31,1.87,0.0,OK
2026-05-01 01:58:45,355,0.3009,0.0,0.1333,0.0,3.4,0.0,15.94,-4.05,2.58,0.0,OK
2026-05-01 01:58:45,356,0.3009,0.0222,0.1333,0.0,3.39,0.0,15.94,-4.05,2.58,0.0,OK
2026-05-01 01:58:45,357,0.319,0.0222,0.1333,0.0,3.39,0.0,14.71,-4.04,2.36,0.0,OK
2026-05-01 01:58:45,358,0.3062,0.0454,0.1333,0.0,3.38,0.0,15.97,-3.32,2.23,0.0,OK
2026-05-01 01:58:45,359,0.3079,0.0227,0.1333,0.0,3.38,0.0,15.88,-2.8,2.5,0.0,OK
2026-05-01 01:58:45,360,0.299,0.0227,0.1333,0.0,3.38,0.0,13.58,-2.47,2.36,0.0,OK
2026-05-01 01:58:45,361,0.299,0.0227,0.1333,0.0,3.37,0.0,13.58,-2.47,2.36,0.0,OK
2026-05-01 01:58:45,362,0.3011,0.0434,0.1333,0.0,3.37,0.0,16.52,-2.69,2.86,0.0,OK
2026-05-01 01:58:45,363,0.3005,0.0434,0.1333,0.0,3.37,0.0,15.11,-2.89,2.6,0.0,OK
2026-05-01 01:58:45,364,0.3063,0.0232,0.1333,0.0,3.36,0.0,15.43,-4.18,2.34,0.0,OK
2026-05-01 01:58:45,365,0.2713,0.0232,0.1333,0.0,3.36,0.0,15.67,-6.53,1.98,0.0,OK
2026-05-01 01:58:45,366,0.221,0.0454,0.1333,0.0,4.09,0.033,15.33,-3.63,1.3,0.0,OK
2026-05-01 01:58:45,367,0.2399,0.0227,0.1333,0.0,4.03,0.0,15.15,-4.6,2.96,0.0,OK
2026-05-01 01:58:45,368,0.2446,0.0227,0.1333,0.0,3.97,0.0,-4.7,6.73,1.91,0.0,OK
2026-05-01 01:58:45,369,0.2812,0.0232,0.1333,0.0,3.92,0.0,13.68,-1.74,2.31,0.0,OK
2026-05-01 01:58:45,370,0.2904,0.0227,0.1333,0.0,3.87,0.0,15.56,-2.61,2.71,0.0,OK
2026-05-01 01:58:45,371,0.2891,0.0434,0.1333,0.0,3.83,0.0,14.82,-5.27,2.02,0.0,OK
2026-05-01 01:58:45,372,0.2918,0.0425,0.1333,0.0,3.79,0.0,13.76,-6.49,1.84,0.0,OK
2026-05-01 01:58:45,373,0.3026,0.0454,0.1333,0.0,3.75,0.0,15.47,-5.72,2.02,0.0,OK
2026-05-01 01:58:45,374,0.3248,0.0465,0.1333,0.0,3.72,0.0,15.05,-0.62,3.17,0.0,OK
2026-05-01 01:58:45,375,0.319,0.0464,0.1333,0.0,3.69,0.0,16.32,-1.0,3.34,0.0,OK
2026-05-01 01:58:45,376,0.3028,0.0476,0.1333,0.0,3.66,0.0,-2.15,3.56,2.03,0.0,OK
2026-05-01 01:58:45,377,0.2873,0.0227,0.1333,0.0,3.63,0.0,-1.69,5.77,1.3,0.0,OK
2026-05-01 01:58:45,378,0.2857,0.0444,0.1333,0.0,3.61,0.0,15.3,-2.51,1.91,0.0,OK
2026-05-01 01:58:45,379,0.2958,0.0444,0.1333,0.0,3.59,0.0,15.3,-2.51,1.91,0.0,OK
2026-05-01 01:58:45,380,0.3123,0.0227,0.1333,0.0,3.57,0.0,15.96,-2.14,2.94,0.0,OK
2026-05-01 01:58:45,381,0.2959,0.0314,0.1333,0.0,3.55,0.0,16.43,-5.22,2.15,0.0,OK
2026-05-01 01:58:46,382,0.2852,0.0496,0.1333,0.0,3.53,0.0,16.32,-4.14,1.96,0.0,OK
2026-05-01 01:58:46,383,0.3074,0.0232,0.1333,0.0,3.52,0.0,12.68,-2.38,2.62,0.0,OK
2026-05-01 01:58:46,384,0.3186,0.0329,0.1333,0.0,3.5,0.0,14.18,-2.57,2.64,0.0,OK
2026-05-01 01:58:46,385,0.299,0.0,0.1333,0.0,3.49,0.0,14.26,-3.67,1.85,0.0,OK
2026-05-01 01:58:46,386,0.316,0.0,0.1333,0.0,3.48,0.0,14.55,-3.12,2.12,0.0,OK
2026-05-01 01:58:46,387,0.2853,0.0222,0.1333,0.0,3.46,0.0,14.06,-6.42,2.2,0.0,OK
2026-05-01 01:58:46,388,0.2837,0.0222,0.1333,0.0,3.45,0.0,14.7,-6.34,2.37,0.0,OK
2026-05-01 01:58:46,389,0.3025,0.0222,0.1333,0.0,3.44,0.0,15.75,-6.37,1.8,0.0,OK
2026-05-01 01:58:46,390,0.2957,0.0222,0.1333,0.0,3.44,0.0,15.95,-6.96,1.52,0.0,OK
2026-05-01 01:58:46,391,0.3074,0.0454,0.1333,0.0,3.43,0.0,14.85,-2.45,2.51,0.0,OK
2026-05-01 01:58:46,392,0.2941,0.0227,0.1333,0.0,3.42,0.0,15.9,-4.22,2.37,0.0,OK
2026-05-01 01:58:46,393,0.274,0.0444,0.1333,0.0,3.41,0.0,14.81,-5.36,3.04,0.0,OK
2026-05-01 01:58:46,394,0.299,0.0227,0.1333,0.0,3.41,0.0,13.32,-3.48,2.54,0.0,OK
2026-05-01 01:58:46,395,0.299,0.0227,0.1333,0.0,3.4,0.0,14.52,-4.78,2.67,0.0,OK
2026-05-01 01:58:46,396,0.3155,0.0227,0.1333,0.0,3.4,0.0,14.48,-5.33,2.72,0.0,OK
2026-05-01 01:58:46,397,0.3144,0.0321,0.1333,0.0,3.39,0.0,14.94,-4.59,2.36,0.0,OK
2026-05-01 01:58:46,398,0.2882,0.0232,0.1333,0.0,3.39,0.0,-3.13,3.45,1.16,0.0,OK
2026-05-01 01:58:46,399,0.2801,0.0227,0.1333,0.0,3.38,0.0,14.47,-2.8,1.96,0.0,OK
2026-05-01 01:58:46,400,0.273,0.0217,0.1333,0.0,3.38,0.0,13.28,-4.97,2.07,0.0,OK
2026-05-01 01:58:46,401,0.2711,0.0222,0.1333,0.0,3.37,0.0,14.74,-3.84,2.19,0.0,OK
2026-05-01 01:58:46,402,0.1908,0.0227,0.1333,0.0,5.94,0.033,14.28,-5.85,1.86,0.0,OK
2026-05-01 01:58:46,403,0.1987,0.0454,0.1333,0.0,7.37,0.067,14.24,-3.26,2.12,0.0,OK
2026-05-01 01:58:46,404,0.2546,0.0227,0.1333,0.0,7.05,0.0,13.95,-6.22,1.81,0.0,OK
2026-05-01 01:58:46,405,0.2601,0.0444,0.1333,0.0,6.75,0.0,14.37,-3.14,3.23,0.0,OK
2026-05-01 01:58:46,406,0.2623,0.0222,0.1333,0.0,6.48,0.0,14.53,-5.81,2.84,0.0,OK
2026-05-01 01:58:46,407,0.2969,0.0314,0.1333,0.0,6.23,0.0,16.03,-4.07,2.58,0.0,OK
2026-05-01 01:58:46,408,0.3058,0.0444,0.1333,0.0,5.99,0.0,13.71,-6.81,1.78,0.0,OK
2026-05-01 01:58:46,409,0.3221,0.0227,0.1333,0.0,5.78,0.0,15.65,-5.29,2.26,0.0,OK
2026-05-01 01:58:46,410,0.3193,0.0217,0.1333,0.0,5.59,0.0,15.91,-4.32,2.35,0.0,OK
2026-05-01 01:58:46,411,0.3041,0.0465,0.1333,0.0,5.41,0.0,14.78,-1.64,2.24,0.0,OK
2026-05-01 01:58:47,412,0.3035,0.0519,0.1333,0.0,5.24,0.0,16.71,-4.16,2.6,0.0,OK
2026-05-01 01:58:47,413,0.2973,0.0227,0.1333,0.0,5.09,0.0,15.44,-3.17,2.25,0.0,OK
2026-05-01 01:58:47,414,0.2995,0.0222,0.1333,0.0,4.95,0.0,15.9,-4.22,2.37,0.0,OK
2026-05-01 01:58:47,415,0.3029,0.0444,0.1333,0.0,4.82,0.0,14.29,-4.14,2.36,0.0,OK
2026-05-01 01:58:47,416,0.2959,0.0222,0.1333,0.0,4.7,0.0,15.47,-5.16,2.46,0.0,OK
2026-05-01 01:58:47,417,0.2959,0.0434,0.1333,0.0,4.59,0.0,14.6,-5.16,2.57,0.0,OK
2026-05-01 01:58:47,418,0.316,0.0232,0.1333,0.0,4.49,0.0,14.79,-4.41,1.86,0.0,OK
2026-05-01 01:58:47,419,0.3123,0.0227,0.1333,0.0,4.4,0.0,14.69,-4.8,2.65,0.0,OK
2026-05-01 01:58:47,420,0.3229,0.0222,0.1267,0.0,4.26,0.0,17.52,-3.44,2.68,0.0,OK
2026-05-01 01:58:47,421,0.299,0.0454,0.12,0.0,4.08,0.0,15.08,-5.58,1.68,0.0,OK
2026-05-01 01:58:47,422,0.299,0.0454,0.1133,0.0,3.86,0.0,-0.7,4.79,1.9,0.0,OK
2026-05-01 01:58:47,423,0.3193,0.0454,0.1067,0.0,3.6,0.0,13.47,-2.9,2.11,0.0,OK
2026-05-01 01:58:47,424,0.3029,0.0222,0.1,0.0,3.31,0.0,15.13,-4.04,2.04,0.0,OK
2026-05-01 01:58:47,425,0.2874,0.0222,0.0933,0.0,3.05,0.0,16.1,-3.19,2.4,0.0,OK
2026-05-01 01:58:47,426,0.3072,0.0314,0.0867,0.0,2.81,0.0,14.3,-3.67,2.54,0.0,OK
2026-05-01 01:58:47,427,0.2959,0.0496,0.08,0.0,2.58,0.0,15.81,-3.98,2.75,0.0,OK
2026-05-01 01:58:47,428,0.2959,0.0496,0.0733,0.0,2.37,0.0,15.86,-3.85,2.55,0.0,OK
2026-05-01 01:58:47,429,0.3221,0.0232,0.0667,0.0,2.18,0.0,15.76,-1.53,2.63,0.0,OK
2026-05-01 01:58:47,430,0.3044,0.0227,0.06,0.0,2.01,0.0,14.09,-3.46,1.76,0.0,OK
2026-05-01 01:58:47,431,0.3137,0.0222,0.0533,0.0,1.85,0.0,15.56,-3.86,2.05,0.0,OK
2026-05-01 01:58:47,432,0.333,0.0444,0.0467,0.0,1.7,0.0,14.68,-6.15,2.17,0.0,OK
2026-05-01 01:58:47,433,0.333,0.0444,0.0,0.0,1.57,0.0,14.68,-6.15,2.17,0.0,OK
2026-05-01 01:58:47,434,0.3028,0.0227,0.0,0.0,1.44,0.0,14.19,-3.87,1.42,0.0,OK
2026-05-01 01:58:47,435,0.3185,0.0454,0.0,0.0,1.32,0.0,16.14,-4.14,1.4,0.0,OK
2026-05-01 01:58:47,436,0.3321,0.0222,0.0,0.0,1.22,0.0,14.51,-3.69,2.37,0.0,OK
2026-05-01 01:58:47,437,0.3147,0.0496,0.0,0.0,1.12,0.0,14.85,-3.89,2.49,0.0,OK
2026-05-01 01:58:47,438,0.3011,0.0434,0.0,0.0,1.03,0.0,15.84,-4.41,2.11,0.0,OK
2026-05-01 01:58:47,439,0.3072,0.0222,0.0,0.0,0.95,0.0,14.51,-3.69,2.37,0.0,OK
2026-05-01 01:58:47,440,0.291,0.0444,0.0,0.0,0.87,0.0,15.06,-1.83,2.59,0.0,OK
2026-05-01 01:58:48,441,0.294,0.0222,0.0,0.0,0.8,0.0,15.56,-7.57,1.12,0.0,OK
2026-05-01 01:58:48,442,0.3062,0.0314,0.0,0.0,0.74,0.0,16.14,-4.27,1.99,0.0,OK
2026-05-01 01:58:48,443,0.3014,0.0217,0.0,0.0,0.68,0.0,12.99,-6.71,2.58,0.0,OK
2026-05-01 01:58:48,444,0.2879,0.0314,0.0,0.0,0.63,0.0,14.25,-5.95,2.43,0.0,OK
2026-05-01 01:58:48,445,0.3022,0.0444,0.0,0.0,0.58,0.0,14.7,-4.7,2.66,0.0,OK
2026-05-01 01:58:48,446,0.2937,0.0222,0.0,0.0,0.53,0.0,15.64,-5.17,2.28,0.0,OK
2026-05-01 01:58:48,447,0.3,0.0217,0.0,0.0,0.49,0.0,15.13,-4.5,2.52,0.0,OK
2026-05-01 01:58:48,448,0.2989,0.0217,0.0,0.0,0.45,0.0,16.64,-4.51,2.54,0.0,OK
2026-05-01 01:58:48,449,0.3057,0.0444,0.0,0.0,0.41,0.0,14.34,-7.0,1.58,0.0,OK
2026-05-01 01:58:48,450,0.2853,0.0217,0.0,0.0,0.38,0.0,13.92,-6.39,1.23,0.0,OK
2026-05-01 01:58:48,451,0.2805,0.0222,0.0,0.0,0.35,0.0,13.28,-6.51,1.27,0.0,OK
2026-05-01 01:58:48,452,0.2322,0.0227,0.0,0.0,0.32,0.0,14.97,-5.21,2.12,0.0,OK
2026-05-01 01:58:48,453,0.2389,0.0227,0.0,0.0,0.3,0.0,13.88,-5.3,2.07,0.0,OK
2026-05-01 01:58:48,454,0.2802,0.0222,0.0,0.0,0.27,0.0,12.88,-4.15,2.01,0.0,OK
2026-05-01 01:58:48,455,0.2711,0.0217,0.0,0.0,0.25,0.0,13.46,-4.63,1.81,0.0,OK
2026-05-01 01:58:48,456,0.2837,0.0519,0.0,0.0,0.23,0.0,15.32,-3.12,1.9,0.0,OK
2026-05-01 01:58:48,457,0.2963,0.0227,0.0,0.0,0.21,0.0,13.65,-7.49,2.16,0.0,OK
2026-05-01 01:58:48,458,0.3317,0.0227,0.0,0.0,0.19,0.0,13.51,-5.25,1.97,0.0,OK
2026-05-01 01:58:48,459,0.3048,0.0222,0.0,0.0,0.18,0.0,16.16,-4.61,1.9,0.0,OK
2026-05-01 01:58:48,460,0.3162,0.0222,0.0,0.0,0.16,0.0,14.9,-3.7,2.38,0.0,OK
2026-05-01 01:58:48,461,0.3244,0.0227,0.0,0.0,0.15,0.0,13.58,-2.47,2.36,0.0,OK
2026-05-01 01:58:48,462,0.3399,0.0222,0.0,0.0,0.14,0.0,15.75,-5.31,2.09,0.0,OK
2026-05-01 01:58:48,463,0.3028,0.0519,0.0,0.0,0.13,0.0,14.65,-6.49,0.89,0.0,OK
2026-05-01 01:58:48,464,0.3185,0.0227,0.0,0.0,0.12,0.0,15.09,-6.5,1.42,0.0,OK
2026-05-01 01:58:48,465,0.3245,0.0314,0.0,0.0,0.11,0.0,15.73,-5.03,2.49,0.0,OK
2026-05-01 01:58:48,466,0.299,0.0314,0.0,0.0,0.1,0.0,-2.98,5.76,1.94,0.0,OK
2026-05-01 01:58:48,467,0.299,0.0314,0.0,0.0,0.09,0.0,-2.99,5.48,1.75,0.0,OK
2026-05-01 01:58:48,468,0.305,0.0465,0.0,0.0,0.08,0.0,13.89,-1.08,2.82,0.0,OK
2026-05-01 01:58:48,469,0.3058,0.0227,0.0,0.0,0.08,0.0,13.02,-5.18,1.99,0.0,OK
2026-05-01 01:58:48,470,0.2588,0.052,0.0,0.0,0.07,0.0,14.7,-4.23,1.87,0.0,OK
2026-05-01 01:58:49,471,0.2579,0.0232,0.0,0.0,0.07,0.0,13.57,-0.18,2.6,0.0,OK
2026-05-01 01:58:49,472,0.1979,0.0465,0.0,0.0,2.19,0.033,14.98,-6.34,1.24,0.0,OK
2026-05-01 01:58:49,473,0.1888,0.0454,0.0,0.0,4.37,0.067,15.16,-8.72,1.45,0.0,OK
2026-05-01 01:58:49,474,0.2389,0.0222,0.0,0.0,4.02,0.0,-3.78,4.61,1.92,0.0,OK
2026-05-01 01:58:49,475,0.2382,0.0222,0.0,0.0,3.7,0.0,14.73,-5.8,1.74,0.0,OK
2026-05-01 01:58:49,476,0.2823,0.0222,0.0,0.0,3.4,0.0,16.17,-4.4,2.62,0.0,OK
2026-05-01 01:58:49,477,0.3074,0.0222,0.0,0.0,3.13,0.0,15.6,-4.13,2.58,0.0,OK
2026-05-01 01:58:49,478,0.2903,0.0227,0.0,0.0,2.88,0.0,15.25,-3.13,2.11,0.0,OK
2026-05-01 01:58:49,479,0.3006,0.0465,0.0,0.0,2.65,0.0,-1.43,7.99,2.01,0.0,OK
2026-05-01 01:58:49,480,0.2943,0.0454,0.0,0.0,2.44,0.0,0.21,4.71,2.1,0.0,OK
2026-05-01 01:58:49,481,0.2995,0.0217,0.0,0.0,2.24,0.0,13.99,-6.54,1.97,0.0,OK
2026-05-01 01:58:49,482,0.3022,0.0444,0.0,0.0,2.06,0.0,-1.9,4.81,2.21,0.0,OK
2026-05-01 01:58:49,483,0.3109,0.0443,0.0,0.0,1.9,0.0,14.8,-4.25,2.41,0.0,OK
2026-05-01 01:58:49,484,0.302,0.0222,0.0,0.0,1.75,0.0,15.6,-4.3,2.29,0.0,OK
2026-05-01 01:58:49,485,0.3084,0.0508,0.0,0.0,1.61,0.0,14.98,-0.83,1.87,0.0,OK
2026-05-01 01:58:49,486,0.2752,0.0227,0.0,0.0,1.48,0.0,-3.63,10.13,1.09,0.0,OK
2026-05-01 01:58:49,487,0.3005,0.0222,0.0,0.0,1.36,0.0,12.23,3.4,2.81,0.0,OK
2026-05-01 01:58:49,488,0.2674,0.0465,0.0,0.0,1.25,0.0,-6.87,16.63,-0.44,0.0,OK
2026-05-01 01:58:49,489,0.2646,0.0454,0.0,0.0,1.15,0.0,-7.01,15.11,-0.3,0.0,OK
2026-05-01 01:58:49,490,0.2702,0.0227,0.0,0.0,1.06,0.0,-7.23,19.06,-1.33,0.0,OK
2026-05-01 01:58:49,491,0.2723,0.0,0.0,0.0,0.97,0.0,-5.38,20.47,-0.99,0.0,OK
2026-05-01 01:58:49,492,0.2942,0.0,0.0,0.0,0.9,0.0,3.94,22.77,2.65,0.0,OK
2026-05-01 01:58:49,493,0.2763,0.0217,0.0,0.0,0.82,0.0,-11.33,23.31,-2.72,0.0,OK
2026-05-01 01:58:49,494,0.2764,0.0,0.0,0.0,0.76,0.0,2.72,28.71,3.13,0.0,OK
2026-05-01 01:58:49,495,0.2932,0.025,0.0,0.0,0.7,0.0,0.25,35.93,1.61,0.0,OK
2026-05-01 01:58:49,496,0.2929,0.025,0.0,0.0,0.64,0.0,1.67,35.12,2.62,0.0,OK
2026-05-01 01:58:49,497,0.3252,0.0878,0.0,0.0,0.59,0.0,-0.21,39.31,1.54,0.0,OK
2026-05-01 01:58:49,498,0.3367,0.0526,0.0,0.0,0.54,0.0,-1.11,39.49,1.31,0.0,OK
2026-05-01 01:58:49,499,0.3292,0.0882,0.0,0.0,0.5,0.0,-1.95,41.6,0.65,0.0,OK
2026-05-01 01:58:49,500,0.3315,0.0588,0.0,0.0,0.46,0.0,-1.93,40.61,0.58,0.0,OK
2026-05-01 01:58:49,501,0.3591,0.0882,0.0,0.0,0.42,0.0,-2.91,42.68,0.9,0.0,OK
2026-05-01 01:58:50,502,0.3496,0.0938,0.0,0.0,0.39,0.0,-1.61,46.01,0.82,0.0,OK
2026-05-01 01:58:50,503,0.3206,0.1288,0.0,0.0,0.36,0.0,-1.82,45.49,0.88,0.0,OK
2026-05-01 01:58:50,504,0.3248,0.1054,0.0,0.0,0.33,0.0,-4.37,46.22,-0.44,0.0,OK
2026-05-01 01:58:50,505,0.3275,0.0937,0.0,0.0,0.3,0.0,-6.68,46.02,-1.63,0.0,OK
2026-05-01 01:58:50,506,0.3323,0.0909,0.0,0.0,0.28,0.0,-4.55,45.14,-0.66,0.0,OK
2026-05-01 01:58:50,507,0.3265,0.0606,0.0,0.0,0.26,0.0,-2.41,44.53,0.49,0.0,OK
2026-05-01 01:58:50,508,0.3356,0.0625,0.0,0.0,0.24,0.0,-2.95,45.52,0.16,0.0,OK
2026-05-01 01:58:50,509,0.3026,0.0625,0.0,0.0,0.22,0.0,-2.94,45.18,0.23,0.0,OK
2026-05-01 01:58:50,510,0.2929,0.093,0.0,0.0,0.2,0.0,-4.02,43.64,-0.95,0.0,OK
2026-05-01 01:58:50,511,0.3088,0.0882,0.0,0.0,0.18,0.0,-4.05,43.99,-1.03,0.0,OK
2026-05-01 01:58:50,512,0.3194,0.102,0.0,0.0,0.17,0.0,-4.34,45.1,-1.62,0.0,OK
2026-05-01 01:58:50,513,0.3319,0.102,0.0,0.0,0.16,0.0,-4.57,45.69,-1.56,0.0,OK
2026-05-01 01:58:50,514,0.304,0.0303,0.0,0.0,0.14,0.0,-4.79,45.1,-1.33,0.0,OK
2026-05-01 01:58:50,515,0.3356,0.0625,0.0,0.0,0.13,0.0,-4.4,46.35,-0.01,0.0,OK
2026-05-01 01:58:50,516,0.3339,0.0625,0.0,0.0,0.12,0.0,-5.25,45.53,-0.8,0.0,OK
2026-05-01 01:58:50,517,0.305,0.0588,0.0,0.0,0.11,0.0,-3.57,45.52,0.16,0.0,OK
2026-05-01 01:58:50,518,0.3469,0.0909,0.0,0.0,0.1,0.0,-4.2,44.96,0.03,0.0,OK
2026-05-01 01:58:50,519,0.3186,0.0882,0.0,0.0,0.09,0.0,-4.47,45.41,-0.73,0.0,OK
2026-05-01 01:58:50,520,0.3181,0.0658,0.0,0.0,0.09,0.0,-5.89,45.25,-1.15,0.0,OK
2026-05-01 01:58:50,521,0.3502,0.0625,0.0,0.0,0.08,0.0,-4.8,45.84,-1.82,0.0,OK
2026-05-01 01:58:50,522,0.3181,0.0303,0.0,0.0,0.07,0.0,-6.15,44.42,-2.45,0.0,OK
2026-05-01 01:58:50,523,0.3366,0.0625,0.0,0.0,0.07,0.0,-4.59,45.82,-0.34,0.0,OK
2026-05-01 01:58:50,524,0.3436,0.0625,0.0,0.0,0.06,0.0,-6.42,43.92,-1.25,0.0,OK
2026-05-01 01:58:50,525,0.329,0.0606,0.0,0.0,0.06,0.0,-4.21,43.77,-0.5,0.0,OK
2026-05-01 01:58:50,526,0.2838,0.0909,0.0,0.0,0.05,0.0,-4.31,43.77,0.3,0.0,OK
2026-05-01 01:58:50,527,0.2937,0.0606,0.0,0.0,0.05,0.0,-4.42,44.14,0.35,0.0,OK
2026-05-01 01:58:50,528,0.3196,0.0606,0.0,0.0,0.04,0.0,-4.75,44.24,0.19,0.0,OK
2026-05-01 01:58:50,529,0.3198,0.0606,0.0,0.0,0.04,0.0,-4.29,45.12,-0.01,0.0,OK
2026-05-01 01:58:50,530,0.3054,0.0606,0.0,0.0,0.04,0.0,-5.1,44.34,-0.09,0.0,OK
2026-05-01 01:58:51,531,0.3197,0.0938,0.0,0.0,0.03,0.0,-6.89,44.53,-1.16,0.0,OK
2026-05-01 01:58:51,532,0.3161,0.0606,0.0,0.0,0.03,0.0,-8.14,44.64,-2.19,0.0,OK
2026-05-01 01:58:51,533,0.3203,0.0588,0.0,0.0,0.03,0.0,-17.82,40.08,-7.92,0.0,OK
2026-05-01 01:58:51,534,0.3025,0.0571,0.0,0.0,0.03,0.0,-8.93,43.82,-1.46,0.0,OK
2026-05-01 01:58:51,535,0.2912,0.0588,0.0,0.0,0.02,0.0,-10.49,41.99,-1.08,0.0,OK
2026-05-01 01:58:51,536,0.292,0.0882,0.0,0.0,0.02,0.0,-10.27,41.4,-1.2,0.0,OK
2026-05-01 01:58:51,537,0.2969,0.0605,0.0,0.0,0.02,0.0,-8.36,44.04,1.21,0.0,OK
2026-05-01 01:58:51,538,0.2945,0.0882,0.0,0.0,0.02,0.0,-8.93,43.16,0.67,0.0,OK
2026-05-01 01:58:51,539,0.2961,0.0571,0.0,0.0,0.02,0.0,-9.7,42.99,0.93,0.0,OK
2026-05-01 01:58:51,540,0.2878,0.0856,0.0,0.0,0.02,0.0,-8.25,44.75,2.1,0.0,OK
2026-05-01 01:58:51,541,0.3085,0.0588,0.0,0.0,0.02,0.0,-9.52,44.44,1.39,0.0,OK
2026-05-01 01:58:51,542,0.3037,0.0588,0.0,0.0,0.01,0.0,-10.01,41.87,1.06,0.0,OK
2026-05-01 01:58:51,543,0.309,0.0294,0.0,0.0,0.01,0.0,-11.54,42.21,0.55,0.0,OK
2026-05-01 01:58:51,544,0.2852,0.057,0.0,0.0,0.01,0.0,-11.87,43.01,0.33,0.0,OK
2026-05-01 01:58:51,545,0.2862,0.0881,0.0,0.0,0.01,0.0,-10.0,42.12,1.29,0.0,OK
2026-05-01 01:58:51,546,0.2905,0.057,0.0,0.0,0.01,0.0,-9.09,41.46,1.45,0.0,OK
2026-05-01 01:58:51,547,0.2862,0.057,0.0,0.0,0.01,0.0,-9.41,40.97,1.29,0.0,OK
2026-05-01 01:58:51,548,0.2852,0.0881,0.0,0.0,0.01,0.0,-10.91,41.96,0.72,0.0,OK
2026-05-01 01:58:51,549,0.2899,0.0881,0.0,0.0,0.01,0.0,-10.78,41.5,1.21,0.0,OK
2026-05-01 01:58:51,550,0.2799,0.0285,0.0,0.0,0.01,0.0,-11.45,41.27,1.17,0.0,OK
2026-05-01 01:58:51,551,0.2852,0.0856,0.0,0.0,0.01,0.0,-11.14,42.3,1.6,0.0,OK
2026-05-01 01:58:51,552,0.2847,0.0587,0.0,0.0,0.01,0.0,-11.93,42.13,1.39,0.0,OK
2026-05-01 01:58:51,553,0.3095,0.0587,0.0,0.0,0.01,0.0,-9.35,45.56,1.34,0.0,OK
2026-05-01 01:58:51,554,0.2986,0.0882,0.0,0.0,0.01,0.0,-10.03,45.63,0.93,0.0,OK
2026-05-01 01:58:51,555,0.3667,0.1088,0.0,0.0,0.0,0.0,-7.26,49.49,2.88,0.0,OK
2026-05-01 01:58:51,556,0.3906,0.0797,0.0,0.0,0.0,0.0,-7.64,49.99,1.98,0.0,OK
2026-05-01 01:58:51,557,0.4404,0.0686,0.0,0.0,0.0,0.0,-6.62,52.91,3.88,0.0,OK
2026-05-01 01:58:51,558,0.4129,0.0368,0.0,0.0,0.0,0.0,-7.73,52.53,2.51,0.0,OK
2026-05-01 01:58:51,559,0.4152,0.0712,0.0,0.0,0.0,0.0,-10.02,53.47,1.27,0.01,OK
2026-05-01 01:58:51,560,0.3968,0.0383,0.0,0.0,0.01,0.0,-9.95,54.98,2.3,0.02,OK
2026-05-01 01:58:51,561,0.4171,0.047,0.0,0.0,0.02,0.0,-10.69,53.53,1.15,0.03,OK
2026-05-01 01:58:52,562,0.4489,0.0383,0.0,0.0,0.04,0.0,-11.0,56.67,-0.41,0.08,OK
2026-05-01 01:58:52,563,0.5198,0.0383,0.0,0.0,0.06,0.0,-11.95,57.05,-0.34,0.11,OK
2026-05-01 01:58:52,564,0.3913,0.037,0.0,0.0,0.1,0.0,-14.99,56.34,-3.08,0.17,OK
2026-05-01 01:58:52,565,0.4228,0.037,0.0,0.0,0.15,0.0,-15.39,57.27,-3.1,0.23,OK
2026-05-01 01:58:52,566,0.4228,0.0931,0.0,0.0,0.2,0.0,-14.77,58.68,-3.32,0.29,OK
2026-05-01 01:58:52,567,0.4218,0.0416,0.0,0.0,0.25,0.0,-16.18,59.02,-3.81,0.34,OK
2026-05-01 01:58:52,568,0.4817,0.0413,0.0,0.0,0.29,0.0,-12.79,59.99,1.76,0.38,OK
2026-05-01 01:58:52,569,0.4464,0.0416,0.0,0.0,0.35,0.0,-14.37,59.61,-0.8,0.44,OK
2026-05-01 01:58:52,570,0.4176,0.0399,0.0,0.0,0.4,0.0,-14.14,58.98,0.24,0.49,OK
2026-05-01 01:58:52,571,0.5281,0.0,0.0,0.0,0.45,0.0,-11.55,59.46,3.83,0.56,OK
2026-05-01 01:58:52,572,0.5298,0.0,0.0,0.0,0.51,0.0,-10.27,57.87,3.34,0.61,OK
2026-05-01 01:58:52,573,0.4516,0.0397,0.0,0.0,0.56,0.0,-6.8,58.64,4.66,0.66,OK
2026-05-01 01:58:52,574,0.4996,0.061,0.0,0.0,0.61,0.0,-6.51,59.49,5.39,0.71,OK
2026-05-01 01:58:52,575,0.4518,0.0822,0.0,0.0,0.67,0.0,-3.95,55.28,5.5,0.78,OK
2026-05-01 01:58:52,576,0.4894,0.0411,0.0,0.0,0.74,0.0,-3.0,57.58,6.16,0.87,OK
2026-05-01 01:58:52,577,0.4679,0.0606,0.0,0.0,0.82,0.0,-4.25,58.93,6.23,0.95,OK
2026-05-01 01:58:52,578,0.3956,0.0,0.0,0.0,0.89,0.0,-5.07,58.56,5.95,1.03,OK
2026-05-01 01:58:52,579,0.4472,0.0397,0.0,0.0,0.97,0.0,-4.79,57.83,6.63,1.1,OK
2026-05-01 01:58:52,580,0.5116,0.0577,0.0,0.0,1.04,0.0,-3.48,57.05,8.31,1.16,OK
2026-05-01 01:58:52,581,0.4805,0.0,0.0,0.0,1.09,0.0,-2.61,57.45,8.4,1.2,OK
2026-05-01 01:58:52,582,0.5262,0.0606,0.0,0.0,1.15,0.0,-2.91,56.62,7.18,1.25,OK
2026-05-01 01:58:52,583,0.4997,0.0606,0.0,0.0,1.19,0.0,-3.85,58.0,6.91,1.28,OK
2026-05-01 01:58:52,584,0.4848,0.0428,0.0,0.0,1.25,0.0,-5.11,56.78,6.44,1.34,OK
2026-05-01 01:58:52,585,0.4807,0.0425,0.0,0.0,1.29,0.0,-3.48,56.18,7.31,1.39,OK
2026-05-01 01:58:52,586,0.4496,0.0447,0.0,0.0,1.35,0.0,-1.5,57.16,8.59,1.45,OK
2026-05-01 01:58:52,587,0.4829,0.0958,0.0,0.0,1.41,0.0,-0.57,56.93,8.56,1.52,OK
2026-05-01 01:58:52,588,0.4831,0.0632,0.0,0.0,1.47,0.0,-2.25,57.15,7.52,1.58,OK
2026-05-01 01:58:52,589,0.4157,0.0862,0.0,0.0,1.54,0.0,-0.53,56.69,7.52,1.67,OK
2026-05-01 01:58:52,590,0.4268,0.0925,0.0,0.0,1.61,0.0,-4.33,57.09,4.88,1.75,OK
2026-05-01 01:58:53,591,0.4125,0.0862,0.0,0.0,1.69,0.0,-5.05,57.66,5.76,1.84,OK
2026-05-01 01:58:53,592,0.4683,0.0862,0.0,0.0,1.76,0.0,-4.97,58.37,6.03,1.88,OK
2026-05-01 01:58:53,593,0.3571,0.0,0.0,0.0,1.82,0.0,-4.5,56.2,4.9,1.93,OK
2026-05-01 01:58:53,594,0.4492,0.0,0.0,0.0,1.87,0.0,-4.42,56.5,4.83,1.97,OK
2026-05-01 01:58:53,595,0.4232,0.0413,0.0,0.0,1.93,0.0,-5.8,56.41,5.67,2.03,OK
2026-05-01 01:58:53,596,0.4401,0.0577,0.0,0.0,1.99,0.0,-4.58,56.14,7.52,2.1,OK
2026-05-01 01:58:53,597,0.4221,0.0585,0.0,0.0,2.05,0.0,-4.27,56.19,5.76,2.16,OK
2026-05-01 01:58:53,598,0.4246,0.0823,0.0,0.0,2.12,0.0,-5.09,55.55,4.79,2.25,OK
2026-05-01 01:58:53,599,0.4785,0.0739,0.0,21.0,2.18,0.0,-5.18,55.46,5.35,2.29,OK
2026-05-01 01:58:53,600,0.4448,0.0413,0.0,20.97,2.24,0.0,-5.7,56.58,5.93,2.36,OK
2026-05-01 01:58:53,601,0.4597,0.0411,0.0,20.93,2.3,0.0,-3.34,56.86,7.02,2.41,OK
2026-05-01 01:58:53,602,0.4063,0.0413,0.0,20.9,2.36,0.0,-5.39,56.1,4.62,2.48,OK
2026-05-01 01:58:53,603,0.4219,0.0415,0.0,20.86,2.43,0.0,-7.58,56.0,2.4,2.55,OK
2026-05-01 01:58:53,604,0.4177,0.0425,0.0,20.83,2.5,0.0,-6.04,56.53,7.7,2.63,OK
2026-05-01 01:58:53,605,0.4852,0.0447,0.0,20.79,2.56,0.0,-3.12,56.65,8.3,2.68,OK
2026-05-01 01:58:53,606,0.4532,0.0428,0.0,20.76,2.61,0.0,-2.73,55.8,6.44,2.71,OK
2026-05-01 01:58:53,607,0.4828,0.0411,0.0,20.72,2.67,0.0,-5.85,55.6,7.09,2.78,OK
2026-05-01 01:58:53,608,0.4889,0.0,0.0,20.69,2.73,0.0,-5.03,56.27,6.74,2.84,OK
2026-05-01 01:58:53,609,0.4205,0.0822,0.0,20.66,2.79,0.0,0.25,55.64,8.29,2.91,OK
2026-05-01 01:58:53,610,0.4392,0.0919,0.0,20.62,2.86,0.0,0.27,56.49,8.21,2.98,OK
2026-05-01 01:58:53,611,0.4831,0.0577,0.0,20.59,2.93,0.0,-2.06,55.04,8.95,3.05,OK
2026-05-01 01:58:53,612,0.4376,0.0577,0.0,20.55,2.99,0.0,-2.09,54.36,9.17,3.11,OK
2026-05-01 01:58:53,613,0.4595,0.0428,0.0,20.52,3.06,0.0,-0.98,56.58,7.02,3.18,OK
2026-05-01 01:58:53,614,0.4454,0.0,0.0,20.49,3.13,0.0,-3.34,56.68,7.61,3.27,OK
2026-05-01 01:58:53,615,0.4431,0.0,0.0,20.45,3.21,0.0,-2.29,57.17,8.03,3.36,OK
2026-05-01 01:58:53,616,0.4289,0.114,0.0,20.42,3.29,0.0,-3.13,54.17,5.84,3.44,OK
2026-05-01 01:58:53,617,0.4493,0.1146,0.0,20.39,3.35,0.0,-3.52,54.43,5.88,3.47,OK
2026-05-01 01:58:53,618,0.4119,0.0397,0.0,20.36,3.41,0.0,-5.42,54.76,5.66,3.51,OK
2026-05-01 01:58:53,619,0.4674,0.0397,0.0,20.32,3.45,0.0,-5.01,54.96,5.97,3.54,OK
2026-05-01 01:58:53,620,0.4672,0.0794,0.0,20.29,3.5,0.0,-4.63,54.88,5.45,3.6,OK
2026-05-01 01:58:53,621,0.4338,0.0794,0.0,20.26,3.54,0.0,-5.72,54.58,4.73,3.6,OK
2026-05-01 01:58:54,622,0.3884,0.0794,0.0,20.22,3.58,0.0,-5.15,53.53,4.49,3.65,OK
2026-05-01 01:58:54,623,0.4184,0.0,0.0,20.19,3.63,0.0,-8.1,53.76,3.19,3.74,OK
2026-05-01 01:58:54,624,0.4072,0.0767,0.0,20.16,3.69,0.0,-10.09,53.09,2.14,3.81,OK
2026-05-01 01:58:54,625,0.3859,0.0712,0.0,20.13,3.75,0.0,-6.73,53.19,4.44,3.86,OK
2026-05-01 01:58:54,626,0.4088,0.0736,0.0,20.1,3.8,0.0,-6.24,53.84,5.1,3.9,OK
2026-05-01 01:58:54,627,0.4055,0.076,0.0,20.06,3.86,0.0,-3.66,51.73,6.12,3.97,OK
2026-05-01 01:58:54,628,0.4148,0.079,0.0,20.03,3.91,0.0,-3.03,51.95,6.08,4.0,OK
2026-05-01 01:58:54,629,0.3589,0.1032,0.0,20.0,3.96,0.0,-5.13,50.12,4.43,4.05,OK
2026-05-01 01:58:54,630,0.3926,0.0998,0.0,19.97,4.0,0.0,-5.81,50.27,3.85,4.08,OK
2026-05-01 01:58:54,631,0.3923,0.0383,0.0,19.94,4.05,0.0,-5.61,51.06,4.05,4.14,OK
2026-05-01 01:58:54,632,0.3606,0.0739,0.0,19.91,4.09,0.0,-6.06,50.69,2.74,4.17,OK
2026-05-01 01:58:54,633,0.3467,0.0688,0.0,19.87,4.13,0.0,-10.08,50.54,2.59,4.2,OK
2026-05-01 01:58:54,634,0.3803,0.0689,0.0,19.84,4.18,0.0,-10.38,50.82,0.55,4.28,OK
2026-05-01 01:58:54,635,0.3555,0.0689,0.0,19.81,4.24,0.0,-11.09,50.53,0.55,4.35,OK
2026-05-01 01:58:54,636,0.3813,0.1034,0.0,19.78,4.3,0.0,-11.46,51.59,0.68,4.42,OK
2026-05-01 01:58:54,637,0.3915,0.1034,0.0,19.75,4.35,0.0,-11.87,51.61,0.49,4.45,OK
2026-05-01 01:58:54,638,0.3605,0.0688,0.0,19.72,4.4,0.0,-10.74,51.88,1.15,4.49,OK
2026-05-01 01:58:54,639,0.3913,0.0736,0.0,19.69,4.45,0.0,-9.23,52.44,2.43,4.52,OK
2026-05-01 01:58:54,640,0.4072,0.1425,0.0,19.66,4.5,0.0,-10.34,51.09,0.89,4.59,OK
2026-05-01 01:58:54,641,0.3855,0.1378,0.0,19.63,4.55,0.0,-12.34,50.45,-0.27,4.64,OK
2026-05-01 01:58:54,642,0.3484,0.0937,0.0,19.6,4.6,0.0,-9.18,50.38,0.45,4.69,OK
2026-05-01 01:58:54,643,0.3666,0.1054,0.0,19.57,4.65,0.0,-9.56,51.77,0.57,4.74,OK
2026-05-01 01:58:54,644,0.3892,0.0714,0.0,19.53,4.68,0.0,-10.02,53.6,0.26,4.75,OK
2026-05-01 01:58:54,645,0.3818,0.074,0.0,19.5,4.73,0.0,-11.71,53.93,-0.33,4.81,OK
2026-05-01 01:58:54,646,0.3709,0.0714,0.0,19.47,4.77,0.0,-14.14,53.67,-1.78,4.86,OK
2026-05-01 01:58:54,647,0.3479,0.0667,0.0,19.44,4.82,0.0,-11.3,53.64,-0.95,4.89,OK
2026-05-01 01:58:54,648,0.3982,0.0645,0.0,19.41,4.85,0.0,-13.37,53.72,-1.77,4.92,OK
2026-05-01 01:58:54,649,0.4082,0.0712,0.0,19.38,4.88,0.0,-13.85,54.71,0.12,4.94,OK
2026-05-01 01:58:54,650,0.4177,0.0356,0.0,19.35,4.91,0.0,-13.36,54.25,0.89,4.96,OK
2026-05-01 01:58:54,651,0.4069,0.074,0.0,19.33,4.93,0.0,-10.15,54.65,-0.88,4.97,OK
2026-05-01 01:58:55,652,0.4863,0.0769,0.0,19.3,4.95,0.0,-11.87,56.93,-1.12,4.97,OK
2026-05-01 01:58:55,653,0.4444,0.074,0.0,19.27,4.96,0.0,-12.54,55.93,-2.08,4.98,OK
2026-05-01 01:58:55,654,0.3942,0.0522,0.0,19.24,4.97,0.0,-13.51,55.48,-0.54,4.99,OK
2026-05-01 01:58:55,655,0.4648,0.054,0.0,19.21,4.98,0.0,-13.05,56.44,0.36,4.99,OK
2026-05-01 01:58:55,656,0.4306,0.0383,0.0,19.18,4.98,0.0,-12.99,55.15,0.08,4.99,OK
2026-05-01 01:58:55,657,0.4306,0.0369,0.0,19.15,4.99,0.0,-13.46,55.17,-0.35,4.99,OK
2026-05-01 01:58:55,658,0.4138,0.069,0.0,19.12,4.99,0.0,-14.08,54.45,-2.96,5.0,OK
2026-05-01 01:58:55,659,0.3892,0.0736,0.0,19.09,4.99,0.0,-13.81,55.6,0.08,5.0,OK
2026-05-01 01:58:55,660,0.4121,0.0739,0.0,19.06,4.99,0.0,-13.11,56.26,0.23,5.0,OK
2026-05-01 01:58:55,661,0.4254,0.0828,0.0,19.03,5.0,0.0,-13.44,55.36,-2.2,5.0,OK
2026-05-01 01:58:55,662,0.358,0.0769,0.0,19.0,5.0,0.0,-14.93,53.88,-3.41,5.0,OK
2026-05-01 01:58:55,663,0.4232,0.0769,0.0,18.98,5.0,0.0,-15.51,55.98,-3.16,5.0,OK
2026-05-01 01:58:55,664,0.4247,0.0769,0.0,18.95,5.0,0.0,-15.78,55.66,-3.72,5.0,OK
2026-05-01 01:58:55,665,0.4416,0.0767,0.0,18.92,5.0,0.0,-15.17,57.0,-2.24,5.0,OK
2026-05-01 01:58:55,666,0.4301,0.0769,0.0,18.89,5.0,0.0,-13.78,56.54,-1.02,5.0,OK
2026-05-01 01:58:55,667,0.4452,0.0767,0.0,18.86,5.0,0.0,-13.41,56.15,0.31,5.0,OK
2026-05-01 01:58:55,668,0.4474,0.0383,0.0,18.83,5.0,0.0,-12.31,55.42,0.46,5.0,OK
2026-05-01 01:58:55,669,0.4744,0.0383,0.0,18.81,5.0,0.0,-13.27,56.26,-0.34,5.0,OK
2026-05-01 01:58:55,670,0.4156,0.0714,0.0,18.78,5.0,0.0,-14.05,55.69,-1.88,5.0,OK
2026-05-01 01:58:55,671,0.4017,0.0714,0.0,18.75,5.0,0.0,-14.11,55.93,-1.85,5.0,OK
2026-05-01 01:58:55,672,0.4156,0.0767,0.0,18.72,5.0,0.0,-15.33,55.6,-1.54,5.0,OK
2026-05-01 01:58:55,673,0.3921,0.0522,0.0,18.69,5.0,0.0,-14.47,55.48,-1.73,5.0,OK
2026-05-01 01:58:55,674,0.4217,0.0741,0.0,18.67,5.0,0.0,-14.9,55.36,-3.71,5.0,OK
2026-05-01 01:58:55,675,0.4306,0.0689,0.0,18.64,5.0,0.0,-14.89,54.67,-3.57,5.0,OK
2026-05-01 01:58:55,676,0.3955,0.1108,0.0,18.61,5.0,0.0,-13.84,56.19,-1.35,5.0,OK
2026-05-01 01:58:55,677,0.4118,0.074,0.0,18.58,5.0,0.0,-14.84,56.42,-2.1,5.0,OK
2026-05-01 01:58:55,678,0.429,0.0505,0.0,18.56,5.0,0.0,-14.95,56.63,-2.93,5.0,OK
2026-05-01 01:58:55,679,0.43,0.0357,0.0,18.53,5.0,0.0,-16.35,56.14,-3.33,5.0,OK
2026-05-01 01:58:55,680,0.4129,0.0357,0.0,18.5,5.0,0.0,-14.23,55.26,-4.59,5.0,OK
2026-05-01 01:58:56,681,0.4088,0.0357,0.0,18.48,5.0,0.0,-17.51,55.0,-4.79,5.0,OK
2026-05-01 01:58:56,682,0.3888,0.0,0.0,18.45,5.0,0.0,-16.37,54.85,-4.46,5.0,OK
2026-05-01 01:58:56,683,0.4328,0.0799,0.0,18.42,5.0,0.0,-16.88,56.4,-3.05,5.0,OK
2026-05-01 01:58:56,684,0.4506,0.0544,0.0,18.39,5.0,0.0,-17.4,57.34,-2.13,5.0,OK
2026-05-01 01:58:56,685,0.4499,0.0769,0.0,18.37,5.0,0.0,-14.01,56.98,-1.4,5.0,OK
2026-05-01 01:58:56,686,0.4194,0.074,0.0,18.34,5.0,0.0,-15.57,56.71,-3.95,5.0,OK
2026-05-01 01:58:56,687,0.4151,0.037,0.0,18.31,5.0,0.0,-14.99,56.54,-2.95,5.0,OK
2026-05-01 01:58:56,688,0.4095,0.037,0.0,18.29,5.0,0.0,-16.2,56.0,-4.85,5.0,OK
2026-05-01 01:58:56,689,0.4093,0.0357,0.0,18.26,5.0,0.0,-16.44,55.43,-2.19,5.0,OK
2026-05-01 01:58:56,690,0.4096,0.0357,0.0,18.23,5.0,0.0,-15.88,56.19,-3.13,5.0,OK
2026-05-01 01:58:56,691,0.369,0.0,0.0,18.21,5.0,0.0,-15.1,56.36,-2.57,5.0,OK
2026-05-01 01:58:56,692,0.4291,0.0714,0.0,18.18,5.0,0.0,-16.26,55.38,-3.88,5.0,OK
2026-05-01 01:58:56,693,0.4254,0.0799,0.0,18.16,5.0,0.0,-16.82,55.48,-4.18,5.0,OK
2026-05-01 01:58:56,694,0.4204,0.0471,0.0,18.13,5.0,0.0,-13.4,54.03,-1.22,5.0,OK
2026-05-01 01:58:56,695,0.4312,0.0688,0.0,18.1,5.0,0.0,-9.78,53.95,0.73,5.0,OK
2026-05-01 01:58:56,696,0.3562,0.0355,0.0,18.08,5.0,0.0,-7.6,50.4,3.22,5.0,OK
2026-05-01 01:58:56,697,0.3292,0.0665,0.0,18.05,5.0,0.0,-4.91,47.55,3.83,5.0,OK
2026-05-01 01:58:56,698,0.3204,0.0663,0.0,18.03,5.0,0.0,-5.29,47.16,4.14,5.0,OK
2026-05-01 01:58:56,699,0.2642,0.0,0.0,18.0,5.0,0.0,-6.79,41.64,2.9,5.0,OK
2026-05-01 01:58:56,700,0.279,0.0637,0.0,17.97,5.0,0.0,-6.39,41.04,2.72,5.0,OK
2026-05-01 01:58:56,701,0.304,0.0255,0.0,17.95,5.0,0.0,-3.02,37.97,4.53,5.0,OK
2026-05-01 01:58:56,702,0.305,0.0262,0.0,17.92,5.0,0.0,-4.23,38.76,4.29,5.0,OK
2026-05-01 01:58:56,703,0.3258,0.025,0.0,17.9,5.0,0.0,-3.56,35.1,3.66,5.0,OK
2026-05-01 01:58:56,704,0.3044,0.0249,0.0,17.87,5.0,0.0,-12.94,34.4,-2.39,5.0,OK
2026-05-01 01:58:56,705,0.2851,0.0237,0.0,17.85,5.0,0.0,-12.23,30.69,-0.89,5.0,OK
2026-05-01 01:58:56,706,0.28,0.0487,0.0,17.82,5.0,0.0,-11.66,28.66,-1.01,5.0,OK
2026-05-01 01:58:56,707,0.3154,0.0243,0.0,17.8,5.0,0.0,-10.34,29.04,-0.49,5.0,OK
2026-05-01 01:58:56,708,0.3082,0.0696,0.0,17.77,5.0,0.0,-14.3,25.8,-0.98,5.0,OK
2026-05-01 01:58:56,709,0.2892,0.0232,0.0,17.75,5.0,0.0,-11.2,25.59,-0.5,5.0,OK
2026-05-01 01:58:56,710,0.2714,0.0232,0.0,17.72,5.0,0.0,-15.51,24.0,-1.74,5.0,OK
2026-05-01 01:58:56,711,0.2442,0.0237,0.0,17.7,5.0,0.0,-14.44,24.6,-0.99,5.0,OK
2026-05-01 01:58:57,712,0.2636,0.0321,0.0,17.67,5.0,0.0,-13.96,22.93,-1.0,5.0,OK
2026-05-01 01:58:57,713,0.2747,0.0465,0.0,17.65,5.0,0.0,-13.32,23.01,-0.79,5.0,OK
2026-05-01 01:58:57,714,0.2726,0.0227,0.0,17.62,5.0,0.0,-13.76,21.31,-0.83,5.0,OK
2026-05-01 01:58:57,715,0.2679,0.0232,0.0,17.6,5.0,0.0,-14.68,21.34,-1.11,5.0,OK
2026-05-01 01:58:57,716,0.2503,0.0232,0.0,17.57,5.0,0.0,-16.99,21.59,-1.75,5.0,OK
2026-05-01 01:58:57,717,0.274,0.0321,0.0,17.55,5.0,0.0,-15.69,21.26,-1.07,5.0,OK
2026-05-01 01:58:57,718,0.2471,0.0232,0.0,17.52,5.0,0.0,-13.33,19.81,-0.39,5.0,OK
2026-05-01 01:58:57,719,0.2567,0.0321,0.0,17.5,5.0,0.0,-12.82,20.2,0.14,5.0,OK
2026-05-01 01:58:57,720,0.2572,0.0,0.0,17.48,5.0,0.0,-12.98,20.28,-0.09,5.0,OK
2026-05-01 01:58:57,721,0.2573,0.0238,0.0,17.45,5.0,0.0,-14.56,21.37,-1.34,5.0,OK
2026-05-01 01:58:57,722,0.258,0.0238,0.0,17.43,5.0,0.0,-15.57,20.93,-1.5,5.0,OK
2026-05-01 01:58:57,723,0.276,0.0227,0.0,17.4,5.0,0.0,-13.23,19.91,-0.37,5.0,OK
2026-05-01 01:58:57,724,0.286,0.0,0.0,17.38,5.0,0.0,-13.82,20.0,-0.63,5.0,OK
2026-05-01 01:58:57,725,0.2843,0.0,0.0,17.36,5.0,0.0,-10.59,20.66,0.44,5.0,OK
2026-05-01 01:58:57,726,0.2753,0.0232,0.0,17.33,5.0,0.0,-13.05,16.83,-0.11,5.0,OK
2026-05-01 01:58:57,727,0.281,0.0222,0.0,17.31,5.0,0.0,-12.81,18.71,-0.36,4.99,OK
2026-05-01 01:58:57,728,0.29,0.0227,0.0,17.28,5.0,0.0,-10.19,19.3,-0.17,4.96,OK
2026-05-01 01:58:57,729,0.2939,0.0321,0.0,17.26,4.99,0.0,-10.47,19.33,-0.05,4.93,OK
2026-05-01 01:58:57,730,0.2967,0.0222,0.0,17.24,4.98,0.0,-12.56,17.49,0.64,4.91,OK
2026-05-01 01:58:57,731,0.2699,0.0321,0.0,17.21,4.98,0.0,-12.78,16.49,0.87,4.89,OK
2026-05-01 01:58:57,732,0.2922,0.0232,0.0,17.19,4.97,0.0,-11.9,16.26,-0.09,4.87,OK
2026-05-01 01:58:57,733,0.2715,0.0321,0.0,17.17,4.96,0.0,-12.32,16.7,0.49,4.85,OK
2026-05-01 01:58:57,734,0.2972,0.0321,0.0,17.14,4.95,0.0,-12.52,16.18,0.76,4.82,OK
2026-05-01 01:58:57,735,0.2897,0.0329,0.0,17.12,4.94,0.0,-11.46,18.64,-0.24,4.78,OK
2026-05-01 01:58:57,736,0.2903,0.0227,0.0,17.1,4.92,0.0,-11.72,19.02,-0.13,4.72,OK
2026-05-01 01:58:57,737,0.2696,0.0222,0.0,17.07,4.9,0.0,-12.71,18.64,-0.26,4.66,OK
2026-05-01 01:58:57,738,0.2798,0.0307,0.0,17.05,4.87,0.0,-12.93,17.99,-0.17,4.58,OK
2026-05-01 01:58:57,739,0.2746,0.0227,0.0,17.03,4.84,0.0,-10.01,19.0,0.25,4.52,OK
2026-05-01 01:58:57,740,0.2943,0.0232,0.0,17.0,4.81,0.0,-10.36,19.33,0.06,4.44,OK
2026-05-01 01:58:57,741,0.2755,0.0454,0.0,16.98,4.78,0.0,-12.84,19.22,-0.85,4.38,OK
2026-05-01 01:58:58,742,0.2577,0.0232,0.0,16.96,4.74,0.0,-13.61,20.63,-0.35,4.31,OK
2026-05-01 01:58:58,743,0.2703,0.0328,0.0,16.94,4.7,0.0,-13.81,20.64,-0.43,4.25,OK
2026-05-01 01:58:58,744,0.2917,0.0,0.0,16.91,4.66,0.0,-11.87,26.53,0.29,4.18,OK
2026-05-01 01:58:58,745,0.287,0.0237,0.0,16.89,4.61,0.0,-11.98,25.82,0.17,4.11,OK
2026-05-01 01:58:58,746,0.3053,0.0237,0.0,16.87,4.57,0.0,-12.76,30.2,-0.17,4.05,OK
2026-05-01 01:58:58,747,0.3136,0.0243,0.0,16.84,4.53,0.0,-11.36,30.56,0.35,4.01,OK
2026-05-01 01:58:58,748,0.2904,0.0498,0.0,16.82,4.48,0.0,-14.82,35.34,-0.33,3.98,OK
2026-05-01 01:58:58,749,0.3135,0.051,0.0,16.8,4.44,0.0,-7.16,35.24,4.88,3.94,OK
2026-05-01 01:58:58,750,0.3164,0.0275,0.0,16.78,4.4,0.0,-5.38,38.81,7.72,3.92,OK
2026-05-01 01:58:58,751,0.2928,0.0268,0.0,16.76,4.36,0.0,-5.67,38.8,6.9,3.89,OK
2026-05-01 01:58:58,752,0.3235,0.0298,0.0,16.73,4.32,0.0,-6.6,42.43,9.05,3.89,OK
2026-05-01 01:58:58,753,0.3098,0.0298,0.0,16.71,4.28,0.0,-5.79,41.58,8.95,3.89,OK
2026-05-01 01:58:58,754,0.3407,0.0296,0.0,16.69,4.25,0.0,-6.48,43.32,10.54,3.9,OK
2026-05-01 01:58:58,755,0.3218,0.0629,0.0,16.67,4.23,0.0,-4.24,44.11,12.02,3.94,OK
2026-05-01 01:58:58,756,0.3302,0.0649,0.0,16.64,4.21,0.0,-4.27,43.71,11.85,3.95,OK
2026-05-01 01:58:58,757,0.3416,0.1027,0.0,16.62,4.19,0.0,-3.53,44.14,12.25,4.02,OK
2026-05-01 01:58:58,758,0.3196,0.1027,0.0,16.6,4.18,0.0,-3.19,43.96,12.18,4.06,OK
2026-05-01 01:58:58,759,0.2884,0.0625,0.0,16.58,4.18,0.0,-4.3,41.47,12.43,4.15,OK
2026-05-01 01:58:58,760,0.3087,0.0678,0.0,16.56,4.19,0.0,-2.5,42.07,13.64,4.23,OK
2026-05-01 01:58:58,761,0.3182,0.0877,0.0,16.54,4.24,0.0,-3.73,40.5,13.42,4.32,OK
2026-05-01 01:58:58,762,0.3185,0.0667,0.0,16.51,4.29,0.0,-2.85,40.78,13.93,4.38,OK
2026-05-01 01:58:58,763,0.3212,0.0636,0.0,16.49,4.33,0.0,-4.03,38.53,14.04,4.4,OK
2026-05-01 01:58:58,764,0.3409,0.029,0.0,16.47,4.39,0.0,-3.81,38.82,14.2,4.52,OK
2026-05-01 01:58:58,765,0.3547,0.0597,0.0,16.45,4.46,0.0,-3.26,38.57,14.21,4.58,OK
2026-05-01 01:58:58,766,0.3155,0.058,0.0,16.43,4.54,0.0,-4.39,37.93,13.42,4.68,OK
2026-05-01 01:58:58,767,0.3148,0.058,0.0,16.41,4.61,0.0,-4.04,37.55,13.83,4.74,OK
2026-05-01 01:58:58,768,0.3211,0.0269,0.0,16.38,4.68,0.0,-5.66,36.34,13.12,4.81,OK
2026-05-01 01:58:58,769,0.3268,0.0269,0.0,16.36,4.74,0.0,-4.55,35.69,13.55,4.86,OK
2026-05-01 01:58:58,770,0.3291,0.0631,0.0,16.34,4.79,0.0,-3.67,37.13,14.36,4.89,OK
2026-05-01 01:58:59,771,0.3077,0.0585,0.0,16.32,4.84,0.0,-4.33,37.26,13.85,4.92,OK
2026-05-01 01:58:59,772,0.313,0.0648,0.0,16.3,4.87,0.0,-4.3,37.74,14.54,4.94,OK
2026-05-01 01:58:59,773,0.3101,0.0636,0.0,16.28,4.9,0.0,-3.24,36.99,14.51,4.95,OK
2026-05-01 01:58:59,774,0.2993,0.0631,0.0,16.26,4.92,0.0,-3.3,37.14,14.82,4.97,OK
2026-05-01 01:58:59,775,0.3035,0.029,0.0,16.24,4.94,0.0,-4.9,38.55,14.43,4.97,OK
2026-05-01 01:58:59,776,0.3058,0.0399,0.0,16.22,4.96,0.0,-3.67,38.47,15.29,4.98,OK
2026-05-01 01:58:59,777,0.3025,0.0686,0.0,16.2,4.97,0.0,-4.43,41.33,15.31,4.99,OK
2026-05-01 01:58:59,778,0.3254,0.1031,0.0,16.17,4.97,0.0,-3.98,42.77,14.92,4.99,OK
2026-05-01 01:58:59,779,0.307,0.101,0.0,16.15,4.98,0.0,-3.54,43.27,14.63,4.99,OK
2026-05-01 01:58:59,780,0.3539,0.0822,0.0,16.13,4.99,0.0,-0.95,48.57,16.45,4.99,OK
2026-05-01 01:58:59,781,0.3621,0.1103,0.0,16.11,4.99,0.0,-1.12,48.93,14.76,5.0,OK
2026-05-01 01:58:59,782,0.4763,0.0445,0.0,16.09,4.99,0.0,-2.31,55.0,16.38,5.0,OK
2026-05-01 01:58:59,783,0.413,0.0452,0.0,16.07,4.99,0.0,-2.75,53.77,13.84,5.0,OK
2026-05-01 01:58:59,784,0.4787,0.0904,0.0,16.05,5.0,0.0,-1.46,57.07,16.02,5.0,OK
2026-05-01 01:58:59,785,0.4606,0.0904,0.0,16.03,5.0,0.0,-1.59,56.47,14.59,5.0,OK
2026-05-01 01:58:59,786,0.5806,0.0,0.0,16.01,5.0,0.0,-2.1,59.32,17.33,5.0,OK
2026-05-01 01:58:59,787,0.5171,0.0,0.0,15.99,5.0,0.0,0.15,57.83,16.61,5.0,OK
2026-05-01 01:58:59,788,0.5637,0.0,0.0,15.97,5.0,0.0,0.56,60.15,16.92,5.0,OK
2026-05-01 01:58:59,789,0.5901,0.0,0.0,15.95,5.0,0.0,-1.86,59.25,14.25,5.0,OK
2026-05-01 01:58:59,790,0.5122,0.0535,0.0,15.93,5.0,0.0,-3.56,59.26,11.79,5.0,OK
2026-05-01 01:58:59,791,0.539,0.0,0.0,15.91,5.0,0.0,-8.65,58.85,8.43,5.0,OK
2026-05-01 01:58:59,792,0.543,0.0,0.0,15.89,5.0,0.0,-10.99,58.45,6.36,5.0,OK
2026-05-01 01:58:59,793,0.5126,0.0439,0.0,15.87,5.0,0.0,-11.49,59.95,9.7,5.0,OK
2026-05-01 01:58:59,794,0.5567,0.0458,0.0,15.85,5.0,0.0,-10.32,60.26,10.65,5.0,OK
2026-05-01 01:58:59,795,0.5729,0.0,0.0,15.83,5.0,0.0,-7.11,60.1,8.37,5.0,OK
2026-05-01 01:58:59,796,0.4944,0.0655,0.0,15.81,5.0,0.0,-7.87,60.04,7.6,5.0,OK
2026-05-01 01:58:59,797,0.4946,0.0,0.0,15.79,5.0,0.0,-8.85,57.76,6.62,5.0,OK
2026-05-01 01:58:59,798,0.4472,0.0538,0.0,15.77,5.0,0.0,-9.53,56.81,5.71,5.0,OK
2026-05-01 01:58:59,799,0.5331,0.0606,0.0,15.75,5.0,0.0,-12.52,58.28,4.95,5.0,OK
2026-05-01 01:58:59,800,0.458,0.0,0.0,15.73,5.0,0.0,-13.99,58.66,5.0,5.0,OK
2026-05-01 01:58:59,801,0.5217,0.0447,0.0,15.71,5.0,0.0,-12.6,61.24,4.97,5.0,OK
2026-05-01 01:59:00,802,0.487,0.0,0.0,15.69,5.0,0.0,-9.08,59.09,6.4,5.0,OK
2026-05-01 01:59:00,803,0.428,0.049,0.0,15.67,5.0,0.0,-10.83,59.4,6.32,5.0,OK
2026-05-01 01:59:00,804,0.3875,0.0447,0.0,15.65,5.0,0.0,-12.44,58.46,4.96,5.0,OK
2026-05-01 01:59:00,805,0.4596,0.0447,0.0,15.63,5.0,0.0,-11.34,59.46,6.26,5.0,OK
2026-05-01 01:59:00,806,0.4944,0.0431,0.0,15.61,5.0,0.0,-10.66,58.7,4.78,5.0,OK
2026-05-01 01:59:00,807,0.5094,0.0606,0.0,15.59,5.0,0.0,-11.98,59.14,4.91,5.0,OK
2026-05-01 01:59:00,808,0.4309,0.0366,0.0,15.57,5.0,0.0,-11.49,58.76,4.95,5.0,OK
2026-05-01 01:59:00,809,0.488,0.0,0.0,15.56,5.0,0.0,-14.29,59.91,6.84,5.0,OK
2026-05-01 01:59:00,810,0.5047,0.0443,0.0,15.54,5.0,0.0,-14.52,59.59,7.46,5.0,OK
2026-05-01 01:59:00,811,0.492,0.0443,0.0,15.52,5.0,0.0,-10.01,58.79,7.45,5.0,OK
2026-05-01 01:59:00,812,0.4618,0.0581,0.0,15.5,5.0,0.0,-12.27,58.4,5.0,5.0,OK
2026-05-01 01:59:00,813,0.5086,0.0,0.0,15.48,5.0,0.0,-12.9,59.79,6.7,5.0,OK
2026-05-01 01:59:00,814,0.4714,0.0,0.0,15.46,5.0,0.0,-10.29,59.3,8.35,5.0,OK
2026-05-01 01:59:00,815,0.5063,0.0627,0.0,15.44,5.0,0.0,-10.41,58.46,5.96,5.0,OK
2026-05-01 01:59:00,816,0.4685,0.0463,0.0,15.42,5.0,0.0,-12.43,58.4,5.89,5.0,OK
2026-05-01 01:59:00,817,0.5022,0.0468,0.0,15.4,5.0,0.0,-13.11,59.46,5.34,5.0,OK
2026-05-01 01:59:00,818,0.4733,0.0,0.0,15.38,5.0,0.0,-12.45,57.92,6.0,5.0,OK
2026-05-01 01:59:00,819,0.46,0.0425,0.0,15.37,5.0,0.0,-14.16,57.98,5.29,5.0,OK
2026-05-01 01:59:00,820,0.5206,0.0606,0.0,15.35,5.0,0.0,-12.97,58.09,4.92,5.0,OK
2026-05-01 01:59:00,821,0.5384,0.0428,0.0,15.33,5.0,0.0,-13.53,58.79,5.01,5.0,OK
2026-05-01 01:59:00,822,0.4279,0.0,0.0,15.31,5.0,0.0,-14.04,58.84,5.65,5.0,OK
2026-05-01 01:59:00,823,0.4854,0.0,0.0,15.29,5.0,0.0,-13.8,58.58,6.16,5.0,OK
2026-05-01 01:59:00,824,0.449,0.0577,0.0,15.27,5.0,0.0,-9.08,59.29,8.55,5.0,OK
2026-05-01 01:59:00,825,0.5298,0.0,0.0,15.25,5.0,0.0,-8.84,59.66,8.51,5.0,OK
2026-05-01 01:59:00,826,0.5009,0.0468,0.0,15.24,5.0,0.0,-10.78,60.37,7.38,5.0,OK
2026-05-01 01:59:00,827,0.5063,0.055,0.0,15.22,5.0,0.0,-11.9,57.3,7.02,5.0,OK
2026-05-01 01:59:00,828,0.5444,0.0577,0.0,15.2,5.0,0.0,-10.42,58.52,6.04,5.0,OK
2026-05-01 01:59:00,829,0.4691,0.0408,0.0,15.18,5.0,0.0,-13.86,58.49,4.48,5.0,OK
2026-05-01 01:59:00,830,0.5308,0.0425,0.0,15.16,5.0,0.0,-10.72,58.1,5.95,5.0,OK
2026-05-01 01:59:01,831,0.4696,0.0411,0.0,15.14,5.0,0.0,-10.77,59.51,6.14,5.0,OK
2026-05-01 01:59:01,832,0.5017,0.0,0.0,15.13,5.0,0.0,-12.03,58.93,5.77,5.0,OK
2026-05-01 01:59:01,833,0.4731,0.0627,0.0,15.11,5.0,0.0,-11.33,58.83,7.52,5.0,OK
2026-05-01 01:59:01,834,0.5414,0.0425,0.0,15.09,5.0,0.0,-10.35,58.65,7.55,5.0,OK
2026-05-01 01:59:01,835,0.527,0.0,0.0,15.07,5.0,0.0,-10.68,57.87,7.12,5.0,OK
2026-05-01 01:59:01,836,0.4713,0.0404,0.0,15.05,5.0,0.0,-9.06,57.25,9.41,5.0,OK
2026-05-01 01:59:01,837,0.5308,0.0392,0.0,15.04,5.0,0.0,-10.56,56.66,7.04,5.0,OK
2026-05-01 01:59:01,838,0.5341,0.0439,0.0,15.02,5.0,0.0,-10.3,57.53,8.13,5.0,OK
2026-05-01 01:59:01,839,0.517,0.0443,0.0,15.0,5.0,0.0,-9.47,58.25,7.82,5.0,OK
2026-05-01 01:59:01,840,0.5941,0.0,0.0,14.98,5.0,0.0,-10.49,59.14,7.96,5.0,OK
2026-05-01 01:59:01,841,0.5868,0.0677,0.0,14.96,5.0,0.0,-10.57,59.27,8.06,5.0,OK
2026-05-01 01:59:01,842,0.5358,0.0443,0.0,14.95,5.0,0.0,-8.83,58.54,8.93,5.0,OK
2026-05-01 01:59:01,843,0.5528,0.0458,0.0,14.93,5.0,0.0,-7.76,58.82,10.27,5.0,OK
2026-05-01 01:59:01,844,0.5287,0.0392,0.0,14.91,5.0,0.0,-8.88,57.23,8.48,5.0,OK
2026-05-01 01:59:01,845,0.4644,0.0378,0.0,14.89,5.0,0.0,-11.96,56.88,6.84,5.0,OK
2026-05-01 01:59:01,846,0.4651,0.0408,0.0,14.88,5.0,0.0,-7.75,57.64,8.04,5.0,OK
2026-05-01 01:59:01,847,0.4937,0.062,0.0,14.86,5.0,0.0,-10.57,57.43,8.66,5.0,OK
2026-05-01 01:59:01,848,0.5279,0.0443,0.0,14.84,5.0,0.0,-10.82,57.69,7.96,5.0,OK
2026-05-01 01:59:01,849,0.5068,0.0443,0.0,14.82,5.0,0.0,-11.3,57.64,6.93,5.0,OK
2026-05-01 01:59:01,850,0.5381,0.0468,0.0,14.81,5.0,0.0,-14.33,57.85,5.53,5.0,OK
2026-05-01 01:59:01,851,0.4992,0.0468,0.0,14.79,5.0,0.0,-12.96,59.79,4.6,5.0,OK
2026-05-01 01:59:01,852,0.4969,0.0601,0.0,14.77,5.0,0.0,-14.85,58.91,2.91,5.0,OK
2026-05-01 01:59:01,853,0.5054,0.0958,0.0,14.75,5.0,0.0,-14.23,57.87,5.14,5.0,OK
2026-05-01 01:59:01,854,0.4337,0.0443,0.0,14.74,5.0,0.0,-15.05,59.31,4.06,5.0,OK
2026-05-01 01:59:01,855,0.5235,0.0463,0.0,14.72,5.0,0.0,-14.61,60.23,4.64,5.0,OK
2026-05-01 01:59:01,856,0.4888,0.0627,0.0,14.7,5.0,0.0,-16.87,58.76,2.99,5.0,OK
2026-05-01 01:59:01,857,0.4996,0.0428,0.0,14.69,5.0,0.0,-14.62,58.22,3.77,5.0,OK
2026-05-01 01:59:01,858,0.5708,0.0,0.0,14.67,5.0,0.0,-11.4,60.99,5.92,5.0,OK
2026-05-01 01:59:01,859,0.5846,0.0463,0.0,14.65,5.0,0.0,-10.95,60.63,7.27,5.0,OK
2026-05-01 01:59:01,860,0.5123,0.095,0.0,14.63,5.0,0.0,-10.1,58.51,5.68,5.0,OK
2026-05-01 01:59:01,861,0.4651,0.0912,0.0,14.62,5.0,0.0,-10.02,57.77,5.63,5.0,OK
2026-05-01 01:59:02,862,0.509,0.0606,0.0,14.6,5.0,0.0,-12.5,58.22,5.6,5.0,OK
2026-05-01 01:59:02,863,0.5088,0.0886,0.0,14.58,5.0,0.0,-11.56,57.77,5.06,5.0,OK
2026-05-01 01:59:02,864,0.4907,0.1249,0.0,14.57,5.0,0.0,-13.37,56.99,3.54,5.0,OK
2026-05-01 01:59:02,865,0.4909,0.0425,0.0,14.55,5.0,0.0,-13.8,57.68,5.38,5.0,OK
2026-05-01 01:59:02,866,0.4931,0.0577,0.0,14.53,5.0,0.0,-13.01,57.5,5.68,5.0,OK
2026-05-01 01:59:02,867,0.5454,0.0627,0.0,14.52,5.0,0.0,-12.6,58.7,6.01,5.0,OK
2026-05-01 01:59:02,868,0.4997,0.0463,0.0,14.5,5.0,0.0,-9.97,59.66,7.2,5.0,OK
2026-05-01 01:59:02,869,0.592,0.0425,0.0,14.48,5.0,0.0,-8.87,59.25,8.26,5.0,OK
2026-05-01 01:59:02,870,0.6021,0.062,0.0,14.47,5.0,0.0,-9.51,59.08,8.85,5.0,OK
2026-05-01 01:59:02,871,0.4953,0.0458,0.0,14.45,5.0,0.0,-8.01,58.55,7.67,5.0,OK
2026-05-01 01:59:02,872,0.5454,0.0627,0.0,14.43,5.0,0.0,-9.6,58.32,6.45,5.0,OK
2026-05-01 01:59:02,873,0.5336,0.0581,0.0,14.42,5.0,0.0,-11.25,57.83,5.72,5.0,OK
2026-05-01 01:59:02,874,0.4714,0.045,0.0,14.4,5.0,0.0,-9.91,58.74,4.78,5.0,OK
2026-05-01 01:59:02,875,0.4637,0.0936,0.0,14.38,5.0,0.0,-14.32,59.76,2.38,5.0,OK
2026-05-01 01:59:02,876,0.4916,0.0408,0.0,14.37,5.0,0.0,-13.42,57.85,4.88,5.0,OK
2026-05-01 01:59:02,877,0.5346,0.0428,0.0,14.35,5.0,0.0,-10.87,57.72,6.02,5.0,OK
2026-05-01 01:59:02,878,0.4987,0.0,0.0,14.33,5.0,0.0,-11.97,60.11,7.74,5.0,OK
2026-05-01 01:59:02,879,0.5802,0.0439,0.0,14.32,5.0,0.0,-11.63,58.52,7.91,5.0,OK
2026-05-01 01:59:02,880,0.6019,0.0,0.0,14.3,5.0,0.0,-10.81,59.2,6.56,5.0,OK
2026-05-01 01:59:02,881,0.5525,0.0443,0.0,14.29,5.0,0.0,-10.19,59.54,7.57,5.0,OK
2026-05-01 01:59:02,882,0.5926,0.0,0.0,14.27,5.0,0.0,-10.22,59.26,7.91,5.0,OK
2026-05-01 01:59:02,883,0.4512,0.0,0.0,14.25,5.0,0.0,-10.94,57.42,5.83,5.0,OK
2026-05-01 01:59:02,884,0.4803,0.0428,0.0,14.24,5.0,0.0,-11.85,58.08,4.58,5.0,OK
2026-05-01 01:59:02,885,0.4552,0.0,0.0,14.22,5.0,0.0,-13.2,58.64,2.6,5.0,OK
2026-05-01 01:59:02,886,0.4647,0.0411,0.0,14.21,5.0,0.0,-13.41,59.12,3.39,5.0,OK
2026-05-01 01:59:02,887,0.5003,0.1,0.0,14.19,5.0,0.0,-15.6,60.07,2.59,5.0,OK
2026-05-01 01:59:02,888,0.541,0.1054,0.0,14.17,5.0,0.0,-15.12,60.58,1.71,5.0,OK
2026-05-01 01:59:02,889,0.4995,0.0794,0.0,14.16,5.0,0.0,-11.92,58.31,1.84,5.0,OK
2026-05-01 01:59:02,890,0.4947,0.0764,0.0,14.14,5.0,0.0,-11.03,58.94,3.32,5.0,OK
2026-05-01 01:59:02,891,0.5559,0.0463,0.0,14.13,5.0,0.0,-14.07,60.96,6.11,5.0,OK
2026-05-01 01:59:03,892,0.5046,0.0378,0.0,14.11,5.0,0.0,-14.3,58.7,4.59,5.0,OK
2026-05-01 01:59:03,893,0.5488,0.0581,0.0,14.09,5.0,0.0,-12.41,59.03,5.09,5.0,OK
2026-05-01 01:59:03,894,0.499,0.0,0.0,14.08,5.0,0.0,-15.35,59.17,4.9,5.0,OK
2026-05-01 01:59:03,895,0.5094,0.0443,0.0,14.06,5.0,0.0,-13.77,58.9,5.63,5.0,OK
2026-05-01 01:59:03,896,0.5058,0.0443,0.0,14.05,5.0,0.0,-13.27,59.75,5.94,5.0,OK
2026-05-01 01:59:03,897,0.509,0.0,0.0,14.03,5.0,0.0,-10.01,59.64,8.21,5.0,OK
2026-05-01 01:59:03,898,0.4449,0.0577,0.0,14.02,5.0,0.0,-9.73,55.6,6.86,5.0,OK
2026-05-01 01:59:03,899,0.4618,0.0,0.0,14.0,5.0,0.0,-7.72,57.72,7.42,5.0,OK
2026-05-01 01:59:03,900,0.5306,0.0601,0.0,13.98,5.0,0.0,-6.54,58.83,8.46,5.0,OK
2026-05-01 01:59:03,901,0.4789,0.0,0.0,13.97,5.0,0.0,-9.54,54.6,7.12,5.0,OK
2026-05-01 01:59:03,902,0.4651,0.0408,0.0,13.95,5.0,0.0,-6.61,55.31,8.62,5.0,OK
2026-05-01 01:59:03,903,0.356,0.0733,0.0,13.94,5.0,0.0,-8.91,50.91,5.12,5.0,OK
2026-05-01 01:59:03,904,0.3961,0.1045,0.0,13.92,5.0,0.0,-10.1,51.15,6.29,5.0,OK
2026-05-01 01:59:03,905,0.3065,0.0673,0.0,13.91,5.0,0.0,-12.09,43.12,3.27,5.0,OK
2026-05-01 01:59:03,906,0.3234,0.0604,0.0,13.89,5.0,0.0,-14.09,43.99,3.17,5.0,OK
2026-05-01 01:59:03,907,0.3065,0.0261,0.0,13.88,5.0,0.0,-12.0,39.08,3.75,5.0,OK
2026-05-01 01:59:03,908,0.2585,0.0269,0.0,13.86,5.0,0.0,-11.96,38.45,3.67,5.0,OK
2026-05-01 01:59:03,909,0.2986,0.0498,0.0,13.85,5.0,0.0,-17.81,33.41,-0.69,5.0,OK
2026-05-01 01:59:03,910,0.2663,0.0237,0.0,13.83,5.0,0.0,-18.74,29.99,-0.23,5.0,OK
2026-05-01 01:59:03,911,0.2815,0.0243,0.0,13.82,5.0,0.0,-17.55,30.3,-0.97,5.0,OK
2026-05-01 01:59:03,912,0.2855,0.0485,0.0,13.8,5.0,0.0,-19.17,25.85,0.23,5.0,OK
2026-05-01 01:59:03,913,0.2781,0.0243,0.0,13.79,5.0,0.0,-17.57,25.89,0.41,5.0,OK
2026-05-01 01:59:03,914,0.2463,0.0232,0.0,13.77,5.0,0.0,-18.14,23.4,0.43,5.0,OK
2026-05-01 01:59:03,915,0.2485,0.0232,0.0,13.76,5.0,0.0,-18.2,23.68,-0.08,5.0,OK
2026-05-01 01:59:03,916,0.2953,0.0232,0.0,13.74,5.0,0.0,-16.15,21.28,-0.19,5.0,OK
2026-05-01 01:59:03,917,0.2633,0.0453,0.0,13.73,5.0,0.0,-18.07,20.06,-0.11,5.0,OK
2026-05-01 01:59:03,918,0.2765,0.0465,0.0,13.71,5.0,0.0,-18.06,20.47,-0.2,5.0,OK
2026-05-01 01:59:03,919,0.2868,0.0232,0.0,13.7,5.0,0.0,-19.2,19.55,-0.1,5.0,OK
2026-05-01 01:59:03,920,0.2626,0.0227,0.0,13.68,5.0,0.0,-18.7,16.38,-0.05,5.0,OK
2026-05-01 01:59:04,921,0.2844,0.0227,0.0,13.67,5.0,0.0,-20.2,15.65,-0.75,5.0,OK
2026-05-01 01:59:04,922,0.2646,0.0227,0.0,13.65,5.0,0.0,-20.75,16.17,-0.51,5.0,OK
2026-05-01 01:59:04,923,0.2698,0.0227,0.0,13.64,5.0,0.0,-17.05,14.41,-0.61,5.0,OK
2026-05-01 01:59:04,924,0.2666,0.0232,0.0,13.62,5.0,0.0,-16.89,15.3,-0.64,5.0,OK
2026-05-01 01:59:04,925,0.287,0.0238,0.0,13.61,5.0,0.0,-15.62,12.08,0.31,5.0,OK
2026-05-01 01:59:04,926,0.2876,0.0,0.0,13.59,5.0,0.0,-15.59,13.11,0.13,5.0,OK
2026-05-01 01:59:04,927,0.2512,0.0227,0.0,13.58,5.0,0.0,-15.61,14.0,-0.31,5.0,OK
2026-05-01 01:59:04,928,0.2698,0.0232,0.0,13.56,5.0,0.0,-16.46,12.6,-0.03,5.0,OK
2026-05-01 01:59:04,929,0.2792,0.0232,0.0,13.55,5.0,0.0,-15.7,11.75,0.26,5.0,OK
2026-05-01 01:59:04,930,0.2609,0.0227,0.0,13.53,5.0,0.0,-17.37,11.48,0.08,5.0,OK
2026-05-01 01:59:04,931,0.2733,0.0227,0.0,13.52,5.0,0.0,-18.39,11.02,-0.22,5.0,OK
2026-05-01 01:59:04,932,0.2417,0.0,0.0,13.5,5.0,0.0,-17.96,11.06,-0.01,5.0,OK
2026-05-01 01:59:04,933,0.2417,0.0,0.0,13.49,5.0,0.0,-18.18,11.3,-0.3,5.0,OK
2026-05-01 01:59:04,934,0.2951,0.0227,0.0,13.48,5.0,0.0,-17.65,12.45,0.15,5.0,OK
2026-05-01 01:59:04,935,0.2638,0.0222,0.0,13.46,5.0,0.0,-17.67,10.57,0.22,5.0,OK
2026-05-01 01:59:04,936,0.2816,0.0444,0.0,13.45,5.0,0.0,-17.55,9.81,0.88,5.0,OK
2026-05-01 01:59:04,937,0.2875,0.0222,0.0,13.43,5.0,0.0,-17.1,8.68,1.0,5.0,OK
2026-05-01 01:59:04,938,0.2876,0.0217,0.0,13.42,5.0,0.0,-16.67,10.44,0.31,5.0,OK
2026-05-01 01:59:04,939,0.2458,0.0217,0.0,13.4,5.0,0.0,-16.67,9.37,0.56,5.0,OK
2026-05-01 01:59:04,940,0.2453,0.0307,0.0,13.39,5.0,0.0,-16.71,8.26,0.91,5.0,OK
2026-05-01 01:59:04,941,0.269,0.0222,0.0,13.38,5.0,0.0,-16.75,4.8,1.1,5.0,OK
2026-05-01 01:59:04,942,0.269,0.0,0.0,13.36,5.0,0.0,-16.77,5.89,0.75,5.0,OK
2026-05-01 01:59:04,943,0.2773,0.0222,0.0,13.35,5.0,0.0,-16.18,3.8,0.1,5.0,OK
2026-05-01 01:59:04,944,0.304,0.0222,0.0,13.33,5.0,0.0,-16.18,3.8,0.1,5.0,OK
2026-05-01 01:59:04,945,0.269,0.0314,0.0,13.32,5.0,0.0,-16.21,1.97,0.58,5.0,OK
2026-05-01 01:59:04,946,0.2788,0.0227,0.0,13.31,5.0,0.0,-14.24,-2.0,0.01,5.0,OK
2026-05-01 01:59:04,947,0.2595,0.0454,0.0,13.29,5.0,0.0,-15.86,-1.53,0.09,5.0,OK
2026-05-01 01:59:04,948,0.2693,0.0222,0.0,13.28,5.0,0.0,-15.74,-6.1,0.0,5.0,OK
2026-05-01 01:59:04,949,0.2565,0.0444,0.0,13.26,5.0,0.0,-15.23,-6.15,-0.39,5.0,OK
2026-05-01 01:59:04,950,0.2843,0.0453,0.0,13.25,5.0,0.0,-19.27,-10.31,0.03,5.0,OK
2026-05-01 01:59:04,951,0.2711,0.0226,0.0,13.24,5.0,0.0,-16.69,-9.63,-0.56,5.0,OK
2026-05-01 01:59:05,952,0.274,0.0237,0.0,13.22,5.0,0.0,-6.38,-38.07,-4.94,5.0,OK
2026-05-01 01:59:05,953,0.2628,0.0475,0.0,13.21,5.0,0.0,-17.06,-18.93,0.16,5.0,OK
2026-05-01 01:59:05,954,0.2793,0.0525,0.0,13.19,5.0,0.0,-9.01,-45.16,-6.61,5.0,OK
2026-05-01 01:59:05,955,0.2984,0.0255,0.0,13.18,5.0,0.0,-7.6,-44.92,-7.19,5.0,OK
2026-05-01 01:59:05,956,0.2904,0.0554,0.0,13.17,5.0,0.0,-19.16,-26.97,-0.44,5.0,OK
2026-05-01 01:59:05,957,0.299,0.0262,0.0,13.15,5.0,0.0,-7.46,-47.57,-7.41,5.0,OK
2026-05-01 01:59:05,958,0.2963,0.0284,0.0,13.14,5.0,0.0,-9.11,-50.41,-8.58,5.0,OK
2026-05-01 01:59:05,959,0.3102,0.0568,0.0,13.12,5.0,0.0,-7.92,-50.64,-8.48,5.0,OK
2026-05-01 01:59:05,960,0.3077,0.0276,0.0,13.11,5.0,0.0,-8.13,-50.12,-7.9,5.0,OK
2026-05-01 01:59:05,961,0.2912,0.0275,0.0,13.1,5.0,0.0,-7.86,-50.27,-8.45,5.0,OK
2026-05-01 01:59:05,962,0.3032,0.0276,0.0,13.08,5.0,0.0,-7.03,-50.34,-8.93,5.0,OK
2026-05-01 01:59:05,963,0.3381,0.0425,0.0,13.07,5.0,0.0,-7.44,-50.68,-8.27,5.0,OK
2026-05-01 01:59:05,964,0.3496,0.0301,0.0,13.06,5.0,0.0,-7.82,-51.4,-8.25,5.0,OK
2026-05-01 01:59:05,965,0.3086,0.0275,0.0,13.04,5.0,0.0,-6.51,-51.06,-8.26,5.0,OK
2026-05-01 01:59:05,966,0.2809,0.0283,0.0,13.03,5.0,0.0,-7.78,-51.04,-8.42,5.0,OK
2026-05-01 01:59:05,967,0.2921,0.0413,0.0,13.02,5.0,0.0,-6.9,-50.9,-9.05,5.0,OK
2026-05-01 01:59:05,968,0.2181,0.0584,0.0,13.0,5.91,0.033,-9.17,-52.51,-7.39,5.0,OK
2026-05-01 01:59:05,969,0.2179,0.0632,0.0,12.99,6.76,0.067,-8.05,-51.83,-7.92,5.0,OK
2026-05-01 01:59:05,970,0.2763,0.064,0.0,14.83,6.62,0.0,-8.07,-54.68,-9.78,5.0,OK
2026-05-01 01:59:05,971,0.2318,0.0307,0.0,14.81,6.49,0.0,-7.52,-53.55,-9.49,5.0,OK
2026-05-01 01:59:05,972,0.3517,0.0481,0.0,14.8,6.37,0.0,-9.43,-56.01,-9.68,5.0,OK
2026-05-01 01:59:05,973,0.3743,0.0986,0.0,14.78,6.26,0.0,-8.86,-57.42,-9.22,5.0,OK
2026-05-01 01:59:05,974,0.3794,0.064,0.0,14.77,6.16,0.0,-9.91,-57.51,-7.9,5.0,OK
2026-05-01 01:59:05,975,0.3903,0.0467,0.0,14.75,6.07,0.0,-7.87,-58.72,-9.76,5.0,OK
2026-05-01 01:59:05,976,0.3834,0.0439,0.0,14.74,5.98,0.0,-8.98,-58.86,-8.14,5.0,OK
2026-05-01 01:59:05,977,0.4035,0.0318,0.0,14.72,5.91,0.0,-9.97,-59.13,-9.55,5.0,OK
2026-05-01 01:59:05,978,0.3704,0.031,0.0,14.71,5.83,0.0,-13.08,-57.52,-6.63,5.0,OK
2026-05-01 01:59:05,979,0.3898,0.0683,0.0,14.69,5.77,0.0,-8.33,-60.39,-9.86,5.0,OK
2026-05-01 01:59:05,980,0.3817,0.0467,0.0,14.68,5.71,0.0,-8.95,-59.15,-8.86,5.0,OK
2026-05-01 01:59:05,981,0.4217,0.034,0.0,14.66,5.65,0.0,-10.76,-60.67,-10.18,5.0,OK
2026-05-01 01:59:06,982,0.4092,0.032,0.0,14.65,5.6,0.0,-11.31,-60.23,-8.03,5.0,OK
2026-05-01 01:59:06,983,0.3817,0.033,0.0,14.63,5.55,0.0,-11.32,-60.26,-8.47,5.0,OK
2026-05-01 01:59:06,984,0.4424,0.0467,0.0,14.62,5.51,0.0,-12.32,-62.23,-8.16,5.0,OK
2026-05-01 01:59:06,985,0.4171,0.033,0.0,14.6,5.46,0.0,-11.8,-62.12,-8.21,5.0,OK
2026-05-01 01:59:06,986,0.4161,0.05,0.0,14.59,5.43,0.0,-9.82,-61.45,-8.81,5.0,OK
2026-05-01 01:59:06,987,0.3989,0.0343,0.0,14.57,5.39,0.0,-11.42,-62.34,-6.6,5.0,OK
2026-05-01 01:59:06,988,0.4219,0.033,0.0,14.56,5.36,0.0,-14.57,-62.15,-5.88,5.0,OK
2026-05-01 01:59:06,989,0.4461,0.0794,0.0,14.55,5.33,0.0,-14.29,-62.36,-6.13,5.0,OK
2026-05-01 01:59:06,990,0.4306,0.0485,0.0,14.53,5.31,0.0,-15.19,-62.96,-4.76,5.0,OK
2026-05-01 01:59:06,991,0.4516,0.047,0.0,14.52,5.28,0.0,-16.01,-62.63,-4.2,5.0,OK
2026-05-01 01:59:06,992,0.402,0.0663,0.0,14.5,5.26,0.0,-16.28,-62.04,-4.06,5.0,OK
2026-05-01 01:59:06,993,0.3903,0.0744,0.0,14.49,5.24,0.0,-16.23,-61.55,-3.21,5.0,OK
2026-05-01 01:59:06,994,0.3797,0.0333,0.0,14.47,5.22,0.0,-16.36,-61.68,-3.11,5.0,OK
2026-05-01 01:59:06,995,0.446,0.0686,0.0,14.46,5.2,0.0,-12.92,-63.05,-5.28,5.0,OK
2026-05-01 01:59:06,996,0.4219,0.0767,0.0,14.44,5.19,0.0,-13.73,-62.4,-4.75,5.0,OK
2026-05-01 01:59:06,997,0.464,0.0343,0.0,14.43,5.17,0.0,-11.29,-62.82,-6.95,5.0,OK
2026-05-01 01:59:06,998,0.4611,0.0343,0.0,14.41,5.16,0.0,-11.11,-63.52,-7.37,5.0,OK
2026-05-01 01:59:06,999,0.4208,0.0342,0.0,14.4,5.14,0.0,-8.05,-64.23,-9.93,5.0,OK
2026-05-01 01:59:06,1000,0.418,0.0352,0.0,14.39,5.13,0.0,-8.48,-64.55,-9.52,5.0,OK
2026-05-01 01:59:06,1001,0.3951,0.033,0.0,14.37,5.12,0.0,-10.32,-62.78,-7.52,5.0,OK
2026-05-01 01:59:06,1002,0.4011,0.0502,0.0,14.36,5.11,0.0,-9.1,-63.58,-8.05,5.0,OK
2026-05-01 01:59:06,1003,0.4464,0.0485,0.0,14.34,5.1,0.0,-11.08,-62.96,-7.39,5.0,OK
2026-05-01 01:59:06,1004,0.4428,0.0786,0.0,14.33,5.1,0.0,-10.21,-64.19,-9.28,5.0,OK
2026-05-01 01:59:06,1005,0.4271,0.0483,0.0,14.31,5.09,0.0,-9.83,-62.97,-9.53,5.0,OK
2026-05-01 01:59:06,1006,0.4124,0.0355,0.0,14.3,5.08,0.0,-11.15,-62.65,-7.59,5.0,OK
2026-05-01 01:59:06,1007,0.4256,0.0,0.0,14.29,5.07,0.0,-12.99,-62.85,-6.65,5.0,OK
2026-05-01 01:59:06,1008,0.428,0.0485,0.0,14.27,5.07,0.0,-13.2,-63.51,-5.57,5.0,OK
2026-05-01 01:59:06,1009,0.3955,0.071,0.0,14.26,5.06,0.0,-12.65,-63.63,-6.61,5.0,OK
2026-05-01 01:59:06,1010,0.4392,0.0485,0.0,14.24,5.06,0.0,-11.82,-63.62,-7.41,5.0,OK
2026-05-01 01:59:07,1011,0.4749,0.0342,0.0,14.23,5.05,0.0,-11.03,-63.89,-8.66,5.0,OK
2026-05-01 01:59:07,1012,0.4432,0.0483,0.0,14.22,5.05,0.0,-10.37,-63.96,-9.07,5.0,OK
2026-05-01 01:59:07,1013,0.4271,0.05,0.0,14.2,5.04,0.0,-13.08,-64.09,-7.43,5.0,OK
2026-05-01 01:59:07,1014,0.4425,0.0343,0.0,14.19,5.04,0.0,-15.7,-63.72,-5.63,5.0,OK
2026-05-01 01:59:07,1015,0.4666,0.0485,0.0,14.17,5.04,0.0,-13.37,-62.95,-6.37,5.0,OK
2026-05-01 01:59:07,1016,0.4318,0.033,0.0,14.16,5.04,0.0,-13.38,-63.02,-6.15,5.0,OK
2026-05-01 01:59:07,1017,0.4353,0.0502,0.0,14.15,5.03,0.0,-12.85,-64.04,-6.58,5.0,OK
2026-05-01 01:59:07,1018,0.4317,0.0483,0.0,14.13,5.03,0.0,-12.1,-62.79,-8.13,5.0,OK
2026-05-01 01:59:07,1019,0.4208,0.0483,0.0,14.12,5.03,0.0,-11.09,-62.69,-8.65,5.0,OK
2026-05-01 01:59:07,1020,0.4316,0.0502,0.0,14.1,5.03,0.0,-14.13,-63.56,-5.5,5.0,OK
2026-05-01 01:59:07,1021,0.4166,0.0343,0.0,14.09,5.02,0.0,-15.71,-63.19,-3.44,5.0,OK
2026-05-01 01:59:07,1022,0.3998,0.0769,0.0,14.08,5.02,0.0,-14.54,-63.51,-4.88,5.0,OK
2026-05-01 01:59:07,1023,0.4442,0.0368,0.0,14.06,5.02,0.0,-14.04,-63.95,-5.07,5.0,OK
2026-05-01 01:59:07,1024,0.387,0.0502,0.0,14.05,5.02,0.0,-16.59,-63.4,-2.78,5.0,OK
2026-05-01 01:59:07,1025,0.3901,0.0712,0.0,14.04,5.02,0.0,-14.78,-63.54,-3.5,5.0,OK
2026-05-01 01:59:07,1026,0.3057,0.0355,0.0,14.02,5.02,0.0,-13.83,-64.76,-5.19,5.0,OK
2026-05-01 01:59:07,1027,0.3217,0.0,0.0,14.01,5.01,0.0,-11.15,-65.19,-6.27,5.0,OK
2026-05-01 01:59:07,1028,0.4109,0.0502,0.0,13.99,5.01,0.0,-13.16,-65.64,-7.09,5.0,OK
2026-05-01 01:59:07,1029,0.4159,0.0538,0.0,13.98,5.01,0.0,-13.46,-65.53,-6.73,5.0,OK
2026-05-01 01:59:07,1030,0.4472,0.0518,0.0,13.97,5.01,0.0,-10.2,-66.92,-9.54,5.0,OK
2026-05-01 01:59:07,1031,0.5547,0.0395,0.0,13.95,5.01,0.0,-5.81,-68.56,-11.32,5.0,OK
2026-05-01 01:59:07,1032,0.5042,0.0,0.0,13.94,5.01,0.0,-5.63,-68.23,-11.07,5.0,OK
2026-05-01 01:59:07,1033,0.6011,0.0538,0.0,13.93,5.01,0.0,-3.0,-70.07,-14.37,5.0,OK
2026-05-01 01:59:07,1034,0.5556,0.0,0.0,13.91,5.01,0.0,-1.89,-69.98,-14.37,5.0,OK
2026-05-01 01:59:07,1035,0.5673,0.0,0.0,13.9,5.01,0.0,1.51,-68.59,-16.63,5.0,OK
2026-05-01 01:59:07,1036,0.5239,0.0,0.0,13.89,5.01,0.0,0.83,-68.11,-15.64,5.0,OK
2026-05-01 01:59:07,1037,0.6027,0.0,0.0,13.87,5.01,0.0,0.93,-68.84,-16.11,5.0,OK
2026-05-01 01:59:07,1038,0.5205,0.0,0.0,13.86,5.01,0.0,-1.15,-68.82,-14.54,5.0,OK
2026-05-01 01:59:07,1039,0.5871,0.0428,0.0,13.85,5.01,0.0,2.31,-71.39,-16.86,5.0,OK
2026-05-01 01:59:07,1040,0.5919,0.0428,0.0,13.83,5.0,0.0,1.19,-71.26,-15.36,5.0,OK
2026-05-01 01:59:07,1041,0.6608,0.0,0.0,13.82,5.0,0.0,-1.02,-70.25,-13.98,5.0,OK
2026-05-01 01:59:08,1042,0.6254,0.0447,0.0,13.81,5.0,0.0,-0.19,-70.74,-15.1,5.0,OK
2026-05-01 01:59:08,1043,0.6363,0.0,0.0,13.79,5.0,0.0,-0.19,-71.16,-15.15,5.0,OK
2026-05-01 01:59:08,1044,0.5697,0.0,0.0,13.78,5.0,0.0,-1.24,-70.54,-13.48,5.0,OK
2026-05-01 01:59:08,1045,0.5334,0.0,0.0,13.77,5.0,0.0,-2.8,-70.9,-11.57,5.0,OK
2026-05-01 01:59:08,1046,0.648,0.0411,0.0,13.75,5.0,0.0,-0.89,-70.96,-13.53,5.0,OK
2026-05-01 01:59:08,1047,0.5224,0.0,0.0,13.74,5.0,0.0,1.27,-70.22,-15.43,5.0,OK
2026-05-01 01:59:08,1048,0.5351,0.0411,0.0,13.73,5.0,0.0,3.81,-70.22,-15.53,5.0,OK
2026-05-01 01:59:08,1049,0.6482,0.0,0.0,13.71,5.0,0.0,4.91,-71.96,-17.49,5.0,OK
2026-05-01 01:59:08,1050,0.6482,0.0,0.0,13.7,5.0,0.0,4.18,-71.74,-17.37,5.0,OK
2026-05-01 01:59:08,1051,0.6066,0.0411,0.0,13.69,5.0,0.0,5.82,-70.02,-18.73,5.0,OK
2026-05-01 01:59:08,1052,0.6293,0.0411,0.0,13.68,5.0,0.0,5.24,-70.52,-18.34,5.0,OK
2026-05-01 01:59:08,1053,0.5045,0.0,0.0,13.66,5.0,0.0,0.35,-69.82,-14.78,5.0,OK
2026-05-01 01:59:08,1054,0.5334,0.0,0.0,13.65,5.0,0.0,-2.67,-69.51,-12.52,5.0,OK
2026-05-01 01:59:08,1055,0.5689,0.0425,0.0,13.64,5.0,0.0,-2.27,-70.16,-13.67,5.0,OK
2026-05-01 01:59:08,1056,0.5898,0.0411,0.0,13.62,5.0,0.0,-0.02,-71.25,-13.58,5.0,OK
2026-05-01 01:59:08,1057,0.5752,0.0431,0.0,13.61,5.0,0.0,-2.87,-71.04,-10.81,5.0,OK
2026-05-01 01:59:08,1058,0.6965,0.045,0.0,13.6,5.0,0.0,2.43,-73.05,-14.21,5.0,OK
2026-05-01 01:59:08,1059,0.7907,0.0447,0.0,13.58,5.0,0.0,4.41,-72.63,-16.6,5.0,OK
2026-05-01 01:59:08,1060,0.6344,0.0443,0.0,13.57,5.0,0.0,1.53,-71.39,-17.33,5.0,OK
2026-05-01 01:59:08,1061,0.6619,0.0,0.0,13.56,5.0,0.0,2.55,-71.63,-17.61,5.0,OK
2026-05-01 01:59:08,1062,0.6303,0.0,0.0,13.55,5.0,0.0,1.36,-71.02,-17.07,5.0,OK
2026-05-01 01:59:08,1063,0.6368,0.0,0.0,13.53,5.0,0.0,2.92,-70.84,-19.45,5.0,OK
2026-05-01 01:59:08,1064,0.6293,0.0632,0.0,13.52,5.0,0.0,6.18,-70.6,-18.65,5.0,OK
2026-05-01 01:59:08,1065,0.6487,0.0,0.0,13.51,5.0,0.0,5.0,-71.43,-17.62,5.0,OK
2026-05-01 01:59:08,1066,0.5838,0.0,0.0,13.5,5.0,0.0,5.83,-70.49,-18.07,5.0,OK
2026-05-01 01:59:08,1067,0.5835,0.0,0.0,13.48,5.0,0.0,6.68,-70.84,-19.44,5.0,OK
2026-05-01 01:59:08,1068,0.5882,0.0,0.0,13.47,5.0,0.0,4.65,-70.69,-16.91,5.0,OK
2026-05-01 01:59:08,1069,0.5674,0.0428,0.0,13.46,5.0,0.0,2.78,-69.49,-17.02,5.0,OK
2026-05-01 01:59:08,1070,0.5674,0.0,0.0,13.45,5.0,0.0,3.42,-69.6,-17.39,5.0,OK
2026-05-01 01:59:09,1071,0.5439,0.0,0.0,13.43,5.0,0.0,4.48,-71.57,-18.1,5.0,OK
2026-05-01 01:59:09,1072,0.6487,0.0,0.0,13.42,5.0,0.0,3.92,-71.09,-18.14,5.0,OK
2026-05-01 01:59:09,1073,0.4125,0.0,0.0,13.41,5.0,0.0,-2.23,-67.4,-10.33,5.0,OK
2026-05-01 01:59:09,1074,0.4218,0.0382,0.0,13.4,5.0,0.0,-5.86,-67.51,-6.78,5.0,OK
2026-05-01 01:59:09,1075,0.3349,0.0469,0.0,13.38,5.0,0.0,-9.12,-62.74,-6.66,5.0,OK
2026-05-01 01:59:09,1076,0.3536,0.0332,0.0,13.37,5.0,0.0,-8.06,-63.26,-7.6,5.0,OK
2026-05-01 01:59:09,1077,0.2007,0.0277,0.0,13.36,6.98,0.033,-12.39,-55.49,-2.26,5.0,OK
2026-05-01 01:59:09,1078,0.2079,0.054,0.0,13.35,8.06,0.067,-13.36,-51.16,0.68,5.0,OK
2026-05-01 01:59:09,1079,0.2006,0.0526,0.0,13.33,9.46,0.1,-15.5,-50.22,1.09,5.0,OK
2026-05-01 01:59:09,1080,0.2443,0.0256,0.0,14.99,9.11,0.0,-20.91,-21.45,5.16,5.0,OK
2026-05-01 01:59:09,1081,0.1999,0.025,0.0,14.97,9.7,0.033,-22.59,-19.64,5.29,5.0,OK
2026-05-01 01:59:09,1082,0.2396,0.0244,0.0,14.96,9.32,0.0,-18.94,-16.93,5.07,5.0,OK
2026-05-01 01:59:09,1083,0.2337,0.0244,0.0,14.94,8.97,0.0,-19.62,-18.68,4.96,5.0,OK
2026-05-01 01:59:09,1084,0.2361,0.0444,0.0,14.93,8.66,0.0,-18.95,-11.88,3.37,5.0,OK
2026-05-01 01:59:09,1085,0.2134,0.0455,0.0,14.92,8.64,0.033,-20.75,-12.32,4.28,5.0,OK
2026-05-01 01:59:09,1086,0.2367,0.0465,0.0,14.9,8.35,0.0,-18.77,-7.78,2.66,5.0,OK
2026-05-01 01:59:09,1087,0.2324,0.0227,0.0,14.89,8.08,0.0,-19.93,-3.69,1.78,5.0,OK
2026-05-01 01:59:09,1088,0.2338,0.0227,0.0,14.88,7.83,0.0,-19.55,-3.9,1.8,5.0,OK
2026-05-01 01:59:09,1089,0.2416,0.0227,0.0,14.86,7.61,0.0,-16.53,-2.6,0.97,5.0,OK
2026-05-01 01:59:09,1090,0.2476,0.0321,0.0,14.85,7.4,0.0,-17.43,-2.65,1.07,5.0,OK
2026-05-01 01:59:09,1091,0.255,0.0232,0.0,14.84,7.21,0.0,-16.03,0.32,0.15,5.0,OK
2026-05-01 01:59:09,1092,0.2638,0.0227,0.0,14.82,7.03,0.0,-16.35,0.14,0.34,5.0,OK
2026-05-01 01:59:09,1093,0.2562,0.0222,0.0,14.81,6.87,0.0,-15.83,1.1,-0.11,5.0,OK
2026-05-01 01:59:09,1094,0.2638,0.0222,0.0,14.79,6.72,0.0,-14.23,1.01,0.17,5.0,OK
2026-05-01 01:59:09,1095,0.2727,0.0222,0.0,14.78,6.58,0.0,-14.63,1.44,0.0,5.0,OK
2026-05-01 01:59:09,1096,0.2456,0.0232,0.0,14.77,6.45,0.0,-14.8,2.37,-0.25,5.0,OK
2026-05-01 01:59:09,1097,0.2413,0.0455,0.0,14.75,6.34,0.0,-14.61,2.9,-0.21,5.0,OK
2026-05-01 01:59:09,1098,0.2598,0.0455,0.0,14.74,6.23,0.0,-13.64,3.14,0.44,5.0,OK
2026-05-01 01:59:09,1099,0.2593,0.0,0.0,14.73,6.13,0.0,-13.12,3.18,0.39,5.0,OK
2026-05-01 01:59:09,1100,0.2784,0.0222,0.0,14.71,6.04,0.0,-13.64,4.19,-0.66,5.0,OK
2026-05-01 01:59:09,1101,0.2784,0.0222,0.0,14.7,5.96,0.0,-13.31,3.8,-0.49,5.0,OK
2026-05-01 01:59:10,1102,0.288,0.0454,0.0,14.69,5.88,0.0,-14.33,3.87,-0.98,5.0,OK
2026-05-01 01:59:10,1103,0.3011,0.0233,0.0,14.67,5.81,0.0,-12.8,3.42,-0.28,5.0,OK
2026-05-01 01:59:10,1104,0.2921,0.0465,0.0,14.66,5.75,0.0,-13.11,4.79,-0.63,5.0,OK
2026-05-01 01:59:10,1105,0.2913,0.0455,0.0,14.65,5.69,0.0,-14.73,6.8,-1.05,5.0,OK
2026-05-01 01:59:10,1106,0.2913,0.0227,0.0,14.63,5.63,0.0,-14.4,6.64,-0.87,5.0,OK
2026-05-01 01:59:10,1107,0.2823,0.0217,0.0,14.62,5.58,0.0,-15.87,6.16,-1.62,5.0,OK
2026-05-01 01:59:10,1108,0.269,0.0444,0.0,14.61,5.53,0.0,-16.21,5.84,-1.46,5.0,OK
2026-05-01 01:59:10,1109,0.2817,0.0217,0.0,14.59,5.49,0.0,-13.29,8.05,-0.95,5.0,OK
2026-05-01 01:59:10,1110,0.2907,0.0307,0.0,14.58,5.45,0.0,-13.48,7.38,-0.92,5.0,OK
2026-05-01 01:59:10,1111,0.2817,0.0217,0.0,14.57,5.42,0.0,-13.85,7.52,-1.09,5.0,OK
2026-05-01 01:59:10,1112,0.2817,0.0222,0.0,14.56,5.38,0.0,-13.44,8.61,-1.27,5.0,OK
2026-05-01 01:59:10,1113,0.2945,0.0314,0.0,14.54,5.35,0.0,-13.43,5.41,-1.06,5.0,OK
2026-05-01 01:59:10,1114,0.2918,0.0222,0.0,14.53,5.32,0.0,-13.13,8.34,-1.15,5.0,OK
2026-05-01 01:59:10,1115,0.2957,0.0444,0.0,14.52,5.3,0.0,-13.2,7.58,-1.15,5.0,OK
2026-05-01 01:59:10,1116,0.3007,0.0321,0.0,14.5,5.27,0.0,-12.86,7.18,-1.74,5.0,OK
2026-05-01 01:59:10,1117,0.2733,0.0444,0.0,14.49,5.25,0.0,-12.31,7.33,-1.38,5.0,OK
2026-05-01 01:59:10,1118,0.2687,0.0222,0.0,14.48,5.23,0.0,-11.59,7.4,-0.6,5.0,OK
2026-05-01 01:59:10,1119,0.2648,0.0222,0.0,14.46,5.21,0.0,-9.8,8.39,-0.97,5.0,OK
2026-05-01 01:59:10,1120,0.2734,0.0307,0.0,14.45,5.2,0.0,-10.01,7.32,-1.65,5.0,OK
2026-05-01 01:59:10,1121,0.2728,0.0314,0.0,14.44,5.18,0.0,-9.35,7.39,-1.21,5.0,OK
2026-05-01 01:59:10,1122,0.2687,0.0222,0.0,14.43,5.17,0.0,-12.18,8.09,-1.35,5.0,OK
2026-05-01 01:59:10,1123,0.2696,0.0213,0.0,14.41,5.15,0.0,-9.63,7.28,-1.51,5.0,OK
2026-05-01 01:59:10,1124,0.2649,0.0,0.0,14.4,5.14,0.0,-8.71,9.91,-1.81,5.0,OK
2026-05-01 01:59:10,1125,0.2865,0.0301,0.0,14.39,5.13,0.0,-7.96,8.64,-2.23,5.0,OK
2026-05-01 01:59:10,1126,0.2952,0.0217,0.0,14.37,5.12,0.0,-7.36,8.83,-1.83,5.0,OK
2026-05-01 01:59:10,1127,0.2649,0.0295,0.0,14.36,5.11,0.0,-10.01,7.85,-1.14,5.0,OK
2026-05-01 01:59:10,1128,0.2692,0.0417,0.0,14.35,5.1,0.0,-8.44,8.26,-1.24,5.0,OK
2026-05-01 01:59:10,1129,0.2702,0.0213,0.0,14.34,5.09,0.0,-7.78,6.86,-1.36,5.0,OK
2026-05-01 01:59:10,1130,0.2204,0.0217,0.0,14.32,5.83,0.033,-7.69,6.47,-1.16,5.0,OK
2026-05-01 01:59:11,1131,0.2117,0.0213,0.0,14.31,7.08,0.067,-7.25,6.62,-1.11,5.0,OK
2026-05-01 01:59:11,1132,0.1684,0.0486,0.0,14.3,10.79,0.1,-9.75,7.57,-1.4,5.0,OK
2026-05-01 01:59:11,1133,0.1699,0.0217,0.0,14.29,13.36,0.133,-9.83,8.05,-1.31,5.0,OK
2026-05-01 01:59:11,1134,0.1961,0.0217,0.0,14.27,13.67,0.167,-9.06,7.47,-1.82,5.0,OK
2026-05-01 01:59:11,1135,0.2016,0.0217,0.0,14.26,13.78,0.2,-8.33,7.01,-1.52,5.0,OK
2026-05-01 01:59:11,1136,0.2644,0.0217,0.0,15.83,13.08,0.0,-8.25,8.12,-1.16,5.0,OK
2026-05-01 01:59:11,1137,0.2386,0.0,0.0,15.82,12.43,0.0,-7.93,7.2,-1.25,5.0,OK
2026-05-01 01:59:11,1138,0.2656,0.0217,0.0,15.8,11.84,0.0,-9.52,8.16,-0.84,5.0,OK
2026-05-01 01:59:11,1139,0.2733,0.0307,0.0,15.79,11.29,0.0,-7.8,5.95,-0.32,5.0,OK
2026-05-01 01:59:11,1140,0.2739,0.0217,0.0,15.78,10.79,0.0,-7.8,5.95,-0.32,5.0,OK
2026-05-01 01:59:11,1141,0.2785,0.0321,0.0,15.76,10.33,0.0,-7.75,7.3,-0.55,5.0,OK
2026-05-01 01:59:11,1142,0.2784,0.0321,0.0,15.75,9.9,0.0,-7.73,6.89,-0.71,5.0,OK
2026-05-01 01:59:11,1143,0.2558,0.0213,0.0,15.73,9.51,0.0,-9.76,7.12,-0.36,5.0,OK
2026-05-01 01:59:11,1144,0.2646,0.0213,0.0,15.72,9.15,0.0,8.44,-3.07,0.34,5.0,OK
2026-05-01 01:59:11,1145,0.2601,0.0217,0.0,15.71,8.81,0.0,-9.25,6.5,-0.33,5.0,OK
2026-05-01 01:59:11,1146,0.243,0.0217,0.0,15.69,8.51,0.0,-9.25,6.5,-0.33,5.0,OK
2026-05-01 01:59:11,1147,0.2686,0.0227,0.0,15.68,8.23,0.0,-8.59,6.31,-0.16,5.0,OK
2026-05-01 01:59:11,1148,0.2692,0.0227,0.0,15.67,7.97,0.0,-8.59,4.35,0.02,5.0,OK
2026-05-01 01:59:11,1149,0.2424,0.0222,0.0,15.65,7.73,0.0,-9.19,6.21,-0.56,5.0,OK
2026-05-01 01:59:11,1150,0.2649,0.0217,0.0,15.64,7.51,0.0,-11.04,8.08,-0.89,5.0,OK
2026-05-01 01:59:11,1151,0.2649,0.0217,0.0,15.63,7.31,0.0,-11.04,8.08,-0.89,5.0,OK
2026-05-01 01:59:11,1152,0.2595,0.0217,0.0,15.61,7.13,0.0,-10.93,5.53,0.13,5.0,OK
2026-05-01 01:59:11,1153,0.264,0.0213,0.0,15.6,6.96,0.0,-10.88,6.14,0.18,5.0,OK
2026-05-01 01:59:11,1154,0.2779,0.0222,0.0,15.58,6.8,0.0,-6.88,5.85,0.34,5.0,OK
2026-05-01 01:59:11,1155,0.2837,0.0,0.0,15.57,6.66,0.0,-8.27,6.49,0.51,5.0,OK
2026-05-01 01:59:11,1156,0.2647,0.0217,0.0,15.56,6.52,0.0,7.47,-4.72,0.44,5.0,OK
2026-05-01 01:59:11,1157,0.2739,0.0217,0.0,15.54,6.4,0.0,8.2,-2.86,0.54,5.0,OK
2026-05-01 01:59:11,1158,0.2689,0.0217,0.0,15.53,6.29,0.0,9.07,-1.98,1.04,5.0,OK
2026-05-01 01:59:11,1159,0.2641,0.0217,0.0,15.52,6.19,0.0,-8.09,6.46,0.31,5.0,OK
2026-05-01 01:59:11,1160,0.2994,0.0,0.0,15.5,6.09,0.0,9.34,-2.05,0.38,5.0,OK
2026-05-01 01:59:12,1161,0.3,0.0213,0.0,15.49,6.0,0.0,-7.22,6.45,0.6,5.0,OK
2026-05-01 01:59:12,1162,0.2994,0.0307,0.0,15.48,5.92,0.0,-6.59,6.95,0.05,5.0,OK
2026-05-01 01:59:12,1163,0.3083,0.0208,0.0,15.46,5.85,0.0,-6.65,6.92,0.06,5.0,OK
2026-05-01 01:59:12,1164,0.3083,0.0208,0.0,15.45,5.78,0.0,-6.65,6.92,0.06,5.0,OK
2026-05-01 01:59:12,1165,0.3047,0.0435,0.0,15.44,5.72,0.0,12.26,-3.19,0.7,5.0,OK
2026-05-01 01:59:12,1166,0.2914,0.0425,0.0,15.42,5.66,0.0,-6.09,8.26,-0.03,5.0,OK
2026-05-01 01:59:12,1167,0.3201,0.0222,0.0,15.41,5.61,0.0,-3.37,6.88,-0.0,5.0,OK
2026-05-01 01:59:12,1168,0.2927,0.0222,0.0,15.4,5.56,0.0,14.12,-1.63,0.58,5.0,OK
2026-05-01 01:59:12,1169,0.2994,0.0227,0.0,15.38,5.52,0.0,13.75,-1.71,1.21,5.0,OK
2026-05-01 01:59:12,1170,0.3127,0.0213,0.0,15.37,5.47,0.0,17.68,-2.97,0.69,5.0,OK
2026-05-01 01:59:12,1171,0.3274,0.0,0.0,15.36,5.44,0.0,16.32,-1.56,1.35,5.0,OK
2026-05-01 01:59:12,1172,0.2997,0.0213,0.0,15.35,5.4,0.0,18.21,-4.0,0.62,5.0,OK
2026-05-01 01:59:12,1173,0.2956,0.0208,0.0,15.33,5.37,0.0,18.61,-4.26,1.05,4.99,OK
2026-05-01 01:59:12,1174,0.3085,0.0217,0.0,15.32,5.34,0.0,15.83,-1.81,0.6,4.98,OK
2026-05-01 01:59:12,1175,0.292,0.0314,0.0,15.31,5.31,0.0,17.97,-0.81,1.08,4.98,OK
2026-05-01 01:59:12,1176,0.2992,0.0222,0.0,15.29,5.28,0.0,17.89,-1.26,1.05,4.96,OK
2026-05-01 01:59:12,1177,0.298,0.0213,0.0,15.28,5.25,0.0,20.84,-3.3,1.28,4.94,OK
2026-05-01 01:59:12,1178,0.3033,0.0217,0.0,15.27,5.23,0.0,19.53,-2.61,1.21,4.91,OK
2026-05-01 01:59:12,1179,0.3001,0.0222,0.0,15.25,5.2,0.0,21.33,-2.11,0.88,4.87,OK
2026-05-01 01:59:12,1180,0.3083,0.0307,0.0,15.24,5.17,0.0,21.6,-1.05,1.58,4.81,OK
2026-05-01 01:59:12,1181,0.3082,0.0307,0.0,15.23,5.13,0.0,21.13,-1.62,0.21,4.74,OK
2026-05-01 01:59:12,1182,0.3033,0.0,0.0,15.22,5.1,0.0,20.66,-1.86,0.51,4.67,OK
2026-05-01 01:59:12,1183,0.2936,0.0307,0.0,15.2,5.06,0.0,20.16,-0.97,0.8,4.59,OK
2026-05-01 01:59:12,1184,0.3041,0.0222,0.0,15.19,5.01,0.0,19.81,-3.23,0.21,4.5,OK
2026-05-01 01:59:12,1185,0.2906,0.0217,0.0,15.18,4.96,0.0,21.44,-1.51,1.3,4.42,OK
2026-05-01 01:59:12,1186,0.3043,0.0222,0.0,15.16,4.91,0.0,14.74,-1.7,1.11,4.34,OK
2026-05-01 01:59:12,1187,0.303,0.0321,0.0,15.15,4.86,0.0,17.3,-3.85,0.42,4.27,OK
2026-05-01 01:59:12,1188,0.3031,0.0444,0.0,15.14,4.81,0.0,-2.92,6.14,0.45,4.19,OK
2026-05-01 01:59:12,1189,0.3088,0.0233,0.0,15.13,4.75,0.0,-3.31,6.61,0.18,4.1,OK
2026-05-01 01:59:12,1190,0.2914,0.0227,0.0,15.11,4.69,0.0,-5.09,6.75,-0.02,4.01,OK
2026-05-01 01:59:13,1191,0.3174,0.0222,0.0,15.1,4.63,0.0,-5.14,7.95,0.35,3.91,OK
2026-05-01 01:59:13,1192,0.269,0.0227,0.0,15.09,4.57,0.0,-8.51,6.31,-0.16,3.81,OK
2026-05-01 01:59:13,1193,0.2993,0.0227,0.0,15.08,4.5,0.0,-7.43,7.48,0.48,3.7,OK
2026-05-01 01:59:13,1194,0.265,0.0233,0.0,15.06,4.42,0.0,-11.62,6.78,-0.03,3.6,OK
2026-05-01 01:59:13,1195,0.2957,0.0222,0.0,15.05,4.35,0.0,-11.72,7.14,0.19,3.5,OK
2026-05-01 01:59:13,1196,0.274,0.0217,0.0,15.04,4.27,0.0,-12.76,6.64,-0.1,3.4,OK
2026-05-01 01:59:13,1197,0.2863,0.0307,0.0,15.03,4.2,0.0,-13.0,6.39,-0.4,3.29,OK
2026-05-01 01:59:13,1198,0.2499,0.0,0.0,15.01,4.11,0.0,-17.29,5.78,-0.51,3.17,OK
2026-05-01 01:59:13,1199,0.2456,0.0222,0.0,15.0,4.03,0.0,-18.35,5.95,-0.15,3.06,OK
2026-05-01 01:59:13,1200,0.2638,0.0444,0.0,14.99,3.94,0.0,-17.09,5.98,-0.14,2.95,OK
2026-05-01 01:59:13,1201,0.2459,0.0222,0.0,14.98,3.85,0.0,-19.5,4.25,0.13,2.84,OK
2026-05-01 01:59:13,1202,0.2546,0.0222,0.0,14.96,3.76,0.0,-18.94,6.19,-0.32,2.74,OK
2026-05-01 01:59:13,1203,0.2459,0.0233,0.0,14.95,3.67,0.0,-16.24,5.18,0.45,2.63,OK
2026-05-01 01:59:13,1204,0.2406,0.0227,0.0,14.94,3.58,0.0,-17.24,7.47,-0.22,2.51,OK
2026-05-01 01:59:13,1205,0.2513,0.0232,0.0,14.93,3.49,0.0,-15.48,5.47,-0.63,2.39,OK
2026-05-01 01:59:13,1206,0.2741,0.0588,0.0,14.91,3.39,0.0,-8.97,1.52,-0.13,2.28,OK
2026-05-01 01:59:13,1207,0.3149,0.0372,0.0,14.9,3.29,0.0,-7.36,4.4,0.14,2.16,OK
2026-05-01 01:59:13,1208,0.2801,0.0263,0.0,14.89,3.19,0.0,-2.4,2.16,-0.27,2.04,OK
2026-05-01 01:59:13,1209,0.3165,0.0,0.0,14.88,3.09,0.0,-2.84,6.68,-0.31,1.92,OK
2026-05-01 01:59:13,1210,0.2956,0.0244,0.0,14.86,2.99,0.0,18.95,-9.87,-0.96,1.8,OK
2026-05-01 01:59:13,1211,0.2847,0.0244,0.0,14.85,2.88,0.0,20.39,-9.1,-0.67,1.68,OK
2026-05-01 01:59:13,1212,0.2985,0.0238,0.0,14.84,2.78,0.0,24.39,-7.19,-0.31,1.57,OK
2026-05-01 01:59:13,1213,0.2989,0.0,0.0,14.83,2.67,0.0,30.15,-10.87,-0.33,1.45,OK
2026-05-01 01:59:13,1214,0.2873,0.0238,0.0,14.81,2.56,0.0,29.69,-9.41,-0.15,1.34,OK
2026-05-01 01:59:13,1215,0.3016,0.0227,0.0,14.8,2.46,0.0,32.83,-7.1,1.1,1.23,OK
2026-05-01 01:59:13,1216,0.2844,0.0227,0.0,14.79,2.35,0.0,33.72,-7.92,0.93,1.13,OK
2026-05-01 01:59:13,1217,0.3018,0.0,0.0,14.78,2.25,0.0,32.22,-6.5,1.18,1.04,OK
2026-05-01 01:59:13,1218,0.2911,0.0,0.0,14.77,2.14,0.0,35.25,-6.85,0.49,0.96,OK
2026-05-01 01:59:13,1219,0.2798,0.0,0.0,14.75,2.04,0.0,40.24,-6.94,1.83,0.88,OK
2026-05-01 01:59:13,1220,0.2832,0.0,0.0,14.74,1.94,0.0,40.01,-6.88,1.66,0.81,OK
2026-05-01 01:59:13,1221,0.2799,0.0238,0.0,14.73,1.85,0.0,37.77,-5.78,1.39,0.75,OK
2026-05-01 01:59:14,1222,0.2958,0.0,0.0,14.72,1.76,0.0,42.92,-7.23,1.38,0.69,OK
2026-05-01 01:59:14,1223,0.2864,0.0,0.0,14.71,1.67,0.0,42.24,-6.82,1.79,0.63,OK
2026-05-01 01:59:14,1224,0.298,0.0212,0.0,14.69,1.58,0.0,41.75,-7.6,2.43,0.58,OK
2026-05-01 01:59:14,1225,0.291,0.0217,0.0,14.68,1.49,0.0,40.59,-8.49,1.47,0.53,OK
2026-05-01 01:59:14,1226,0.2809,0.0,0.0,14.67,1.41,0.0,42.79,-7.89,1.4,0.49,OK
2026-05-01 01:59:14,1227,0.2859,0.0,0.0,14.66,1.34,0.0,42.34,-7.94,1.26,0.45,OK
2026-05-01 01:59:14,1228,0.3059,0.0,0.0,14.65,1.26,0.0,42.25,-7.83,1.14,0.42,OK
2026-05-01 01:59:14,1229,0.3099,0.0217,0.0,14.63,1.19,0.0,42.54,-7.93,1.29,0.38,OK
2026-05-01 01:59:14,1230,0.3038,0.0,0.0,14.62,1.13,0.0,44.95,-6.75,2.72,0.35,OK
2026-05-01 01:59:14,1231,0.3014,0.0212,0.0,14.61,1.06,0.0,44.84,-6.74,2.29,0.32,OK
2026-05-01 01:59:14,1232,0.3005,0.0,0.0,14.6,1.0,0.0,43.32,-7.48,0.41,0.3,OK
2026-05-01 01:59:14,1233,0.2969,0.0222,0.0,14.59,0.94,0.0,43.32,-7.48,0.41,0.27,OK
2026-05-01 01:59:14,1234,0.2916,0.0,0.0,14.57,0.89,0.0,44.22,-8.11,1.41,0.25,OK
2026-05-01 01:59:14,1235,0.3094,0.0,0.0,14.56,0.84,0.0,45.78,-8.25,0.81,0.23,OK
2026-05-01 01:59:14,1236,0.3104,0.0213,0.0,14.55,0.79,0.0,45.43,-9.08,0.7,0.21,OK
2026-05-01 01:59:14,1237,0.2843,0.0204,0.0,14.54,0.74,0.0,45.26,-7.04,1.88,0.2,OK
2026-05-01 01:59:14,1238,0.2896,0.0204,0.0,14.53,0.69,0.0,45.71,-8.17,1.1,0.18,OK
2026-05-01 01:59:14,1239,0.304,0.0213,0.0,14.52,0.65,0.0,44.48,-8.45,1.48,0.17,OK
2026-05-01 01:59:14,1240,0.2915,0.0,0.0,14.5,0.61,0.0,45.52,-8.42,1.46,0.15,OK
2026-05-01 01:59:14,1241,0.2943,0.0,0.0,14.49,0.57,0.0,45.17,-7.54,2.0,0.14,OK
2026-05-01 01:59:14,1242,0.2876,0.0,0.0,14.48,0.54,0.0,44.39,-7.22,1.67,0.13,OK
2026-05-01 01:59:14,1243,0.3125,0.0,0.0,14.47,0.5,0.0,43.59,-8.33,1.69,0.12,OK
2026-05-01 01:59:14,1244,0.3023,0.0,0.0,14.46,0.47,0.0,43.54,-8.42,1.08,0.11,OK
2026-05-01 01:59:14,1245,0.2955,0.0,0.0,14.45,0.44,0.0,43.56,-8.86,1.1,0.1,OK
2026-05-01 01:59:14,1246,0.2788,0.0,0.0,14.43,0.42,0.0,44.86,-7.75,1.97,0.09,OK
2026-05-01 01:59:14,1247,0.2883,0.0,0.0,14.42,0.39,0.0,46.83,-7.48,2.17,0.09,OK
2026-05-01 01:59:14,1248,0.3105,0.0,0.0,14.41,0.36,0.0,46.46,-8.6,0.94,0.08,OK
2026-05-01 01:59:14,1249,0.3138,0.0213,0.0,14.4,0.34,0.0,46.01,-9.16,0.33,0.07,OK
2026-05-01 01:59:14,1250,0.3208,0.0212,0.0,14.39,0.32,0.0,46.07,-9.4,0.93,0.07,OK
2026-05-01 01:59:15,1251,0.3127,0.0,0.0,14.38,0.3,0.0,45.66,-7.55,1.83,0.06,OK
2026-05-01 01:59:15,1252,0.3173,0.0217,0.0,14.37,0.28,0.0,44.83,-7.53,1.87,0.06,OK
2026-05-01 01:59:15,1253,0.2936,0.0213,0.0,14.35,0.26,0.0,47.85,-6.79,1.67,0.05,OK
2026-05-01 01:59:15,1254,0.306,0.0,0.0,14.34,0.24,0.0,46.04,-6.88,1.06,0.05,OK
2026-05-01 01:59:15,1255,0.3138,0.0213,0.0,14.33,0.23,0.0,48.02,-7.9,1.25,0.04,OK
2026-05-01 01:59:15,1256,0.3033,0.0,0.0,14.32,0.21,0.0,49.17,-7.8,1.19,0.04,OK
2026-05-01 01:59:15,1257,0.3081,0.0,0.0,14.31,0.2,0.0,48.37,-8.67,1.16,0.04,OK
2026-05-01 01:59:15,1258,0.316,0.0217,0.0,14.3,0.19,0.0,46.88,-8.84,0.52,0.03,OK
2026-05-01 01:59:15,1259,0.3085,0.0444,0.0,14.29,0.17,0.0,46.31,-8.14,0.35,0.03,OK
2026-05-01 01:59:15,1260,0.3041,0.0,0.0,14.27,0.16,0.0,49.87,-8.34,1.58,0.03,OK
2026-05-01 01:59:15,1261,0.284,0.0,0.0,14.26,0.15,0.0,49.18,-8.4,1.59,0.03,OK
2026-05-01 01:59:15,1262,0.3085,0.0213,0.0,14.25,0.14,0.0,50.81,-7.09,1.84,0.02,OK
2026-05-01 01:59:15,1263,0.2964,0.0,0.0,14.24,0.13,0.0,48.03,-6.4,1.59,0.02,OK
2026-05-01 01:59:15,1264,0.2891,0.0,0.0,14.23,0.12,0.0,48.25,-7.37,0.16,0.02,OK
2026-05-01 01:59:15,1265,0.2942,0.0,0.0,14.22,0.11,0.0,47.93,-6.84,0.46,0.02,OK
2026-05-01 01:59:15,1266,0.294,0.0321,0.0,14.21,0.11,0.0,48.04,-9.38,-0.26,0.02,OK
2026-05-01 01:59:15,1267,0.3063,0.0227,0.0,14.2,0.1,0.0,47.67,-8.67,-0.14,0.02,OK
2026-05-01 01:59:15,1268,0.3184,0.0,0.0,14.18,0.09,0.0,47.9,-7.47,0.82,0.01,OK
2026-05-01 01:59:15,1269,0.3113,0.0217,0.0,14.17,0.09,0.0,47.87,-7.28,0.65,0.01,OK
2026-05-01 01:59:15,1270,0.3122,0.0,0.0,14.16,0.08,0.0,49.14,-8.55,1.22,0.01,OK
2026-05-01 01:59:15,1271,0.2802,0.0,0.0,14.15,0.07,0.0,48.44,-8.55,1.72,0.01,OK
2026-05-01 01:59:15,1272,0.2855,0.0,0.0,14.14,0.07,0.0,48.63,-9.27,1.15,0.01,OK
2026-05-01 01:59:15,1273,0.2606,0.0,0.0,14.13,0.06,0.0,52.23,-8.24,0.77,0.01,OK
2026-05-01 01:59:15,1274,0.2692,0.0,0.0,14.12,0.06,0.0,51.9,-8.57,0.79,0.01,OK
2026-05-01 01:59:15,1275,0.2468,0.0,0.0,14.11,0.06,0.0,51.72,-9.41,1.49,0.01,OK
2026-05-01 01:59:15,1276,0.2569,0.0,0.0,14.1,0.05,0.0,51.66,-8.8,1.83,0.01,OK
2026-05-01 01:59:15,1277,0.2825,0.0,0.0,14.08,0.05,0.0,50.93,-8.64,0.8,0.01,OK
2026-05-01 01:59:15,1278,0.2801,0.0213,0.0,14.07,0.05,0.0,52.2,-8.74,1.3,0.01,OK
2026-05-01 01:59:15,1279,0.2644,0.0,0.0,14.06,0.04,0.0,49.64,-8.63,1.28,0.01,OK
2026-05-01 01:59:15,1280,0.2684,0.0,0.0,14.05,0.04,0.0,48.92,-8.47,1.64,0.01,OK
2026-05-01 01:59:15,1281,0.2983,0.0227,0.0,14.04,0.04,0.0,48.7,-9.85,0.69,0.01,OK
2026-05-01 01:59:16,1282,0.3016,0.0,0.0,14.03,0.03,0.0,49.7,-9.48,0.73,0.0,OK
2026-05-01 01:59:16,1283,0.2798,0.0217,0.0,14.02,0.03,0.0,48.88,-9.36,0.97,0.0,OK
2026-05-01 01:59:16,1284,0.3004,0.0,0.0,14.01,0.03,0.0,49.67,-9.44,0.69,0.0,OK
2026-05-01 01:59:16,1285,0.3089,0.0,0.0,14.0,0.03,0.0,49.45,-9.79,0.29,0.0,OK
2026-05-01 01:59:16,1286,0.3094,0.0,0.0,13.99,0.03,0.0,50.53,-9.81,1.2,0.0,OK
2026-05-01 01:59:16,1287,0.3192,0.0222,0.0,13.98,0.02,0.0,49.41,-8.88,1.04,0.0,OK
2026-05-01 01:59:16,1288,0.3023,0.0208,0.0,13.96,0.02,0.0,49.65,-9.38,0.16,0.0,OK
2026-05-01 01:59:16,1289,0.3292,0.0,0.0,13.95,0.02,0.0,50.85,-9.3,1.63,0.0,OK
2026-05-01 01:59:16,1290,0.3151,0.0208,0.0,13.94,0.02,0.0,50.87,-8.8,1.26,0.0,OK
2026-05-01 01:59:16,1291,0.307,0.0,0.0,13.93,0.02,0.0,49.13,-9.42,1.22,0.0,OK
2026-05-01 01:59:16,1292,0.3172,0.0,0.0,13.92,0.02,0.0,49.13,-9.42,1.22,0.0,OK
2026-05-01 01:59:16,1293,0.3107,0.02,0.0,13.91,0.02,0.0,50.53,-8.51,0.97,0.0,OK
2026-05-01 01:59:16,1294,0.3079,0.0204,0.0,13.9,0.01,0.0,48.92,-8.13,0.66,0.0,OK
2026-05-01 01:59:16,1295,0.2905,0.0213,0.0,13.89,0.01,0.0,49.85,-8.97,1.1,0.0,OK
2026-05-01 01:59:16,1296,0.3072,0.0213,0.0,13.88,0.01,0.0,48.67,-9.24,1.02,0.0,OK
2026-05-01 01:59:16,1297,0.305,0.0,0.0,13.87,0.01,0.0,49.03,-8.53,0.96,0.0,OK
2026-05-01 01:59:16,1298,0.3104,0.0,0.0,13.86,0.01,0.0,51.83,-9.81,1.38,0.0,OK
2026-05-01 01:59:16,1299,0.3174,0.0217,0.0,13.85,0.01,0.0,51.31,-9.89,1.0,0.0,OK
2026-05-01 01:59:16,1300,0.3109,0.0,0.0,13.84,0.01,0.0,48.91,-9.82,0.24,0.0,OK
2026-05-01 01:59:16,1301,0.3096,0.0,0.0,13.82,0.01,0.0,49.78,-9.32,0.57,0.0,OK
2026-05-01 01:59:16,1302,0.3023,0.0217,0.0,13.81,0.01,0.0,50.03,-8.88,0.97,0.0,OK
2026-05-01 01:59:16,1303,0.3034,0.0217,0.0,13.8,0.01,0.0,50.75,-8.68,1.22,0.0,OK
2026-05-01 01:59:16,1304,0.3115,0.0,0.0,13.79,0.01,0.0,51.31,-8.74,0.61,0.0,OK
2026-05-01 01:59:16,1305,0.2888,0.0,0.0,13.78,0.01,0.0,50.57,-9.0,0.1,0.0,OK
2026-05-01 01:59:16,1306,0.3066,0.0208,0.0,13.77,0.01,0.0,51.68,-9.98,1.2,0.0,OK
2026-05-01 01:59:16,1307,0.3202,0.0217,0.0,13.76,0.01,0.0,50.04,-9.37,0.48,0.0,OK
2026-05-01 01:59:16,1308,0.3144,0.0213,0.0,13.75,0.0,0.0,49.57,-8.97,0.89,0.0,OK
2026-05-01 01:59:16,1309,0.2936,0.0,0.0,13.74,0.0,0.0,52.82,-7.16,1.47,0.0,OK
2026-05-01 01:59:16,1310,0.2879,0.0204,0.0,13.73,0.0,0.0,53.71,-7.59,1.44,0.0,OK
2026-05-01 01:59:17,1311,0.3038,0.0,0.0,13.72,0.0,0.0,50.59,-9.93,1.55,0.0,OK
2026-05-01 01:59:17,1312,0.2967,0.0217,0.0,13.71,0.0,0.0,50.51,-10.27,0.72,0.0,OK
2026-05-01 01:59:17,1313,0.3258,0.0,0.0,13.7,0.0,0.0,49.89,-11.03,1.29,0.0,OK
2026-05-01 01:59:17,1314,0.3071,0.0,0.0,13.69,0.0,0.0,49.73,-10.64,1.76,0.0,OK
2026-05-01 01:59:17,1315,0.2992,0.0,0.0,13.68,0.0,0.0,53.93,-9.23,1.77,0.0,OK
2026-05-01 01:59:17,1316,0.3116,0.0,0.0,13.67,0.0,0.0,52.48,-9.3,2.17,0.0,OK
2026-05-01 01:59:17,1317,0.3052,0.0203,0.0,13.66,0.0,0.0,54.25,-10.82,1.77,0.0,OK
2026-05-01 01:59:17,1318,0.3049,0.0,0.0,13.65,0.0,0.0,54.37,-10.8,2.55,0.0,OK
2026-05-01 01:59:17,1319,0.291,0.0208,0.0,13.64,0.0,0.0,54.95,-10.41,2.73,0.0,OK
2026-05-01 01:59:17,1320,0.3157,0.0,0.0,13.63,0.0,0.0,55.0,-11.61,1.16,0.0,OK
2026-05-01 01:59:17,1321,0.3122,0.0,0.0,13.62,0.0,0.0,55.01,-12.08,1.0,0.0,OK
2026-05-01 01:59:17,1322,0.3071,0.0,0.0,13.61,0.0,0.0,55.91,-12.45,0.81,0.0,OK
2026-05-01 01:59:17,1323,0.3033,0.0294,0.0,13.6,0.0,0.0,54.91,-11.86,1.36,0.0,OK
2026-05-01 01:59:17,1324,0.2871,0.0217,0.0,13.58,0.0,0.0,54.34,-10.3,1.99,0.0,OK
2026-05-01 01:59:17,1325,0.3035,0.0222,0.0,13.57,0.0,0.0,55.45,-12.34,1.89,0.0,OK
2026-05-01 01:59:17,1326,0.2918,0.0,0.0,13.56,0.0,0.0,55.47,-12.74,1.87,0.0,OK
2026-05-01 01:59:17,1327,0.2938,0.0,0.0,13.55,0.0,0.0,54.28,-11.79,1.73,0.0,OK
2026-05-01 01:59:17,1328,0.2955,0.0,0.0,13.54,0.0,0.0,54.72,-10.75,1.85,0.0,OK
2026-05-01 01:59:17,1329,0.3062,0.0,0.0,13.53,0.0,0.0,56.42,-10.18,2.71,0.0,OK
2026-05-01 01:59:17,1330,0.3124,0.0217,0.0,13.52,0.0,0.0,55.68,-10.62,2.48,0.0,OK
2026-05-01 01:59:17,1331,0.2974,0.0,0.0,13.51,0.0,0.0,54.17,-10.88,3.29,0.0,OK
2026-05-01 01:59:17,1332,0.286,0.0,0.0,13.5,0.0,0.0,54.17,-10.88,3.29,0.0,OK
2026-05-01 01:59:17,1333,0.3095,0.0212,0.0,13.49,0.0,0.0,54.74,-11.4,3.1,0.0,OK
2026-05-01 01:59:17,1334,0.2949,0.0217,0.0,13.48,0.0,0.0,54.1,-12.56,2.2,0.0,OK
2026-05-01 01:59:17,1335,0.3103,0.0314,0.0,13.47,0.0,0.0,53.19,-11.37,3.38,0.0,OK
2026-05-01 01:59:17,1336,0.3017,0.0328,0.0,13.46,0.0,0.0,52.66,-12.01,2.4,0.0,OK
2026-05-01 01:59:17,1337,0.3213,0.0321,0.0,13.45,0.0,0.0,52.13,-11.18,1.98,0.0,OK
2026-05-01 01:59:17,1338,0.3136,0.0,0.0,13.44,0.0,0.0,52.1,-11.53,1.76,0.0,OK
2026-05-01 01:59:17,1339,0.314,0.0204,0.0,13.43,0.0,0.0,52.87,-11.63,1.53,0.0,OK
2026-05-01 01:59:17,1340,0.3145,0.0,0.0,13.42,0.0,0.0,51.78,-12.19,2.17,0.0,OK
2026-05-01 01:59:17,1341,0.3178,0.0,0.0,13.41,0.0,0.0,52.82,-12.0,2.06,0.0,OK
2026-05-01 01:59:18,1342,0.326,0.0288,0.0,13.4,0.0,0.0,54.59,-11.68,2.92,0.0,OK
2026-05-01 01:59:18,1343,0.3211,0.0,0.0,13.39,0.0,0.0,53.82,-11.53,2.28,0.0,OK
2026-05-01 01:59:18,1344,0.3333,0.0,0.0,13.38,0.0,0.0,54.37,-12.57,1.61,0.0,OK
2026-05-01 01:59:18,1345,0.3094,0.0,0.0,13.37,0.0,0.0,53.09,-12.38,3.9,0.0,OK
2026-05-01 01:59:18,1346,0.3061,0.0,0.0,13.36,0.0,0.0,53.17,-11.7,4.24,0.0,OK
2026-05-01 01:59:18,1347,0.3078,0.0293,0.0,13.35,0.0,0.0,53.79,-12.62,2.73,0.0,OK
2026-05-01 01:59:18,1348,0.3071,0.0,0.0,13.34,0.0,0.0,54.1,-13.52,2.34,0.0,OK
2026-05-01 01:59:18,1349,0.315,0.0,0.0,13.33,0.0,0.0,53.8,-13.38,2.16,0.0,OK
2026-05-01 01:59:18,1350,0.3317,0.0,0.0,13.32,0.0,0.0,52.81,-13.71,3.05,0.0,OK
2026-05-01 01:59:18,1351,0.3022,0.0,0.0,13.31,0.0,0.0,54.76,-12.64,1.9,0.0,OK
2026-05-01 01:59:18,1352,0.3226,0.0,0.0,13.3,0.0,0.0,55.44,-12.69,1.75,0.0,OK
2026-05-01 01:59:18,1353,0.3054,0.0,0.0,13.29,0.0,0.0,54.73,-8.69,3.03,0.0,OK
2026-05-01 01:59:18,1354,0.3158,0.0217,0.0,13.28,0.0,0.0,57.3,-13.26,1.09,0.0,OK
2026-05-01 01:59:18,1355,0.3111,0.0,0.0,13.27,0.0,0.0,57.61,-12.71,0.84,0.0,OK
2026-05-01 01:59:18,1356,0.3082,0.0217,0.0,13.26,0.0,0.0,57.34,-11.44,1.46,0.0,OK
2026-05-01 01:59:18,1357,0.3076,0.0222,0.0,13.25,0.0,0.0,57.28,-12.14,1.69,0.0,OK
2026-05-01 01:59:18,1358,0.2969,0.0221,0.0,13.25,0.0,0.0,56.26,-10.92,3.95,0.0,OK
2026-05-01 01:59:18,1359,0.3047,0.0221,0.0,13.24,0.0,0.0,56.59,-10.92,3.97,0.0,OK
2026-05-01 01:59:18,1360,0.3048,0.0208,0.0,13.23,0.0,0.0,56.98,-10.12,3.0,0.0,OK
2026-05-01 01:59:18,1361,0.2918,0.0288,0.0,13.22,0.0,0.0,57.2,-10.25,2.91,0.0,OK
2026-05-01 01:59:18,1362,0.2883,0.0212,0.0,13.21,0.0,0.0,57.8,-11.48,2.96,0.0,OK
2026-05-01 01:59:18,1363,0.2936,0.0217,0.0,13.2,0.0,0.0,56.13,-10.21,3.31,0.0,OK
2026-05-01 01:59:18,1364,0.2887,0.0,0.0,13.19,0.0,0.0,56.54,-10.51,2.38,0.0,OK
2026-05-01 01:59:19,1365,0.2655,0.0195,0.0,13.18,0.0,0.0,60.99,-11.57,1.87,0.0,OK
2026-05-01 01:59:19,1366,0.2878,0.0406,0.0,13.17,0.0,0.0,59.15,-10.7,2.55,0.0,OK
2026-05-01 01:59:19,1367,0.3044,0.0221,0.0,13.16,0.0,0.0,56.53,-11.23,3.61,0.0,OK
2026-05-01 01:59:19,1368,0.2945,0.0216,0.0,13.15,0.0,0.0,56.68,-11.52,3.79,0.0,OK
2026-05-01 01:59:19,1369,0.2968,0.03,0.0,13.14,0.0,0.0,59.27,-11.97,2.35,0.0,OK
2026-05-01 01:59:19,1370,0.3082,0.0,0.0,13.13,0.0,0.0,58.37,-13.31,0.65,0.0,OK
2026-05-01 01:59:19,1371,0.3169,0.0221,0.0,13.12,0.0,0.0,53.16,-12.97,1.44,0.0,OK
2026-05-01 01:59:19,1372,0.3186,0.0221,0.0,13.11,0.0,0.0,53.81,-12.09,1.99,0.0,OK
2026-05-01 01:59:19,1373,0.3113,0.0217,0.0,13.1,0.0,0.0,54.14,-11.69,1.5,0.0,OK
2026-05-01 01:59:19,1374,0.3264,0.03,0.0,13.09,0.0,0.0,55.45,-11.71,1.59,0.0,OK
2026-05-01 01:59:19,1375,0.2959,0.0212,0.0,13.08,0.0,0.0,56.02,-10.85,1.73,0.0,OK
2026-05-01 01:59:19,1376,0.2986,0.0207,0.0,13.07,0.0,0.0,56.92,-11.28,2.19,0.0,OK
2026-05-01 01:59:19,1377,0.3191,0.0,0.0,13.06,0.0,0.0,54.82,-10.63,1.28,0.0,OK
2026-05-01 01:59:19,1378,0.3118,0.0,0.0,13.05,0.0,0.0,53.88,-11.37,0.71,0.0,OK
2026-05-01 01:59:19,1379,0.2982,0.0,0.0,13.04,0.0,0.0,53.93,-11.2,1.03,0.0,OK
2026-05-01 01:59:19,1380,0.3161,0.0,0.0,13.03,0.0,0.0,54.31,-11.66,1.5,0.0,OK
2026-05-01 01:59:19,1381,0.3288,0.0217,0.0,13.02,0.0,0.0,54.26,-10.8,2.0,0.0,OK
2026-05-01 01:59:19,1382,0.3215,0.0,0.0,13.02,0.0,0.0,53.0,-10.31,1.47,0.0,OK
2026-05-01 01:59:19,1383,0.325,0.0217,0.0,13.01,0.0,0.0,51.68,-9.89,2.05,0.0,OK
2026-05-01 01:59:19,1384,0.3239,0.0,0.0,13.0,0.0,0.0,52.15,-10.09,1.45,0.0,OK
2026-05-01 01:59:19,1385,0.3105,0.0314,0.0,12.99,0.0,0.0,52.77,-10.55,1.32,0.0,OK
2026-05-01 01:59:19,1386,0.3264,0.0212,0.0,12.98,0.0,0.0,52.07,-10.47,2.08,0.0,OK
2026-05-01 01:59:19,1387,0.3168,0.0,0.0,12.97,0.0,0.0,51.92,-10.46,2.33,0.0,OK
2026-05-01 01:59:19,1388,0.3315,0.0,0.0,12.96,0.0,0.0,52.58,-10.58,2.11,0.0,OK
2026-05-01 01:59:19,1389,0.3275,0.0,0.0,12.95,0.0,0.0,52.04,-10.13,2.73,0.0,OK
2026-05-01 01:59:19,1390,0.314,0.0222,0.0,12.94,0.0,0.0,50.16,-9.0,2.4,0.0,OK
2026-05-01 01:59:19,1391,0.2977,0.0227,0.0,12.93,0.0,0.0,50.54,-9.56,2.21,0.0,OK
2026-05-01 01:59:19,1392,0.2896,0.0,0.0,12.92,0.0,0.0,53.14,-10.94,2.3,0.0,OK
2026-05-01 01:59:20,1393,0.2827,0.0,0.0,12.91,0.0,0.0,49.93,-11.23,2.35,0.0,OK
2026-05-01 01:59:20,1394,0.282,0.0,0.0,12.9,0.0,0.0,50.61,-11.11,2.21,0.0,OK
2026-05-01 01:59:20,1395,0.2949,0.0,0.0,12.89,0.0,0.0,51.39,-10.19,2.37,0.0,OK
2026-05-01 01:59:20,1396,0.3059,0.0,0.0,12.88,0.0,0.0,51.54,-10.0,2.64,0.0,OK
2026-05-01 01:59:20,1397,0.3181,0.0212,0.0,12.88,0.0,0.0,51.57,-11.17,1.92,0.0,OK
2026-05-01 01:59:20,1398,0.3205,0.0,0.0,12.87,0.0,0.0,50.42,-10.6,1.98,0.0,OK
2026-05-01 01:59:20,1399,0.2914,0.0,0.0,12.86,0.0,0.0,51.19,-9.72,2.13,0.0,OK
2026-05-01 01:59:20,1400,0.3049,0.0,0.0,12.85,0.0,0.0,52.63,-10.6,2.83,0.0,OK
2026-05-01 01:59:20,1401,0.3046,0.0,0.0,12.84,0.0,0.0,52.53,-10.87,2.97,0.0,OK
2026-05-01 01:59:20,1402,0.2991,0.0217,0.0,12.83,0.0,0.0,48.32,-10.37,2.6,0.0,OK
2026-05-01 01:59:20,1403,0.3142,0.0453,0.0,12.82,0.0,0.0,47.4,-11.13,2.03,0.0,OK
2026-05-01 01:59:20,1404,0.2995,0.0212,0.0,12.81,0.0,0.0,50.38,-10.59,2.72,0.0,OK
2026-05-01 01:59:20,1405,0.3108,0.0212,0.0,12.8,0.0,0.0,51.41,-11.87,2.07,0.0,OK
2026-05-01 01:59:20,1406,0.3185,0.0203,0.0,12.79,0.0,0.0,52.55,-12.48,1.84,0.0,OK
2026-05-01 01:59:20,1407,0.3087,0.0,0.0,12.78,0.0,0.0,49.42,-11.34,1.96,0.0,OK
2026-05-01 01:59:20,1408,0.3072,0.0,0.0,12.78,0.0,0.0,49.79,-11.38,1.94,0.0,OK
2026-05-01 01:59:20,1409,0.3211,0.0,0.0,12.77,0.0,0.0,51.95,-9.39,3.3,0.0,OK
2026-05-01 01:59:20,1410,0.3154,0.0,0.0,12.76,0.0,0.0,51.65,-9.15,3.42,0.0,OK
2026-05-01 01:59:20,1411,0.3052,0.0203,0.0,12.75,0.0,0.0,53.71,-10.85,3.02,0.0,OK
2026-05-01 01:59:20,1412,0.3165,0.0,0.0,12.74,0.0,0.0,53.37,-11.15,2.6,0.0,OK
2026-05-01 01:59:20,1413,0.3142,0.0208,0.0,12.73,0.0,0.0,51.83,-11.91,1.4,0.0,OK
2026-05-01 01:59:20,1414,0.311,0.0212,0.0,12.72,0.0,0.0,51.62,-11.89,2.46,0.0,OK
2026-05-01 01:59:20,1415,0.3216,0.0208,0.0,12.71,0.0,0.0,52.47,-10.31,1.43,0.0,OK
2026-05-01 01:59:20,1416,0.3104,0.0,0.0,12.7,0.0,0.0,51.49,-10.99,1.6,0.0,OK
2026-05-01 01:59:20,1417,0.3207,0.0,0.0,12.69,0.0,0.0,49.79,-10.4,1.89,0.0,OK
2026-05-01 01:59:20,1418,0.3091,0.0212,0.0,12.68,0.0,0.0,50.27,-11.28,2.35,0.0,OK
2026-05-01 01:59:20,1419,0.3034,0.0,0.0,12.68,0.0,0.0,50.38,-11.26,1.93,0.0,OK
2026-05-01 01:59:20,1420,0.3149,0.0,0.0,12.67,0.0,0.0,51.01,-10.26,3.37,0.0,OK
2026-05-01 01:59:20,1421,0.3049,0.0203,0.0,12.66,0.0,0.0,51.39,-10.11,2.77,0.0,OK
2026-05-01 01:59:20,1422,0.3138,0.0,0.0,12.65,0.0,0.0,49.5,-10.53,2.52,0.0,OK
2026-05-01 01:59:21,1423,0.3187,0.0,0.0,12.64,0.0,0.0,50.17,-10.53,2.47,0.0,OK
2026-05-01 01:59:21,1424,0.3196,0.0,0.0,12.63,0.0,0.0,51.05,-10.63,2.81,0.0,OK
2026-05-01 01:59:21,1425,0.3011,0.0,0.0,12.62,0.0,0.0,51.96,-9.9,3.59,0.0,OK
2026-05-01 01:59:21,1426,0.3018,0.0,0.0,12.61,0.0,0.0,50.85,-9.75,3.42,0.0,OK
2026-05-01 01:59:21,1427,0.3,0.0217,0.0,12.61,0.0,0.0,50.63,-10.03,2.25,0.0,OK
2026-05-01 01:59:21,1428,0.297,0.0,0.0,12.6,0.0,0.0,52.18,-10.93,1.03,0.0,OK
2026-05-01 01:59:21,1429,0.302,0.0,0.0,12.59,0.0,0.0,51.47,-11.76,0.38,0.0,OK
2026-05-01 01:59:21,1430,0.2841,0.0232,0.0,12.58,0.0,0.0,48.77,-10.88,1.92,0.0,OK
2026-05-01 01:59:21,1431,0.2914,0.0,0.0,12.57,0.0,0.0,50.73,-11.67,2.49,0.0,OK
2026-05-01 01:59:21,1432,0.2931,0.0,0.0,12.56,0.0,0.0,51.28,-11.56,2.77,0.0,OK
2026-05-01 01:59:21,1433,0.279,0.0,0.0,12.55,0.0,0.0,50.13,-10.7,2.03,0.0,OK
2026-05-01 01:59:21,1434,0.2867,0.0,0.0,12.54,0.0,0.0,49.15,-10.11,1.73,0.0,OK
2026-05-01 01:59:21,1435,0.2693,0.0,0.0,12.53,0.0,0.0,53.21,-10.75,1.07,0.0,OK
2026-05-01 01:59:21,1436,0.2851,0.0,0.0,12.53,0.0,0.0,54.01,-10.89,1.96,0.0,OK
2026-05-01 01:59:21,1437,0.2873,0.0,0.0,12.52,0.0,0.0,52.41,-10.33,1.77,0.0,OK
2026-05-01 01:59:21,1438,0.2534,0.0,0.0,12.51,0.0,0.0,53.81,-11.36,2.33,0.0,OK
2026-05-01 01:59:21,1439,0.2534,0.0,0.0,12.5,0.0,0.0,53.68,-11.08,2.69,0.0,OK
2026-05-01 01:59:21,1440,0.2748,0.0,0.0,12.49,0.0,0.0,50.1,-11.45,3.69,0.0,OK
2026-05-01 01:59:21,1441,0.2748,0.0216,0.0,12.48,0.0,0.0,52.25,-10.99,3.53,0.0,OK
2026-05-01 01:59:21,1442,0.2694,0.0216,0.0,12.47,0.0,0.0,53.44,-11.63,2.94,0.0,OK
2026-05-01 01:59:21,1443,0.2777,0.0306,0.0,12.47,0.0,0.0,52.38,-11.44,3.39,0.0,OK
2026-05-01 01:59:21,1444,0.2907,0.0217,0.0,12.46,0.0,0.0,49.82,-11.79,3.4,0.0,OK
2026-05-01 01:59:21,1445,0.2859,0.0203,0.0,12.45,0.0,0.0,53.61,-11.1,3.2,0.0,OK
2026-05-01 01:59:21,1446,0.2949,0.0199,0.0,12.44,0.0,0.0,53.36,-10.6,2.94,0.0,OK
2026-05-01 01:59:21,1447,0.3099,0.0,0.0,12.43,0.0,0.0,51.85,-10.9,2.45,0.0,OK
2026-05-01 01:59:21,1448,0.3053,0.0212,0.0,12.42,0.0,0.0,53.11,-10.55,2.4,0.0,OK
2026-05-01 01:59:21,1449,0.3114,0.0217,0.0,12.41,0.0,0.0,50.27,-11.63,2.47,0.0,OK
2026-05-01 01:59:21,1450,0.3,0.0221,0.0,12.41,0.0,0.0,49.95,-11.66,2.44,0.0,OK
2026-05-01 01:59:21,1451,0.3132,0.02,0.0,12.4,0.0,0.0,49.12,-9.58,2.39,0.0,OK
2026-05-01 01:59:21,1452,0.3181,0.0,0.0,12.39,0.0,0.0,49.11,-10.21,2.1,0.0,OK
2026-05-01 01:59:21,1453,0.3086,0.0212,0.0,12.38,0.0,0.0,49.96,-9.76,3.08,0.0,OK
2026-05-01 01:59:22,1454,0.3054,0.0212,0.0,12.37,0.0,0.0,50.21,-11.84,3.87,0.0,OK
2026-05-01 01:59:22,1455,0.3077,0.0,0.0,12.36,0.0,0.0,49.88,-11.92,3.92,0.0,OK
2026-05-01 01:59:22,1456,0.2795,0.0217,0.0,12.35,0.0,0.0,49.68,-9.95,3.51,0.0,OK
2026-05-01 01:59:22,1457,0.3074,0.0,0.0,12.35,0.0,0.0,50.0,-10.73,3.48,0.0,OK
2026-05-01 01:59:22,1458,0.3091,0.0,0.0,12.34,0.0,0.0,50.61,-10.68,3.63,0.0,OK
2026-05-01 01:59:22,1459,0.3048,0.0,0.0,12.33,0.0,0.0,50.54,-10.07,4.02,0.0,OK
2026-05-01 01:59:22,1460,0.3053,0.0,0.0,12.32,0.0,0.0,51.39,-10.32,3.18,0.0,OK
2026-05-01 01:59:22,1461,0.31,0.0213,0.0,12.31,0.0,0.0,51.93,-10.51,2.38,0.0,OK
2026-05-01 01:59:22,1462,0.2859,0.0,0.0,12.3,0.0,0.0,52.25,-10.76,2.4,0.0,OK
2026-05-01 01:59:22,1463,0.3122,0.0,0.0,12.3,0.0,0.0,52.01,-10.98,2.24,0.0,OK
2026-05-01 01:59:22,1464,0.302,0.0,0.0,12.29,0.0,0.0,50.8,-10.36,3.52,0.0,OK
2026-05-01 01:59:22,1465,0.2976,0.0212,0.0,12.28,0.0,0.0,50.41,-11.19,3.14,0.0,OK
2026-05-01 01:59:22,1466,0.2995,0.0212,0.0,12.27,0.0,0.0,51.75,-9.66,1.96,0.0,OK
2026-05-01 01:59:22,1467,0.2956,0.0222,0.0,12.26,0.0,0.0,50.82,-11.94,1.45,0.0,OK
2026-05-01 01:59:22,1468,0.2942,0.0,0.0,12.25,0.0,0.0,50.68,-10.96,1.96,0.0,OK
2026-05-01 01:59:22,1469,0.2835,0.0208,0.0,12.24,0.0,0.0,52.12,-10.28,1.32,0.0,OK
2026-05-01 01:59:22,1470,0.2685,0.0,0.0,12.24,0.0,0.0,52.19,-10.46,0.85,0.0,OK
2026-05-01 01:59:22,1471,0.2701,0.0,0.0,12.23,0.0,0.0,48.59,-10.84,2.18,0.0,OK
2026-05-01 01:59:22,1472,0.2562,0.0,0.0,12.22,0.0,0.0,49.49,-10.89,2.4,0.0,OK
2026-05-01 01:59:22,1473,0.2506,0.0,0.0,12.21,0.0,0.0,51.75,-12.17,1.28,0.0,OK
2026-05-01 01:59:22,1474,0.258,0.0,0.0,12.2,0.0,0.0,52.89,-11.5,1.64,0.0,OK
2026-05-01 01:59:22,1475,0.2747,0.0222,0.0,12.2,0.0,0.0,54.16,-10.6,2.03,0.0,OK
2026-05-01 01:59:22,1476,0.2783,0.0,0.0,12.19,0.0,0.0,51.41,-10.37,2.33,0.0,OK
2026-05-01 01:59:22,1477,0.2569,0.0,0.0,12.18,0.0,0.0,51.23,-10.94,2.11,0.0,OK
2026-05-01 01:59:22,1478,0.2557,0.0,0.0,12.17,0.0,0.0,50.78,-10.79,3.01,0.0,OK
2026-05-01 01:59:22,1479,0.2633,0.0,0.0,12.16,0.0,0.0,50.49,-11.17,3.56,0.0,OK
2026-05-01 01:59:22,1480,0.2573,0.0,0.0,12.15,0.0,0.0,49.97,-9.58,3.4,0.0,OK
2026-05-01 01:59:22,1481,0.2479,0.0,0.0,12.15,0.0,0.0,49.06,-10.01,2.68,0.0,OK
2026-05-01 01:59:22,1482,0.264,0.0,0.0,12.14,0.0,0.0,48.57,-10.65,2.53,0.0,OK
2026-05-01 01:59:23,1483,0.2964,0.0,0.0,12.13,0.0,0.0,49.65,-12.4,1.81,0.0,OK
2026-05-01 01:59:23,1484,0.3046,0.0,0.0,12.12,0.0,0.0,49.51,-11.65,2.53,0.0,OK
2026-05-01 01:59:23,1485,0.3091,0.0,0.0,12.11,0.0,0.0,47.15,-9.97,3.16,0.0,OK
2026-05-01 01:59:23,1486,0.3115,0.0217,0.0,12.1,0.0,0.0,47.47,-10.27,2.3,0.0,OK
2026-05-01 01:59:23,1487,0.3126,0.0,0.0,12.1,0.0,0.0,49.44,-10.31,2.45,0.0,OK
2026-05-01 01:59:23,1488,0.2967,0.0217,0.0,12.09,0.0,0.0,50.42,-9.83,3.02,0.0,OK
2026-05-01 01:59:23,1489,0.3161,0.0208,0.0,12.08,0.0,0.0,49.08,-11.39,3.32,0.0,OK
2026-05-01 01:59:23,1490,0.3108,0.0,0.0,12.07,0.0,0.0,47.69,-10.77,3.34,0.0,OK
2026-05-01 01:59:23,1491,0.3171,0.0207,0.0,12.06,0.0,0.0,47.52,-10.56,3.77,0.0,OK
2026-05-01 01:59:23,1492,0.3042,0.0203,0.0,12.06,0.0,0.0,45.36,-10.3,3.59,0.0,OK
2026-05-01 01:59:23,1493,0.3211,0.0,0.0,12.05,0.0,0.0,43.75,-11.38,2.91,0.0,OK
2026-05-01 01:59:23,1494,0.2887,0.0,0.0,12.04,0.0,0.0,45.93,-10.15,3.4,0.0,OK
2026-05-01 01:59:23,1495,0.3137,0.0212,0.0,12.03,0.0,0.0,46.97,-10.71,3.22,0.0,OK
2026-05-01 01:59:23,1496,0.3081,0.0,0.0,12.02,0.0,0.0,43.5,-8.92,3.38,0.0,OK
2026-05-01 01:59:23,1497,0.3124,0.0217,0.0,12.02,0.0,0.0,43.42,-9.76,3.12,0.0,OK
2026-05-01 01:59:23,1498,0.2827,0.03,0.0,12.01,0.0,0.0,44.01,-10.96,3.66,0.0,OK
2026-05-01 01:59:23,1499,0.2967,0.0,0.0,12.0,0.0,0.0,44.01,-10.96,3.66,0.0,OK
2026-05-01 01:59:23,1500,0.3089,0.0226,0.0,11.99,0.0,0.0,42.89,-9.62,3.66,0.0,OK
2026-05-01 01:59:23,1501,0.3278,0.0,0.0,11.98,0.0,0.0,43.18,-10.62,3.46,0.0,OK
2026-05-01 01:59:23,1502,0.2747,0.0,0.0,11.98,0.0,0.0,44.05,-9.39,3.33,0.0,OK
2026-05-01 01:59:23,1503,0.272,0.0226,0.0,11.97,0.0,0.0,46.15,-11.98,3.57,0.0,OK
2026-05-01 01:59:23,1504,0.2952,0.0,0.0,11.96,0.0,0.0,44.82,-11.71,3.17,0.0,OK
2026-05-01 01:59:23,1505,0.2744,0.0,0.0,11.95,0.0,0.0,45.78,-10.59,3.26,0.0,OK
2026-05-01 01:59:23,1506,0.283,0.0,0.0,11.94,0.0,0.0,43.84,-11.3,3.26,0.0,OK
2026-05-01 01:59:23,1507,0.2714,0.0212,0.0,11.94,0.0,0.0,48.66,-11.98,2.24,0.0,OK
2026-05-01 01:59:23,1508,0.2803,0.0207,0.0,11.93,0.0,0.0,47.11,-12.11,2.86,0.0,OK
2026-05-01 01:59:23,1509,0.2643,0.0,0.0,11.92,0.0,0.0,46.66,-11.55,3.09,0.0,OK
2026-05-01 01:59:23,1510,0.2589,0.0212,0.0,11.91,0.0,0.0,45.49,-11.58,3.12,0.0,OK
2026-05-01 01:59:23,1511,0.2705,0.0,0.0,11.9,0.0,0.0,47.0,-12.96,2.45,0.0,OK
2026-05-01 01:59:23,1512,0.2608,0.0,0.0,11.9,0.0,0.0,47.85,-12.03,1.91,0.0,OK
2026-05-01 01:59:24,1513,0.2725,0.0221,0.0,11.89,0.0,0.0,47.84,-11.19,2.36,0.0,OK
2026-05-01 01:59:24,1514,0.2902,0.0,0.0,11.88,0.0,0.0,45.19,-10.88,2.99,0.0,OK
2026-05-01 01:59:24,1515,0.3001,0.0,0.0,11.87,0.0,0.0,44.37,-11.35,2.91,0.0,OK
2026-05-01 01:59:24,1516,0.3023,0.0287,0.0,11.87,0.0,0.0,44.22,-11.61,3.87,0.0,OK
2026-05-01 01:59:24,1517,0.3035,0.0294,0.0,11.86,0.0,0.0,44.5,-12.13,3.31,0.0,OK
2026-05-01 01:59:24,1518,0.3079,0.0,0.0,11.85,0.0,0.0,46.02,-11.25,3.31,0.0,OK
2026-05-01 01:59:24,1519,0.3323,0.0,0.0,11.84,0.0,0.0,46.01,-12.67,3.29,0.0,OK
2026-05-01 01:59:24,1520,0.312,0.0,0.0,11.83,0.0,0.0,46.86,-10.84,3.29,0.0,OK
2026-05-01 01:59:24,1521,0.3079,0.0216,0.0,11.83,0.0,0.0,45.44,-10.88,3.86,0.0,OK
2026-05-01 01:59:24,1522,0.3019,0.0,0.0,11.82,0.0,0.0,45.6,-11.09,3.8,0.0,OK
2026-05-01 01:59:24,1523,0.3041,0.0,0.0,11.81,0.0,0.0,44.17,-11.42,3.68,0.0,OK
2026-05-01 01:59:24,1524,0.3057,0.0,0.0,11.8,0.0,0.0,45.3,-10.66,4.1,0.0,OK
2026-05-01 01:59:24,1525,0.3022,0.0212,0.0,11.8,0.0,0.0,43.41,-9.91,3.76,0.0,OK
2026-05-01 01:59:24,1526,0.2971,0.0,0.0,11.79,0.0,0.0,43.41,-9.91,3.76,0.0,OK
2026-05-01 01:59:24,1527,0.3079,0.0221,0.0,11.78,0.0,0.0,44.64,-11.06,3.4,0.0,OK
2026-05-01 01:59:24,1528,0.3283,0.0212,0.0,11.77,0.0,0.0,44.38,-10.11,4.01,0.0,OK
2026-05-01 01:59:24,1529,0.3156,0.0,0.0,11.76,0.0,0.0,45.25,-10.88,3.2,0.0,OK
2026-05-01 01:59:24,1530,0.304,0.0,0.0,11.76,0.0,0.0,43.02,-11.28,3.1,0.0,OK
2026-05-01 01:59:24,1531,0.3223,0.0,0.0,11.75,0.0,0.0,44.04,-11.07,3.77,0.0,OK
2026-05-01 01:59:24,1532,0.3204,0.0221,0.0,11.74,0.0,0.0,44.33,-11.64,3.56,0.0,OK
2026-05-01 01:59:24,1533,0.3049,0.0,0.0,11.73,0.0,0.0,42.83,-11.22,3.91,0.0,OK
2026-05-01 01:59:24,1534,0.3001,0.0,0.0,11.73,0.0,0.0,44.74,-10.65,3.97,0.0,OK
2026-05-01 01:59:24,1535,0.3041,0.0,0.0,11.72,0.0,0.0,46.7,-11.01,4.03,0.0,OK
2026-05-01 01:59:24,1536,0.3107,0.0222,0.0,11.71,0.0,0.0,44.94,-10.89,2.42,0.0,OK
2026-05-01 01:59:24,1537,0.3179,0.0222,0.0,11.7,0.0,0.0,42.75,-10.43,2.52,0.0,OK
2026-05-01 01:59:24,1538,0.2983,0.0217,0.0,11.7,0.0,0.0,44.57,-11.54,3.64,0.0,OK
2026-05-01 01:59:24,1539,0.3064,0.0,0.0,11.69,0.0,0.0,43.85,-11.59,3.66,0.0,OK
2026-05-01 01:59:24,1540,0.2949,0.0,0.0,11.68,0.0,0.0,43.25,-11.77,3.68,0.0,OK
2026-05-01 01:59:24,1541,0.2449,0.0,0.0,11.67,0.0,0.0,46.08,-11.62,2.58,0.0,OK
2026-05-01 01:59:24,1542,0.2578,0.0208,0.0,11.67,0.0,0.0,45.96,-11.27,2.95,0.0,OK
2026-05-01 01:59:25,1543,0.2426,0.0,0.0,11.66,0.0,0.0,44.86,-11.53,2.99,0.0,OK
2026-05-01 01:59:25,1544,0.2308,0.0212,0.0,11.65,0.0,0.0,44.8,-11.44,3.39,0.0,OK
2026-05-01 01:59:25,1545,0.2422,0.0217,0.0,11.64,0.0,0.0,46.15,-11.66,3.07,0.0,OK
2026-05-01 01:59:25,1546,0.2484,0.0217,0.0,11.64,0.0,0.0,45.87,-11.79,2.87,0.0,OK
2026-05-01 01:59:25,1547,0.2215,0.0208,0.0,11.63,0.7,0.033,43.23,-12.32,1.68,0.0,OK
2026-05-01 01:59:25,1548,0.1979,0.0,0.0,11.62,2.85,0.067,44.58,-11.93,2.08,0.0,OK
2026-05-01 01:59:25,1549,0.2369,0.0293,0.0,12.77,2.62,0.0,43.13,-12.64,3.52,0.0,OK
2026-05-01 01:59:25,1550,0.2756,0.0217,0.0,12.77,2.41,0.0,42.67,-12.47,2.77,0.0,OK
2026-05-01 01:59:25,1551,0.2681,0.0221,0.0,12.76,2.22,0.0,44.54,-11.95,2.72,0.0,OK
2026-05-01 01:59:25,1552,0.2912,0.0,0.0,12.75,2.04,0.0,42.77,-9.42,3.99,0.0,OK
2026-05-01 01:59:25,1553,0.3138,0.0221,0.0,12.74,1.88,0.0,43.61,-10.66,3.71,0.0,OK
2026-05-01 01:59:25,1554,0.3207,0.0,0.0,12.73,1.73,0.0,42.55,-10.35,3.9,0.0,OK
2026-05-01 01:59:25,1555,0.3229,0.0227,0.0,12.72,1.59,0.0,42.44,-9.63,4.08,0.0,OK
2026-05-01 01:59:25,1556,0.3284,0.0,0.0,12.72,1.46,0.0,44.32,-11.98,3.99,0.0,OK
2026-05-01 01:59:25,1557,0.3208,0.0,0.0,12.71,1.35,0.0,44.49,-11.37,3.36,0.0,OK
2026-05-01 01:59:25,1558,0.3189,0.0221,0.0,12.7,1.24,0.0,44.04,-11.59,3.13,0.0,OK
2026-05-01 01:59:25,1559,0.2955,0.0,0.0,12.69,1.14,0.0,43.87,-11.01,3.7,0.0,OK
2026-05-01 01:59:25,1560,0.2984,0.0217,0.0,12.68,1.05,0.0,43.15,-10.62,3.85,0.0,OK
2026-05-01 01:59:25,1561,0.3186,0.0216,0.0,12.68,0.96,0.0,42.69,-10.3,4.22,0.0,OK
2026-05-01 01:59:25,1562,0.3117,0.0,0.0,12.67,0.89,0.0,42.35,-9.99,4.34,0.0,OK
2026-05-01 01:59:25,1563,0.3124,0.0,0.0,12.66,0.82,0.0,41.18,-12.92,3.7,0.0,OK
2026-05-01 01:59:25,1564,0.3042,0.0212,0.0,12.65,0.75,0.0,42.89,-11.06,3.84,0.0,OK
2026-05-01 01:59:25,1565,0.3204,0.0216,0.0,12.64,0.69,0.0,42.3,-11.32,4.12,0.0,OK
2026-05-01 01:59:25,1566,0.3136,0.0207,0.0,12.64,0.64,0.0,41.38,-10.38,5.31,0.0,OK
2026-05-01 01:59:25,1567,0.2973,0.0207,0.0,12.63,0.58,0.0,42.35,-11.18,5.02,0.0,OK
2026-05-01 01:59:25,1568,0.3141,0.0217,0.0,12.62,0.54,0.0,40.95,-10.96,4.31,0.0,OK
2026-05-01 01:59:25,1569,0.3113,0.0,0.0,12.61,0.49,0.0,40.88,-11.13,4.57,0.0,OK
2026-05-01 01:59:25,1570,0.3049,0.0217,0.0,12.6,0.46,0.0,41.41,-12.17,2.98,0.0,OK
2026-05-01 01:59:25,1571,0.2964,0.0,0.0,12.6,0.42,0.0,41.51,-12.03,3.58,0.0,OK
2026-05-01 01:59:25,1572,0.2886,0.0216,0.0,12.59,0.39,0.0,42.79,-10.82,3.51,0.0,OK
2026-05-01 01:59:25,1573,0.2879,0.0217,0.0,12.58,0.35,0.0,41.5,-11.22,3.37,0.0,OK
2026-05-01 01:59:26,1574,0.2391,0.0,0.0,12.57,0.33,0.0,43.31,-11.51,2.34,0.0,OK
2026-05-01 01:59:26,1575,0.2351,0.0212,0.0,12.56,0.3,0.0,43.33,-11.58,3.29,0.0,OK
2026-05-01 01:59:26,1576,0.2522,0.0,0.0,12.56,0.28,0.0,43.64,-11.76,2.78,0.0,OK
2026-05-01 01:59:26,1577,0.2614,0.0221,0.0,12.55,0.25,0.0,43.52,-10.23,3.39,0.0,OK
2026-05-01 01:59:26,1578,0.2443,0.0226,0.0,12.54,0.23,0.0,43.83,-11.53,2.95,0.0,OK
2026-05-01 01:59:26,1579,0.2494,0.0,0.0,12.53,0.21,0.0,42.16,-10.23,3.38,0.0,OK
2026-05-01 01:59:26,1580,0.2299,0.0,0.0,12.52,0.2,0.0,41.72,-10.39,3.06,0.0,OK
2026-05-01 01:59:26,1581,0.2141,0.0,0.0,12.52,1.29,0.033,42.48,-9.27,4.6,0.0,OK
2026-05-01 01:59:26,1582,0.2296,0.0,0.0,12.51,1.18,0.0,41.56,-10.23,3.8,0.0,OK
2026-05-01 01:59:26,1583,0.2356,0.0,0.0,12.5,1.09,0.0,41.79,-10.66,3.99,0.0,OK
2026-05-01 01:59:26,1584,0.2241,0.0,0.0,12.49,1.25,0.033,41.58,-11.52,3.04,0.0,OK
2026-05-01 01:59:26,1585,0.2234,0.0,0.0,12.48,1.65,0.067,40.52,-10.17,4.47,0.0,OK
2026-05-01 01:59:26,1586,0.2523,0.0,0.0,13.61,1.52,0.0,38.14,-11.95,2.95,0.0,OK
2026-05-01 01:59:26,1587,0.2758,0.0243,0.0,13.6,1.39,0.0,35.7,-12.05,2.8,0.0,OK
2026-05-01 01:59:26,1588,0.2937,0.0335,0.0,13.59,1.28,0.0,32.63,-11.12,3.55,0.0,OK
2026-05-01 01:59:26,1589,0.2979,0.0249,0.0,13.58,1.18,0.0,32.8,-9.83,3.78,0.0,OK
2026-05-01 01:59:26,1590,0.3284,0.0249,0.0,13.58,1.09,0.0,27.98,-11.42,2.77,0.0,OK
2026-05-01 01:59:26,1591,0.3203,0.0243,0.0,13.57,1.0,0.0,26.7,-10.99,2.69,0.0,OK
2026-05-01 01:59:26,1592,0.336,0.0243,0.0,13.56,0.92,0.0,21.23,-9.21,4.77,0.0,OK
2026-05-01 01:59:26,1593,0.3033,0.0249,0.0,13.55,0.85,0.0,21.17,-11.45,4.56,0.0,OK
2026-05-01 01:59:26,1594,0.3149,0.0232,0.0,13.54,0.78,0.0,16.51,-6.57,4.32,0.0,OK
2026-05-01 01:59:26,1595,0.3212,0.0243,0.0,13.53,0.72,0.0,-5.07,4.48,4.56,0.0,OK
2026-05-01 01:59:26,1596,0.3034,0.0256,0.0,13.53,0.66,0.0,-6.51,4.42,4.91,0.0,OK
2026-05-01 01:59:26,1597,0.3089,0.0244,0.0,13.52,0.61,0.0,-13.85,3.2,3.52,0.0,OK
2026-05-01 01:59:26,1598,0.3048,0.0256,0.0,13.51,0.56,0.0,-9.76,3.7,3.82,0.0,OK
2026-05-01 01:59:26,1599,0.2739,0.0237,0.0,13.5,0.51,0.0,-17.73,3.51,3.9,0.0,OK
2026-05-01 01:59:26,1600,0.2693,0.0243,0.0,13.49,0.47,0.0,-17.03,3.83,4.52,0.0,OK
2026-05-01 01:59:26,1601,0.281,0.0336,0.0,13.48,0.43,0.0,-22.89,4.02,4.3,0.0,OK
2026-05-01 01:59:26,1602,0.2476,0.0,0.0,13.47,0.4,0.0,-26.51,4.84,4.4,0.0,OK
2026-05-01 01:59:27,1603,0.2313,0.0237,0.0,13.47,0.37,0.0,-26.65,3.73,4.47,0.0,OK
2026-05-01 01:59:27,1604,0.2508,0.0,0.0,13.46,0.34,0.0,-28.04,4.45,3.86,0.0,OK
2026-05-01 01:59:27,1605,0.2266,0.0,0.0,13.45,0.61,0.033,-29.22,4.11,3.71,0.0,OK
2026-05-01 01:59:27,1606,0.2334,0.0244,0.0,13.44,0.56,0.0,-30.86,3.87,3.58,0.0,OK
2026-05-01 01:59:27,1607,0.2202,0.0243,0.0,13.43,1.15,0.033,-30.18,4.92,3.54,0.0,OK
2026-05-01 01:59:27,1608,0.2075,0.0238,0.0,13.42,2.55,0.067,-33.31,4.79,3.14,0.0,OK
2026-05-01 01:59:27,1609,0.1947,0.0,0.0,13.42,4.49,0.1,-32.3,4.56,2.75,0.0,OK
2026-05-01 01:59:27,1610,0.1937,0.0,0.0,13.41,6.06,0.133,-32.94,6.42,2.61,0.0,OK
2026-05-01 01:59:27,1611,0.1921,0.0243,0.0,13.4,7.42,0.167,-34.49,6.85,2.87,0.0,OK
2026-05-01 01:59:27,1612,0.2102,0.0,0.0,13.39,7.44,0.2,-35.18,6.59,2.09,0.0,OK
2026-05-01 01:59:27,1613,0.1909,0.025,0.0467,13.38,8.88,0.233,-32.74,5.37,3.44,0.0,OK
2026-05-01 01:59:27,1614,0.18,0.0243,0.0533,13.37,10.73,0.267,-34.1,5.13,3.01,0.0,OK
2026-05-01 01:59:27,1615,0.2003,0.0499,0.06,13.37,10.93,0.3,-35.8,6.34,2.12,0.0,OK
2026-05-01 01:59:27,1616,0.1949,0.0,0.0667,13.36,11.64,0.333,-36.04,7.34,1.68,0.0,OK
2026-05-01 01:59:27,1617,0.1869,0.0244,0.0733,13.35,12.84,0.367,-36.83,6.22,2.54,0.0,OK
2026-05-01 01:59:27,1618,0.1826,0.0,0.08,13.34,14.12,0.4,-36.16,5.69,2.83,0.0,OK
2026-05-01 01:59:27,1619,0.2072,0.0244,0.0867,13.33,14.03,0.433,-37.43,6.37,1.71,0.0,OK
2026-05-01 01:59:27,1620,0.2009,0.0244,0.0933,13.33,14.27,0.467,-36.88,5.95,2.13,0.0,OK
2026-05-01 01:59:27,1621,0.1905,0.0,0.1,13.32,15.3,0.5,-37.46,6.92,2.24,0.0,OK
2026-05-01 01:59:27,1622,0.1801,0.0,0.1067,13.31,17.09,0.533,-37.39,5.27,2.31,0.0,OK
2026-05-01 01:59:27,1623,0.175,0.0238,0.1133,13.3,19.04,0.567,-37.26,5.79,2.28,0.0,OK
2026-05-01 01:59:27,1624,0.2105,0.0244,0.12,13.29,18.95,0.6,-38.01,7.24,1.85,0.0,OK
2026-05-01 01:59:27,1625,0.2105,0.0244,0.1267,13.28,19.03,0.633,-37.57,7.23,1.88,0.0,OK
2026-05-01 01:59:27,1626,0.1876,0.0244,0.1333,13.28,20.97,0.667,-37.43,8.15,1.53,0.0,OK
2026-05-01 01:59:27,1627,0.2105,0.0,0.14,13.27,21.31,0.7,-37.12,7.79,1.72,0.0,OK
2026-05-01 01:59:27,1628,0.1962,0.0,0.1467,13.26,22.88,0.733,-37.41,7.34,2.25,0.0,OK
2026-05-01 01:59:27,1629,0.1896,0.0,0.1533,13.25,24.78,0.767,-36.57,7.87,2.24,0.0,OK
2026-05-01 01:59:27,1630,0.1962,0.0,0.16,13.24,26.09,0.8,-37.4,6.59,2.26,0.0,OK
2026-05-01 01:59:27,1631,0.1815,0.0238,0.1667,13.24,28.32,0.833,-37.71,7.62,2.46,0.0,OK
2026-05-01 01:59:27,1632,0.1861,0.0,0.1733,13.23,29.97,0.867,-37.44,6.45,2.63,0.0,OK
2026-05-01 01:59:27,1633,0.1787,0.0,0.18,13.22,31.97,0.9,-37.32,6.25,2.54,0.0,OK
2026-05-01 01:59:28,1634,0.1839,0.0,0.1867,13.21,33.43,0.933,-37.05,5.95,2.31,0.0,OK
2026-05-01 01:59:28,1635,0.1849,0.0,0.1933,13.2,34.8,0.967,-36.54,6.4,3.08,0.0,OK
2026-05-01 01:59:28,1636,0.208,0.025,0.2,13.19,34.79,1.0,-36.73,5.69,2.7,0.0,OK
2026-05-01 01:59:28,1637,0.1745,0.0244,0.2067,13.19,37.27,1.033,-37.63,6.12,1.59,0.0,OK
2026-05-01 01:59:28,1638,0.1759,0.0244,0.2133,13.18,39.28,1.067,-37.94,6.63,1.55,0.0,OK
2026-05-01 01:59:28,1639,0.19,0.0244,0.22,13.17,40.2,1.1,-37.13,5.28,2.31,0.0,OK
2026-05-01 01:59:28,1640,0.1783,0.0336,0.2267,13.16,42.0,1.133,-36.84,7.16,1.66,0.0,OK
2026-05-01 01:59:28,1641,0.2114,0.0244,0.2333,13.15,41.91,1.167,-35.51,6.74,1.87,0.0,OK
2026-05-01 01:59:28,1642,0.213,0.0244,0.24,13.15,41.94,1.2,-36.58,4.98,2.17,0.0,OK
2026-05-01 01:59:28,1643,0.1963,0.0238,0.2467,13.14,43.47,1.233,-37.29,6.6,2.2,0.03,OK
2026-05-01 01:59:28,1644,0.1962,0.0,0.2533,13.13,44.97,1.267,-37.46,7.26,1.92,0.1,OK
2026-05-01 01:59:28,1645,0.1962,0.0232,0.26,13.12,46.45,1.3,-37.43,6.64,2.46,0.17,OK
2026-05-01 01:59:28,1646,0.1804,0.0336,0.2667,13.11,48.89,1.333,-35.2,6.05,3.52,0.27,OK
2026-05-01 01:59:28,1647,0.1787,0.0232,0.2733,13.11,51.11,1.367,-35.8,7.3,2.97,0.4,OK
2026-05-01 01:59:28,1648,0.1934,0.0,0.28,13.1,52.17,1.4,-36.62,7.8,2.7,0.53,OK
2026-05-01 01:59:28,1649,0.214,0.0,0.2867,13.09,52.16,1.433,-35.17,6.08,2.52,0.67,OK
2026-05-01 01:59:28,1650,0.1896,0.0,0.2933,13.08,54.15,1.467,-35.23,6.8,1.94,0.81,OK
2026-05-01 01:59:28,1651,0.2031,0.025,0.3,13.08,55.13,1.5,-35.43,5.56,1.33,0.94,OK
2026-05-01 01:59:28,1652,0.1953,0.0256,0.3067,13.07,56.76,1.533,-34.92,5.55,1.34,1.04,OK
2026-05-01 01:59:28,1653,0.218,0.0256,0.3133,13.06,56.95,1.567,-31.26,4.23,2.62,1.14,OK
2026-05-01 01:59:28,1654,0.2137,0.0,0.32,13.05,57.85,1.6,-32.25,5.89,2.0,1.24,OK
2026-05-01 01:59:28,1655,0.2051,0.0,0.3267,13.04,59.49,1.633,-32.65,5.31,1.95,1.4,OK
2026-05-01 01:59:28,1656,0.195,0.0244,0.3333,13.04,61.7,1.667,-31.66,5.5,1.71,1.53,OK
2026-05-01 01:59:28,1657,0.1985,0.0244,0.34,13.03,63.47,1.7,-30.12,5.9,2.25,1.71,HIGH
2026-05-01 01:59:28,1658,0.2019,0.0,0.3467,13.02,64.94,1.733,-27.06,7.18,1.84,1.89,HIGH
2026-05-01 01:59:28,1659,0.196,0.0244,0.3533,13.01,66.83,1.767,-27.12,6.59,1.99,2.14,HIGH
2026-05-01 01:59:28,1660,0.2466,0.0244,0.3533,13.0,63.7,0.0,-21.57,7.14,1.3,2.36,HIGH
2026-05-01 01:59:28,1661,0.2106,0.0244,0.3533,13.0,61.15,0.033,-21.19,7.26,1.37,2.61,HIGH
2026-05-01 01:59:28,1662,0.2313,0.025,0.3533,12.99,58.51,0.0,-18.89,5.55,0.59,2.83,HIGH
2026-05-01 01:59:29,1663,0.2469,0.0244,0.3533,12.98,56.1,0.0,-18.81,5.4,1.1,2.98,HIGH
2026-05-01 01:59:29,1664,0.2374,0.0488,0.3533,12.97,53.88,0.0,-14.14,6.86,0.2,3.07,HIGH
2026-05-01 01:59:29,1665,0.2595,0.0,0.3533,12.97,51.84,0.0,-13.95,7.56,1.1,3.06,HIGH
2026-05-01 01:59:29,1666,0.2512,0.0227,0.3533,12.96,49.97,0.0,-12.79,7.81,0.95,3.04,HIGH
2026-05-01 01:59:29,1667,0.2641,0.0222,0.3533,12.95,48.24,0.0,-14.2,7.91,1.64,3.0,HIGH
2026-05-01 01:59:29,1668,0.2597,0.0,0.3533,12.94,46.64,0.0,-10.82,6.98,1.72,2.96,HIGH
2026-05-01 01:59:29,1669,0.26,0.0217,0.3533,12.93,45.17,0.0,-12.71,7.05,2.1,2.88,HIGH
2026-05-01 01:59:29,1670,0.265,0.0222,0.3533,12.93,43.8,0.0,-9.53,8.62,1.12,2.77,HIGH
2026-05-01 01:59:29,1671,0.264,0.0217,0.3533,12.92,42.54,0.0,-10.48,7.46,2.42,2.65,HIGH
2026-05-01 01:59:29,1672,0.2703,0.0222,0.3533,12.91,41.36,0.0,-9.42,8.38,1.9,2.52,HIGH
2026-05-01 01:59:29,1673,0.2597,0.0213,0.3533,12.9,40.27,0.0,-9.72,9.29,1.73,2.38,HIGH
2026-05-01 01:59:29,1674,0.2645,0.0,0.3533,12.9,39.25,0.0,-9.79,7.91,2.04,2.22,HIGH
2026-05-01 01:59:29,1675,0.2293,0.0217,0.3533,12.89,38.3,0.0,-9.65,8.27,1.59,2.05,HIGH
2026-05-01 01:59:29,1676,0.2472,0.0217,0.3533,12.88,37.42,0.0,-9.65,8.27,1.59,1.89,HIGH
2026-05-01 01:59:29,1677,0.261,0.0222,0.3533,12.87,36.59,0.0,-9.51,7.78,2.67,1.74,HIGH
2026-05-01 01:59:29,1678,0.2682,0.0222,0.3533,12.86,35.81,0.0,-11.59,5.69,2.26,1.6,HIGH
2026-05-01 01:59:29,1679,0.264,0.0222,0.3533,12.86,35.09,0.0,-12.1,6.53,1.77,1.47,HIGH
2026-05-01 01:59:29,1680,0.2426,0.0217,0.3533,12.85,34.42,0.0,-10.0,7.24,2.23,1.35,HIGH
2026-05-01 01:59:29,1681,0.2509,0.0217,0.3533,12.84,33.79,0.0,-10.06,6.63,2.18,1.24,HIGH
2026-05-01 01:59:29,1682,0.26,0.0434,0.3533,12.83,33.21,0.0,-10.75,6.34,2.23,1.14,HIGH
2026-05-01 01:59:29,1683,0.268,0.0217,0.3533,12.83,32.66,0.0,-10.47,5.89,2.61,1.05,HIGH
2026-05-01 01:59:29,1684,0.2509,0.0444,0.3533,12.82,32.15,0.0,-9.85,5.03,2.66,0.97,HIGH
2026-05-01 01:59:29,1685,0.2509,0.0217,0.3533,12.81,31.68,0.0,-10.94,3.91,2.93,0.89,HIGH
2026-05-01 01:59:29,1686,0.2509,0.0222,0.3533,12.8,31.24,0.0,-11.31,4.34,3.19,0.82,HIGH
2026-05-01 01:59:29,1687,0.2509,0.0454,0.3533,12.8,30.83,0.0,-10.99,3.78,2.6,0.75,HIGH
2026-05-01 01:59:29,1688,0.2509,0.0454,0.3533,12.79,30.44,0.0,-11.38,3.71,2.74,0.69,HIGH
2026-05-01 01:59:29,1689,0.2466,0.0227,0.3533,12.78,30.08,0.0,-9.84,3.78,2.69,0.64,HIGH
2026-05-01 01:59:29,1690,0.2598,0.0454,0.3533,12.77,29.75,0.0,-10.51,4.33,2.76,0.59,HIGH
2026-05-01 01:59:29,1691,0.2686,0.0444,0.3533,12.77,29.44,0.0,-9.87,3.15,3.33,0.54,HIGH
2026-05-01 01:59:29,1692,0.2736,0.0222,0.3533,12.76,29.15,0.0,-9.87,3.15,3.33,0.5,HIGH
2026-05-01 01:59:29,1693,0.2825,0.0444,0.3533,12.75,28.88,0.0,-11.41,2.55,3.36,0.46,HIGH
2026-05-01 01:59:30,1694,0.2509,0.0321,0.3533,12.74,28.63,0.0,-11.11,1.31,3.0,0.42,HIGH
2026-05-01 01:59:30,1695,0.2509,0.0321,0.3533,12.74,28.4,0.0,-10.97,1.8,3.12,0.39,HIGH
2026-05-01 01:59:30,1696,0.2598,0.0227,0.3533,12.73,28.18,0.0,-7.47,2.56,3.43,0.36,HIGH
2026-05-01 01:59:30,1697,0.2644,0.0222,0.3533,12.72,27.98,0.0,-9.14,2.86,3.44,0.33,HIGH
2026-05-01 01:59:30,1698,0.2572,0.0217,0.3533,12.71,27.79,0.0,-10.09,3.65,3.63,0.3,HIGH
2026-05-01 01:59:30,1699,0.2572,0.0217,0.3533,12.71,27.62,0.0,-10.09,3.65,3.63,0.28,HIGH
2026-05-01 01:59:30,1700,0.2682,0.0444,0.3533,12.7,27.46,0.0,-9.8,2.0,3.64,0.25,HIGH
2026-05-01 01:59:30,1701,0.2693,0.0222,0.3533,12.69,27.31,0.0,-7.6,2.38,3.61,0.23,HIGH
2026-05-01 01:59:30,1702,0.2775,0.0444,0.3533,12.68,27.16,0.0,-8.17,1.85,3.6,0.22,HIGH
2026-05-01 01:59:30,1703,0.2736,0.0227,0.3533,12.68,27.03,0.0,-8.41,1.5,3.31,0.2,HIGH
2026-05-01 01:59:30,1704,0.2963,0.0222,0.3533,12.67,26.91,0.0,-7.51,2.6,4.24,0.18,HIGH
2026-05-01 01:59:30,1705,0.3017,0.0222,0.3533,12.66,26.8,0.0,-8.69,1.84,3.84,0.17,HIGH
2026-05-01 01:59:30,1706,0.2985,0.0227,0.3533,12.65,26.69,0.0,-7.92,1.74,3.58,0.15,HIGH
2026-05-01 01:59:30,1707,0.3042,0.0454,0.3533,12.65,26.6,0.0,-7.16,1.59,3.63,0.14,HIGH
2026-05-01 01:59:30,1708,0.299,0.0227,0.3533,12.64,26.51,0.0,-9.09,3.33,3.21,0.13,HIGH
2026-05-01 01:59:30,1709,0.307,0.0212,0.3533,12.63,26.42,0.0,-7.62,4.8,3.1,0.12,HIGH
2026-05-01 01:59:30,1710,0.3229,0.0212,0.3533,12.62,26.34,0.0,-7.74,3.36,3.96,0.11,HIGH
2026-05-01 01:59:30,1711,0.2977,0.0227,0.3533,12.62,26.27,0.0,-5.12,1.73,4.54,0.1,HIGH
2026-05-01 01:59:30,1712,0.2984,0.0222,0.3533,12.61,26.2,0.0,-7.58,3.49,4.26,0.09,HIGH
2026-05-01 01:59:30,1713,0.3001,0.0222,0.3533,12.6,26.14,0.0,-8.88,1.39,3.41,0.09,HIGH
2026-05-01 01:59:30,1714,0.3157,0.0227,0.3533,12.59,26.08,0.0,-9.52,2.78,3.29,0.08,HIGH
2026-05-01 01:59:30,1715,0.2942,0.0454,0.3533,12.59,26.03,0.0,-9.85,2.75,3.56,0.07,HIGH
2026-05-01 01:59:30,1716,0.2964,0.0212,0.3533,12.58,25.98,0.0,9.11,-10.67,2.84,0.07,HIGH
2026-05-01 01:59:30,1717,0.3037,0.0434,0.3533,12.57,25.93,0.0,-7.82,2.11,3.82,0.06,HIGH
2026-05-01 01:59:30,1718,0.2958,0.0227,0.3533,12.57,25.89,0.0,-8.17,2.1,3.34,0.06,LOW
2026-05-01 01:59:30,1719,0.2922,0.0222,0.3533,12.56,25.85,0.0,-10.03,2.95,3.09,0.05,LOW
2026-05-01 01:59:30,1720,0.3207,0.0222,0.3533,12.55,25.81,0.0,-9.09,3.81,3.82,0.05,LOW
2026-05-01 01:59:30,1721,0.3296,0.0222,0.3533,12.54,25.78,0.0,-7.89,3.3,3.54,0.04,LOW
2026-05-01 01:59:30,1722,0.2984,0.0454,0.3533,12.54,25.74,0.0,-8.38,2.89,2.77,0.04,LOW
2026-05-01 01:59:31,1723,0.2793,0.0443,0.3533,12.53,25.71,0.0,-7.86,3.19,3.54,0.04,LOW
2026-05-01 01:59:31,1724,0.2969,0.0217,0.3533,12.52,25.69,0.0,-8.25,2.1,3.63,0.03,LOW
2026-05-01 01:59:31,1725,0.3052,0.0443,0.3533,12.51,25.66,0.0,-6.71,3.01,3.24,0.03,LOW
2026-05-01 01:59:31,1726,0.3037,0.0434,0.3533,12.51,25.64,0.0,-9.51,3.37,3.38,0.03,LOW
2026-05-01 01:59:31,1727,0.2948,0.0222,0.3533,12.5,25.61,0.0,-8.1,4.22,3.63,0.03,LOW
2026-05-01 01:59:31,1728,0.3037,0.0222,0.3533,12.49,25.59,0.0,-8.1,4.22,3.63,0.02,LOW
2026-05-01 01:59:31,1729,0.2992,0.0217,0.3533,12.49,25.58,0.0,-11.21,4.66,3.19,0.02,LOW
2026-05-01 01:59:31,1730,0.3041,0.0,0.3533,12.48,25.56,0.0,-11.7,2.94,2.52,0.02,LOW
2026-05-01 01:59:31,1731,0.3095,0.0227,0.3533,12.47,25.54,0.0,-12.04,2.65,2.53,0.02,LOW
2026-05-01 01:59:31,1732,0.2908,0.0227,0.3533,12.46,25.53,0.0,-16.05,3.69,3.01,0.02,LOW
2026-05-01 01:59:31,1733,0.3062,0.0227,0.3533,12.46,25.51,0.0,-15.08,4.84,3.06,0.02,LOW
2026-05-01 01:59:31,1734,0.2871,0.0,0.3533,12.45,25.5,0.0,-18.79,3.26,3.09,0.01,LOW
2026-05-01 01:59:31,1735,0.2938,0.0244,0.3533,12.44,25.49,0.0,-17.19,4.24,2.84,0.01,LOW
2026-05-01 01:59:31,1736,0.2839,0.0,0.3533,12.44,25.48,0.0,-21.49,4.6,2.06,0.01,LOW
2026-05-01 01:59:31,1737,0.274,0.0,0.3533,12.43,25.46,0.0,-20.22,4.76,2.48,0.01,LOW
2026-05-01 01:59:31,1738,0.2664,0.0244,0.3533,12.42,25.46,0.0,-23.69,4.68,2.13,0.01,LOW
2026-05-01 01:59:31,1739,0.2602,0.0244,0.3533,12.41,25.45,0.0,-23.83,4.45,2.34,0.01,LOW
2026-05-01 01:59:31,1740,0.2516,0.0232,0.3533,12.41,25.44,0.0,-26.65,4.92,3.23,0.01,LOW
2026-05-01 01:59:31,1741,0.236,0.0,0.3533,12.4,25.43,0.0,-27.06,5.24,3.41,0.01,LOW
2026-05-01 01:59:31,1742,0.2407,0.0,0.3533,12.39,25.42,0.0,-29.12,4.49,2.41,0.01,LOW
2026-05-01 01:59:31,1743,0.248,0.0232,0.3533,12.39,25.42,0.0,-31.71,5.15,2.88,0.01,LOW
2026-05-01 01:59:31,1744,0.2153,0.0,0.3533,12.38,26.47,0.033,-30.64,4.38,2.87,0.01,LOW
2026-05-01 01:59:31,1745,0.2132,0.0,0.3533,12.37,27.53,0.067,-33.47,4.59,2.4,0.01,LOW
2026-05-01 01:59:31,1746,0.2172,0.0,0.3533,12.36,28.22,0.1,-33.13,4.05,2.28,0.01,LOW
2026-05-01 01:59:31,1747,0.2189,0.0238,0.3533,12.36,28.81,0.133,-33.86,5.61,2.33,0.01,LOW
2026-05-01 01:59:31,1748,0.2199,0.0336,0.3533,12.35,29.38,0.167,-33.86,5.61,2.33,0.0,LOW
2026-05-01 01:59:31,1749,0.239,0.0244,0.3533,13.37,29.05,0.0,-33.95,6.32,2.9,0.0,LOW
2026-05-01 01:59:31,1750,0.2129,0.0,0.3533,13.36,29.04,0.033,-34.96,5.26,2.65,0.0,LOW
2026-05-01 01:59:31,1751,0.1965,0.0,0.3533,13.36,30.22,0.067,-34.98,5.9,2.93,0.0,LOW
2026-05-01 01:59:31,1752,0.1827,0.0,0.3533,13.35,32.07,0.1,-36.5,6.07,3.04,0.0,LOW
2026-05-01 01:59:31,1753,0.1932,0.0,0.3533,13.34,32.89,0.133,-35.43,5.81,3.35,0.0,LOW
2026-05-01 01:59:32,1754,0.2141,0.0487,0.3533,13.33,32.77,0.167,-36.7,6.32,2.49,0.0,LOW
2026-05-01 01:59:32,1755,0.2208,0.0244,0.3533,13.33,32.63,0.2,-37.73,6.61,1.85,0.0,LOW
2026-05-01 01:59:32,1756,0.2105,0.0,0.4,13.32,34.56,0.233,-38.11,5.63,2.93,0.0,LOW
2026-05-01 01:59:32,1757,0.1924,0.0,0.4,13.31,37.16,0.267,-38.91,6.03,2.61,0.0,LOW
2026-05-01 01:59:32,1758,0.178,0.0227,0.4,13.3,39.98,0.3,-37.88,6.79,3.4,0.0,LOW
2026-05-01 01:59:32,1759,0.2077,0.0249,0.4,13.3,40.24,0.333,-36.56,7.1,2.81,0.0,LOW
2026-05-01 01:59:32,1760,0.182,0.0,0.4,13.29,42.23,0.367,-38.62,7.22,3.11,0.0,LOW
2026-05-01 01:59:32,1761,0.175,0.0249,0.4,13.28,44.19,0.4,-37.87,5.15,3.2,0.0,LOW
2026-05-01 01:59:32,1762,0.1801,0.0249,0.4,13.27,45.4,0.433,-37.88,5.71,3.05,0.0,LOW
2026-05-01 01:59:32,1763,0.1937,0.0238,0.4,13.27,45.6,0.467,-37.7,6.63,2.75,0.0,LOW
2026-05-01 01:59:32,1764,0.2075,0.0,0.4,13.26,45.49,0.5,-37.26,6.61,2.78,0.0,LOW
2026-05-01 01:59:32,1765,0.1896,0.0238,0.4,13.25,46.4,0.533,-37.42,4.9,3.49,0.0,LOW
2026-05-01 01:59:32,1766,0.2,0.0237,0.4,13.24,46.6,0.567,-37.42,4.9,3.49,0.0,LOW
2026-05-01 01:59:32,1767,0.1641,0.0,0.4,13.24,49.16,0.6,-36.61,7.1,2.77,0.0,LOW
2026-05-01 01:59:32,1768,0.1787,0.0321,0.4,13.23,50.19,0.633,-36.83,7.88,3.25,0.0,LOW
2026-05-01 01:59:32,1769,0.175,0.0227,0.4,13.22,51.33,0.667,-37.02,7.9,3.38,0.0,LOW
2026-05-01 01:59:32,1770,0.1787,0.0,0.4,13.21,52.08,0.7,-36.55,6.49,2.52,0.0,LOW
2026-05-01 01:59:32,1771,0.1752,0.0,0.4,13.21,53.03,0.733,-35.82,6.0,3.06,0.0,LOW
2026-05-01 01:59:32,1772,0.1859,0.0243,0.4,13.2,53.24,0.767,-34.99,6.47,3.85,0.0,LOW
2026-05-01 01:59:32,1773,0.1858,0.0237,0.4,13.19,53.63,0.8,-34.51,6.92,3.55,0.0,LOW
2026-05-01 01:59:32,1774,0.187,0.0226,0.4,13.18,54.05,0.833,-35.39,6.99,3.97,0.0,LOW
2026-05-01 01:59:32,1775,0.2067,0.0237,0.4,13.18,53.9,0.867,-35.47,7.87,3.25,0.03,LOW
2026-05-01 01:59:32,1776,0.1985,0.0,0.4,13.17,54.04,0.9,-35.85,6.86,3.39,0.08,LOW
2026-05-01 01:59:32,1777,0.1887,0.0,0.4,13.16,55.0,0.933,-36.82,6.54,3.77,0.14,LOW
2026-05-01 01:59:32,1778,0.2026,0.0,0.4,13.15,55.06,0.967,-35.81,5.55,3.29,0.27,LOW
2026-05-01 01:59:32,1779,0.1951,0.0,0.4,13.15,55.86,1.0,-35.4,6.21,2.88,0.44,LOW
2026-05-01 01:59:32,1780,0.1864,0.0244,0.4,13.14,57.23,1.033,-35.0,5.93,3.83,0.62,LOW
2026-05-01 01:59:32,1781,0.1706,0.0237,0.4,13.13,59.39,1.067,-35.45,5.43,3.0,0.81,LOW
2026-05-01 01:59:32,1782,0.1817,0.0238,0.4,13.12,60.41,1.1,-34.9,5.76,3.3,0.95,LOW
2026-05-01 01:59:33,1783,0.175,0.0,0.4,13.12,61.79,1.133,-32.97,5.55,3.0,1.11,LOW
2026-05-01 01:59:33,1784,0.1714,0.0,0.4,13.11,63.19,1.167,-32.67,6.36,2.89,1.25,LOW
2026-05-01 01:59:33,1785,0.2091,0.0,0.4,13.1,62.95,1.2,-32.39,4.26,4.11,1.41,LOW
2026-05-01 01:59:33,1786,0.217,0.0,0.4,13.09,62.68,1.233,-32.15,5.59,3.31,1.58,MEDIUM
2026-05-01 01:59:33,1787,0.2062,0.025,0.4,13.09,62.65,1.267,-33.99,5.14,3.23,1.78,MEDIUM
2026-05-01 01:59:33,1788,0.1946,0.0,0.4,13.08,63.56,1.3,-33.09,5.72,3.47,1.94,MEDIUM
2026-05-01 01:59:33,1789,0.168,0.025,0.4,13.07,66.07,1.333,-29.63,4.47,2.42,2.07,MEDIUM
2026-05-01 01:59:33,1790,0.1997,0.0244,0.4,13.07,66.07,1.367,-27.94,4.88,3.44,2.24,MEDIUM
2026-05-01 01:59:33,1791,0.2105,0.0237,0.4,13.06,65.98,1.4,-28.01,4.63,3.58,2.4,MEDIUM
2026-05-01 01:59:33,1792,0.2112,0.0244,0.4,13.05,65.97,1.433,-25.87,4.07,1.86,2.58,MEDIUM
2026-05-01 01:59:33,1793,0.2006,0.0,0.4,13.04,66.85,1.467,-25.57,4.74,2.33,2.73,MEDIUM
2026-05-01 01:59:33,1794,0.2228,0.0238,0.4,13.04,66.74,1.5,-21.64,5.3,1.47,2.88,MEDIUM
2026-05-01 01:59:33,1795,0.2069,0.0238,0.4,13.03,67.56,1.533,-23.61,5.38,1.58,3.03,MEDIUM
2026-05-01 01:59:33,1796,0.2284,0.0345,0.4,13.02,67.45,1.567,-18.79,6.95,1.17,3.2,MEDIUM
2026-05-01 01:59:33,1797,0.2358,0.0,0.3933,13.01,64.67,0.0,-16.36,5.02,1.03,3.27,MEDIUM
2026-05-01 01:59:33,1798,0.2411,0.0336,0.3867,13.01,62.05,0.0,-14.27,4.8,1.61,3.25,MEDIUM
2026-05-01 01:59:33,1799,0.2272,0.0227,0.38,13.0,59.66,0.033,-12.2,6.34,0.28,3.21,MEDIUM
2026-05-01 01:59:33,1800,0.2328,0.0,0.3733,13.0,57.33,0.0,-11.86,6.51,1.0,3.15,MEDIUM
2026-05-01 01:59:33,1801,0.247,0.0227,0.3667,13.0,55.12,0.0,-13.87,6.11,0.23,3.06,MEDIUM
2026-05-01 01:59:33,1802,0.2646,0.0,0.36,13.0,53.02,0.0,-12.84,5.53,0.67,2.95,MEDIUM
2026-05-01 01:59:33,1803,0.2423,0.0314,0.3133,13.0,50.72,0.0,-12.2,5.76,0.93,2.83,MEDIUM
2026-05-01 01:59:33,1804,0.2428,0.0222,0.3133,13.0,48.58,0.0,-11.12,5.56,0.66,2.7,MEDIUM
2026-05-01 01:59:33,1805,0.2428,0.0222,0.3133,13.0,46.6,0.0,-9.47,4.94,0.61,2.55,MEDIUM
2026-05-01 01:59:33,1806,0.2647,0.0217,0.3133,13.0,44.77,0.0,-10.9,7.65,0.76,2.39,MEDIUM
2026-05-01 01:59:33,1807,0.2592,0.0217,0.3133,13.0,43.08,0.0,-9.02,6.57,1.33,2.22,MEDIUM
2026-05-01 01:59:33,1808,0.2598,0.0454,0.3133,13.0,41.5,0.0,-7.63,5.63,1.12,2.05,MEDIUM
2026-05-01 01:59:33,1809,0.2381,0.0465,0.3133,13.0,40.04,0.0,-7.63,5.63,1.12,1.88,MEDIUM
2026-05-01 01:59:33,1810,0.2511,0.0435,0.3133,13.0,38.68,0.0,-11.01,5.07,1.06,1.73,MEDIUM
2026-05-01 01:59:33,1811,0.2594,0.0435,0.3133,13.0,37.42,0.0,-10.85,5.53,1.18,1.59,MEDIUM
2026-05-01 01:59:33,1812,0.2476,0.0213,0.3133,13.0,36.25,0.0,-8.75,7.25,1.08,1.47,MEDIUM
2026-05-01 01:59:33,1813,0.256,0.0213,0.3133,13.0,35.17,0.0,-8.77,6.92,0.78,1.35,MEDIUM
2026-05-01 01:59:34,1814,0.2647,0.0444,0.3133,13.0,34.16,0.0,-8.12,6.11,0.86,1.24,MEDIUM
2026-05-01 01:59:34,1815,0.2686,0.0222,0.3133,13.0,33.22,0.0,-6.74,6.72,1.03,1.14,MEDIUM
2026-05-01 01:59:34,1816,0.2741,0.0307,0.3133,13.0,32.36,0.0,-6.91,7.14,0.88,1.05,MEDIUM
2026-05-01 01:59:34,1817,0.2736,0.0294,0.3133,13.0,31.55,0.0,-8.05,7.19,1.4,0.97,MEDIUM
2026-05-01 01:59:34,1818,0.2731,0.0208,0.3133,13.0,30.81,0.0,-7.16,6.84,1.46,0.89,MEDIUM
2026-05-01 01:59:34,1819,0.3053,0.0435,0.3133,13.0,30.11,0.0,-7.74,8.75,0.73,0.82,MEDIUM
2026-05-01 01:59:34,1820,0.2741,0.0213,0.3133,13.0,29.47,0.0,8.67,-0.06,2.06,0.75,MEDIUM
2026-05-01 01:59:34,1821,0.2733,0.0435,0.3133,13.0,28.88,0.0,10.24,-4.55,0.92,0.69,MEDIUM
2026-05-01 01:59:34,1822,0.273,0.0435,0.3133,13.0,28.32,0.0,10.59,-3.41,1.57,0.64,MEDIUM
2026-05-01 01:59:34,1823,0.3245,0.0217,0.3133,13.0,27.81,0.0,9.78,-2.52,2.33,0.59,MEDIUM
2026-05-01 01:59:34,1824,0.3251,0.0217,0.3133,13.0,27.34,0.0,11.26,-2.76,2.35,0.54,MEDIUM
2026-05-01 01:59:34,1825,0.2685,0.0222,0.3133,13.0,26.89,0.0,-5.19,4.57,1.81,0.5,MEDIUM
2026-05-01 01:59:34,1826,0.3172,0.0232,0.3133,13.0,26.49,0.0,-6.26,5.87,1.8,0.46,MEDIUM
2026-05-01 01:59:34,1827,0.3114,0.0238,0.3133,13.0,26.11,0.0,-5.89,5.13,1.62,0.42,MEDIUM
2026-05-01 01:59:34,1828,0.2904,0.0314,0.3133,13.0,25.76,0.0,9.62,-3.2,2.08,0.39,MEDIUM
2026-05-01 01:59:34,1829,0.299,0.0222,0.3133,12.0,25.43,0.0,-6.05,5.99,1.84,0.36,MEDIUM
2026-05-01 01:59:34,1830,0.2933,0.0217,0.3133,12.0,25.13,0.0,9.15,-5.4,2.05,0.33,MEDIUM
2026-05-01 01:59:34,1831,0.313,0.0213,0.3133,12.0,24.85,0.0,9.62,-4.01,2.3,0.3,MEDIUM
2026-05-01 01:59:34,1832,0.3251,0.0444,0.3133,12.0,24.59,0.0,11.03,-4.11,2.09,0.28,MEDIUM
2026-05-01 01:59:34,1833,0.3285,0.0444,0.3133,12.0,24.35,0.0,-5.59,5.71,2.06,0.25,MEDIUM
2026-05-01 01:59:34,1834,0.311,0.0222,0.3133,12.0,24.13,0.0,-4.62,4.83,1.88,0.23,MEDIUM
2026-05-01 01:59:34,1835,0.2938,0.0434,0.3133,12.0,23.92,0.0,12.07,-7.96,1.4,0.22,MEDIUM
2026-05-01 01:59:34,1836,0.3029,0.0434,0.3133,12.0,23.73,0.0,12.27,-7.89,1.77,0.2,MEDIUM
2026-05-01 01:59:34,1837,0.2995,0.0434,0.3133,12.0,23.55,0.0,10.6,-5.17,1.96,0.18,MEDIUM
2026-05-01 01:59:34,1838,0.2995,0.0434,0.3133,12.0,23.39,0.0,9.93,-5.35,2.05,0.17,MEDIUM
2026-05-01 01:59:34,1839,0.2943,0.0217,0.3133,12.0,23.24,0.0,-5.93,4.01,2.67,0.15,MEDIUM
2026-05-01 01:59:34,1840,0.3006,0.0217,0.3133,12.0,23.1,0.0,-5.9,5.62,2.37,0.14,MEDIUM
2026-05-01 01:59:34,1841,0.3004,0.0444,0.3133,12.0,22.97,0.0,12.2,-1.48,2.37,0.13,MEDIUM
2026-05-01 01:59:34,1842,0.2853,0.0222,0.3133,12.0,22.84,0.0,-3.27,3.37,1.8,0.12,MEDIUM
2026-05-01 01:59:35,1843,0.262,0.0307,0.3133,12.0,22.73,0.0,12.26,-5.34,1.94,0.11,MEDIUM
2026-05-01 01:59:35,1844,0.3029,0.0321,0.3133,12.0,22.63,0.0,-3.8,4.72,2.19,0.1,MEDIUM
2026-05-01 01:59:35,1845,0.3162,0.0222,0.3133,12.0,22.53,0.0,11.5,-8.58,1.31,0.09,MEDIUM
2026-05-01 01:59:35,1846,0.2932,0.0227,0.3133,12.0,22.44,0.0,-6.13,4.03,2.33,0.09,MEDIUM
2026-05-01 01:59:35,1847,0.2939,0.0454,0.3133,12.0,22.36,0.0,-6.76,3.76,2.05,0.08,MEDIUM
2026-05-01 01:59:35,1848,0.2777,0.0444,0.3133,12.0,22.28,0.0,9.62,-6.79,1.71,0.07,MEDIUM
2026-05-01 01:59:35,1849,0.2823,0.0434,0.3133,12.0,22.21,0.0,9.42,-7.54,1.76,0.07,MEDIUM
2026-05-01 01:59:35,1850,0.2681,0.0217,0.3133,12.0,22.15,0.0,12.05,-6.95,2.42,0.06,MEDIUM
2026-05-01 01:59:35,1851,0.3054,0.0227,0.3133,12.0,22.09,0.0,-6.71,4.09,2.73,0.06,MEDIUM
2026-05-01 01:59:35,1852,0.299,0.0314,0.3133,12.0,22.03,0.0,-4.96,5.09,2.64,0.05,MEDIUM
2026-05-01 01:59:35,1853,0.2685,0.0434,0.3133,12.0,21.98,0.0,-6.02,4.26,2.68,0.05,MEDIUM
2026-05-01 01:59:35,1854,0.2699,0.0454,0.3133,12.0,21.93,0.0,-5.49,4.07,3.06,0.04,MEDIUM
2026-05-01 01:59:35,1855,0.2823,0.0444,0.3133,12.0,21.89,0.0,-8.65,4.84,2.52,0.04,MEDIUM
2026-05-01 01:59:35,1856,0.2771,0.0222,0.3133,12.0,21.85,0.0,-6.81,4.74,2.52,0.04,MEDIUM
2026-05-01 01:59:35,1857,0.2842,0.0444,0.3133,12.0,21.81,0.0,9.7,-10.64,2.06,0.03,MEDIUM
2026-05-01 01:59:35,1858,0.2533,0.0444,0.3133,12.0,21.77,0.0,11.31,-8.56,1.99,0.03,MEDIUM
2026-05-01 01:59:35,1859,0.2596,0.0222,0.3133,12.0,21.74,0.0,13.61,-8.6,1.9,0.03,MEDIUM
2026-05-01 01:59:35,1860,0.2689,0.0222,0.3133,12.0,21.71,0.0,13.18,-6.25,2.75,0.03,MEDIUM
2026-05-01 01:59:35,1861,0.2797,0.0222,0.3133,12.0,21.68,0.0,10.53,-9.14,1.46,0.02,MEDIUM
2026-05-01 01:59:35,1862,0.2952,0.0222,0.3133,12.0,21.65,0.0,12.36,-9.18,1.65,0.02,MEDIUM
2026-05-01 01:59:35,1863,0.2847,0.0222,0.3133,12.0,21.63,0.0,12.68,-9.47,2.06,0.02,MEDIUM
2026-05-01 01:59:35,1864,0.2777,0.0444,0.3133,12.0,21.61,0.0,11.96,-7.38,1.27,0.02,MEDIUM
2026-05-01 01:59:35,1865,0.2687,0.0227,0.3133,12.0,21.59,0.0,12.82,-7.09,1.45,0.02,MEDIUM
2026-05-01 01:59:35,1866,0.2933,0.0222,0.3133,12.0,21.57,0.0,14.18,-9.41,0.94,0.02,MEDIUM
2026-05-01 01:59:35,1867,0.2847,0.0444,0.3133,12.0,21.55,0.0,12.41,-9.58,0.98,0.01,MEDIUM
2026-05-01 01:59:35,1868,0.28,0.0217,0.3133,12.0,21.53,0.0,14.04,-8.49,1.48,0.01,MEDIUM
2026-05-01 01:59:35,1869,0.2662,0.0314,0.3133,12.0,21.52,0.0,13.64,-9.27,1.44,0.01,MEDIUM
2026-05-01 01:59:35,1870,0.2469,0.0227,0.3133,12.0,21.51,0.0,13.73,-10.84,1.75,0.01,MEDIUM
2026-05-01 01:59:35,1871,0.247,0.0454,0.3133,12.0,21.49,0.0,12.54,-8.21,2.15,0.01,MEDIUM
2026-05-01 01:59:35,1872,0.2236,0.0227,0.3133,12.0,22.01,0.033,13.72,-9.97,0.36,0.01,MEDIUM
2026-05-01 01:59:36,1873,0.2212,0.0227,0.3133,12.0,22.74,0.067,12.55,-9.35,0.8,0.01,MEDIUM
2026-05-01 01:59:36,1874,0.2281,0.0227,0.3133,12.0,23.04,0.1,13.02,-9.01,1.14,0.01,MEDIUM
2026-05-01 01:59:36,1875,0.2387,0.0222,0.3133,13.0,22.9,0.0,12.22,-8.61,1.22,0.01,MEDIUM
2026-05-01 01:59:36,1876,0.2611,0.0227,0.3133,13.0,22.78,0.0,12.47,-8.58,1.17,0.01,MEDIUM
2026-05-01 01:59:36,1877,0.2406,0.0227,0.3133,13.0,22.66,0.0,13.98,-11.03,1.05,0.01,OK
2026-05-01 01:59:36,1878,0.2406,0.0227,0.3133,13.0,22.56,0.0,13.98,-11.03,1.05,0.01,OK
2026-05-01 01:59:36,1879,0.262,0.0222,0.3133,13.0,22.46,0.0,14.57,-9.24,1.3,0.01,OK
2026-05-01 01:59:36,1880,0.2522,0.0321,0.3133,13.0,22.37,0.0,14.89,-9.71,1.48,0.01,OK
2026-05-01 01:59:36,1881,0.2368,0.0227,0.3133,13.0,22.29,0.0,14.89,-9.71,1.48,0.0,OK
2026-05-01 01:59:36,1882,0.2382,0.0222,0.3133,13.0,22.21,0.0,15.51,-9.45,1.62,0.0,OK
2026-05-01 01:59:36,1883,0.2285,0.0222,0.3133,13.0,22.2,0.033,14.99,-9.57,1.7,0.0,OK
2026-05-01 01:59:36,1884,0.2899,0.0,0.3133,13.0,22.14,0.0,13.79,-9.32,2.22,0.0,OK
2026-05-01 01:59:36,1885,0.2876,0.0232,0.3133,13.0,22.07,0.0,13.1,-8.83,2.28,0.0,OK
2026-05-01 01:59:36,1886,0.262,0.0217,0.3133,13.0,22.01,0.0,15.68,-8.45,2.28,0.0,OK
2026-05-01 01:59:36,1887,0.2623,0.0217,0.3133,13.0,21.96,0.0,14.79,-10.58,1.66,0.0,OK
2026-05-01 01:59:36,1888,0.2493,0.0222,0.3133,13.0,21.91,0.0,14.13,-9.97,1.79,0.0,OK
2026-05-01 01:59:36,1889,0.2661,0.0444,0.3133,13.0,21.86,0.0,13.4,-9.46,1.67,0.0,OK
2026-05-01 01:59:36,1890,0.2662,0.0444,0.3133,13.0,21.82,0.0,13.7,-11.76,1.33,0.0,OK
2026-05-01 01:59:36,1891,0.2602,0.0222,0.3133,13.0,21.78,0.0,11.68,-8.56,2.37,0.0,OK
2026-05-01 01:59:36,1892,0.2684,0.0222,0.3133,13.0,21.75,0.0,11.68,-10.67,2.12,0.0,OK
2026-05-01 01:59:36,1893,0.2684,0.0213,0.3133,13.0,21.71,0.0,15.81,-12.06,1.58,0.0,OK
2026-05-01 01:59:36,1894,0.2664,0.0301,0.3133,13.0,21.68,0.0,15.69,-12.2,1.17,0.0,OK
2026-05-01 01:59:36,1895,0.2506,0.0307,0.3133,13.0,21.66,0.0,15.65,-8.51,2.09,0.0,OK
2026-05-01 01:59:36,1896,0.2493,0.0213,0.3133,13.0,21.63,0.0,14.48,-9.23,2.37,0.0,OK
2026-05-01 01:59:36,1897,0.2679,0.0321,0.3133,13.0,21.61,0.0,16.18,-7.45,2.69,0.0,OK
2026-05-01 01:59:36,1898,0.2599,0.0217,0.3133,13.0,21.58,0.0,16.09,-9.9,1.71,0.0,OK
2026-05-01 01:59:36,1899,0.2503,0.0434,0.3133,13.0,21.56,0.0,16.14,-9.55,1.93,0.0,OK
2026-05-01 01:59:36,1900,0.2602,0.0227,0.3067,13.0,21.49,0.0,13.32,-8.89,1.88,0.0,OK
2026-05-01 01:59:36,1901,0.2534,0.0222,0.3,13.0,21.37,0.0,14.95,-8.77,1.9,0.0,OK
2026-05-01 01:59:36,1902,0.2655,0.0227,0.2933,13.0,21.21,0.0,15.38,-10.28,1.71,0.0,OK
2026-05-01 01:59:37,1903,0.2665,0.0222,0.2867,13.0,21.01,0.0,14.07,-8.03,2.09,0.0,OK
2026-05-01 01:59:37,1904,0.2806,0.0208,0.28,13.0,20.77,0.0,17.49,-9.34,2.6,0.0,OK
2026-05-01 01:59:37,1905,0.2806,0.0208,0.2733,13.0,20.49,0.0,19.39,-9.46,2.52,0.0,OK
2026-05-01 01:59:37,1906,0.2673,0.0444,0.2667,13.0,20.19,0.0,12.41,-9.25,2.06,0.0,OK
2026-05-01 01:59:37,1907,0.2659,0.0454,0.26,13.0,19.85,0.0,12.41,-9.25,2.06,0.0,OK
2026-05-01 01:59:37,1908,0.2724,0.0454,0.2533,13.0,19.49,0.0,15.18,-8.19,2.16,0.0,OK
2026-05-01 01:59:37,1909,0.2655,0.0222,0.2467,13.0,19.1,0.0,15.58,-8.62,2.08,0.0,OK
2026-05-01 01:59:37,1910,0.27,0.0222,0.24,13.0,18.7,0.0,15.43,-9.71,2.16,0.0,OK
2026-05-01 01:59:37,1911,0.2391,0.0217,0.2333,13.0,18.27,0.0,15.69,-11.79,1.92,0.0,OK
2026-05-01 01:59:37,1912,0.2257,0.0222,0.2267,13.0,17.92,0.033,16.75,-8.89,2.54,0.0,OK
2026-05-01 01:59:37,1913,0.2426,0.0227,0.22,13.0,17.45,0.0,13.27,-10.3,2.05,0.0,OK
2026-05-01 01:59:37,1914,0.2467,0.0,0.2133,13.0,16.96,0.0,13.11,-10.32,1.83,0.0,OK
2026-05-01 01:59:37,1915,0.2538,0.0222,0.2067,13.0,16.46,0.0,13.44,-8.81,2.31,0.0,OK
2026-05-01 01:59:37,1916,0.2535,0.0222,0.2,13.0,15.94,0.0,13.59,-8.54,2.52,0.0,OK
2026-05-01 01:59:37,1917,0.2578,0.0453,0.1933,13.0,15.41,0.0,13.86,-11.71,2.54,0.0,OK
2026-05-01 01:59:37,1918,0.2532,0.0222,0.1867,13.0,14.87,0.0,12.58,-9.36,2.16,0.0,OK
2026-05-01 01:59:37,1919,0.2506,0.0222,0.18,13.0,14.32,0.0,12.58,-9.36,2.16,0.0,OK
2026-05-01 01:59:37,1920,0.2453,0.0453,0.1733,13.0,13.76,0.0,13.9,-11.14,1.7,0.0,OK
2026-05-01 01:59:37,1921,0.234,0.0453,0.1667,13.0,13.19,0.0,13.93,-10.95,1.9,0.0,OK
2026-05-01 01:59:37,1922,0.2601,0.0454,0.16,13.0,12.62,0.0,13.24,-9.24,2.1,0.0,OK
2026-05-01 01:59:37,1923,0.2596,0.0222,0.1533,13.0,12.04,0.0,14.45,-10.72,1.82,0.0,OK
2026-05-01 01:59:37,1924,0.2553,0.0217,0.1467,13.0,11.45,0.0,14.59,-9.62,2.08,0.0,OK
2026-05-01 01:59:37,1925,0.2493,0.0321,0.14,13.0,10.85,0.0,14.72,-8.95,2.3,0.0,OK
2026-05-01 01:59:37,1926,0.2533,0.0321,0.1333,13.0,10.25,0.0,14.09,-9.12,2.6,0.0,OK
2026-05-01 01:59:37,1927,0.2356,0.0222,0.1267,13.0,9.64,0.0,13.19,-10.55,2.92,0.0,OK
2026-05-01 01:59:37,1928,0.2322,0.0227,0.12,13.0,9.03,0.0,14.75,-10.23,3.09,0.0,OK
2026-05-01 01:59:37,1929,0.2619,0.0227,0.1133,13.0,8.42,0.0,15.73,-9.82,2.56,0.0,OK
2026-05-01 01:59:37,1930,0.2627,0.0464,0.1067,13.0,7.8,0.0,14.39,-10.53,2.3,0.0,OK
2026-05-01 01:59:37,1931,0.2468,0.0453,0.1,13.0,7.17,0.0,15.89,-10.28,2.69,0.0,OK
2026-05-01 01:59:37,1932,0.2427,0.0453,0.0933,13.0,6.6,0.0,15.52,-9.57,2.58,0.0,OK
2026-05-01 01:59:37,1933,0.25,0.0,0.0867,13.0,6.07,0.0,14.36,-9.15,3.01,0.0,OK
2026-05-01 01:59:38,1934,0.2361,0.0222,0.08,13.0,5.58,0.0,14.44,-9.94,3.36,0.0,OK
2026-05-01 01:59:38,1935,0.2592,0.0321,0.0733,13.0,5.14,0.0,15.35,-8.73,3.7,0.0,OK
2026-05-01 01:59:38,1936,0.2294,0.0,0.0667,13.0,4.73,0.0,15.16,-7.33,3.37,0.0,OK
2026-05-01 01:59:38,1937,0.2542,0.0217,0.06,13.0,4.35,0.0,15.87,-7.92,3.23,0.0,OK
2026-05-01 01:59:38,1938,0.2623,0.0227,0.0533,13.0,4.0,0.0,17.95,-9.94,2.8,0.0,OK
2026-05-01 01:59:38,1939,0.25,0.0222,0.0467,13.0,3.68,0.0,18.29,-6.67,3.49,0.0,OK
2026-05-01 01:59:38,1940,0.2422,0.0222,0.0,13.0,3.39,0.0,17.93,-8.45,2.57,0.0,OK
2026-05-01 01:59:38,1941,0.2599,0.0222,0.0,13.0,3.12,0.0,17.87,-8.85,2.33,0.0,OK
2026-05-01 01:59:38,1942,0.2589,0.0314,0.0,13.0,2.87,0.0,14.51,-8.23,3.55,0.0,OK
2026-05-01 01:59:38,1943,0.2705,0.0222,0.0,13.0,2.64,0.0,14.68,-8.38,3.36,0.0,OK
2026-05-01 01:59:38,1944,0.238,0.0222,0.0,13.0,2.43,0.0,16.81,-9.49,2.68,0.0,OK
2026-05-01 01:59:38,1945,0.2379,0.0443,0.0,13.0,2.23,0.0,18.5,-8.51,2.89,0.0,OK
2026-05-01 01:59:38,1946,0.2593,0.0222,0.0,13.0,2.05,0.0,17.72,-8.93,3.18,0.0,OK
2026-05-01 01:59:38,1947,0.2548,0.0434,0.0,13.0,1.89,0.0,16.89,-8.17,2.99,0.0,OK
2026-05-01 01:59:38,1948,0.2359,0.0307,0.0,13.0,1.74,0.0,16.16,-9.95,2.74,0.0,OK
2026-05-01 01:59:38,1949,0.2342,0.0217,0.0,13.0,1.6,0.0,19.71,-10.45,1.62,0.0,OK
2026-05-01 01:59:38,1950,0.2452,0.0217,0.0,13.0,1.47,0.0,19.88,-11.33,1.66,0.0,OK
2026-05-01 01:59:38,1951,0.2379,0.0222,0.0,13.0,1.35,0.0,18.86,-8.96,3.4,0.0,OK
2026-05-01 01:59:38,1952,0.2427,0.0226,0.0,13.0,1.25,0.0,18.39,-11.6,2.99,0.0,OK
2026-05-01 01:59:38,1953,0.2639,0.0221,0.0,13.0,1.15,0.0,16.04,-11.03,3.02,0.0,OK
2026-05-01 01:59:38,1954,0.2316,0.0227,0.0,13.0,1.05,0.0,16.28,-10.02,3.42,0.0,OK
2026-05-01 01:59:38,1955,0.2338,0.0443,0.0,13.0,0.97,0.0,17.03,-11.09,2.69,0.0,OK
2026-05-01 01:59:38,1956,0.2551,0.0232,0.0,13.0,0.89,0.0,16.04,-10.3,2.84,0.0,OK
2026-05-01 01:59:38,1957,0.2551,0.0232,0.0,13.0,0.82,0.0,16.47,-10.42,2.78,0.0,OK
2026-05-01 01:59:38,1958,0.2214,0.0217,0.0,13.0,1.24,0.033,19.33,-11.4,2.78,0.0,OK
2026-05-01 01:59:38,1959,0.2332,0.0222,0.0,13.0,1.14,0.0,19.2,-11.52,2.59,0.0,OK
2026-05-01 01:59:38,1960,0.2502,0.0232,0.0,13.0,1.05,0.0,16.78,-12.31,2.57,0.0,OK
2026-05-01 01:59:38,1961,0.2379,0.0217,0.0,13.0,0.97,0.0,19.25,-11.62,2.74,0.0,OK
2026-05-01 01:59:38,1962,0.2379,0.0222,0.0,13.0,0.89,0.0,17.04,-12.6,2.74,0.0,OK
2026-05-01 01:59:39,1963,0.2356,0.0,0.0,13.0,0.82,0.0,19.67,-12.3,2.49,0.0,OK
2026-05-01 01:59:39,1964,0.2338,0.0222,0.0,13.0,0.75,0.0,18.93,-12.99,2.62,0.0,OK
2026-05-01 01:59:39,1965,0.2422,0.0232,0.0,13.0,0.69,0.0,17.47,-11.69,2.73,0.0,OK
2026-05-01 01:59:39,1966,0.238,0.0232,0.0,13.0,0.64,0.0,17.53,-11.51,2.94,0.0,OK
2026-05-01 01:59:39,1967,0.2356,0.0222,0.0,13.0,0.59,0.0,19.82,-12.7,2.28,0.0,OK
2026-05-01 01:59:39,1968,0.2338,0.0227,0.0,13.0,0.54,0.0,17.93,-13.06,2.14,0.0,OK
2026-05-01 01:59:39,1969,0.2506,0.0217,0.0,13.0,0.5,0.0,19.29,-11.55,2.94,0.0,OK
2026-05-01 01:59:39,1970,0.26,0.0227,0.0,13.0,0.46,0.0,20.46,-11.57,2.97,0.0,OK
2026-05-01 01:59:39,1971,0.2582,0.0227,0.0,13.0,0.42,0.0,20.46,-11.57,2.97,0.0,OK
2026-05-01 01:59:39,1972,0.2592,0.0222,0.0,13.0,0.39,0.0,18.4,-11.54,2.67,0.0,OK
2026-05-01 01:59:39,1973,0.2335,0.0222,0.0,13.0,0.36,0.0,18.8,-11.96,2.55,0.0,OK
2026-05-01 01:59:39,1974,0.2428,0.0454,0.0,13.0,0.33,0.0,17.05,-11.41,1.83,0.0,OK
2026-05-01 01:59:39,1975,0.2321,0.0454,0.0,13.0,0.3,0.0,19.34,-11.41,1.71,0.0,OK
2026-05-01 01:59:39,1976,0.2506,0.0,0.0,13.0,0.28,0.0,18.4,-11.54,2.67,0.0,OK
2026-05-01 01:59:39,1977,0.2588,0.0222,0.0,13.0,0.26,0.0,18.14,-12.82,2.35,0.0,OK
2026-05-01 01:59:39,1978,0.2424,0.0227,0.0,13.0,0.23,0.0,19.75,-12.88,2.06,0.0,OK
2026-05-01 01:59:39,1979,0.2507,0.0454,0.0,13.0,0.22,0.0,19.52,-12.33,2.13,0.0,OK
2026-05-01 01:59:39,1980,0.2404,0.0453,0.0,13.0,0.2,0.0,17.52,-12.03,2.71,0.0,OK
2026-05-01 01:59:39,1981,0.2385,0.0227,0.0,13.0,0.18,0.0,17.85,-12.46,2.63,0.0,OK
2026-05-01 01:59:39,1982,0.2552,0.0217,0.0,13.0,0.17,0.0,21.33,-11.67,2.82,0.0,OK
2026-05-01 01:59:39,1983,0.2381,0.0227,0.0,13.0,0.15,0.0,15.81,-12.92,2.53,0.0,OK
2026-05-01 01:59:39,1984,0.2381,0.0222,0.0,13.0,0.14,0.0,17.63,-12.46,2.69,0.0,OK
2026-05-01 01:59:39,1985,0.2176,0.0217,0.0,13.0,1.03,0.033,19.75,-11.61,2.7,0.0,OK
2026-05-01 01:59:39,1986,0.2455,0.0222,0.0,13.0,0.95,0.0,18.49,-11.29,2.88,0.0,OK
2026-05-01 01:59:39,1987,0.2346,0.0222,0.0,13.0,0.87,0.0,20.09,-12.73,2.63,0.0,OK
2026-05-01 01:59:39,1988,0.233,0.0222,0.0,13.0,0.8,0.0,20.38,-13.49,1.86,0.0,OK
2026-05-01 01:59:39,1989,0.2301,0.0222,0.0,13.0,0.74,0.0,18.91,-11.94,2.16,0.0,OK
2026-05-01 01:59:39,1990,0.2259,0.0314,0.0,13.0,0.92,0.033,21.18,-10.81,2.4,0.0,OK
2026-05-01 01:59:39,1991,0.2447,0.0,0.0,13.0,0.84,0.0,16.8,-12.28,2.66,0.0,OK
2026-05-01 01:59:39,1992,0.2507,0.0221,0.0,13.0,0.78,0.0,19.23,-11.26,2.55,0.0,OK
2026-05-01 01:59:40,1993,0.2465,0.0222,0.0,13.0,0.71,0.0,18.56,-11.26,2.63,0.0,OK
2026-05-01 01:59:40,1994,0.2609,0.0222,0.0,13.0,0.66,0.0,20.41,-11.91,2.29,0.0,OK
2026-05-01 01:59:40,1995,0.244,0.0222,0.0,13.0,0.6,0.0,19.68,-12.07,2.17,0.0,OK
2026-05-01 01:59:40,1996,0.2633,0.0222,0.0,13.0,0.56,0.0,19.79,-11.47,2.11,0.0,OK
2026-05-01 01:59:40,1997,0.2546,0.0222,0.0,13.0,0.51,0.0,20.02,-11.57,2.44,0.0,OK
2026-05-01 01:59:40,1998,0.2507,0.0217,0.0,13.0,0.47,0.0,18.07,-13.04,2.6,0.0,OK
2026-05-01 01:59:40,1999,0.2696,0.0222,0.0,13.0,0.43,0.0,18.28,-11.42,2.03,0.0,OK
2026-05-01 01:59:40,2000,0.2593,0.0453,0.0,13.0,0.4,0.0,20.02,-11.6,1.75,0.0,OK
2026-05-01 01:59:40,2001,0.2593,0.0227,0.0,13.0,0.37,0.0,20.23,-13.21,1.93,0.0,OK
2026-05-01 01:59:40,2002,0.2582,0.0453,0.0,13.0,0.34,0.0,18.66,-13.08,2.23,0.0,OK
2026-05-01 01:59:40,2003,0.2422,0.0217,0.0,13.0,0.31,0.0,20.47,-11.59,2.56,0.0,OK
2026-05-01 01:59:40,2004,0.2325,0.0217,0.0,13.0,0.29,0.0,19.35,-11.62,2.73,0.0,OK
2026-05-01 01:59:40,2005,0.2556,0.0227,0.0,13.0,0.26,0.0,19.58,-11.93,1.02,0.0,OK
2026-05-01 01:59:40,2006,0.2424,0.0222,0.0,12.0,0.24,0.0,20.41,-11.72,2.05,0.0,OK
2026-05-01 01:59:40,2007,0.2507,0.0222,0.0,12.0,0.22,0.0,20.41,-11.72,2.05,0.0,OK
2026-05-01 01:59:40,2008,0.2462,0.0314,0.0,12.0,0.2,0.0,21.74,-12.79,2.25,0.0,OK
2026-05-01 01:59:40,2009,0.2499,0.0222,0.0,12.0,0.19,0.0,19.82,-12.34,2.57,0.0,OK
2026-05-01 01:59:40,2010,0.2465,0.0222,0.0,12.0,0.17,0.0,22.06,-13.39,1.89,0.0,OK
2026-05-01 01:59:40,2011,0.2205,0.0222,0.0,12.0,0.88,0.033,21.56,-12.33,2.47,0.0,OK
2026-05-01 01:59:40,2012,0.2541,0.0222,0.0,12.0,0.81,0.0,23.95,-11.72,2.18,0.0,OK
2026-05-01 01:59:40,2013,0.2457,0.0222,0.0,12.0,0.74,0.0,22.27,-11.82,2.24,0.0,OK
2026-05-01 01:59:40,2014,0.2603,0.0425,0.0,12.0,0.68,0.0,21.62,-12.5,2.56,0.0,OK
2026-05-01 01:59:40,2015,0.2665,0.0434,0.0,12.0,0.63,0.0,22.65,-12.08,2.46,0.0,OK
2026-05-01 01:59:40,2016,0.2211,0.0314,0.0,12.0,1.13,0.033,22.38,-13.36,1.88,0.0,OK
2026-05-01 01:59:40,2017,0.2129,0.0217,0.0,12.0,2.21,0.067,23.81,-12.46,1.69,0.0,OK
2026-05-01 01:59:40,2018,0.2064,0.0,0.0,12.0,3.55,0.1,21.8,-12.46,1.64,0.0,OK
2026-05-01 01:59:40,2019,0.2057,0.0217,0.0,12.0,4.72,0.133,24.65,-13.3,1.26,0.0,OK
2026-05-01 01:59:40,2020,0.2127,0.0217,0.0,12.0,5.29,0.167,23.69,-13.49,1.59,0.0,OK
2026-05-01 01:59:40,2021,0.2352,0.0212,0.0,13.0,4.86,0.0,25.49,-12.14,2.49,0.0,OK
2026-05-01 01:59:40,2022,0.2359,0.0217,0.0,13.0,4.47,0.0,25.25,-13.64,2.23,0.0,OK
2026-05-01 01:59:41,2023,0.244,0.0217,0.0,13.0,4.12,0.0,25.22,-12.1,2.11,0.0,OK
2026-05-01 01:59:41,2024,0.2439,0.0217,0.0,13.0,3.79,0.0,25.11,-11.95,2.04,0.0,OK
2026-05-01 01:59:41,2025,0.2696,0.0,0.0,13.0,3.48,0.0,30.17,-11.24,2.51,0.0,OK
2026-05-01 01:59:41,2026,0.2582,0.0212,0.0,13.0,3.2,0.0,32.08,-11.86,2.19,0.0,OK
2026-05-01 01:59:41,2027,0.2823,0.0,0.0,13.0,2.95,0.0,31.29,-11.33,1.79,0.0,OK
2026-05-01 01:59:41,2028,0.2937,0.0227,0.0,13.0,2.71,0.0,31.42,-10.43,2.41,0.0,OK
2026-05-01 01:59:41,2029,0.3338,0.0544,0.0,13.0,2.5,0.0,32.73,-8.24,2.87,0.0,OK
2026-05-01 01:59:41,2030,0.2845,0.0,0.0,13.0,2.3,0.0,39.85,-7.93,3.12,0.0,OK
2026-05-01 01:59:41,2031,0.2949,0.0,0.0,13.0,2.11,0.0,39.09,-8.57,1.88,0.0,OK
2026-05-01 01:59:41,2032,0.3331,0.0232,0.0,13.0,1.94,0.0,41.23,-9.49,2.48,0.0,OK
2026-05-01 01:59:41,2033,0.3099,0.0,0.0,12.0,1.79,0.0,39.48,-8.47,2.23,0.0,OK
2026-05-01 01:59:41,2034,0.3139,0.0,0.0,12.0,1.64,0.0,46.97,-8.72,2.24,0.0,OK
2026-05-01 01:59:41,2035,0.3116,0.0,0.0,12.0,1.51,0.0,46.39,-7.32,3.26,0.0,OK
2026-05-01 01:59:41,2036,0.3073,0.0227,0.0,12.0,1.39,0.0,48.69,-7.4,2.99,0.0,OK
2026-05-01 01:59:41,2037,0.2939,0.0,0.0,12.0,1.28,0.0,53.65,-6.99,2.13,0.0,OK
2026-05-01 01:59:41,2038,0.2929,0.0294,0.0,12.0,1.18,0.0,53.32,-7.56,2.02,0.0,OK
2026-05-01 01:59:41,2039,0.2957,0.0,0.0,12.0,1.08,0.0,54.12,-7.35,2.77,0.0,OK
2026-05-01 01:59:41,2040,0.3006,0.0,0.0,12.0,1.0,0.0,53.58,-7.2,2.42,0.0,OK
2026-05-01 01:59:41,2041,0.2986,0.0,0.0,12.0,0.92,0.0,52.96,-6.33,3.33,0.0,OK
2026-05-01 01:59:41,2042,0.2874,0.0204,0.0,12.0,0.84,0.0,52.62,-6.47,3.45,0.0,OK
2026-05-01 01:59:41,2043,0.31,0.0196,0.0,12.0,0.78,0.0,53.43,-6.77,2.79,0.0,OK
2026-05-01 01:59:41,2044,0.273,0.0,0.0,12.0,0.71,0.0,51.81,-6.34,3.72,0.0,OK
2026-05-01 01:59:41,2045,0.2959,0.0,0.0,12.0,0.66,0.0,51.69,-6.53,2.86,0.0,OK
2026-05-01 01:59:41,2046,0.2899,0.0,0.0,12.0,0.6,0.0,51.99,-5.41,2.93,0.0,OK
2026-05-01 01:59:41,2047,0.3005,0.0,0.0,12.0,0.56,0.0,53.3,-6.03,3.32,0.0,OK
2026-05-01 01:59:41,2048,0.2955,0.0,0.0,12.0,0.51,0.0,54.13,-5.11,3.51,0.0,OK
2026-05-01 01:59:41,2049,0.2964,0.0,0.0,12.0,0.47,0.0,54.98,-6.03,2.91,0.0,OK
2026-05-01 01:59:41,2050,0.3034,0.0,0.0,12.0,0.43,0.0,51.62,-6.42,2.8,0.0,OK
2026-05-01 01:59:41,2051,0.3044,0.0,0.0,12.0,0.4,0.0,51.48,-5.95,3.42,0.0,OK
2026-05-01 01:59:41,2052,0.3055,0.0,0.0,12.0,0.37,0.0,52.19,-7.53,3.29,0.0,OK
2026-05-01 01:59:41,2053,0.3137,0.0199,0.0,11.0,0.34,0.0,51.89,-6.45,3.95,0.0,OK
2026-05-01 01:59:42,2054,0.2799,0.0,0.0,11.0,0.31,0.0,53.26,-6.48,2.71,0.0,OK
2026-05-01 01:59:42,2055,0.3011,0.0196,0.0,11.0,0.29,0.0,52.39,-6.72,3.05,0.0,OK
2026-05-01 01:59:42,2056,0.2918,0.0196,0.0,11.0,0.26,0.0,53.11,-6.62,2.77,0.0,OK
2026-05-01 01:59:42,2057,0.2925,0.0,0.0,11.0,0.24,0.0,54.6,-8.51,2.18,0.0,OK
2026-05-01 01:59:42,2058,0.2998,0.0,0.0,11.0,0.22,0.0,53.16,-8.87,2.15,0.0,OK
2026-05-01 01:59:42,2059,0.2984,0.0,0.0,11.0,0.2,0.0,53.28,-8.11,1.58,0.0,OK
2026-05-01 01:59:42,2060,0.3036,0.0,0.0,11.0,0.19,0.0,53.15,-8.25,1.82,0.0,OK
2026-05-01 01:59:42,2061,0.3142,0.0,0.0,11.0,0.17,0.0,54.49,-6.84,3.12,0.0,OK
2026-05-01 01:59:42,2062,0.2934,0.0,0.0,11.0,0.16,0.0,54.5,-6.81,3.0,0.0,OK
2026-05-01 01:59:42,2063,0.2878,0.0,0.0,11.0,0.15,0.0,52.58,-6.5,1.41,0.0,OK
2026-05-01 01:59:42,2064,0.299,0.0,0.0,11.0,0.13,0.0,53.4,-6.76,2.0,0.0,OK
2026-05-01 01:59:42,2065,0.3123,0.0,0.0,11.0,0.12,0.0,54.57,-7.52,2.86,0.0,OK
2026-05-01 01:59:42,2066,0.319,0.0288,0.0,11.0,0.11,0.0,54.3,-8.48,2.11,0.0,OK
2026-05-01 01:59:42,2067,0.3131,0.0,0.0,11.0,0.1,0.0,54.0,-7.65,2.39,0.0,OK
2026-05-01 01:59:42,2068,0.3096,0.0,0.0,11.0,0.1,0.0,53.74,-8.67,2.69,0.0,OK
2026-05-01 01:59:42,2069,0.2949,0.0,0.0,11.0,0.09,0.0,53.44,-8.44,2.81,0.0,OK
2026-05-01 01:59:42,2070,0.3111,0.0204,0.0,11.0,0.08,0.0,54.09,-5.61,3.12,0.0,OK
2026-05-01 01:59:42,2071,0.313,0.0204,0.0,11.0,0.08,0.0,53.46,-6.03,3.2,0.0,OK
2026-05-01 01:59:42,2072,0.2982,0.0203,0.0,11.0,0.07,0.0,52.01,-6.98,3.76,0.0,OK
2026-05-01 01:59:42,2073,0.3002,0.0203,0.0,11.0,0.06,0.0,52.06,-6.97,3.41,0.0,OK
2026-05-01 01:59:42,2074,0.3087,0.0,0.0,11.0,0.06,0.0,53.09,-7.19,2.41,0.0,OK
2026-05-01 01:59:42,2075,0.3123,0.0,0.0,11.0,0.05,0.0,52.88,-6.17,3.88,0.0,OK
2026-05-01 01:59:42,2076,0.3075,0.0,0.0,11.0,0.05,0.0,53.85,-5.99,3.29,0.0,OK
2026-05-01 01:59:42,2077,0.3051,0.0217,0.0,11.0,0.05,0.0,52.7,-6.54,3.26,0.0,OK
2026-05-01 01:59:42,2078,0.3051,0.0,0.0,11.0,0.04,0.0,52.99,-6.69,3.34,0.0,OK
2026-05-01 01:59:42,2079,0.322,0.0,0.0,11.0,0.04,0.0,53.13,-8.12,2.81,0.0,OK
2026-05-01 01:59:42,2080,0.3224,0.0,0.0,11.0,0.04,0.0,53.39,-7.83,3.14,0.0,OK
2026-05-01 01:59:42,2081,0.2969,0.0,0.0,11.0,0.03,0.0,54.46,-6.38,3.56,0.0,OK
2026-05-01 01:59:42,2082,0.313,0.0,0.0,11.0,0.03,0.0,54.48,-7.58,3.13,0.0,OK
2026-05-01 01:59:43,2083,0.3042,0.0,0.0,11.0,0.03,0.0,53.61,-7.11,3.42,0.0,OK
2026-05-01 01:59:43,2084,0.309,0.0,0.0,11.0,0.03,0.0,54.52,-7.04,2.72,0.0,OK
2026-05-01 01:59:43,2085,0.3204,0.0,0.0,11.0,0.02,0.0,54.2,-7.46,3.29,0.0,OK
2026-05-01 01:59:43,2086,0.2726,0.0,0.0,11.0,0.02,0.0,52.49,-7.2,3.23,0.0,OK
2026-05-01 01:59:43,2087,0.3015,0.0212,0.0,11.0,0.02,0.0,52.0,-7.18,3.21,0.0,OK
2026-05-01 01:59:43,2088,0.3092,0.0204,0.0,11.0,0.02,0.0,53.65,-7.33,2.63,0.0,OK
2026-05-01 01:59:43,2089,0.3089,0.0204,0.0,11.0,0.02,0.0,53.2,-7.34,2.8,0.0,OK
2026-05-01 01:59:43,2090,0.3032,0.02,0.0,11.0,0.02,0.0,54.95,-6.62,2.73,0.0,OK
2026-05-01 01:59:43,2091,0.2955,0.0195,0.0,10.0,0.01,0.0,54.63,-7.88,3.76,0.0,OK
2026-05-01 01:59:43,2092,0.2952,0.0195,0.0,10.0,0.01,0.0,54.82,-7.88,3.99,0.0,OK
2026-05-01 01:59:43,2093,0.3063,0.0191,0.0,10.0,0.01,0.0,55.83,-9.74,3.44,0.0,OK
2026-05-01 01:59:43,2094,0.3077,0.0195,0.0,10.0,0.01,0.0,54.77,-8.63,3.75,0.0,OK
2026-05-01 01:59:43,2095,0.3,0.0,0.0,10.0,0.01,0.0,57.38,-8.64,3.38,0.0,OK
2026-05-01 01:59:43,2096,0.3211,0.0,0.0,10.0,0.01,0.0,56.57,-8.32,3.56,0.0,OK
2026-05-01 01:59:43,2097,0.3019,0.0,0.0,10.0,0.01,0.0,56.13,-8.84,2.01,0.0,OK
2026-05-01 01:59:43,2098,0.3098,0.0,0.0,10.0,0.01,0.0,53.87,-8.67,1.47,0.0,OK
2026-05-01 01:59:43,2099,0.2967,0.0377,0.0,10.0,0.01,0.0,58.52,-10.24,1.99,0.0,OK
2026-05-01 01:59:43,2100,0.2973,0.0391,0.0,10.0,0.01,0.0,59.04,-9.57,1.67,0.0,OK
2026-05-01 01:59:43,2101,0.3176,0.0204,0.0,10.0,0.01,0.0,58.12,-6.5,2.48,0.0,OK
2026-05-01 01:59:43,2102,0.3075,0.0192,0.0,10.0,0.01,0.0,58.4,-9.6,2.07,0.0,OK
2026-05-01 01:59:43,2103,0.3018,0.0192,0.0,10.0,0.01,0.0,58.38,-9.68,2.02,0.0,OK
2026-05-01 01:59:43,2104,0.3225,0.0,0.0,10.0,0.0,0.0,56.44,-7.78,3.56,0.0,OK
2026-05-01 01:59:43,2105,0.3068,0.0,0.0,10.0,0.0,0.0,56.08,-7.62,3.81,0.0,OK
2026-05-01 01:59:43,2106,0.3108,0.0189,0.0,10.0,0.0,0.0,55.69,-6.24,2.47,0.0,OK
2026-05-01 01:59:43,2107,0.3065,0.0,0.0,10.0,0.0,0.0,54.15,-6.16,2.51,0.0,OK
2026-05-01 01:59:43,2108,0.2979,0.0272,0.0,10.0,0.0,0.0,55.18,-7.92,2.69,0.0,OK
2026-05-01 01:59:43,2109,0.2908,0.0192,0.0,10.0,0.0,0.0,56.06,-7.74,2.28,0.0,OK
2026-05-01 01:59:43,2110,0.3066,0.0,0.0,10.0,0.0,0.0,55.65,-9.09,2.88,0.0,OK
2026-05-01 01:59:43,2111,0.2831,0.02,0.0,10.0,0.0,0.0,55.75,-9.02,2.75,0.0,OK
2026-05-01 01:59:43,2112,0.3008,0.0208,0.0,10.0,0.0,0.0,54.73,-8.44,1.67,0.0,OK
2026-05-01 01:59:44,2113,0.3115,0.0195,0.0,10.0,0.0,0.0,56.83,-8.26,2.77,0.0,OK
2026-05-01 01:59:44,2114,0.3115,0.02,0.0,10.0,0.0,0.0,56.6,-7.6,2.94,0.0,OK
2026-05-01 01:59:44,2115,0.2889,0.0199,0.0,10.0,0.0,0.0,56.05,-8.56,3.11,0.0,OK
2026-05-01 01:59:44,2116,0.3118,0.0195,0.0,10.0,0.0,0.0,55.48,-8.04,3.26,0.0,OK
2026-05-01 01:59:44,2117,0.3,0.0188,0.0,10.0,0.0,0.0,57.29,-8.92,3.51,0.0,OK
2026-05-01 01:59:44,2118,0.3019,0.0191,0.0,10.0,0.0,0.0,57.83,-8.98,3.52,0.0,OK
2026-05-01 01:59:44,2119,0.299,0.0271,0.0,10.0,0.0,0.0,56.78,-7.81,4.19,0.0,OK
2026-05-01 01:59:44,2120,0.3172,0.0199,0.0,10.0,0.0,0.0,57.34,-7.17,2.93,0.0,OK
2026-05-01 01:59:44,2121,0.3041,0.02,0.0,10.0,0.0,0.0,57.8,-6.94,3.37,0.0,OK
2026-05-01 01:59:44,2122,0.3061,0.0204,0.0,10.0,0.0,0.0,56.14,-8.34,3.26,0.0,OK
2026-05-01 01:59:44,2123,0.3159,0.0282,0.0,10.0,0.0,0.0,55.88,-8.54,3.42,0.0,OK
2026-05-01 01:59:44,2124,0.3039,0.0199,0.0,10.0,0.0,0.0,54.23,-9.18,3.01,0.0,OK
2026-05-01 01:59:44,2125,0.2863,0.0199,0.0,10.0,0.0,0.0,54.42,-8.62,3.14,0.0,OK
2026-05-01 01:59:44,2126,0.3014,0.0192,0.0,10.0,0.0,0.0,56.62,-8.98,2.34,0.0,OK
2026-05-01 01:59:44,2127,0.305,0.02,0.0,10.0,0.0,0.0,54.27,-7.41,1.8,0.0,OK
2026-05-01 01:59:44,2128,0.3158,0.02,0.0,10.0,0.0,0.0,54.56,-8.41,2.35,0.0,OK
2026-05-01 01:59:44,2129,0.3237,0.0306,0.0,10.0,0.0,0.0,52.37,-7.02,3.12,0.0,OK
2026-05-01 01:59:44,2130,0.3225,0.0212,0.0,10.0,0.0,0.0,55.11,-7.96,2.89,0.0,OK
2026-05-01 01:59:44,2131,0.3197,0.0208,0.0,10.0,0.0,0.0,53.87,-9.12,0.98,0.0,OK
2026-05-01 01:59:44,2132,0.3296,0.0204,0.0,10.0,0.0,0.0,53.59,-10.59,2.01,0.0,OK
2026-05-01 01:59:44,2133,0.3226,0.0,0.0,10.0,0.0,0.0,49.14,-9.0,-0.77,0.0,OK
2026-05-01 01:59:44,2134,0.3214,0.0,0.0,10.0,0.0,0.0,49.52,-8.62,0.72,0.0,OK
2026-05-01 01:59:44,2135,0.3158,0.0208,0.0,10.0,0.0,0.0,50.8,-9.19,-0.7,0.0,OK
2026-05-01 01:59:44,2136,0.3161,0.0213,0.0,10.0,0.0,0.0,51.45,-8.9,0.47,0.0,OK
2026-05-01 01:59:44,2137,0.3098,0.0,0.0,10.0,0.0,0.0,46.74,-8.67,-1.42,0.0,OK
2026-05-01 01:59:44,2138,0.2967,0.0227,0.0,10.0,0.0,0.0,45.86,-9.57,-3.08,0.0,OK
2026-05-01 01:59:44,2139,0.306,0.0,0.0,10.0,0.0,0.0,44.95,-10.67,-2.94,0.0,OK
2026-05-01 01:59:44,2140,0.2955,0.0,0.0,10.0,0.0,0.0,44.81,-9.78,-2.94,0.0,OK
2026-05-01 01:59:44,2141,0.2954,0.0213,0.0,10.0,0.0,0.0,43.85,-10.5,-3.57,0.0,OK
2026-05-01 01:59:44,2142,0.304,0.0227,0.0,10.0,0.0,0.0,39.19,-9.06,-2.99,0.0,OK
2026-05-01 01:59:44,2143,0.296,0.0,0.0,10.0,0.0,0.0,38.02,-9.46,-3.9,0.0,OK
2026-05-01 01:59:45,2144,0.289,0.0321,0.0,10.0,0.0,0.0,35.58,-8.05,-3.74,0.0,OK
2026-05-01 01:59:45,2145,0.2841,0.0321,0.0,10.0,0.0,0.0,34.43,-8.47,-3.67,0.0,OK
2026-05-01 01:59:45,2146,0.2965,0.0,0.0,10.0,0.0,0.0,36.93,-9.58,-3.81,0.0,OK
2026-05-01 01:59:45,2147,0.2931,0.0227,0.0,10.0,0.0,0.0,35.17,-10.19,-3.88,0.0,OK
2026-05-01 01:59:45,2148,0.3012,0.0212,0.0,10.0,0.0,0.0,31.24,-8.48,-4.07,0.0,OK
2026-05-01 01:59:45,2149,0.2726,0.0222,0.0,10.0,0.0,0.0,29.16,-7.79,-4.4,0.0,OK
2026-05-01 01:59:45,2150,0.2794,0.0,0.0,10.0,0.0,0.0,29.47,-10.06,-4.65,0.0,OK
2026-05-01 01:59:45,2151,0.2357,0.0,0.0,10.0,0.0,0.0,31.02,-7.43,-5.45,0.0,OK
2026-05-01 01:59:45,2152,0.2326,0.0307,0.0,10.0,0.0,0.0,28.73,-9.12,-5.44,0.0,OK
2026-05-01 01:59:45,2153,0.2182,0.0222,0.0,10.0,0.91,0.033,26.85,-7.74,-4.44,0.0,OK
2026-05-01 01:59:45,2154,0.2204,0.0217,0.0,10.0,1.61,0.067,27.89,-8.47,-4.95,0.0,OK
2026-05-01 01:59:45,2155,0.2419,0.0307,0.0,11.0,1.48,0.0,25.18,-5.68,-5.27,0.0,OK
2026-05-01 01:59:45,2156,0.2519,0.0,0.0,11.0,1.36,0.0,23.52,-5.25,-4.74,0.0,OK
2026-05-01 01:59:45,2157,0.2597,0.0217,0.0,11.0,1.25,0.0,23.3,-4.76,-4.62,0.0,OK
2026-05-01 01:59:45,2158,0.2799,0.0221,0.0,11.0,1.15,0.0,19.97,-5.0,-5.0,0.0,OK
2026-05-01 01:59:45,2159,0.29,0.0,0.0,11.0,1.06,0.0,20.32,-5.03,-5.26,0.0,OK
2026-05-01 01:59:45,2160,0.2909,0.0226,0.0,11.0,0.97,0.0,19.08,-3.29,-4.95,0.0,OK
2026-05-01 01:59:45,2161,0.2839,0.0222,0.0,11.0,0.9,0.0,20.03,-5.26,-5.31,0.0,OK
2026-05-01 01:59:45,2162,0.2676,0.0222,0.0,11.0,0.82,0.0,15.92,-3.1,-4.73,0.0,OK
2026-05-01 01:59:45,2163,0.2631,0.0222,0.0,11.0,0.76,0.0,15.41,-3.19,-4.77,0.0,OK
2026-05-01 01:59:45,2164,0.2912,0.0464,0.0,11.0,0.7,0.0,14.57,-5.04,-5.63,0.0,OK
2026-05-01 01:59:45,2165,0.2832,0.0212,0.0,11.0,0.64,0.0,14.97,-3.72,-5.12,0.0,OK
2026-05-01 01:59:45,2166,0.2879,0.0212,0.0,11.0,0.59,0.0,15.16,-3.65,-4.96,0.0,OK
2026-05-01 01:59:45,2167,0.291,0.0217,0.0,11.0,0.54,0.0,16.64,-4.53,-5.55,0.0,OK
2026-05-01 01:59:45,2168,0.2752,0.0217,0.0,11.0,0.5,0.0,16.92,-4.08,-5.29,0.0,OK
2026-05-01 01:59:45,2169,0.296,0.0226,0.0,11.0,0.46,0.0,15.76,-4.14,-5.85,0.0,OK
2026-05-01 01:59:45,2170,0.296,0.0,0.0,11.0,0.42,0.0,15.61,-5.12,-5.96,0.0,OK
2026-05-01 01:59:45,2171,0.2865,0.0,0.0,11.0,0.39,0.0,15.89,-4.24,-5.91,0.0,OK
2026-05-01 01:59:45,2172,0.2731,0.0221,0.0,11.0,0.36,0.0,15.66,-3.77,-5.67,0.0,OK
2026-05-01 01:59:45,2173,0.2842,0.0,0.0,11.0,0.33,0.0,15.64,-3.92,-5.53,0.0,OK
2026-05-01 01:59:46,2174,0.2795,0.0314,0.0,11.0,0.3,0.0,13.79,-1.91,-5.35,0.0,OK
2026-05-01 01:59:46,2175,0.28,0.0217,0.0,11.0,0.28,0.0,14.97,-2.53,-5.07,0.0,OK
2026-05-01 01:59:46,2176,0.301,0.0221,0.0,11.0,0.26,0.0,14.0,-2.24,-5.77,0.0,OK
2026-05-01 01:59:46,2177,0.2967,0.03,0.0,11.0,0.24,0.0,14.1,-2.49,-5.94,0.0,OK
2026-05-01 01:59:46,2178,0.2843,0.0433,0.0,11.0,0.22,0.0,15.56,-2.61,-5.19,0.0,OK
2026-05-01 01:59:46,2179,0.284,0.0217,0.0,11.0,0.2,0.0,15.88,-1.94,-4.6,0.0,OK
2026-05-01 01:59:46,2180,0.3029,0.0232,0.0,11.0,0.18,0.0,15.05,0.93,-5.66,0.0,OK
2026-05-01 01:59:46,2181,0.2974,0.0231,0.0,11.0,0.17,0.0,16.1,0.15,-6.09,0.0,OK
2026-05-01 01:59:46,2182,0.2967,0.0226,0.0,11.0,0.16,0.0,16.33,-0.39,-5.48,0.0,OK
2026-05-01 01:59:46,2183,0.2912,0.0313,0.0,11.0,0.14,0.0,16.65,-1.69,-5.96,0.0,OK
2026-05-01 01:59:46,2184,0.2923,0.0225,0.0,11.0,0.13,0.0,15.44,-1.46,-6.63,0.0,OK
2026-05-01 01:59:46,2185,0.2827,0.045,0.0,11.0,0.12,0.0,15.54,-1.95,-6.87,0.0,OK
2026-05-01 01:59:46,2186,0.2798,0.0227,0.0,11.0,0.11,0.0,15.01,-0.21,-5.67,0.0,OK
2026-05-01 01:59:46,2187,0.2888,0.0221,0.0,11.0,0.1,0.0,15.0,-2.1,-5.76,0.0,OK
2026-05-01 01:59:46,2188,0.2897,0.0217,0.0,11.0,0.09,0.0,16.58,-2.68,-5.43,0.0,OK
2026-05-01 01:59:46,2189,0.275,0.032,0.0,11.0,0.09,0.0,12.62,-6.31,-6.69,0.0,OK
2026-05-01 01:59:46,2190,0.2499,0.0207,0.0,11.0,0.08,0.0,9.71,-7.26,-6.24,0.0,OK
2026-05-01 01:59:46,2191,0.2507,0.0216,0.0,11.0,0.07,0.0,13.37,-7.51,-6.39,0.0,OK
2026-05-01 01:59:46,2192,0.2442,0.0216,0.0,11.0,0.07,0.0,12.5,-8.59,-6.36,0.0,OK
2026-05-01 01:59:46,2193,0.243,0.0221,0.0,11.0,0.06,0.0,11.72,-9.04,-6.4,0.0,OK
2026-05-01 01:59:46,2194,0.2734,0.0226,0.0,11.0,0.06,0.0,10.22,-8.97,-6.64,0.0,OK
2026-05-01 01:59:46,2195,0.2691,0.032,0.0,11.0,0.05,0.0,9.81,-9.71,-6.96,0.0,OK
2026-05-01 01:59:46,2196,0.2518,0.0319,0.0,11.0,0.05,0.0,-7.72,-1.85,-5.36,0.0,OK
2026-05-01 01:59:46,2197,0.2386,0.0216,0.0,11.0,0.04,0.0,11.34,-10.12,-6.7,0.0,OK
2026-05-01 01:59:46,2198,0.2474,0.0,0.0,11.0,0.04,0.0,12.12,-8.91,-6.43,0.0,OK
2026-05-01 01:59:46,2199,0.2431,0.0221,0.0,11.0,0.04,0.0,12.27,-7.39,-6.45,0.0,OK
