timestamp,frame,ear,mar,perclos,blink_rate,alert_level
2026-04-28 00:14:03,0,0.2483,0.0278,0.0,0.0,OK
2026-04-28 00:14:03,1,0.2759,0.0411,0.0,0.0,OK
2026-04-28 00:14:03,2,0.2692,0.0411,0.0,0.0,OK
2026-04-28 00:14:03,3,0.2929,0.0423,0.0,0.0,OK
2026-04-28 00:14:03,4,0.2937,0.0429,0.0,0.0,OK
2026-04-28 00:14:03,5,0.3002,0.0422,0.0,0.0,OK
2026-04-28 00:14:03,6,0.2975,0.0422,0.0,0.0,OK
2026-04-28 00:14:03,7,0.2899,0.0563,0.0,0.0,OK
2026-04-28 00:14:03,8,0.3004,0.0417,0.0,0.0,OK
2026-04-28 00:14:03,9,0.29,0.0417,0.0,0.0,OK
2026-04-28 00:14:03,10,0.2852,0.0417,0.0,0.0,OK
2026-04-28 00:14:03,11,0.2862,0.0417,0.0,0.0,OK
2026-04-28 00:14:03,12,0.2933,0.0563,0.0,0.0,OK
2026-04-28 00:14:03,13,0.2873,0.0445,0.0,0.0,OK
2026-04-28 00:14:03,14,0.2981,0.058,0.0,0.0,OK
2026-04-28 00:14:03,15,0.2991,0.0588,0.0,0.0,OK
2026-04-28 00:14:03,16,0.2958,0.0458,0.0,0.0,OK
2026-04-28 00:14:03,17,0.2867,0.0423,0.0,0.0,OK
2026-04-28 00:14:03,18,0.2858,0.0417,0.0,0.0,OK
2026-04-28 00:14:03,19,0.2845,0.0435,0.0,0.0,OK
2026-04-28 00:14:03,20,0.2875,0.0429,0.0,0.0,OK
2026-04-28 00:14:03,21,0.2928,0.0571,0.0,0.0,OK
2026-04-28 00:14:03,22,0.2922,0.0571,0.0,0.0,OK
2026-04-28 00:14:03,23,0.2959,0.0563,0.0,0.0,OK
2026-04-28 00:14:03,24,0.3094,0.0423,0.0,0.0,OK
2026-04-28 00:14:04,25,0.2994,0.0423,0.0,0.0,OK
2026-04-28 00:14:04,26,0.3084,0.0429,0.0,0.0,OK
2026-04-28 00:14:04,27,0.3114,0.0429,0.0,0.0,OK
2026-04-28 00:14:04,28,0.3201,0.0423,0.0,0.0,OK
2026-04-28 00:14:04,29,0.3145,0.0429,0.0,0.0,OK
2026-04-28 00:14:04,30,0.297,0.0422,0.0,0.0,OK
2026-04-28 00:14:04,31,0.3043,0.0563,0.0,0.0,OK
2026-04-28 00:14:04,32,0.3107,0.0556,0.0,0.0,OK
2026-04-28 00:14:04,33,0.292,0.0439,0.0,0.0,OK
2026-04-28 00:14:04,34,0.2971,0.0417,0.0,0.0,OK
2026-04-28 00:14:04,35,0.3011,0.0563,0.0,0.0,OK
2026-04-28 00:14:04,36,0.2993,0.0563,0.0,0.0,OK
2026-04-28 00:14:04,37,0.2945,0.0452,0.0,0.0,OK
2026-04-28 00:14:04,38,0.2998,0.0429,0.0,0.0,OK
2026-04-28 00:14:04,39,0.2999,0.0556,0.0,0.0,OK
2026-04-28 00:14:04,40,0.3069,0.0422,0.0,0.0,OK
2026-04-28 00:14:04,41,0.295,0.0563,0.0,0.0,OK
2026-04-28 00:14:04,42,0.2971,0.0556,0.0,0.0,OK
2026-04-28 00:14:04,43,0.3063,0.0589,0.0,0.0,OK
2026-04-28 00:14:04,44,0.3014,0.0589,0.0,0.0,OK
2026-04-28 00:14:04,45,0.295,0.0429,0.0,0.0,OK
2026-04-28 00:14:04,46,0.3083,0.0563,0.0,0.0,OK
2026-04-28 00:14:04,47,0.3021,0.0563,0.0,0.0,OK
2026-04-28 00:14:04,48,0.2968,0.0417,0.0,0.0,OK
2026-04-28 00:14:04,49,0.3073,0.0423,0.0,0.0,OK
2026-04-28 00:14:04,50,0.2955,0.0563,0.0,0.0,OK
2026-04-28 00:14:04,51,0.2877,0.0563,0.0,0.0,OK
2026-04-28 00:14:04,52,0.2816,0.0571,0.0,0.0,OK
2026-04-28 00:14:04,53,0.2947,0.0429,0.0,0.0,OK
2026-04-28 00:14:05,54,0.2893,0.0417,0.0,0.0,OK
2026-04-28 00:14:05,55,0.2928,0.0423,0.0,0.0,OK
2026-04-28 00:14:05,56,0.2908,0.0423,0.0,0.0,OK
2026-04-28 00:14:05,57,0.2927,0.0429,0.0,0.0,OK
2026-04-28 00:14:05,58,0.2979,0.0422,0.0,0.0,OK
2026-04-28 00:14:05,59,0.297,0.0429,0.0,0.0,OK
2026-04-28 00:14:05,60,0.2875,0.0563,0.0,0.0,OK
2026-04-28 00:14:05,61,0.2979,0.0435,0.0,0.0,OK
2026-04-28 00:14:05,62,0.2887,0.0423,0.0,0.0,OK
2026-04-28 00:14:05,63,0.2847,0.0417,0.0,0.0,OK
2026-04-28 00:14:05,64,0.2331,0.0278,0.0,0.0,OK
2026-04-28 00:14:05,65,0.2469,0.0278,0.0,0.0,OK
2026-04-28 00:14:05,66,0.1887,0.0556,0.0,0.0,OK
2026-04-28 00:14:05,67,0.199,0.0422,0.0,0.0,OK
2026-04-28 00:14:05,68,0.2508,0.0422,0.0,0.0,OK
2026-04-28 00:14:05,69,0.2727,0.0286,0.0,0.0,OK
2026-04-28 00:14:05,70,0.2813,0.0422,0.0,0.0,OK
2026-04-28 00:14:05,71,0.2075,0.0319,0.0,0.0,OK
2026-04-28 00:14:05,72,0.1977,0.0282,0.0,0.0,OK
2026-04-28 00:14:05,73,0.2276,0.0411,0.0,0.0,OK
2026-04-28 00:14:05,74,0.2347,0.0405,0.0,0.0,OK
2026-04-28 00:14:05,75,0.2686,0.0417,0.0,0.0,OK
2026-04-28 00:14:05,76,0.2624,0.0417,0.0,0.0,OK
2026-04-28 00:14:05,77,0.2823,0.0445,0.0,0.0,OK
2026-04-28 00:14:05,78,0.2824,0.0417,0.0,0.0,OK
2026-04-28 00:14:05,79,0.2771,0.0417,0.0,0.0,OK
2026-04-28 00:14:05,80,0.2823,0.0417,0.0,0.0,OK
2026-04-28 00:14:05,81,0.2542,0.0282,0.0,0.0,OK
2026-04-28 00:14:05,82,0.1952,0.0429,0.0,0.0,OK
2026-04-28 00:14:05,83,0.2103,0.0417,0.0,0.0,OK
2026-04-28 00:14:05,84,0.2009,0.0439,0.0,0.0,OK
2026-04-28 00:14:05,85,0.1849,0.0422,0.0,0.0,OK
2026-04-28 00:14:06,86,0.2267,0.0422,0.0,0.0,OK
2026-04-28 00:14:06,87,0.2324,0.0423,0.0,0.0,OK
2026-04-28 00:14:06,88,0.214,0.0422,0.0,0.0,OK
2026-04-28 00:14:06,89,0.1978,0.0422,0.0,0.0,OK
2026-04-28 00:14:06,90,0.1994,0.0417,0.0,0.0,OK
2026-04-28 00:14:06,91,0.244,0.0563,0.0,0.0,OK
2026-04-28 00:14:06,92,0.2414,0.0563,0.0,0.0,OK
2026-04-28 00:14:06,93,0.2195,0.0429,0.0,0.0,OK
2026-04-28 00:14:06,94,0.2211,0.0435,0.0,0.0,OK
2026-04-28 00:14:06,95,0.21,0.0435,0.0,0.0,OK
2026-04-28 00:14:06,96,0.2099,0.0441,0.0,0.0,OK
2026-04-28 00:14:06,97,0.2413,0.058,0.0,0.0,OK
2026-04-28 00:14:06,98,0.2212,0.0422,0.0,0.0,OK
2026-04-28 00:14:06,99,0.2228,0.0417,0.0,0.0,OK
2026-04-28 00:14:06,100,0.1934,0.0422,0.0,0.0,OK
2026-04-28 00:14:06,101,0.1971,0.0423,0.0,0.0,OK
2026-04-28 00:14:06,102,0.2348,0.0556,0.0,0.0,OK
2026-04-28 00:14:06,103,0.2375,0.0433,0.0,0.0,OK
2026-04-28 00:14:06,104,0.2195,0.0429,0.0,0.0,OK
2026-04-28 00:14:06,105,0.2195,0.0571,0.0,0.0,OK
2026-04-28 00:14:06,106,0.1908,0.0422,0.0,0.0,OK
2026-04-28 00:14:06,107,0.2248,0.0441,0.0,0.0,OK
2026-04-28 00:14:06,108,0.2149,0.0458,0.0,0.0,OK
2026-04-28 00:14:06,109,0.1797,0.0429,0.0,0.0,OK
2026-04-28 00:14:06,110,0.2067,0.0405,0.0111,0.0,OK
2026-04-28 00:14:06,111,0.2103,0.0439,0.0222,0.0,MEDIUM
2026-04-28 00:14:07,112,0.2289,0.058,0.0222,0.0,OK
2026-04-28 00:14:07,113,0.2359,0.0571,0.0222,0.0,OK
2026-04-28 00:14:07,114,0.1944,0.029,0.0222,0.0,OK
2026-04-28 00:14:07,115,0.2097,0.0555,0.0222,0.0,MEDIUM
2026-04-28 00:14:07,116,0.2155,0.0422,0.0222,0.0,MEDIUM
2026-04-28 00:14:07,117,0.1992,0.0417,0.0222,0.0,MEDIUM
2026-04-28 00:14:07,118,0.2062,0.0417,0.0222,0.0,MEDIUM
2026-04-28 00:14:07,119,0.1902,0.0278,0.0222,0.0,MEDIUM
2026-04-28 00:14:07,120,0.1869,0.0445,0.0333,0.0,MEDIUM
2026-04-28 00:14:07,121,0.214,0.0417,0.0444,0.0,MEDIUM
2026-04-28 00:14:07,122,0.213,0.0563,0.0556,0.0,MEDIUM
2026-04-28 00:14:07,123,0.2158,0.0563,0.0667,0.0,MEDIUM
2026-04-28 00:14:07,124,0.2093,0.0563,0.0778,0.0,MEDIUM
2026-04-28 00:14:07,125,0.1884,0.058,0.0889,0.0,MEDIUM
2026-04-28 00:14:07,126,0.2075,0.0423,0.1,0.0,MEDIUM
2026-04-28 00:14:07,127,0.21,0.0422,0.1111,0.0,MEDIUM
2026-04-28 00:14:07,128,0.1684,0.0422,0.1222,0.0,MEDIUM
2026-04-28 00:14:07,129,0.1769,0.0563,0.1333,0.0,MEDIUM
2026-04-28 00:14:07,130,0.2017,0.0319,0.1444,0.0,HIGH
2026-04-28 00:14:07,131,0.1999,0.0435,0.1556,0.0,HIGH
2026-04-28 00:14:07,132,0.2277,0.0429,0.1556,0.0,HIGH
2026-04-28 00:14:07,133,0.1929,0.0589,0.1556,0.0,HIGH
2026-04-28 00:14:07,134,0.1901,0.0445,0.1556,0.0,HIGH
2026-04-28 00:14:07,135,0.1606,0.0411,0.1556,0.0,HIGH
2026-04-28 00:14:07,136,0.1643,0.0411,0.1556,0.0,HIGH
2026-04-28 00:14:07,137,0.1707,0.058,0.1556,0.0,HIGH
2026-04-28 00:14:07,138,0.176,0.0429,0.1556,0.0,HIGH
2026-04-28 00:14:08,139,0.1876,0.0571,0.1667,0.0,HIGH
2026-04-28 00:14:08,140,0.1956,0.0571,0.1778,0.0,HIGH
2026-04-28 00:14:08,141,0.1839,0.0435,0.1889,0.0,HIGH
2026-04-28 00:14:08,142,0.1852,0.0435,0.2,0.0,HIGH
2026-04-28 00:14:08,143,0.1916,0.0556,0.2111,0.0,HIGH
2026-04-28 00:14:08,144,0.1932,0.0411,0.2222,0.0,HIGH
2026-04-28 00:14:08,145,0.1868,0.0422,0.2333,0.0,HIGH
2026-04-28 00:14:08,146,0.181,0.0422,0.2444,0.0,HIGH
2026-04-28 00:14:08,147,0.1892,0.0422,0.2556,0.0,HIGH
2026-04-28 00:14:08,148,0.1899,0.0429,0.2667,0.0,HIGH
2026-04-28 00:14:08,149,0.2011,0.0435,0.2778,0.0,HIGH
2026-04-28 00:14:08,150,0.2064,0.0445,0.2889,0.0,HIGH
2026-04-28 00:14:08,151,0.1956,0.0423,0.3,0.0,HIGH
2026-04-28 00:14:08,152,0.1655,0.0571,0.3111,0.0,HIGH
2026-04-28 00:14:08,153,0.1568,0.0571,0.3222,0.0,HIGH
2026-04-28 00:14:08,154,0.1641,0.0423,0.3333,0.0,HIGH
2026-04-28 00:14:08,155,0.1834,0.0429,0.3444,0.0,HIGH
2026-04-28 00:14:08,156,0.2047,0.058,0.3556,0.0,CRITICAL
2026-04-28 00:14:08,157,0.2032,0.0435,0.3667,0.0,CRITICAL
2026-04-28 00:14:08,158,0.1832,0.0435,0.3778,0.0,CRITICAL
2026-04-28 00:14:08,159,0.1728,0.0411,0.3889,0.0,CRITICAL
2026-04-28 00:14:08,160,0.1891,0.0417,0.4,0.0,CRITICAL
2026-04-28 00:14:08,161,0.2034,0.0411,0.4111,0.0,CRITICAL
2026-04-28 00:14:08,162,0.2001,0.0417,0.4222,0.0,CRITICAL
2026-04-28 00:14:08,163,0.1876,0.0571,0.4333,0.0,CRITICAL
2026-04-28 00:14:08,164,0.1997,0.0435,0.4444,0.0,CRITICAL
2026-04-28 00:14:08,165,0.1923,0.0571,0.4556,0.0,CRITICAL
2026-04-28 00:14:08,166,0.1838,0.0563,0.4667,0.0,CRITICAL
2026-04-28 00:14:08,167,0.1937,0.0445,0.4778,0.0,CRITICAL
2026-04-28 00:14:08,168,0.2199,0.0429,0.4889,0.0,CRITICAL
2026-04-28 00:14:09,169,0.203,0.0435,0.5,0.0,CRITICAL
2026-04-28 00:14:09,170,0.1673,0.0563,0.5111,0.0,CRITICAL
2026-04-28 00:14:09,171,0.1728,0.0556,0.5222,0.0,CRITICAL
2026-04-28 00:14:09,172,0.1944,0.0422,0.5333,0.0,CRITICAL
2026-04-28 00:14:09,173,0.201,0.0429,0.5444,0.0,CRITICAL
2026-04-28 00:14:09,174,0.1886,0.0429,0.5556,0.0,CRITICAL
2026-04-28 00:14:09,175,0.1742,0.0435,0.5667,0.0,CRITICAL
2026-04-28 00:14:09,176,0.1862,0.029,0.5778,0.0,CRITICAL
2026-04-28 00:14:09,177,0.1922,0.0423,0.5889,0.0,CRITICAL
2026-04-28 00:14:09,178,0.2057,0.0429,0.6,0.0,CRITICAL
2026-04-28 00:14:09,179,0.2092,0.0571,0.6111,0.0,CRITICAL
2026-04-28 00:14:09,180,0.208,0.0563,0.6222,0.0,CRITICAL
2026-04-28 00:14:09,181,0.1945,0.0429,0.6333,0.0,CRITICAL
2026-04-28 00:14:09,182,0.1928,0.0435,0.6444,0.0,CRITICAL
2026-04-28 00:14:09,183,0.188,0.0571,0.6556,0.0,CRITICAL
2026-04-28 00:14:09,184,0.2267,0.0423,0.6556,0.0,CRITICAL
2026-04-28 00:14:09,185,0.2322,0.0423,0.6556,0.0,CRITICAL
2026-04-28 00:14:09,186,0.1953,0.0423,0.6556,0.0,CRITICAL
2026-04-28 00:14:09,187,0.2008,0.0423,0.6556,0.0,CRITICAL
2026-04-28 00:14:09,188,0.1944,0.0422,0.6556,0.0,CRITICAL
2026-04-28 00:14:09,189,0.1858,0.0445,0.6556,0.0,CRITICAL
2026-04-28 00:14:09,190,0.2138,0.0556,0.6556,0.0,CRITICAL
2026-04-28 00:14:09,191,0.2124,0.0563,0.6556,0.0,CRITICAL
2026-04-28 00:14:09,192,0.2438,0.0556,0.6556,0.0,CRITICAL
2026-04-28 00:14:09,193,0.2438,0.0422,0.6556,0.0,CRITICAL
2026-04-28 00:14:09,194,0.2643,0.0423,0.6444,0.0,CRITICAL
2026-04-28 00:14:09,195,0.283,0.0423,0.6333,0.0,CRITICAL
2026-04-28 00:14:09,196,0.283,0.0423,0.6333,0.0,CRITICAL
2026-04-28 00:14:09,197,0.2682,0.0429,0.6333,0.0,CRITICAL
2026-04-28 00:14:09,198,0.2678,0.0435,0.6333,0.0,CRITICAL
2026-04-28 00:14:09,199,0.2708,0.0423,0.6333,0.0,CRITICAL
2026-04-28 00:14:10,200,0.276,0.0417,0.6333,0.0,CRITICAL
2026-04-28 00:14:10,201,0.2715,0.0417,0.6333,0.0,CRITICAL
2026-04-28 00:14:10,202,0.2652,0.0429,0.6333,0.0,CRITICAL
2026-04-28 00:14:10,203,0.2771,0.0417,0.6333,0.0,CRITICAL
2026-04-28 00:14:10,204,0.2772,0.0411,0.6222,0.0,CRITICAL
2026-04-28 00:14:10,205,0.2696,0.0423,0.6111,0.0,CRITICAL
2026-04-28 00:14:10,206,0.2652,0.0417,0.6,0.0,CRITICAL
2026-04-28 00:14:10,207,0.2624,0.0417,0.5889,0.0,CRITICAL
2026-04-28 00:14:10,208,0.2652,0.0563,0.5778,0.0,CRITICAL
2026-04-28 00:14:10,209,0.2652,0.0429,0.5667,0.0,CRITICAL
2026-04-28 00:14:10,210,0.2719,0.0571,0.5556,0.0,CRITICAL
2026-04-28 00:14:10,211,0.2675,0.0429,0.5444,0.0,CRITICAL
2026-04-28 00:14:10,212,0.2727,0.0423,0.5333,0.0,CRITICAL
2026-04-28 00:14:10,213,0.2666,0.0417,0.5222,0.0,CRITICAL
2026-04-28 00:14:10,214,0.2748,0.0429,0.5111,0.0,CRITICAL
2026-04-28 00:14:10,215,0.2663,0.0282,0.5,0.0,CRITICAL
2026-04-28 00:14:10,216,0.2675,0.0429,0.5,0.0,CRITICAL
2026-04-28 00:14:10,217,0.265,0.0571,0.5,0.0,CRITICAL
2026-04-28 00:14:10,218,0.2699,0.0571,0.5,0.0,CRITICAL
2026-04-28 00:14:10,219,0.2765,0.0563,0.5,0.0,CRITICAL
2026-04-28 00:14:10,220,0.261,0.0445,0.5,0.0,CRITICAL
2026-04-28 00:14:10,221,0.2844,0.0435,0.5,0.0,CRITICAL
2026-04-28 00:14:10,222,0.2789,0.0435,0.5,0.0,CRITICAL
2026-04-28 00:14:10,223,0.2668,0.0571,0.4889,0.0,CRITICAL
2026-04-28 00:14:10,224,0.2708,0.0563,0.4778,0.0,CRITICAL
2026-04-28 00:14:10,225,0.2719,0.0445,0.4667,0.0,CRITICAL
2026-04-28 00:14:11,226,0.2771,0.0423,0.4556,0.0,CRITICAL
2026-04-28 00:14:11,227,0.2698,0.0556,0.4444,0.0,CRITICAL
2026-04-28 00:14:11,228,0.2692,0.0571,0.4333,0.0,CRITICAL
2026-04-28 00:14:11,229,0.2748,0.0571,0.4222,0.0,CRITICAL
2026-04-28 00:14:11,230,0.2715,0.0423,0.4111,0.0,CRITICAL
2026-04-28 00:14:11,231,0.28,0.0423,0.4,0.0,CRITICAL
2026-04-28 00:14:11,232,0.281,0.0435,0.3889,0.0,CRITICAL
2026-04-28 00:14:11,233,0.2758,0.0435,0.3778,0.0,CRITICAL
2026-04-28 00:14:11,234,0.264,0.0282,0.3667,0.0,CRITICAL
2026-04-28 00:14:11,235,0.279,0.0422,0.3556,0.0,CRITICAL
2026-04-28 00:14:11,236,0.2641,0.0422,0.3444,0.0,HIGH
2026-04-28 00:14:11,237,0.2713,0.0423,0.3333,0.0,HIGH
2026-04-28 00:14:11,238,0.264,0.0452,0.3222,0.0,HIGH
2026-04-28 00:14:11,239,0.267,0.0429,0.3111,0.0,HIGH
2026-04-28 00:14:11,240,0.2071,0.0422,0.3,0.0,HIGH
2026-04-28 00:14:11,241,0.223,0.0571,0.2889,0.0,HIGH
2026-04-28 00:14:11,242,0.2336,0.0563,0.2778,0.0,HIGH
2026-04-28 00:14:11,243,0.2413,0.0405,0.2667,0.0,HIGH
2026-04-28 00:14:11,244,0.2441,0.0417,0.2556,0.0,HIGH
2026-04-28 00:14:11,245,0.2617,0.0563,0.2444,0.0,HIGH
2026-04-28 00:14:11,246,0.2562,0.0556,0.2333,0.0,HIGH
2026-04-28 00:14:11,247,0.2613,0.0556,0.2222,0.0,HIGH
2026-04-28 00:14:11,248,0.2637,0.0423,0.2111,0.0,HIGH
2026-04-28 00:14:11,249,0.2702,0.0429,0.2,0.0,HIGH
2026-04-28 00:14:11,250,0.2708,0.058,0.1889,0.0,HIGH
2026-04-28 00:14:11,251,0.2666,0.0598,0.1778,0.0,MEDIUM
2026-04-28 00:14:11,252,0.2711,0.0417,0.1667,0.0,MEDIUM
2026-04-28 00:14:11,253,0.2689,0.0417,0.1556,0.0,MEDIUM
2026-04-28 00:14:11,254,0.2571,0.0429,0.1444,0.0,MEDIUM
2026-04-28 00:14:11,255,0.2641,0.0429,0.1333,0.0,MEDIUM
2026-04-28 00:14:12,256,0.2667,0.0429,0.1222,0.0,MEDIUM
2026-04-28 00:14:12,257,0.2818,0.0429,0.1111,0.0,MEDIUM
2026-04-28 00:14:12,258,0.2795,0.0571,0.1,0.0,MEDIUM
2026-04-28 00:14:12,259,0.2606,0.0423,0.0889,0.0,MEDIUM
2026-04-28 00:14:12,260,0.2424,0.0422,0.0778,0.0,MEDIUM
2026-04-28 00:14:12,261,0.2519,0.029,0.0667,0.0,MEDIUM
2026-04-28 00:14:12,262,0.2508,0.0435,0.0556,0.0,MEDIUM
2026-04-28 00:14:12,263,0.2385,0.0429,0.0444,0.0,MEDIUM
2026-04-28 00:14:12,264,0.2474,0.0556,0.0333,0.0,MEDIUM
2026-04-28 00:14:12,265,0.2411,0.0423,0.0222,0.0,MEDIUM
2026-04-28 00:14:12,266,0.2536,0.0429,0.0111,0.0,OK
2026-04-28 00:14:12,267,0.2547,0.0282,0.0,0.0,OK
2026-04-28 00:14:12,268,0.2544,0.0429,0.0,0.0,OK
2026-04-28 00:14:12,269,0.2559,0.0563,0.0,0.0,OK
2026-04-28 00:14:12,270,0.2546,0.0588,0.0,0.0,OK
2026-04-28 00:14:12,271,0.2616,0.0441,0.0,0.0,OK
2026-04-28 00:14:12,272,0.257,0.0435,0.0,0.0,OK
2026-04-28 00:14:12,273,0.2568,0.0435,0.0,0.0,OK
2026-04-28 00:14:12,274,0.2624,0.0422,0.0,0.0,OK
2026-04-28 00:14:12,275,0.2507,0.0563,0.0,0.0,OK
2026-04-28 00:14:12,276,0.2689,0.0417,0.0,0.0,OK
2026-04-28 00:14:12,277,0.2505,0.0417,0.0,0.0,OK
2026-04-28 00:14:12,278,0.2583,0.0417,0.0,0.0,OK
2026-04-28 00:14:12,279,0.257,0.058,0.0,0.0,OK
2026-04-28 00:14:12,280,0.2492,0.0571,0.0,0.0,OK
2026-04-28 00:14:12,281,0.2465,0.0588,0.0,0.0,OK
2026-04-28 00:14:12,282,0.2616,0.0435,0.0,0.0,OK
2026-04-28 00:14:12,283,0.1932,0.0429,0.0,0.0,OK
2026-04-28 00:14:12,284,0.208,0.029,0.0,0.0,OK
2026-04-28 00:14:13,285,0.2093,0.0286,0.0,0.0,OK
2026-04-28 00:14:13,286,0.2614,0.0422,0.0,0.0,OK
2026-04-28 00:14:13,287,0.2547,0.0422,0.0,0.0,OK
2026-04-28 00:14:13,288,0.2586,0.04,0.0,0.0,OK
2026-04-28 00:14:13,289,0.2598,0.0423,0.0,0.0,OK
2026-04-28 00:14:13,290,0.2673,0.0411,0.0,0.0,OK
2026-04-28 00:14:13,291,0.2646,0.0411,0.0,0.0,OK
2026-04-28 00:14:13,292,0.2086,0.0429,0.0,0.0,OK
2026-04-28 00:14:13,293,0.2009,0.0286,0.0,0.0,OK
2026-04-28 00:14:13,294,0.1884,0.0597,0.0,0.0,OK
2026-04-28 00:14:13,295,0.2045,0.0588,0.0,0.0,OK
2026-04-28 00:14:13,296,0.2312,0.0563,0.0,0.0,OK
2026-04-28 00:14:13,297,0.209,0.0465,0.0,0.0,OK
2026-04-28 00:14:13,298,0.2146,0.0588,0.0,0.0,OK
2026-04-28 00:14:13,299,0.2063,0.0417,0.0,0.0,OK
2026-04-28 00:14:13,300,0.1972,0.0423,0.0,0.0,OK
2026-04-28 00:14:13,301,0.2319,0.0423,0.0,0.0,OK
2026-04-28 00:14:13,302,0.2268,0.0429,0.0,0.0,OK
2026-04-28 00:14:13,303,0.228,0.058,0.0,0.0,OK
2026-04-28 00:14:13,304,0.2268,0.058,0.0,0.0,OK
2026-04-28 00:14:13,305,0.1939,0.0286,0.0,0.0,OK
2026-04-28 00:14:13,306,0.1924,0.0286,0.0,0.0,OK
2026-04-28 00:14:13,307,0.193,0.0439,0.0,0.0,OK
2026-04-28 00:14:13,308,0.1984,0.0429,0.0,0.0,OK
2026-04-28 00:14:13,309,0.2186,0.0556,0.0,0.0,OK
2026-04-28 00:14:13,310,0.2117,0.0571,0.0,0.0,OK
2026-04-28 00:14:13,311,0.2131,0.0429,0.0111,0.0,OK
2026-04-28 00:14:14,312,0.1888,0.0435,0.0222,0.0,OK
2026-04-28 00:14:14,313,0.2043,0.058,0.0333,0.0,OK
2026-04-28 00:14:14,314,0.2439,0.0429,0.0333,0.0,OK
2026-04-28 00:14:14,315,0.1951,0.0452,0.0333,0.0,OK
2026-04-28 00:14:14,316,0.1922,0.0563,0.0333,0.0,OK
2026-04-28 00:14:14,317,0.1904,0.0411,0.0333,0.0,OK
2026-04-28 00:14:14,318,0.2138,0.0435,0.0333,0.0,OK
2026-04-28 00:14:14,319,0.2022,0.0588,0.0333,0.0,MEDIUM
2026-04-28 00:14:14,320,0.2224,0.0435,0.0333,0.0,MEDIUM
2026-04-28 00:14:14,321,0.2239,0.0465,0.0444,0.0,MEDIUM
2026-04-28 00:14:14,322,0.1816,0.0422,0.0556,0.0,MEDIUM
2026-04-28 00:14:14,323,0.1969,0.0417,0.0667,0.0,MEDIUM
2026-04-28 00:14:14,324,0.1994,0.0445,0.0778,0.0,MEDIUM
2026-04-28 00:14:14,325,0.1997,0.0571,0.0889,0.0,MEDIUM
2026-04-28 00:14:14,326,0.2028,0.0571,0.1,0.0,MEDIUM
2026-04-28 00:14:14,327,0.1923,0.0458,0.1111,0.0,MEDIUM
2026-04-28 00:14:14,328,0.1922,0.0435,0.1222,0.0,MEDIUM
2026-04-28 00:14:14,329,0.1952,0.0417,0.1333,0.0,MEDIUM
2026-04-28 00:14:14,330,0.21,0.0556,0.1444,0.0,MEDIUM
2026-04-28 00:14:14,331,0.2081,0.058,0.1556,0.0,MEDIUM
2026-04-28 00:14:14,332,0.2335,0.0563,0.1556,0.0,MEDIUM
2026-04-28 00:14:14,333,0.219,0.0422,0.1556,0.0,MEDIUM
2026-04-28 00:14:14,334,0.2348,0.0435,0.1556,0.0,MEDIUM
2026-04-28 00:14:14,335,0.2348,0.0435,0.1556,0.0,MEDIUM
2026-04-28 00:14:14,336,0.2359,0.0429,0.1556,0.0,MEDIUM
2026-04-28 00:14:14,337,0.2334,0.0429,0.1556,0.0,MEDIUM
2026-04-28 00:14:14,338,0.2294,0.0422,0.1556,0.0,MEDIUM
2026-04-28 00:14:15,339,0.2294,0.0422,0.1556,0.0,MEDIUM
2026-04-28 00:14:15,340,0.2414,0.0435,0.1556,0.0,MEDIUM
2026-04-28 00:14:15,341,0.2429,0.0435,0.1556,0.0,MEDIUM
2026-04-28 00:14:15,342,0.2387,0.0571,0.1556,0.0,MEDIUM
2026-04-28 00:14:15,343,0.2402,0.0563,0.1556,0.0,MEDIUM
2026-04-28 00:14:15,344,0.2347,0.0429,0.1556,0.0,MEDIUM
2026-04-28 00:14:15,345,0.2374,0.058,0.1556,0.0,MEDIUM
2026-04-28 00:14:15,346,0.2481,0.0435,0.1556,0.0,LOW
2026-04-28 00:14:15,347,0.2309,0.0571,0.1556,0.0,LOW
2026-04-28 00:14:15,348,0.2321,0.0571,0.1556,0.0,LOW
2026-04-28 00:14:15,349,0.2456,0.0571,0.1556,0.0,LOW
2026-04-28 00:14:15,350,0.231,0.0563,0.1556,0.0,LOW
2026-04-28 00:14:15,351,0.2546,0.0422,0.1556,0.0,LOW
2026-04-28 00:14:15,352,0.253,0.0422,0.1556,0.0,LOW
2026-04-28 00:14:15,353,0.2451,0.0423,0.1556,0.0,LOW
2026-04-28 00:14:15,354,0.2544,0.0423,0.1556,0.0,LOW
2026-04-28 00:14:15,355,0.2677,0.0423,0.1556,0.0,LOW
2026-04-28 00:14:15,356,0.2547,0.0563,0.1556,0.0,LOW
2026-04-28 00:14:15,357,0.2542,0.0423,0.1556,0.0,LOW
2026-04-28 00:14:15,358,0.2581,0.058,0.1556,0.0,LOW
2026-04-28 00:14:15,359,0.2384,0.058,0.1556,0.0,LOW
2026-04-28 00:14:15,360,0.2507,0.0423,0.1556,0.0,LOW
2026-04-28 00:14:15,361,0.2695,0.058,0.1556,0.0,LOW
2026-04-28 00:14:15,362,0.2663,0.058,0.1556,0.0,LOW
2026-04-28 00:14:15,363,0.2536,0.0417,0.1556,0.0,LOW
2026-04-28 00:14:15,364,0.257,0.0423,0.1556,0.0,LOW
2026-04-28 00:14:15,365,0.2559,0.0563,0.1556,0.0,LOW
2026-04-28 00:14:15,366,0.2546,0.0563,0.1556,0.0,LOW
2026-04-28 00:14:15,367,0.2533,0.0563,0.1556,0.0,LOW
2026-04-28 00:14:15,368,0.2532,0.0429,0.1556,0.0,LOW
2026-04-28 00:14:15,369,0.2583,0.0563,0.1556,0.0,LOW
2026-04-28 00:14:16,370,0.258,0.0429,0.1556,0.0,LOW
2026-04-28 00:14:16,371,0.258,0.0423,0.1556,0.0,LOW
2026-04-28 00:14:16,372,0.2466,0.0423,0.1556,0.0,LOW
2026-04-28 00:14:16,373,0.2425,0.0563,0.1556,0.0,LOW
2026-04-28 00:14:16,374,0.2621,0.0571,0.1556,0.0,LOW
2026-04-28 00:14:16,375,0.2673,0.0422,0.1556,0.0,LOW
2026-04-28 00:14:16,376,0.2571,0.0548,0.1556,0.0,LOW
2026-04-28 00:14:16,377,0.2569,0.0411,0.1556,0.0,LOW
2026-04-28 00:14:16,378,0.2569,0.0417,0.1556,0.0,LOW
2026-04-28 00:14:16,379,0.2609,0.0589,0.1556,0.0,LOW
2026-04-28 00:14:16,380,0.2623,0.0423,0.1556,0.0,LOW
2026-04-28 00:14:16,381,0.2529,0.0423,0.1556,0.0,LOW
2026-04-28 00:14:16,382,0.2597,0.0429,0.1556,0.0,LOW
2026-04-28 00:14:16,383,0.2441,0.0571,0.1556,0.0,LOW
2026-04-28 00:14:16,384,0.2633,0.0422,0.1556,0.0,LOW
2026-04-28 00:14:16,385,0.2623,0.0422,0.1556,0.0,LOW
2026-04-28 00:14:16,386,0.2464,0.0417,0.1556,0.0,LOW
2026-04-28 00:14:16,387,0.2581,0.0422,0.1556,0.0,LOW
2026-04-28 00:14:16,388,0.2582,0.0563,0.1556,0.0,LOW
2026-04-28 00:14:16,389,0.2642,0.0435,0.1556,0.0,LOW
2026-04-28 00:14:16,390,0.2529,0.0598,0.1556,0.0,LOW
2026-04-28 00:14:16,391,0.2675,0.0423,0.1556,0.0,LOW
2026-04-28 00:14:16,392,0.2685,0.0423,0.1556,0.0,LOW
2026-04-28 00:14:16,393,0.2593,0.0435,0.1556,0.0,LOW
2026-04-28 00:14:16,394,0.2596,0.0429,0.1556,0.0,LOW
2026-04-28 00:14:16,395,0.2782,0.0571,0.1444,0.0,LOW
2026-04-28 00:14:16,396,0.248,0.0445,0.1333,0.0,LOW
2026-04-28 00:14:17,397,0.2492,0.0581,0.1222,0.0,LOW
2026-04-28 00:14:17,398,0.2612,0.0429,0.1222,0.0,LOW
2026-04-28 00:14:17,399,0.2612,0.0429,0.1222,0.0,LOW
2026-04-28 00:14:17,400,0.2718,0.0571,0.1222,0.0,LOW
2026-04-28 00:14:17,401,0.2692,0.058,0.1222,0.0,LOW
2026-04-28 00:14:17,402,0.2464,0.0571,0.1222,0.0,LOW
2026-04-28 00:14:17,403,0.2459,0.0417,0.1222,0.0,LOW
2026-04-28 00:14:17,404,0.2596,0.0571,0.1222,0.0,LOW
2026-04-28 00:14:17,405,0.2563,0.0714,0.1111,0.0,OK
2026-04-28 00:14:17,406,0.2597,0.0556,0.1,0.0,OK
2026-04-28 00:14:17,407,0.2536,0.0429,0.0889,0.0,OK
2026-04-28 00:14:17,408,0.2478,0.0571,0.0778,0.0,OK
2026-04-28 00:14:17,409,0.2547,0.0704,0.0667,0.0,OK
2026-04-28 00:14:17,410,0.2652,0.0563,0.0556,0.0,OK
2026-04-28 00:14:17,411,0.2455,0.0429,0.0444,0.0,OK
2026-04-28 00:14:17,412,0.2508,0.0429,0.0333,0.0,OK
2026-04-28 00:14:17,413,0.2546,0.0429,0.0222,0.0,OK
2026-04-28 00:14:17,414,0.2665,0.0571,0.0111,0.0,OK
2026-04-28 00:14:17,415,0.274,0.0422,0.0,0.0,OK
2026-04-28 00:14:17,416,0.258,0.0286,0.0,0.0,OK
2026-04-28 00:14:17,417,0.258,0.0423,0.0,0.0,OK
2026-04-28 00:14:17,418,0.2535,0.0429,0.0,0.0,OK
2026-04-28 00:14:17,419,0.2547,0.0429,0.0,0.0,OK
2026-04-28 00:14:17,420,0.2666,0.058,0.0,0.0,OK
2026-04-28 00:14:17,421,0.2636,0.058,0.0,0.0,OK
2026-04-28 00:14:17,422,0.2727,0.0417,0.0,0.0,OK
2026-04-28 00:14:17,423,0.2642,0.0563,0.0,0.0,OK
2026-04-28 00:14:17,424,0.2707,0.0563,0.0,0.0,OK
2026-04-28 00:14:17,425,0.2674,0.0423,0.0,0.0,OK
2026-04-28 00:14:17,426,0.2631,0.0423,0.0,0.0,OK
2026-04-28 00:14:18,427,0.2552,0.058,0.0,0.0,OK
2026-04-28 00:14:18,428,0.2454,0.0435,0.0,0.0,OK
2026-04-28 00:14:18,429,0.176,0.0439,0.0,0.0,OK
2026-04-28 00:14:18,430,0.1903,0.0417,0.0,0.0,OK
2026-04-28 00:14:18,431,0.1977,0.0563,0.0,0.0,OK
2026-04-28 00:14:18,432,0.1946,0.0556,0.0,0.0,OK
2026-04-28 00:14:18,433,0.1987,0.0556,0.0,0.0,OK
2026-04-28 00:14:18,434,0.2199,0.0439,0.0,0.0,OK
2026-04-28 00:14:18,435,0.2237,0.0563,0.0111,0.0,OK
2026-04-28 00:14:18,436,0.1879,0.0417,0.0222,0.0,OK
2026-04-28 00:14:18,437,0.201,0.0556,0.0333,0.0,OK
2026-04-28 00:14:18,438,0.1931,0.0571,0.0444,0.0,OK
2026-04-28 00:14:18,439,0.1944,0.0589,0.0556,0.0,OK
2026-04-28 00:14:18,440,0.2133,0.0548,0.0667,0.0,OK
2026-04-28 00:14:18,441,0.2412,0.0571,0.0667,0.0,OK
2026-04-28 00:14:18,442,0.2334,0.0571,0.0667,0.0,OK
2026-04-28 00:14:18,443,0.2011,0.0571,0.0667,0.0,OK
2026-04-28 00:14:18,444,0.1987,0.0725,0.0667,0.0,OK
2026-04-28 00:14:18,445,0.171,0.0429,0.0667,0.0,OK
2026-04-28 00:14:18,446,0.1802,0.0571,0.0667,0.0,OK
2026-04-28 00:14:18,447,0.1742,0.0417,0.0667,0.0,OK
2026-04-28 00:14:18,448,0.2139,0.058,0.0667,0.0,MEDIUM
2026-04-28 00:14:18,449,0.2208,0.058,0.0778,0.0,MEDIUM
2026-04-28 00:14:18,450,0.2297,0.0563,0.0778,0.0,MEDIUM
2026-04-28 00:14:18,451,0.228,0.0563,0.0778,0.0,OK
2026-04-28 00:14:18,452,0.2398,0.0563,0.0778,0.0,OK
2026-04-28 00:14:18,453,0.2324,0.0571,0.0778,0.0,OK
2026-04-28 00:14:18,454,0.2295,0.0429,0.0778,0.0,OK
2026-04-28 00:14:18,455,0.2256,0.0423,0.0778,0.0,OK
2026-04-28 00:14:18,456,0.2139,0.0429,0.0778,0.0,OK
2026-04-28 00:14:19,457,0.2196,0.0571,0.0778,0.0,OK
2026-04-28 00:14:19,458,0.1707,0.0423,0.0778,0.0,OK
2026-04-28 00:14:19,459,0.1726,0.0417,0.0778,0.0,OK
2026-04-28 00:14:19,460,0.1794,0.0435,0.0778,0.0,MEDIUM
2026-04-28 00:14:19,461,0.21,0.0423,0.0778,0.0,MEDIUM
2026-04-28 00:14:19,462,0.1941,0.0423,0.0889,0.0,MEDIUM
2026-04-28 00:14:19,463,0.1832,0.0417,0.1,0.0,MEDIUM
2026-04-28 00:14:19,464,0.1884,0.0423,0.1111,0.0,MEDIUM
2026-04-28 00:14:19,465,0.2098,0.0571,0.1222,0.0,MEDIUM
2026-04-28 00:14:19,466,0.2107,0.0571,0.1333,0.0,MEDIUM
2026-04-28 00:14:19,467,0.1936,0.0423,0.1444,0.0,MEDIUM
2026-04-28 00:14:19,468,0.193,0.0429,0.1556,0.0,MEDIUM
2026-04-28 00:14:19,469,0.1933,0.0579,0.1667,0.0,MEDIUM
2026-04-28 00:14:19,470,0.2089,0.0435,0.1778,0.0,MEDIUM
2026-04-28 00:14:19,471,0.2121,0.0429,0.1889,0.0,MEDIUM
2026-04-28 00:14:19,472,0.2375,0.0556,0.1889,0.0,MEDIUM
2026-04-28 00:14:19,473,0.2335,0.0429,0.1889,0.0,MEDIUM
2026-04-28 00:14:19,474,0.2185,0.0441,0.1889,0.0,MEDIUM
2026-04-28 00:14:19,475,0.2241,0.0441,0.1889,0.0,MEDIUM
2026-04-28 00:14:19,476,0.2117,0.0563,0.1889,0.0,MEDIUM
2026-04-28 00:14:19,477,0.2186,0.0563,0.1889,0.0,MEDIUM
2026-04-28 00:14:19,478,0.1952,0.0571,0.1889,0.0,MEDIUM
2026-04-28 00:14:19,479,0.1973,0.0571,0.1889,0.0,HIGH
2026-04-28 00:14:19,480,0.2047,0.0429,0.2,0.0,HIGH
2026-04-28 00:14:19,481,0.2161,0.0423,0.2111,0.0,HIGH
2026-04-28 00:14:19,482,0.2093,0.0429,0.2222,0.0,HIGH
2026-04-28 00:14:19,483,0.2294,0.0423,0.2222,0.0,HIGH
2026-04-28 00:14:19,484,0.2268,0.0429,0.2222,0.0,HIGH
2026-04-28 00:14:19,485,0.2241,0.0423,0.2222,0.0,HIGH
2026-04-28 00:14:19,486,0.2279,0.058,0.2222,0.0,HIGH
2026-04-28 00:14:20,487,0.2319,0.0429,0.2222,0.0,HIGH
2026-04-28 00:14:20,488,0.2373,0.0422,0.2222,0.0,MEDIUM
2026-04-28 00:14:20,489,0.2294,0.0429,0.2222,0.0,MEDIUM
2026-04-28 00:14:20,490,0.2215,0.0571,0.2222,0.0,MEDIUM
2026-04-28 00:14:20,491,0.2186,0.0571,0.2222,0.0,HIGH
2026-04-28 00:14:20,492,0.2123,0.0423,0.2222,0.0,HIGH
2026-04-28 00:14:20,493,0.2131,0.0429,0.2222,0.0,HIGH
2026-04-28 00:14:20,494,0.1939,0.0429,0.2222,0.0,HIGH
2026-04-28 00:14:20,495,0.1688,0.0423,0.2222,0.0,HIGH
2026-04-28 00:14:20,496,0.1743,0.0417,0.2333,0.0,HIGH
2026-04-28 00:14:20,497,0.1868,0.0429,0.2444,0.0,HIGH
2026-04-28 00:14:20,498,0.2047,0.0429,0.2556,0.0,HIGH
2026-04-28 00:14:20,499,0.2162,0.0429,0.2667,0.0,HIGH
2026-04-28 00:14:20,500,0.2187,0.0429,0.2778,0.0,HIGH
2026-04-28 00:14:20,501,0.2415,0.0571,0.2778,0.0,HIGH
2026-04-28 00:14:20,502,0.2319,0.0429,0.2778,0.0,HIGH
2026-04-28 00:14:20,503,0.2336,0.0571,0.2778,0.0,HIGH
2026-04-28 00:14:20,504,0.2453,0.0429,0.2778,0.0,HIGH
2026-04-28 00:14:20,505,0.2402,0.0571,0.2778,0.0,HIGH
2026-04-28 00:14:20,506,0.2361,0.0571,0.2778,0.0,HIGH
2026-04-28 00:14:20,507,0.2547,0.0429,0.2778,0.0,HIGH
2026-04-28 00:14:20,508,0.2536,0.0452,0.2778,0.0,HIGH
2026-04-28 00:14:20,509,0.2306,0.0571,0.2778,0.0,HIGH
2026-04-28 00:14:20,510,0.2241,0.0571,0.2778,0.0,HIGH
2026-04-28 00:14:20,511,0.2429,0.0556,0.2778,0.0,HIGH
2026-04-28 00:14:20,512,0.2283,0.0571,0.2778,0.0,HIGH
2026-04-28 00:14:20,513,0.2269,0.0571,0.2778,0.0,HIGH
2026-04-28 00:14:21,514,0.2158,0.0441,0.2778,0.0,HIGH
2026-04-28 00:14:21,515,0.2063,0.0435,0.2778,0.0,HIGH
2026-04-28 00:14:21,516,0.1934,0.0435,0.2778,0.0,HIGH
2026-04-28 00:14:21,517,0.1917,0.0435,0.2778,0.0,HIGH
2026-04-28 00:14:21,518,0.2218,0.0429,0.2778,0.0,HIGH
2026-04-28 00:14:21,519,0.2469,0.0571,0.2667,0.0,HIGH
2026-04-28 00:14:21,520,0.2507,0.0571,0.2556,0.0,HIGH
2026-04-28 00:14:21,521,0.2336,0.0423,0.2444,0.0,HIGH
2026-04-28 00:14:21,522,0.2174,0.0422,0.2333,0.0,HIGH
2026-04-28 00:14:21,523,0.2292,0.0598,0.2222,0.0,HIGH
2026-04-28 00:14:21,524,0.2293,0.058,0.2111,0.0,MEDIUM
2026-04-28 00:14:21,525,0.2536,0.0282,0.2111,0.0,MEDIUM
2026-04-28 00:14:21,526,0.2496,0.0429,0.2111,0.0,MEDIUM
2026-04-28 00:14:21,527,0.2581,0.0429,0.2111,0.0,MEDIUM
2026-04-28 00:14:21,528,0.2596,0.0589,0.2111,0.0,MEDIUM
2026-04-28 00:14:21,529,0.2571,0.0435,0.2111,0.0,MEDIUM
2026-04-28 00:14:21,530,0.2594,0.0563,0.2111,0.0,MEDIUM
2026-04-28 00:14:21,531,0.2543,0.0571,0.2111,0.0,MEDIUM
2026-04-28 00:14:21,532,0.2529,0.0563,0.2111,0.0,MEDIUM
2026-04-28 00:14:21,533,0.2402,0.0563,0.2,0.0,MEDIUM
2026-04-28 00:14:21,534,0.2466,0.0571,0.2,0.0,MEDIUM
2026-04-28 00:14:21,535,0.2648,0.0571,0.2,0.0,MEDIUM
2026-04-28 00:14:21,536,0.2691,0.0429,0.2,0.0,MEDIUM
2026-04-28 00:14:21,537,0.2685,0.0429,0.2,0.0,MEDIUM
2026-04-28 00:14:21,538,0.2621,0.0556,0.2,0.0,MEDIUM
2026-04-28 00:14:21,539,0.2596,0.0556,0.2,0.0,LOW
2026-04-28 00:14:21,540,0.2623,0.0429,0.2,0.0,LOW
2026-04-28 00:14:21,541,0.2466,0.0571,0.2,0.0,LOW
2026-04-28 00:14:21,542,0.2443,0.0571,0.2,0.0,LOW
2026-04-28 00:14:21,543,0.2489,0.0563,0.2,0.0,LOW
2026-04-28 00:14:21,544,0.2437,0.0563,0.2,0.0,LOW
2026-04-28 00:14:22,545,0.2611,0.0563,0.2,0.0,LOW
2026-04-28 00:14:22,546,0.2665,0.0563,0.1889,0.0,LOW
2026-04-28 00:14:22,547,0.2477,0.0571,0.1778,0.0,LOW
2026-04-28 00:14:22,548,0.2489,0.0588,0.1667,0.0,LOW
2026-04-28 00:14:22,549,0.2582,0.058,0.1556,0.0,LOW
2026-04-28 00:14:22,550,0.2613,0.0448,0.1444,0.0,LOW
2026-04-28 00:14:22,551,0.2613,0.0441,0.1333,0.0,LOW
2026-04-28 00:14:22,552,0.2424,0.0417,0.1222,0.0,LOW
2026-04-28 00:14:22,553,0.2557,0.0417,0.1111,0.0,OK
2026-04-28 00:14:22,554,0.2439,0.0411,0.1,0.0,OK
2026-04-28 00:14:22,555,0.2495,0.0411,0.0889,0.0,OK
2026-04-28 00:14:22,556,0.2594,0.0423,0.0889,0.0,OK
2026-04-28 00:14:22,557,0.257,0.0429,0.0889,0.0,OK
2026-04-28 00:14:22,558,0.2581,0.0571,0.0889,0.0,OK
2026-04-28 00:14:22,559,0.2652,0.0588,0.0889,0.0,OK
2026-04-28 00:14:22,560,0.26,0.0588,0.0889,0.0,OK
2026-04-28 00:14:22,561,0.257,0.0423,0.0889,0.0,OK
2026-04-28 00:14:22,562,0.2557,0.0423,0.0889,0.0,OK
2026-04-28 00:14:22,563,0.2374,0.0286,0.0889,0.0,OK
2026-04-28 00:14:22,564,0.2638,0.0563,0.0778,0.0,OK
2026-04-28 00:14:22,565,0.2728,0.0563,0.0667,0.0,OK
2026-04-28 00:14:22,566,0.2646,0.058,0.0556,0.0,OK
2026-04-28 00:14:22,567,0.2673,0.0452,0.0556,0.0,OK
2026-04-28 00:14:22,568,0.2479,0.0429,0.0556,0.0,OK
2026-04-28 00:14:22,569,0.2493,0.0571,0.0556,0.0,OK
2026-04-28 00:14:22,570,0.2653,0.0429,0.0556,0.0,OK
2026-04-28 00:14:22,571,0.267,0.0429,0.0556,0.0,OK
2026-04-28 00:14:22,572,0.2558,0.0563,0.0556,0.0,OK
2026-04-28 00:14:22,573,0.2536,0.0563,0.0556,0.0,OK
2026-04-28 00:14:22,574,0.2582,0.0417,0.0556,0.0,OK
2026-04-28 00:14:23,575,0.2518,0.0417,0.0556,0.0,OK
2026-04-28 00:14:23,576,0.2376,0.058,0.0556,0.0,OK
2026-04-28 00:14:23,577,0.2587,0.058,0.0556,0.0,OK
2026-04-28 00:14:23,578,0.2587,0.058,0.0556,0.0,OK
2026-04-28 00:14:23,579,0.2558,0.0429,0.0556,0.0,OK
2026-04-28 00:14:23,580,0.2599,0.0429,0.0444,0.0,OK
2026-04-28 00:14:23,581,0.2715,0.0571,0.0333,0.0,OK
2026-04-28 00:14:23,582,0.2731,0.0429,0.0222,0.0,OK
2026-04-28 00:14:23,583,0.2623,0.0441,0.0111,0.0,OK
2026-04-28 00:14:23,584,0.257,0.0441,0.0,0.0,OK
2026-04-28 00:14:23,585,0.258,0.0571,0.0,0.0,OK
2026-04-28 00:14:23,586,0.2592,0.0571,0.0,0.0,OK
2026-04-28 00:14:23,587,0.2536,0.0435,0.0,0.0,OK
2026-04-28 00:14:23,588,0.2532,0.0282,0.0,0.0,OK
2026-04-28 00:14:23,589,0.2534,0.0278,0.0,0.0,OK
2026-04-28 00:14:23,590,0.248,0.0429,0.0,0.0,OK
2026-04-28 00:14:23,591,0.2519,0.0423,0.0,0.0,OK
2026-04-28 00:14:23,592,0.2599,0.0571,0.0,0.0,OK
2026-04-28 00:14:23,593,0.2578,0.0429,0.0,0.0,OK
2026-04-28 00:14:23,594,0.2562,0.0429,0.0,0.0,OK
2026-04-28 00:14:23,595,0.2652,0.0571,0.0,0.0,OK
2026-04-28 00:14:23,596,0.2652,0.0571,0.0,0.0,OK
2026-04-28 00:14:23,597,0.2665,0.0714,0.0,0.0,OK
2026-04-28 00:14:23,598,0.2621,0.0571,0.0,0.0,OK
2026-04-28 00:14:23,599,0.2334,0.0452,0.0,0.0,OK
2026-04-28 00:14:23,600,0.2415,0.0429,0.0,0.0,OK
2026-04-28 00:14:23,601,0.2518,0.0563,0.0,0.0,OK
2026-04-28 00:14:23,602,0.2492,0.0423,0.0,0.0,OK
2026-04-28 00:14:23,603,0.253,0.0429,0.0,0.0,OK
2026-04-28 00:14:24,604,0.2025,0.0423,0.0,0.0,OK
2026-04-28 00:14:24,605,0.2214,0.0423,0.0,0.0,OK
2026-04-28 00:14:24,606,0.1911,0.0423,0.0,0.0,OK
2026-04-28 00:14:24,607,0.1932,0.0445,0.0,0.0,OK
2026-04-28 00:14:24,608,0.2347,0.0563,0.0,0.0,OK
2026-04-28 00:14:24,609,0.2186,0.0429,0.0,0.0,OK
2026-04-28 00:14:24,610,0.2662,0.0429,0.0,0.0,OK
2026-04-28 00:14:24,611,0.2595,0.0452,0.0,0.0,OK
2026-04-28 00:14:24,612,0.2675,0.058,0.0,0.0,OK
2026-04-28 00:14:24,613,0.2558,0.0435,0.0,0.0,OK
2026-04-28 00:14:24,614,0.2558,0.0429,0.0,0.0,OK
2026-04-28 00:14:24,615,0.2598,0.0445,0.0,0.0,OK
2026-04-28 00:14:24,616,0.2571,0.0278,0.0,0.0,OK
2026-04-28 00:14:24,617,0.2508,0.0417,0.0,0.0,OK
2026-04-28 00:14:24,618,0.2571,0.0417,0.0,0.0,OK
2026-04-28 00:14:24,619,0.201,0.0571,0.0,0.0,OK
2026-04-28 00:14:24,620,0.2005,0.0563,0.0,0.0,OK
2026-04-28 00:14:24,621,0.2335,0.0405,0.0,0.0,OK
2026-04-28 00:14:24,622,0.2272,0.0433,0.0,0.0,OK
2026-04-28 00:14:24,623,0.2322,0.0571,0.0,0.0,OK
2026-04-28 00:14:24,624,0.2479,0.0423,0.0,0.0,OK
2026-04-28 00:14:24,625,0.2492,0.0423,0.0,0.0,OK
2026-04-28 00:14:24,626,0.2426,0.0417,0.0,0.0,OK
2026-04-28 00:14:24,627,0.2437,0.0563,0.0,0.0,OK
2026-04-28 00:14:24,628,0.2374,0.0571,0.0,0.0,OK
2026-04-28 00:14:24,629,0.236,0.0581,0.0,0.0,OK
2026-04-28 00:14:24,630,0.1924,0.0588,0.0,0.0,OK
2026-04-28 00:14:24,631,0.1925,0.0435,0.0,0.0,OK
2026-04-28 00:14:24,632,0.2029,0.0417,0.0,0.0,OK
2026-04-28 00:14:24,633,0.2321,0.0423,0.0,0.0,OK
2026-04-28 00:14:25,634,0.2337,0.0423,0.0,0.0,OK
2026-04-28 00:14:25,635,0.2335,0.0429,0.0,0.0,OK
2026-04-28 00:14:25,636,0.244,0.058,0.0,0.0,OK
2026-04-28 00:14:25,637,0.262,0.0581,0.0,0.0,OK
2026-04-28 00:14:25,638,0.2581,0.0429,0.0,0.0,OK
2026-04-28 00:14:25,639,0.2523,0.0571,0.0,0.0,OK
2026-04-28 00:14:25,640,0.2426,0.0571,0.0,0.0,OK
2026-04-28 00:14:25,641,0.2532,0.0571,0.0,0.0,OK
2026-04-28 00:14:25,642,0.1988,0.0588,0.0,0.0,OK
2026-04-28 00:14:25,643,0.2076,0.0435,0.0,0.0,OK
2026-04-28 00:14:25,644,0.2013,0.0441,0.0,0.0,OK
2026-04-28 00:14:25,645,0.1941,0.0465,0.0,0.0,OK
2026-04-28 00:14:25,646,0.2069,0.0411,0.0,0.0,OK
2026-04-28 00:14:25,647,0.2033,0.0411,0.0,0.0,OK
2026-04-28 00:14:25,648,0.2345,0.0417,0.0,0.0,OK
2026-04-28 00:14:25,649,0.2548,0.0694,0.0,0.0,OK
2026-04-28 00:14:25,650,0.258,0.0563,0.0,0.0,OK
2026-04-28 00:14:25,651,0.2387,0.0429,0.0,0.0,OK
2026-04-28 00:14:25,652,0.2348,0.0429,0.0,0.0,OK
2026-04-28 00:14:25,653,0.2308,0.0581,0.0,0.0,OK
2026-04-28 00:14:25,654,0.24,0.0417,0.0,0.0,OK
2026-04-28 00:14:25,655,0.2262,0.0417,0.0,0.0,OK
2026-04-28 00:14:25,656,0.2171,0.0417,0.0,0.0,OK
2026-04-28 00:14:25,657,0.1941,0.0563,0.0,0.0,OK
2026-04-28 00:14:25,658,0.1941,0.0556,0.0,0.0,OK
2026-04-28 00:14:25,659,0.2047,0.0556,0.0,0.0,OK
2026-04-28 00:14:25,660,0.2152,0.0423,0.0,0.0,OK
2026-04-28 00:14:25,661,0.2178,0.0571,0.0,0.0,OK
2026-04-28 00:14:25,662,0.256,0.0422,0.0,0.0,OK
2026-04-28 00:14:26,663,0.2586,0.0429,0.0,0.0,OK
2026-04-28 00:14:26,664,0.252,0.0571,0.0,0.0,OK
2026-04-28 00:14:26,665,0.2573,0.0452,0.0,0.0,OK
2026-04-28 00:14:26,666,0.2507,0.0429,0.0,0.0,OK
2026-04-28 00:14:26,667,0.2544,0.0429,0.0,0.0,OK
2026-04-28 00:14:26,668,0.2757,0.0563,0.0,0.0,OK
2026-04-28 00:14:26,669,0.2897,0.058,0.0,0.0,OK
2026-04-28 00:14:26,670,0.2945,0.058,0.0,0.0,OK
2026-04-28 00:14:26,671,0.3021,0.0417,0.0,0.0,OK
2026-04-28 00:14:26,672,0.2945,0.0417,0.0,0.0,OK
2026-04-28 00:14:26,673,0.3,0.058,0.0,0.0,OK
2026-04-28 00:14:26,674,0.3011,0.058,0.0,0.0,OK
2026-04-28 00:14:26,675,0.2947,0.0441,0.0,0.0,OK
2026-04-28 00:14:26,676,0.3032,0.0588,0.0,0.0,OK
2026-04-28 00:14:26,677,0.2958,0.0435,0.0,0.0,OK
2026-04-28 00:14:26,678,0.2959,0.0429,0.0,0.0,OK
2026-04-28 00:14:26,679,0.3004,0.0429,0.0,0.0,OK
2026-04-28 00:14:26,680,0.2965,0.0435,0.0,0.0,OK
2026-04-28 00:14:26,681,0.2903,0.0435,0.0,0.0,OK
2026-04-28 00:14:26,682,0.3051,0.0441,0.0,0.0,OK
2026-04-28 00:14:26,683,0.3051,0.0441,0.0,0.0,OK
2026-04-28 00:14:26,684,0.3042,0.058,0.0,0.0,OK
2026-04-28 00:14:26,685,0.3051,0.0571,0.0,0.0,OK
2026-04-28 00:14:26,686,0.3008,0.0429,0.0,0.0,OK
2026-04-28 00:14:26,687,0.2962,0.0423,0.0,0.0,OK
2026-04-28 00:14:26,688,0.3049,0.0429,0.0,0.0,OK
2026-04-28 00:14:26,689,0.2892,0.0429,0.0,0.0,OK
2026-04-28 00:14:26,690,0.2914,0.058,0.0,0.0,OK
2026-04-28 00:14:26,691,0.2801,0.0435,0.0,0.0,OK
2026-04-28 00:14:26,692,0.283,0.0435,0.0,0.0,OK
2026-04-28 00:14:26,693,0.2834,0.0423,0.0,0.0,OK
2026-04-28 00:14:26,694,0.2788,0.0423,0.0,0.0,OK
2026-04-28 00:14:27,695,0.2864,0.0571,0.0,0.0,OK
2026-04-28 00:14:27,696,0.2817,0.0445,0.0,0.0,OK
2026-04-28 00:14:27,697,0.2808,0.0581,0.0,0.0,OK
2026-04-28 00:14:27,698,0.2192,0.0588,0.0,0.0,OK
2026-04-28 00:14:27,699,0.2146,0.058,0.0,0.0,OK
2026-04-28 00:14:27,700,0.1902,0.0417,0.0,0.0,OK
2026-04-28 00:14:27,701,0.1901,0.0563,0.0,0.0,OK
2026-04-28 00:14:27,702,0.2322,0.0714,0.0,0.0,OK
2026-04-28 00:14:27,703,0.2115,0.0581,0.0,0.0,OK
2026-04-28 00:14:27,704,0.258,0.0429,0.0,0.0,OK
2026-04-28 00:14:27,705,0.2588,0.0429,0.0,0.0,OK
2026-04-28 00:14:27,706,0.2132,0.0429,0.0,0.0,OK
2026-04-28 00:14:27,707,0.1853,0.0563,0.0,0.0,OK
2026-04-28 00:14:27,708,0.1887,0.0563,0.0,0.0,OK
2026-04-28 00:14:27,709,0.1953,0.0548,0.0,0.0,OK
2026-04-28 00:14:27,710,0.2148,0.0556,0.0,0.0,OK
2026-04-28 00:14:27,711,0.2241,0.0423,0.0,0.0,OK
2026-04-28 00:14:27,712,0.2256,0.0563,0.0,0.0,OK
2026-04-28 00:14:27,713,0.2347,0.0563,0.0,0.0,OK
2026-04-28 00:14:27,714,0.1945,0.0423,0.0,0.0,OK
2026-04-28 00:14:27,715,0.1945,0.0423,0.0,0.0,OK
2026-04-28 00:14:27,716,0.188,0.0422,0.0,0.0,OK
2026-04-28 00:14:27,717,0.1813,0.0563,0.0,0.0,OK
2026-04-28 00:14:27,718,0.1914,0.058,0.0,0.0,OK
2026-04-28 00:14:27,719,0.1952,0.058,0.0,0.0,OK
2026-04-28 00:14:27,720,0.2134,0.0571,0.0111,0.0,OK
2026-04-28 00:14:27,721,0.2004,0.0429,0.0222,0.0,OK
2026-04-28 00:14:27,722,0.219,0.0282,0.0333,0.0,OK
2026-04-28 00:14:27,723,0.1965,0.0429,0.0444,0.0,MEDIUM
2026-04-28 00:14:28,724,0.2001,0.0435,0.0556,0.0,MEDIUM
2026-04-28 00:14:28,725,0.1938,0.0571,0.0667,0.0,MEDIUM
2026-04-28 00:14:28,726,0.1884,0.0417,0.0778,0.0,MEDIUM
2026-04-28 00:14:28,727,0.1826,0.0571,0.0889,0.0,MEDIUM
2026-04-28 00:14:28,728,0.1837,0.0714,0.1,0.0,MEDIUM
2026-04-28 00:14:28,729,0.195,0.0429,0.1111,0.0,MEDIUM
2026-04-28 00:14:28,730,0.2011,0.0429,0.1222,0.0,MEDIUM
2026-04-28 00:14:28,731,0.2007,0.0556,0.1333,0.0,MEDIUM
2026-04-28 00:14:28,732,0.2199,0.0429,0.1444,0.0,MEDIUM
2026-04-28 00:14:28,733,0.2187,0.0571,0.1556,0.0,MEDIUM
2026-04-28 00:14:28,734,0.2172,0.0571,0.1667,0.0,MEDIUM
2026-04-28 00:14:28,735,0.2117,0.0423,0.1778,0.0,MEDIUM
2026-04-28 00:14:28,736,0.203,0.0563,0.1889,0.0,MEDIUM
2026-04-28 00:14:28,737,0.2003,0.0571,0.2,0.0,MEDIUM
2026-04-28 00:14:28,738,0.2056,0.0423,0.2111,0.0,HIGH
2026-04-28 00:14:28,739,0.2066,0.0571,0.2222,0.0,HIGH
2026-04-28 00:14:28,740,0.1979,0.0423,0.2333,0.0,HIGH
2026-04-28 00:14:28,741,0.2255,0.0563,0.2444,0.0,HIGH
2026-04-28 00:14:28,742,0.2187,0.058,0.2556,0.0,HIGH
2026-04-28 00:14:28,743,0.2232,0.058,0.2667,0.0,HIGH
2026-04-28 00:14:28,744,0.2107,0.0435,0.2778,0.0,HIGH
2026-04-28 00:14:28,745,0.2114,0.0435,0.2889,0.0,HIGH
2026-04-28 00:14:28,746,0.2084,0.0571,0.3,0.0,HIGH
2026-04-28 00:14:28,747,0.2137,0.0571,0.3111,0.0,HIGH
2026-04-28 00:14:28,748,0.2184,0.0429,0.3222,0.0,HIGH
2026-04-28 00:14:28,749,0.2099,0.0435,0.3333,0.0,HIGH
2026-04-28 00:14:29,750,0.203,0.0571,0.3444,0.0,HIGH
2026-04-28 00:14:29,751,0.1942,0.0458,0.3556,0.0,CRITICAL
2026-04-28 00:14:29,752,0.1912,0.0435,0.3667,0.0,CRITICAL
2026-04-28 00:14:29,753,0.2164,0.0435,0.3778,0.0,CRITICAL
2026-04-28 00:14:29,754,0.229,0.0435,0.3778,0.0,CRITICAL
2026-04-28 00:14:29,755,0.2076,0.0563,0.3778,0.0,CRITICAL
2026-04-28 00:14:29,756,0.2146,0.0571,0.3778,0.0,CRITICAL
2026-04-28 00:14:29,757,0.2294,0.0571,0.3778,0.0,CRITICAL
2026-04-28 00:14:29,758,0.1814,0.058,0.3778,0.0,CRITICAL
2026-04-28 00:14:29,759,0.1884,0.058,0.3778,0.0,CRITICAL
2026-04-28 00:14:29,760,0.1937,0.0714,0.3778,0.0,CRITICAL
2026-04-28 00:14:29,761,0.1831,0.0571,0.3778,0.0,CRITICAL
2026-04-28 00:14:29,762,0.2007,0.0571,0.3778,0.0,CRITICAL
2026-04-28 00:14:29,763,0.1985,0.0571,0.3778,0.0,CRITICAL
2026-04-28 00:14:29,764,0.1922,0.0571,0.3889,0.0,CRITICAL
2026-04-28 00:14:29,765,0.1941,0.0441,0.4,0.0,CRITICAL
2026-04-28 00:14:29,766,0.2131,0.0435,0.4111,0.0,CRITICAL
2026-04-28 00:14:29,767,0.219,0.0452,0.4222,0.0,CRITICAL
2026-04-28 00:14:29,768,0.2109,0.0435,0.4333,0.0,CRITICAL
2026-04-28 00:14:29,769,0.2427,0.058,0.4333,0.0,CRITICAL
2026-04-28 00:14:29,770,0.2294,0.0588,0.4333,0.0,CRITICAL
2026-04-28 00:14:29,771,0.2154,0.0571,0.4333,0.0,CRITICAL
2026-04-28 00:14:29,772,0.2117,0.0571,0.4333,0.0,CRITICAL
2026-04-28 00:14:29,773,0.1969,0.0571,0.4333,0.0,CRITICAL
2026-04-28 00:14:29,774,0.1992,0.058,0.4333,0.0,CRITICAL
2026-04-28 00:14:29,775,0.1958,0.058,0.4333,0.0,CRITICAL
2026-04-28 00:14:29,776,0.1981,0.0571,0.4333,0.0,CRITICAL
2026-04-28 00:14:29,777,0.1958,0.0422,0.4444,0.0,CRITICAL
2026-04-28 00:14:29,778,0.1996,0.0571,0.4556,0.0,CRITICAL
2026-04-28 00:14:29,779,0.2094,0.0571,0.4667,0.0,CRITICAL
2026-04-28 00:14:29,780,0.2294,0.0739,0.4667,0.0,CRITICAL
2026-04-28 00:14:30,781,0.2295,0.0725,0.4667,0.0,CRITICAL
2026-04-28 00:14:30,782,0.2161,0.0445,0.4667,0.0,CRITICAL
2026-04-28 00:14:30,783,0.2086,0.0445,0.4667,0.0,CRITICAL
2026-04-28 00:14:30,784,0.1902,0.0445,0.4667,0.0,CRITICAL
2026-04-28 00:14:30,785,0.1911,0.0563,0.4667,0.0,CRITICAL
2026-04-28 00:14:30,786,0.1941,0.0571,0.4667,0.0,CRITICAL
2026-04-28 00:14:30,787,0.2332,0.0429,0.4667,0.0,CRITICAL
2026-04-28 00:14:30,788,0.2214,0.0429,0.4667,0.0,CRITICAL
2026-04-28 00:14:30,789,0.2038,0.0435,0.4667,0.0,CRITICAL
2026-04-28 00:14:30,790,0.2042,0.0435,0.4667,0.0,CRITICAL
2026-04-28 00:14:30,791,0.1979,0.058,0.4667,0.0,CRITICAL
2026-04-28 00:14:30,792,0.1971,0.0598,0.4667,0.0,CRITICAL
2026-04-28 00:14:30,793,0.1849,0.0571,0.4667,0.0,CRITICAL
2026-04-28 00:14:30,794,0.2107,0.0563,0.4778,0.0,CRITICAL
2026-04-28 00:14:30,795,0.2067,0.0563,0.4889,0.0,CRITICAL
2026-04-28 00:14:30,796,0.2109,0.0441,0.5,0.0,CRITICAL
2026-04-28 00:14:30,797,0.2146,0.0435,0.5111,0.0,CRITICAL
2026-04-28 00:14:30,798,0.1899,0.0445,0.5222,0.0,CRITICAL
2026-04-28 00:14:30,799,0.1934,0.0571,0.5333,0.0,CRITICAL
2026-04-28 00:14:30,800,0.212,0.0563,0.5444,0.0,CRITICAL
2026-04-28 00:14:30,801,0.2021,0.0563,0.5556,0.0,CRITICAL
2026-04-28 00:14:30,802,0.2096,0.0571,0.5667,0.0,CRITICAL
2026-04-28 00:14:30,803,0.1917,0.0423,0.5778,0.0,CRITICAL
2026-04-28 00:14:30,804,0.1865,0.0282,0.5778,0.0,CRITICAL
2026-04-28 00:14:30,805,0.1918,0.0417,0.5778,0.0,CRITICAL
2026-04-28 00:14:30,806,0.2033,0.0423,0.5778,0.0,CRITICAL
2026-04-28 00:14:30,807,0.2039,0.0422,0.5778,0.0,CRITICAL
2026-04-28 00:14:30,808,0.1987,0.0422,0.5778,0.0,CRITICAL
2026-04-28 00:14:30,809,0.2079,0.0694,0.5778,0.0,CRITICAL
2026-04-28 00:14:30,810,0.2085,0.0556,0.5778,0.0,CRITICAL
2026-04-28 00:14:30,811,0.2096,0.0445,0.5778,0.0,CRITICAL
2026-04-28 00:14:31,812,0.1972,0.0429,0.5778,0.0,CRITICAL
2026-04-28 00:14:31,813,0.1903,0.0423,0.5778,0.0,CRITICAL
2026-04-28 00:14:31,814,0.2138,0.0563,0.5778,0.0,CRITICAL
2026-04-28 00:14:31,815,0.2215,0.0563,0.5778,0.0,CRITICAL
2026-04-28 00:14:31,816,0.2044,0.0588,0.5778,0.0,CRITICAL
2026-04-28 00:14:31,817,0.2017,0.0588,0.5778,0.0,CRITICAL
2026-04-28 00:14:31,818,0.1922,0.0588,0.5778,0.0,CRITICAL
2026-04-28 00:14:31,819,0.1922,0.058,0.5778,0.0,CRITICAL
2026-04-28 00:14:31,820,0.2034,0.0429,0.5778,0.0,CRITICAL
2026-04-28 00:14:31,821,0.1942,0.0429,0.5778,0.0,CRITICAL
2026-04-28 00:14:31,822,0.212,0.0563,0.5778,0.0,CRITICAL
2026-04-28 00:14:31,823,0.2109,0.0571,0.5778,0.0,CRITICAL
2026-04-28 00:14:31,824,0.2069,0.0417,0.5778,0.0,CRITICAL
2026-04-28 00:14:31,825,0.1892,0.0589,0.5778,0.0,CRITICAL
2026-04-28 00:14:31,826,0.1886,0.0571,0.5778,0.0,CRITICAL
2026-04-28 00:14:31,827,0.2106,0.0571,0.5778,0.0,CRITICAL
2026-04-28 00:14:31,828,0.2107,0.0571,0.5778,0.0,CRITICAL
2026-04-28 00:14:31,829,0.2467,0.0556,0.5667,0.0,CRITICAL
2026-04-28 00:14:31,830,0.2443,0.0423,0.5556,0.0,CRITICAL
2026-04-28 00:14:31,831,0.2566,0.0571,0.5444,0.0,CRITICAL
2026-04-28 00:14:31,832,0.2686,0.058,0.5333,0.0,CRITICAL
2026-04-28 00:14:31,833,0.276,0.0429,0.5222,0.0,CRITICAL
2026-04-28 00:14:31,834,0.2624,0.0429,0.5111,0.0,CRITICAL
2026-04-28 00:14:31,835,0.2631,0.0571,0.5,0.0,CRITICAL
2026-04-28 00:14:31,836,0.2801,0.0435,0.4889,0.0,CRITICAL
2026-04-28 00:14:32,837,0.2751,0.0435,0.4778,0.0,CRITICAL
2026-04-28 00:14:32,838,0.2883,0.0563,0.4778,0.0,CRITICAL
2026-04-28 00:14:32,839,0.2949,0.0563,0.4778,0.0,CRITICAL
2026-04-28 00:14:32,840,0.3,0.0423,0.4778,0.0,CRITICAL
2026-04-28 00:14:32,841,0.2906,0.0573,0.4778,0.0,CRITICAL
2026-04-28 00:14:32,842,0.2915,0.0422,0.4778,0.0,CRITICAL
2026-04-28 00:14:32,843,0.2916,0.0417,0.4778,0.0,CRITICAL
2026-04-28 00:14:32,844,0.2979,0.0441,0.4778,0.0,CRITICAL
2026-04-28 00:14:32,845,0.2958,0.0429,0.4778,0.0,CRITICAL
2026-04-28 00:14:32,846,0.3031,0.0422,0.4778,0.0,CRITICAL
2026-04-28 00:14:32,847,0.2946,0.058,0.4778,0.0,CRITICAL
2026-04-28 00:14:32,848,0.2935,0.058,0.4667,0.0,CRITICAL
2026-04-28 00:14:32,849,0.3011,0.0422,0.4556,0.0,CRITICAL
2026-04-28 00:14:32,850,0.2998,0.0422,0.4444,0.0,CRITICAL
2026-04-28 00:14:32,851,0.2939,0.058,0.4333,0.0,CRITICAL
2026-04-28 00:14:32,852,0.3001,0.058,0.4222,0.0,CRITICAL
2026-04-28 00:14:32,853,0.2936,0.058,0.4222,0.0,CRITICAL
2026-04-28 00:14:32,854,0.2937,0.058,0.4222,0.0,CRITICAL
2026-04-28 00:14:32,855,0.2781,0.0571,0.4222,0.0,CRITICAL
2026-04-28 00:14:32,856,0.28,0.0571,0.4222,0.0,CRITICAL
2026-04-28 00:14:32,857,0.2967,0.058,0.4222,0.0,CRITICAL
2026-04-28 00:14:32,858,0.2875,0.0417,0.4222,0.0,CRITICAL
2026-04-28 00:14:32,859,0.3012,0.0417,0.4222,0.0,CRITICAL
2026-04-28 00:14:32,860,0.2843,0.0435,0.4222,0.0,CRITICAL
2026-04-28 00:14:32,861,0.2896,0.0435,0.4111,0.0,CRITICAL
2026-04-28 00:14:32,862,0.2699,0.058,0.4,0.0,CRITICAL
2026-04-28 00:14:32,863,0.2854,0.0429,0.3889,0.0,CRITICAL
2026-04-28 00:14:32,864,0.2832,0.0422,0.3889,0.0,CRITICAL
2026-04-28 00:14:32,865,0.2858,0.0422,0.3889,0.0,CRITICAL
2026-04-28 00:14:33,866,0.2713,0.0422,0.3889,0.0,CRITICAL
2026-04-28 00:14:33,867,0.2708,0.0417,0.3889,0.0,CRITICAL
2026-04-28 00:14:33,868,0.2751,0.0439,0.3889,0.0,CRITICAL
2026-04-28 00:14:33,869,0.2864,0.0581,0.3889,0.0,CRITICAL
2026-04-28 00:14:33,870,0.2792,0.0571,0.3889,0.0,CRITICAL
2026-04-28 00:14:33,871,0.2768,0.0423,0.3889,0.0,CRITICAL
2026-04-28 00:14:33,872,0.2777,0.0311,0.3889,0.0,CRITICAL
2026-04-28 00:14:33,873,0.2883,0.0422,0.3889,0.0,CRITICAL
2026-04-28 00:14:33,874,0.2811,0.0452,0.3889,0.0,CRITICAL
2026-04-28 00:14:33,875,0.2751,0.0571,0.3889,0.0,CRITICAL
2026-04-28 00:14:33,876,0.2845,0.0571,0.3889,0.0,CRITICAL
2026-04-28 00:14:33,877,0.2663,0.0589,0.3889,0.0,CRITICAL
2026-04-28 00:14:33,878,0.2746,0.0417,0.3778,0.0,CRITICAL
2026-04-28 00:14:33,879,0.2781,0.0435,0.3667,0.0,CRITICAL
2026-04-28 00:14:33,880,0.2792,0.0429,0.3556,0.0,CRITICAL
2026-04-28 00:14:33,881,0.2877,0.0417,0.3444,0.0,HIGH
2026-04-28 00:14:33,882,0.2972,0.0423,0.3333,0.0,HIGH
2026-04-28 00:14:33,883,0.2642,0.0548,0.3222,0.0,HIGH
2026-04-28 00:14:33,884,0.2615,0.0411,0.3111,0.0,HIGH
2026-04-28 00:14:33,885,0.2498,0.027,0.3,0.0,HIGH
2026-04-28 00:14:33,886,0.2421,0.0411,0.2889,0.0,HIGH
2026-04-28 00:14:33,887,0.2607,0.0286,0.2778,0.0,HIGH
2026-04-28 00:14:33,888,0.2618,0.0434,0.2667,0.0,HIGH
2026-04-28 00:14:33,889,0.2545,0.0588,0.2556,0.0,HIGH
2026-04-28 00:14:33,890,0.2868,0.0461,0.2444,0.0,HIGH
2026-04-28 00:14:33,891,0.2755,0.046,0.2333,0.0,HIGH
2026-04-28 00:14:34,892,0.2941,0.0624,0.2222,0.0,HIGH
2026-04-28 00:14:34,893,0.2694,0.0317,0.2111,0.0,HIGH
2026-04-28 00:14:34,894,0.262,0.0666,0.2,0.0,HIGH
2026-04-28 00:14:34,895,0.2629,0.0846,0.1889,0.0,HIGH
2026-04-28 00:14:34,896,0.2744,0.0907,0.1778,0.0,HIGH
2026-04-28 00:14:34,897,0.291,0.0595,0.1667,0.0,HIGH
2026-04-28 00:14:34,898,0.3061,0.0751,0.1556,0.0,HIGH
2026-04-28 00:14:34,899,0.2702,0.083,0.1444,0.0,HIGH
2026-04-28 00:14:34,900,0.2802,0.1038,0.1333,0.0,HIGH
2026-04-28 00:14:34,901,0.3035,0.087,0.1222,0.0,HIGH
2026-04-28 00:14:34,902,0.2875,0.085,0.1111,0.0,HIGH
2026-04-28 00:14:34,903,0.3406,0.0422,0.1,0.0,HIGH
2026-04-28 00:14:34,904,0.3164,0.0439,0.0889,0.0,HIGH
2026-04-28 00:14:34,905,0.3306,0.0868,0.0778,0.0,MEDIUM
2026-04-28 00:14:34,906,0.315,0.0491,0.0667,0.0,MEDIUM
2026-04-28 00:14:34,907,0.2988,0.0677,0.0556,0.0,MEDIUM
2026-04-28 00:14:34,908,0.3313,0.0857,0.0444,0.0,MEDIUM
2026-04-28 00:14:34,909,0.3152,0.1092,0.0333,0.0,MEDIUM
2026-04-28 00:14:34,910,0.2985,0.1325,0.0222,0.0,MEDIUM
2026-04-28 00:14:34,911,0.2987,0.1509,0.0111,0.0,MEDIUM
2026-04-28 00:14:34,912,0.2962,0.0498,0.0,0.0,MEDIUM
2026-04-28 00:14:34,913,0.2976,0.0475,0.0,0.0,MEDIUM
2026-04-28 00:14:34,914,0.3026,0.0475,0.0,0.0,MEDIUM
2026-04-28 00:14:34,915,0.2871,0.0467,0.0,0.0,MEDIUM
2026-04-28 00:14:34,916,0.3135,0.0661,0.0,0.0,MEDIUM
2026-04-28 00:14:34,917,0.2978,0.0654,0.0,0.0,MEDIUM
2026-04-28 00:14:34,918,0.3016,0.1067,0.0,0.0,MEDIUM
2026-04-28 00:14:34,919,0.3,0.046,0.0,0.0,MEDIUM
2026-04-28 00:14:35,920,0.3181,0.0209,0.0,0.0,OK
2026-04-28 00:14:35,921,0.3004,0.0477,0.0,0.0,OK
2026-04-28 00:14:35,922,0.3068,0.0427,0.0,0.0,OK
2026-04-28 00:14:35,923,0.3075,0.1111,0.0,0.0,OK
2026-04-28 00:14:35,924,0.3056,0.0853,0.0,0.0,OK
2026-04-28 00:14:35,925,0.295,0.0675,0.0,0.0,OK
2026-04-28 00:14:35,926,0.2822,0.0418,0.0,0.0,OK
2026-04-28 00:14:35,927,0.2936,0.0428,0.0,0.0,OK
2026-04-28 00:14:35,928,0.2952,0.0656,0.0,0.0,OK
2026-04-28 00:14:35,929,0.2871,0.0689,0.0,0.0,OK
2026-04-28 00:14:35,930,0.3327,0.0661,0.0,0.0,OK
2026-04-28 00:14:35,931,0.319,0.0665,0.0,0.0,OK
2026-04-28 00:14:35,932,0.3195,0.0862,0.0,0.0,OK
2026-04-28 00:14:35,933,0.2851,0.0637,0.0,0.0,OK
2026-04-28 00:14:35,934,0.2807,0.1197,0.0,0.0,OK
2026-04-28 00:14:35,935,0.2883,0.1007,0.0,0.0,OK
2026-04-28 00:14:35,936,0.321,0.0922,0.0,0.0,OK
2026-04-28 00:14:35,937,0.3308,0.1574,0.0,0.0,OK
2026-04-28 00:14:35,938,0.4109,0.0479,0.0,0.0,OK
2026-04-28 00:14:35,939,0.4783,0.0569,0.0,0.0,OK
2026-04-28 00:14:35,940,0.4416,0.0391,0.0,0.0,OK
2026-04-28 00:14:35,941,0.6519,0.0335,0.0,0.0,OK
2026-04-28 00:14:35,942,0.5653,0.0322,0.0,0.0,OK
2026-04-28 00:14:35,943,0.7532,0.0335,0.0,0.0,OK
2026-04-28 00:14:35,944,0.6308,0.0325,0.0,0.0,OK
2026-04-28 00:14:35,945,0.7663,0.0654,0.0,0.0,OK
2026-04-28 00:14:35,946,0.83,0.0717,0.0,0.0,OK
2026-04-28 00:14:35,947,0.7994,0.0362,0.0,0.0,OK
2026-04-28 00:14:35,948,0.7121,0.034,0.0,0.0,OK
2026-04-28 00:14:36,949,0.7339,0.0364,0.0,0.0,OK
2026-04-28 00:14:36,950,0.7371,0.0,0.0,0.0,OK
2026-04-28 00:14:36,951,0.7721,0.0,0.0,0.0,OK
2026-04-28 00:14:36,952,0.732,0.034,0.0,0.0,OK
2026-04-28 00:14:36,953,0.8027,0.0352,0.0,0.0,OK
2026-04-28 00:14:36,954,0.818,0.033,0.0,0.0,OK
2026-04-28 00:14:36,955,0.7878,0.0354,0.0,0.0,OK
2026-04-28 00:14:36,956,0.8173,0.0,0.0,0.0,OK
2026-04-28 00:14:36,957,0.8975,0.0364,0.0,0.0,OK
2026-04-28 00:14:36,958,0.8179,0.0,0.0,0.0,OK
2026-04-28 00:14:36,959,0.8413,0.0703,0.0,0.0,OK
2026-04-28 00:14:36,960,0.7741,0.1202,0.0,0.0,OK
2026-04-28 00:14:36,961,0.9309,0.0,0.0,0.0,OK
2026-04-28 00:14:36,962,0.8083,0.05,0.0,0.0,OK
2026-04-28 00:14:36,963,0.81,0.0352,0.0,0.0,OK
2026-04-28 00:14:36,964,0.8086,0.085,0.0,0.0,OK
2026-04-28 00:14:36,965,0.8158,0.0366,0.0,0.0,OK
2026-04-28 00:14:36,966,0.9157,0.0366,0.0,0.0,OK
2026-04-28 00:14:36,967,0.9618,0.0518,0.0,0.0,OK
2026-04-28 00:14:36,968,0.9391,0.0368,0.0,0.0,OK
2026-04-28 00:14:36,969,0.9392,0.0382,0.0,0.0,OK
2026-04-28 00:14:36,970,0.7802,0.0767,0.0,0.0,OK
2026-04-28 00:14:36,971,0.7933,0.1061,0.0,0.0,OK
2026-04-28 00:14:36,972,0.9426,0.0958,0.0,0.0,OK
2026-04-28 00:14:36,973,1.1816,0.0606,0.0,0.0,OK
2026-04-28 00:14:36,974,0.8212,0.0521,0.0,0.0,OK
2026-04-28 00:14:36,975,0.8314,0.0707,0.0,0.0,OK
2026-04-28 00:14:36,976,0.9805,0.0,0.0,0.0,OK
2026-04-28 00:14:36,977,0.6987,0.0,0.0,0.0,OK
2026-04-28 00:14:37,978,0.7723,0.0356,0.0,0.0,OK
2026-04-28 00:14:37,979,0.7811,0.0368,0.0,0.0,MEDIUM
2026-04-28 00:14:37,980,0.8467,0.0,0.0,0.0,MEDIUM
2026-04-28 00:14:37,981,0.6455,0.0744,0.0,0.0,MEDIUM
2026-04-28 00:14:37,982,0.7102,0.0355,0.0,0.0,MEDIUM
2026-04-28 00:14:37,983,0.5641,0.0605,0.0,0.0,MEDIUM
2026-04-28 00:14:37,984,0.6442,0.0644,0.0,0.0,MEDIUM
2026-04-28 00:14:37,985,0.5082,0.0622,0.0,0.0,MEDIUM
2026-04-28 00:14:37,986,0.5566,0.0586,0.0,0.0,MEDIUM
2026-04-28 00:14:37,987,0.4933,0.0899,0.0,0.0,MEDIUM
2026-04-28 00:14:37,988,0.5157,0.0568,0.0,0.0,MEDIUM
2026-04-28 00:14:37,989,0.456,0.0554,0.0,0.0,MEDIUM
2026-04-28 00:14:37,990,0.4676,0.0537,0.0,0.0,MEDIUM
2026-04-28 00:14:37,991,0.4786,0.0269,0.0,0.0,MEDIUM
2026-04-28 00:14:37,992,0.4855,0.0601,0.0,0.0,MEDIUM
2026-04-28 00:14:37,993,0.49,0.0537,0.0,0.0,MEDIUM
2026-04-28 00:14:37,994,0.4875,0.0615,0.0,0.0,MEDIUM
2026-04-28 00:14:37,995,0.4703,0.0601,0.0,0.0,MEDIUM
2026-04-28 00:14:37,996,0.4146,0.0537,0.0,0.0,MEDIUM
2026-04-28 00:14:37,997,0.4743,0.0873,0.0,0.0,MEDIUM
2026-04-28 00:14:37,998,0.4842,0.0523,0.0,0.0,MEDIUM
2026-04-28 00:14:37,999,0.4497,0.0256,0.0,0.0,MEDIUM
2026-04-28 00:14:37,1000,0.465,0.0635,0.0,0.0,MEDIUM
2026-04-28 00:14:37,1001,0.473,0.0569,0.0,0.0,MEDIUM
2026-04-28 00:14:37,1002,0.4857,0.0825,0.0,0.0,MEDIUM
2026-04-28 00:14:38,1003,0.5241,0.0617,0.0,0.0,MEDIUM
2026-04-28 00:14:38,1004,0.4838,0.0881,0.0,0.0,MEDIUM
2026-04-28 00:14:38,1005,0.464,0.0856,0.0,0.0,MEDIUM
2026-04-28 00:14:38,1006,0.5462,0.0587,0.0,0.0,MEDIUM
2026-04-28 00:14:38,1007,0.5223,0.0587,0.0,0.0,MEDIUM
2026-04-28 00:14:38,1008,0.4464,0.0584,0.0,0.0,MEDIUM
2026-04-28 00:14:38,1009,0.4866,0.0552,0.0,0.0,MEDIUM
2026-04-28 00:14:38,1010,0.4379,0.0381,0.0,0.0,MEDIUM
2026-04-28 00:14:38,1011,0.4786,0.0391,0.0,0.0,MEDIUM
2026-04-28 00:14:38,1012,0.4759,0.0276,0.0,0.0,MEDIUM
2026-04-28 00:14:38,1013,0.4704,0.0391,0.0,0.0,MEDIUM
2026-04-28 00:14:38,1014,0.4156,0.0554,0.0,0.0,MEDIUM
2026-04-28 00:14:38,1015,0.3989,0.1082,0.0,0.0,MEDIUM
2026-04-28 00:14:38,1016,0.4604,0.108,0.0,0.0,MEDIUM
2026-04-28 00:14:38,1017,0.4465,0.0539,0.0,0.0,MEDIUM
2026-04-28 00:14:38,1018,0.477,0.0617,0.0,0.0,MEDIUM
2026-04-28 00:14:38,1019,0.477,0.0554,0.0,0.0,MEDIUM
2026-04-28 00:14:38,1020,0.5045,0.0552,0.0,0.0,MEDIUM
2026-04-28 00:14:38,1021,0.4686,0.054,0.0,0.0,MEDIUM
2026-04-28 00:14:38,1022,0.4852,0.0832,0.0,0.0,MEDIUM
2026-04-28 00:14:38,1023,0.4707,0.083,0.0,0.0,MEDIUM
2026-04-28 00:14:38,1024,0.4583,0.0854,0.0,0.0,MEDIUM
2026-04-28 00:14:38,1025,0.4755,0.0853,0.0,0.0,MEDIUM
2026-04-28 00:14:38,1026,0.5413,0.0569,0.0,0.0,MEDIUM
2026-04-28 00:14:38,1027,0.5486,0.0293,0.0,0.0,MEDIUM
2026-04-28 00:14:38,1028,0.5365,0.0856,0.0,0.0,MEDIUM
2026-04-28 00:14:38,1029,0.4698,0.1109,0.0,0.0,MEDIUM
2026-04-28 00:14:39,1030,0.4641,0.0879,0.0,0.0,MEDIUM
2026-04-28 00:14:39,1031,0.4651,0.0554,0.0,0.0,MEDIUM
2026-04-28 00:14:39,1032,0.5261,0.0905,0.0,0.0,MEDIUM
2026-04-28 00:14:39,1033,0.4977,0.09,0.0,0.0,MEDIUM
2026-04-28 00:14:39,1034,0.4963,0.0637,0.0,0.0,MEDIUM
2026-04-28 00:14:39,1035,0.5177,0.1141,0.0,0.0,MEDIUM
2026-04-28 00:14:39,1036,0.4926,0.0811,0.0,0.0,MEDIUM
2026-04-28 00:14:39,1037,0.5214,0.057,0.0,0.0,MEDIUM
2026-04-28 00:14:39,1038,0.4674,0.0554,0.0,0.0,MEDIUM
2026-04-28 00:14:39,1039,0.5221,0.0569,0.0,0.0,MEDIUM
2026-04-28 00:14:39,1040,0.4917,0.1174,0.0,0.0,MEDIUM
2026-04-28 00:14:39,1041,0.5142,0.0657,0.0,0.0,MEDIUM
2026-04-28 00:14:39,1042,0.5292,0.0584,0.0,0.0,MEDIUM
2026-04-28 00:14:39,1043,0.4436,0.0526,0.0,0.0,MEDIUM
2026-04-28 00:14:39,1044,0.3442,0.1218,0.0,0.0,MEDIUM
2026-04-28 00:14:39,1045,0.2794,0.0588,0.0,0.0,MEDIUM
2026-04-28 00:14:39,1046,0.3071,0.0588,0.0,0.0,MEDIUM
2026-04-28 00:14:39,1047,0.234,0.0847,0.0,0.0,MEDIUM
2026-04-28 00:14:39,1048,0.2382,0.0877,0.0,0.0,MEDIUM
2026-04-28 00:14:39,1049,0.2465,0.05,0.0,0.0,MEDIUM
2026-04-28 00:14:39,1050,0.244,0.0476,0.0,0.0,MEDIUM
2026-04-28 00:14:39,1051,0.2135,0.0303,0.0,0.0,MEDIUM
2026-04-28 00:14:39,1052,0.2082,0.0441,0.0,0.0,MEDIUM
2026-04-28 00:14:39,1053,0.2196,0.0422,0.0,0.0,MEDIUM
2026-04-28 00:14:40,1054,0.2208,0.0417,0.0,0.0,MEDIUM
2026-04-28 00:14:40,1055,0.2241,0.0417,0.0,0.0,MEDIUM
2026-04-28 00:14:40,1056,0.2352,0.0422,0.0,0.0,MEDIUM
2026-04-28 00:14:40,1057,0.2328,0.0565,0.0,0.0,MEDIUM
2026-04-28 00:14:40,1058,0.2098,0.0416,0.0,0.0,MEDIUM
2026-04-28 00:14:40,1059,0.2193,0.0422,0.0,0.0,MEDIUM
2026-04-28 00:14:40,1060,0.1877,0.027,0.0,0.0,MEDIUM
2026-04-28 00:14:40,1061,0.1919,0.0433,0.0,0.0,MEDIUM
2026-04-28 00:14:40,1062,0.249,0.0432,0.0,0.0,MEDIUM
2026-04-28 00:14:40,1063,0.2763,0.0421,0.0,0.0,MEDIUM
2026-04-28 00:14:40,1064,0.2796,0.0405,0.0,0.0,MEDIUM
2026-04-28 00:14:40,1065,0.2802,0.027,0.0,0.0,MEDIUM
2026-04-28 00:14:40,1066,0.28,0.0405,0.0,0.0,MEDIUM
2026-04-28 00:14:40,1067,0.2789,0.0433,0.0,0.0,MEDIUM
2026-04-28 00:14:40,1068,0.287,0.0405,0.0,0.0,MEDIUM
2026-04-28 00:14:40,1069,0.2806,0.0266,0.0,0.0,MEDIUM
2026-04-28 00:14:40,1070,0.2806,0.027,0.0,0.0,MEDIUM
2026-04-28 00:14:40,1071,0.2743,0.0405,0.0,0.0,MEDIUM
2026-04-28 00:14:40,1072,0.2822,0.0405,0.0,0.0,MEDIUM
2026-04-28 00:14:40,1073,0.278,0.0404,0.0,0.0,MEDIUM
2026-04-28 00:14:40,1074,0.2746,0.0263,0.0,0.0,MEDIUM
2026-04-28 00:14:40,1075,0.2775,0.0263,0.0,0.0,MEDIUM
2026-04-28 00:14:40,1076,0.2712,0.0404,0.0,0.0,MEDIUM
2026-04-28 00:14:40,1077,0.2748,0.054,0.0,0.0,MEDIUM
2026-04-28 00:14:40,1078,0.2769,0.0404,0.0,0.0,MEDIUM
2026-04-28 00:14:40,1079,0.2719,0.0405,0.0,0.0,MEDIUM
2026-04-28 00:14:40,1080,0.2748,0.027,0.0,0.0,MEDIUM
2026-04-28 00:14:40,1081,0.269,0.0415,0.0,0.0,MEDIUM
2026-04-28 00:14:40,1082,0.279,0.0399,0.0,0.0,MEDIUM
2026-04-28 00:14:40,1083,0.2645,0.0405,0.0,0.0,MEDIUM
2026-04-28 00:14:41,1084,0.2639,0.0404,0.0,0.0,MEDIUM
2026-04-28 00:14:41,1085,0.2673,0.0404,0.0,0.0,MEDIUM
2026-04-28 00:14:41,1086,0.2772,0.0399,0.0,0.0,MEDIUM
2026-04-28 00:14:41,1087,0.2805,0.0405,0.0,0.0,MEDIUM
2026-04-28 00:14:41,1088,0.2787,0.0404,0.0,0.0,MEDIUM
2026-04-28 00:14:41,1089,0.275,0.041,0.0,0.0,MEDIUM
2026-04-28 00:14:41,1090,0.2789,0.0427,0.0,0.0,MEDIUM
2026-04-28 00:14:41,1091,0.2834,0.0404,0.0,0.0,MEDIUM
2026-04-28 00:14:41,1092,0.2873,0.0426,0.0,0.0,MEDIUM
2026-04-28 00:14:41,1093,0.2903,0.0427,0.0,0.0,MEDIUM
2026-04-28 00:14:41,1094,0.2927,0.0427,0.0,0.0,MEDIUM
2026-04-28 00:14:41,1095,0.2871,0.0405,0.0,0.0,MEDIUM
2026-04-28 00:14:41,1096,0.2796,0.0294,0.0,0.0,MEDIUM
2026-04-28 00:14:41,1097,0.2919,0.0263,0.0,0.0,MEDIUM
2026-04-28 00:14:41,1098,0.2767,0.0306,0.0,0.0,MEDIUM
2026-04-28 00:14:41,1099,0.277,0.0526,0.0,0.0,MEDIUM
2026-04-28 00:14:41,1100,0.2805,0.0394,0.0,0.0,MEDIUM
2026-04-28 00:14:41,1101,0.2868,0.041,0.0,0.0,MEDIUM
2026-04-28 00:14:41,1102,0.2902,0.0405,0.0,0.0,MEDIUM
2026-04-28 00:14:41,1103,0.2848,0.0533,0.0,0.0,MEDIUM
2026-04-28 00:14:41,1104,0.2823,0.054,0.0,0.0,MEDIUM
2026-04-28 00:14:41,1105,0.2773,0.0512,0.0,0.0,MEDIUM
2026-04-28 00:14:41,1106,0.2852,0.0394,0.0,0.0,MEDIUM
2026-04-28 00:14:41,1107,0.2909,0.0404,0.0,0.0,MEDIUM
2026-04-28 00:14:41,1108,0.2903,0.0426,0.0,0.0,MEDIUM
2026-04-28 00:14:41,1109,0.2767,0.0399,0.0,0.0,MEDIUM
2026-04-28 00:14:41,1110,0.2671,0.0405,0.0,0.0,MEDIUM
2026-04-28 00:14:41,1111,0.2722,0.0427,0.0,0.0,MEDIUM
2026-04-28 00:14:41,1112,0.2897,0.0564,0.0,0.0,MEDIUM
2026-04-28 00:14:41,1113,0.2788,0.0555,0.0,0.0,MEDIUM
2026-04-28 00:14:42,1114,0.272,0.0416,0.0,0.0,MEDIUM
2026-04-28 00:14:42,1115,0.2737,0.0416,0.0,0.0,MEDIUM
2026-04-28 00:14:42,1116,0.2701,0.0554,0.0,0.0,MEDIUM
2026-04-28 00:14:42,1117,0.2794,0.0416,0.0,0.0,OK
2026-04-28 00:14:42,1118,0.2665,0.041,0.0,0.0,OK
2026-04-28 00:14:42,1119,0.2786,0.0394,0.0,0.0,OK
2026-04-28 00:14:42,1120,0.2747,0.0416,0.0,0.0,OK
2026-04-28 00:14:42,1121,0.3001,0.041,0.0,0.0,OK
2026-04-28 00:14:42,1122,0.3097,0.041,0.0,0.0,OK
2026-04-28 00:14:42,1123,0.2956,0.041,0.0,0.0,OK
2026-04-28 00:14:42,1124,0.295,0.041,0.0,0.0,OK
2026-04-28 00:14:42,1125,0.2994,0.0405,0.0,0.0,OK
2026-04-28 00:14:42,1126,0.2919,0.0405,0.0,0.0,OK
2026-04-28 00:14:42,1127,0.2817,0.0394,0.0,0.0,OK
2026-04-28 00:14:42,1128,0.2909,0.0394,0.0,0.0,OK
2026-04-28 00:14:42,1129,0.2954,0.0399,0.0,0.0,OK
2026-04-28 00:14:42,1130,0.2945,0.0405,0.0,0.0,OK
2026-04-28 00:14:42,1131,0.2972,0.0399,0.0,0.0,OK
2026-04-28 00:14:42,1132,0.2797,0.0306,0.0,0.0,OK
2026-04-28 00:14:42,1133,0.2783,0.0274,0.0,0.0,OK
2026-04-28 00:14:42,1134,0.2837,0.0302,0.0,0.0,OK
2026-04-28 00:14:42,1135,0.2991,0.041,0.0,0.0,OK
2026-04-28 00:14:42,1136,0.3,0.041,0.0,0.0,OK
2026-04-28 00:14:42,1137,0.2805,0.0404,0.0,0.0,OK
2026-04-28 00:14:42,1138,0.2805,0.0404,0.0,0.0,OK
2026-04-28 00:14:42,1139,0.2703,0.0405,0.0,0.0,OK
2026-04-28 00:14:42,1140,0.2791,0.054,0.0,0.0,OK
2026-04-28 00:14:42,1141,0.2706,0.0421,0.0,0.0,OK
2026-04-28 00:14:42,1142,0.2765,0.0421,0.0,0.0,OK
2026-04-28 00:14:42,1143,0.2307,0.0188,0.0,0.0,OK
2026-04-28 00:14:43,1144,0.2439,0.0306,0.0,0.0,OK
2026-04-28 00:14:43,1145,0.2315,0.0289,0.0,0.0,OK
2026-04-28 00:14:43,1146,0.2894,0.0909,0.0,0.0,OK
2026-04-28 00:14:43,1147,0.2924,0.0695,0.0,0.0,OK
2026-04-28 00:14:43,1148,0.3524,0.0931,0.0,0.0,OK
2026-04-28 00:14:43,1149,0.3794,0.0657,0.0,0.0,OK
2026-04-28 00:14:43,1150,0.6012,0.1084,0.0,0.0,OK
2026-04-28 00:14:43,1151,0.5744,0.1245,0.0,0.0,OK
2026-04-28 00:14:43,1152,0.6818,0.0521,0.0,0.0,OK
2026-04-28 00:14:43,1153,0.5237,0.0624,0.0,0.0,OK
2026-04-28 00:14:43,1154,0.5268,0.0471,0.0,0.0,OK
2026-04-28 00:14:43,1155,0.4966,0.0645,0.0,0.0,OK
2026-04-28 00:14:43,1156,0.6007,0.0323,0.0,0.0,OK
2026-04-28 00:14:43,1157,0.53,0.0442,0.0,0.0,OK
2026-04-28 00:14:43,1158,0.6518,0.069,0.0,0.0,OK
2026-04-28 00:14:44,1159,0.2569,0.0957,0.0,0.0,OK
2026-04-28 00:14:44,1160,0.6102,0.0391,0.0,0.0,OK
2026-04-28 00:14:44,1161,0.3263,0.0616,0.0,0.0,OK
2026-04-28 00:14:44,1162,0.2744,0.0716,0.0,0.0,OK
2026-04-28 00:14:44,1163,0.2629,0.0503,0.0,0.0,MEDIUM
2026-04-28 00:14:44,1164,0.2628,0.0522,0.0,0.0,MEDIUM
2026-04-28 00:14:44,1165,0.2752,0.0685,0.0,0.0,MEDIUM
2026-04-28 00:14:44,1166,0.2619,0.0683,0.0,0.0,MEDIUM
2026-04-28 00:14:44,1167,0.2822,0.0663,0.0,0.0,MEDIUM
2026-04-28 00:14:44,1168,0.2905,0.0481,0.0,0.0,MEDIUM
2026-04-28 00:14:44,1169,0.2817,0.0489,0.0,0.0,MEDIUM
2026-04-28 00:14:45,1170,0.2775,0.0507,0.0,0.0,MEDIUM
2026-04-28 00:14:45,1171,0.2691,0.0343,0.0,0.0,MEDIUM
2026-04-28 00:14:45,1172,0.2511,0.0498,0.0,0.0,MEDIUM
2026-04-28 00:14:45,1173,0.2746,0.0554,0.0,0.0,MEDIUM
2026-04-28 00:14:45,1174,0.3599,0.0816,0.0,0.0,MEDIUM
2026-04-28 00:14:45,1175,0.3626,0.0673,0.0,0.0,MEDIUM
2026-04-28 00:14:45,1176,0.4411,0.0545,0.0,0.0,MEDIUM
2026-04-28 00:14:45,1177,0.3974,0.05,0.0,0.0,MEDIUM
2026-04-28 00:14:45,1178,0.5244,0.1049,0.0,0.0,MEDIUM
2026-04-28 00:14:45,1179,0.4601,0.0788,0.0,0.0,MEDIUM
2026-04-28 00:14:45,1180,0.5035,0.1081,0.0,0.0,MEDIUM
2026-04-28 00:14:45,1181,0.4388,0.0604,0.0,0.0,MEDIUM
2026-04-28 00:14:45,1182,0.4818,0.0555,0.0,0.0,MEDIUM
2026-04-28 00:14:45,1183,0.4659,0.0277,0.0,0.0,MEDIUM
2026-04-28 00:14:45,1184,0.4791,0.0,0.0,0.0,MEDIUM
2026-04-28 00:14:45,1185,0.4183,0.0393,0.0,0.0,MEDIUM
2026-04-28 00:14:45,1186,0.4278,0.0285,0.0,0.0,MEDIUM
2026-04-28 00:14:45,1187,0.4268,0.0555,0.0,0.0,MEDIUM
2026-04-28 00:14:45,1188,0.4872,0.0286,0.0,0.0,MEDIUM
2026-04-28 00:14:45,1189,0.5117,0.0286,0.0,0.0,MEDIUM
2026-04-28 00:14:45,1190,0.5169,0.0,0.0,0.0,MEDIUM
2026-04-28 00:14:45,1191,0.5145,0.0571,0.0,0.0,MEDIUM
2026-04-28 00:14:45,1192,0.4761,0.0278,0.0,0.0,MEDIUM
2026-04-28 00:14:45,1193,0.4818,0.0,0.0,0.0,MEDIUM
2026-04-28 00:14:45,1194,0.4596,0.0278,0.0,0.0,MEDIUM
2026-04-28 00:14:45,1195,0.5159,0.0293,0.0,0.0,MEDIUM
2026-04-28 00:14:45,1196,0.5303,0.0415,0.0,0.0,MEDIUM
2026-04-28 00:14:45,1197,0.5276,0.0604,0.0,0.0,MEDIUM
2026-04-28 00:14:46,1198,0.5449,0.031,0.0,0.0,MEDIUM
2026-04-28 00:14:46,1199,0.5349,0.0569,0.0,0.0,MEDIUM
2026-04-28 00:14:46,1200,0.5063,0.093,0.0,0.0,MEDIUM
2026-04-28 00:14:46,1201,0.4892,0.093,0.0,0.0,MEDIUM
2026-04-28 00:14:46,1202,0.5099,0.0854,0.0,0.0,MEDIUM
2026-04-28 00:14:46,1203,0.5209,0.0586,0.0,0.0,MEDIUM
2026-04-28 00:14:46,1204,0.4738,0.0554,0.0,0.0,MEDIUM
2026-04-28 00:14:46,1205,0.5087,0.0832,0.0,0.0,MEDIUM
2026-04-28 00:14:46,1206,0.4802,0.057,0.0,0.0,MEDIUM
2026-04-28 00:14:46,1207,0.4939,0.0655,0.0,0.0,MEDIUM
2026-04-28 00:14:46,1208,0.4975,0.0602,0.0,0.0,MEDIUM
2026-04-28 00:14:46,1209,0.5364,0.0285,0.0,0.0,MEDIUM
2026-04-28 00:14:46,1210,0.4942,0.0284,0.0,0.0,MEDIUM
2026-04-28 00:14:46,1211,0.5921,0.0673,0.0,0.0,MEDIUM
2026-04-28 00:14:46,1212,0.5294,0.03,0.0,0.0,MEDIUM
2026-04-28 00:14:46,1213,0.5332,0.0284,0.0,0.0,MEDIUM
2026-04-28 00:14:46,1214,0.5483,0.0602,0.0,0.0,MEDIUM
2026-04-28 00:14:46,1215,0.4994,0.0954,0.0,0.0,MEDIUM
2026-04-28 00:14:46,1216,0.5795,0.093,0.0,0.0,MEDIUM
2026-04-28 00:14:46,1217,0.5125,0.0905,0.0,0.0,MEDIUM
2026-04-28 00:14:46,1218,0.5472,0.0,0.0,0.0,MEDIUM
2026-04-28 00:14:46,1219,0.4859,0.0569,0.0,0.0,MEDIUM
2026-04-28 00:14:46,1220,0.5228,0.0292,0.0,0.0,MEDIUM
2026-04-28 00:14:46,1221,0.4898,0.0587,0.0,0.0,MEDIUM
2026-04-28 00:14:46,1222,0.4515,0.0586,0.0,0.0,MEDIUM
2026-04-28 00:14:46,1223,0.5075,0.0302,0.0,0.0,MEDIUM
2026-04-28 00:14:46,1224,0.5229,0.031,0.0,0.0,MEDIUM
2026-04-28 00:14:46,1225,0.5615,0.0677,0.0,0.0,MEDIUM
2026-04-28 00:14:46,1226,0.4481,0.0302,0.0,0.0,MEDIUM
2026-04-28 00:14:47,1227,0.4933,0.0302,0.0,0.0,MEDIUM
2026-04-28 00:14:47,1228,0.4842,0.0286,0.0,0.0,MEDIUM
2026-04-28 00:14:47,1229,0.4463,0.0302,0.0,0.0,MEDIUM
2026-04-28 00:14:47,1230,0.4547,0.0294,0.0,0.0,MEDIUM
2026-04-28 00:14:47,1231,0.5442,0.0,0.0,0.0,MEDIUM
2026-04-28 00:14:47,1232,0.5824,0.0602,0.0,0.0,MEDIUM
2026-04-28 00:14:47,1233,0.5083,0.0569,0.0,0.0,MEDIUM
2026-04-28 00:14:47,1234,0.5524,0.0285,0.0,0.0,MEDIUM
2026-04-28 00:14:47,1235,0.5752,0.0569,0.0,0.0,MEDIUM
2026-04-28 00:14:47,1236,0.5771,0.0881,0.0,0.0,MEDIUM
2026-04-28 00:14:47,1237,0.535,0.0832,0.0,0.0,MEDIUM
2026-04-28 00:14:47,1238,0.5187,0.0854,0.0,0.0,MEDIUM
2026-04-28 00:14:47,1239,0.5498,0.0,0.0,0.0,MEDIUM
2026-04-28 00:14:47,1240,0.475,0.0586,0.0,0.0,MEDIUM
2026-04-28 00:14:47,1241,0.4954,0.0554,0.0,0.0,MEDIUM
2026-04-28 00:14:47,1242,0.5572,0.0879,0.0,0.0,MEDIUM
2026-04-28 00:14:47,1243,0.4894,0.0554,0.0,0.0,MEDIUM
2026-04-28 00:14:47,1244,0.5789,0.0285,0.0,0.0,MEDIUM
2026-04-28 00:14:47,1245,0.5219,0.0302,0.0,0.0,MEDIUM
2026-04-28 00:14:47,1246,0.5165,0.0569,0.0,0.0,MEDIUM
2026-04-28 00:14:47,1247,0.5575,0.0293,0.0,0.0,MEDIUM
2026-04-28 00:14:47,1248,0.5398,0.0301,0.0,0.0,MEDIUM
2026-04-28 00:14:47,1249,0.5882,0.044,0.0,0.0,MEDIUM
2026-04-28 00:14:47,1250,0.5937,0.069,0.0,0.0,MEDIUM
2026-04-28 00:14:47,1251,0.6281,0.0602,0.0,0.0,MEDIUM
2026-04-28 00:14:47,1252,0.5837,0.0599,0.0,0.0,MEDIUM
2026-04-28 00:14:48,1253,0.5733,0.104,0.0,0.0,MEDIUM
2026-04-28 00:14:48,1254,0.5639,0.068,0.0,0.0,MEDIUM
2026-04-28 00:14:48,1255,0.5844,0.0618,0.0,0.0,MEDIUM
2026-04-28 00:14:48,1256,0.6191,0.064,0.0,0.0,MEDIUM
2026-04-28 00:14:48,1257,0.5938,0.0584,0.0,0.0,MEDIUM
2026-04-28 00:14:48,1258,0.6179,0.0715,0.0,0.0,MEDIUM
2026-04-28 00:14:48,1259,0.5893,0.032,0.0,0.0,MEDIUM
2026-04-28 00:14:48,1260,0.5908,0.0321,0.0,0.0,MEDIUM
2026-04-28 00:14:48,1261,0.4733,0.0285,0.0,0.0,MEDIUM
2026-04-28 00:14:48,1262,0.5135,0.0876,0.0,0.0,MEDIUM
2026-04-28 00:14:48,1263,0.5245,0.0566,0.0,0.0,MEDIUM
2026-04-28 00:14:48,1264,0.4807,0.0854,0.0,0.0,MEDIUM
2026-04-28 00:14:48,1265,0.4807,0.1172,0.0,0.0,MEDIUM
2026-04-28 00:14:48,1266,0.5704,0.0604,0.0,0.0,MEDIUM
2026-04-28 00:14:48,1267,0.5759,0.0,0.0,0.0,MEDIUM
2026-04-28 00:14:48,1268,0.5945,0.0604,0.0,0.0,MEDIUM
2026-04-28 00:14:48,1269,0.5518,0.0693,0.0,0.0,MEDIUM
2026-04-28 00:14:48,1270,0.5716,0.1244,0.0,0.0,MEDIUM
2026-04-28 00:14:48,1271,0.5227,0.1174,0.0,0.0,MEDIUM
2026-04-28 00:14:48,1272,0.5354,0.0437,0.0,0.0,MEDIUM
2026-04-28 00:14:48,1273,0.567,0.0,0.0,0.0,MEDIUM
2026-04-28 00:14:48,1274,0.5398,0.0293,0.0,0.0,MEDIUM
2026-04-28 00:14:48,1275,0.468,0.0584,0.0,0.0,MEDIUM
2026-04-28 00:14:48,1276,0.4813,0.0291,0.0,0.0,MEDIUM
2026-04-28 00:14:48,1277,0.5094,0.0309,0.0,0.0,MEDIUM
2026-04-28 00:14:48,1278,0.5296,0.0301,0.0,0.0,MEDIUM
2026-04-28 00:14:48,1279,0.5389,0.0926,0.0,0.0,MEDIUM
2026-04-28 00:14:48,1280,0.5216,0.0,0.0,0.0,MEDIUM
2026-04-28 00:14:48,1281,0.5271,0.062,0.0,0.0,MEDIUM
2026-04-28 00:14:48,1282,0.5377,0.0655,0.0,0.0,MEDIUM
2026-04-28 00:14:49,1283,0.5419,0.0302,0.0,0.0,MEDIUM
2026-04-28 00:14:49,1284,0.499,0.0587,0.0,0.0,MEDIUM
2026-04-28 00:14:49,1285,0.4819,0.0285,0.0,0.0,MEDIUM
2026-04-28 00:14:49,1286,0.5248,0.0586,0.0,0.0,MEDIUM
2026-04-28 00:14:49,1287,0.4895,0.0294,0.0,0.0,MEDIUM
2026-04-28 00:14:49,1288,0.4811,0.0294,0.0,0.0,MEDIUM
2026-04-28 00:14:49,1289,0.4672,0.0293,0.0,0.0,MEDIUM
2026-04-28 00:14:49,1290,0.4572,0.0,0.0,0.0,MEDIUM
2026-04-28 00:14:49,1291,0.4809,0.0,0.0,0.0,MEDIUM
2026-04-28 00:14:49,1292,0.5056,0.031,0.0,0.0,MEDIUM
2026-04-28 00:14:49,1293,0.5469,0.062,0.0,0.0,MEDIUM
2026-04-28 00:14:49,1294,0.5337,0.0321,0.0,0.0,MEDIUM
2026-04-28 00:14:49,1295,0.5089,0.044,0.0,0.0,MEDIUM
2026-04-28 00:14:49,1296,0.5356,0.0302,0.0,0.0,MEDIUM
2026-04-28 00:14:49,1297,0.5387,0.0622,0.0,0.0,MEDIUM
2026-04-28 00:14:49,1298,0.5237,0.0302,0.0,0.0,MEDIUM
2026-04-28 00:14:49,1299,0.4804,0.0285,0.0,0.0,MEDIUM
2026-04-28 00:14:49,1300,0.4509,0.0832,0.0,0.0,MEDIUM
2026-04-28 00:14:49,1301,0.4646,0.081,0.0,0.0,MEDIUM
2026-04-28 00:14:49,1302,0.4311,0.0554,0.0,0.0,MEDIUM
2026-04-28 00:14:49,1303,0.4237,0.0601,0.0,0.0,MEDIUM
2026-04-28 00:14:49,1304,0.4292,0.0898,0.0,0.0,MEDIUM
2026-04-28 00:14:49,1305,0.376,0.0487,0.0,0.0,MEDIUM
2026-04-28 00:14:49,1306,0.3702,0.0928,0.0,0.0,MEDIUM
2026-04-28 00:14:49,1307,0.3672,0.0476,0.0,0.0,MEDIUM
2026-04-28 00:14:49,1308,0.3302,0.074,0.0,0.0,MEDIUM
2026-04-28 00:14:49,1309,0.334,0.06,0.0,0.0,MEDIUM
2026-04-28 00:14:50,1310,0.2915,0.0686,0.0,0.0,MEDIUM
2026-04-28 00:14:50,1311,0.2905,0.0508,0.0,0.0,MEDIUM
2026-04-28 00:14:50,1312,0.2658,0.0476,0.0,0.0,MEDIUM
2026-04-28 00:14:50,1313,0.2711,0.0461,0.0,0.0,MEDIUM
2026-04-28 00:14:50,1314,0.255,0.0143,0.0,0.0,MEDIUM
2026-04-28 00:14:50,1315,0.2345,0.0428,0.0,0.0,MEDIUM
2026-04-28 00:14:50,1316,0.2354,0.0286,0.0,0.0,MEDIUM
2026-04-28 00:14:50,1317,0.237,0.04,0.0,0.0,MEDIUM
2026-04-28 00:14:50,1318,0.2511,0.04,0.0,0.0,MEDIUM
2026-04-28 00:14:50,1319,0.241,0.0274,0.0,0.0,MEDIUM
2026-04-28 00:14:50,1320,0.2337,0.0405,0.0,0.0,MEDIUM
2026-04-28 00:14:50,1321,0.239,0.0411,0.0,0.0,MEDIUM
2026-04-28 00:14:50,1322,0.245,0.0267,0.0,0.0,MEDIUM
2026-04-28 00:14:50,1323,0.2526,0.054,0.0,0.0,MEDIUM
2026-04-28 00:14:50,1324,0.2441,0.0267,0.0,0.0,MEDIUM
2026-04-28 00:14:50,1325,0.2562,0.04,0.0,0.0,MEDIUM
2026-04-28 00:14:50,1326,0.2579,0.027,0.0,0.0,MEDIUM
2026-04-28 00:14:50,1327,0.2573,0.04,0.0,0.0,MEDIUM
2026-04-28 00:14:50,1328,0.2603,0.0405,0.0,0.0,MEDIUM
2026-04-28 00:14:50,1329,0.2659,0.0405,0.0,0.0,MEDIUM
2026-04-28 00:14:50,1330,0.2661,0.0405,0.0,0.0,MEDIUM
2026-04-28 00:14:50,1331,0.2678,0.0405,0.0,0.0,MEDIUM
2026-04-28 00:14:50,1332,0.2645,0.0405,0.0,0.0,MEDIUM
2026-04-28 00:14:50,1333,0.2508,0.0526,0.0,0.0,MEDIUM
2026-04-28 00:14:50,1334,0.2557,0.0533,0.0,0.0,MEDIUM
2026-04-28 00:14:50,1335,0.268,0.0411,0.0,0.0,MEDIUM
2026-04-28 00:14:50,1336,0.2708,0.0267,0.0,0.0,MEDIUM
2026-04-28 00:14:50,1337,0.2257,0.0411,0.0,0.0,MEDIUM
2026-04-28 00:14:50,1338,0.2332,0.0417,0.0,0.0,MEDIUM
2026-04-28 00:14:50,1339,0.1669,0.0411,0.0,0.0,MEDIUM
2026-04-28 00:14:51,1340,0.1789,0.0405,0.0,0.0,MEDIUM
2026-04-28 00:14:51,1341,0.2185,0.0405,0.0,0.0,MEDIUM
2026-04-28 00:14:51,1342,0.2353,0.027,0.0,0.0,MEDIUM
2026-04-28 00:14:51,1343,0.2272,0.0274,0.0,0.0,MEDIUM
2026-04-28 00:14:51,1344,0.2494,0.0405,0.0,0.0,MEDIUM
2026-04-28 00:14:51,1345,0.2583,0.0405,0.0,0.0,MEDIUM
2026-04-28 00:14:51,1346,0.2609,0.0417,0.0,0.0,MEDIUM
2026-04-28 00:14:51,1347,0.2556,0.0417,0.0,0.0,MEDIUM
2026-04-28 00:14:51,1348,0.2582,0.0411,0.0,0.0,MEDIUM
2026-04-28 00:14:51,1349,0.2557,0.0411,0.0,0.0,MEDIUM
2026-04-28 00:14:51,1350,0.2553,0.0405,0.0,0.0,MEDIUM
2026-04-28 00:14:51,1351,0.2534,0.0405,0.0,0.0,MEDIUM
2026-04-28 00:14:51,1352,0.2623,0.0417,0.0,0.0,MEDIUM
2026-04-28 00:14:51,1353,0.2635,0.0274,0.0,0.0,MEDIUM
2026-04-28 00:14:51,1354,0.2736,0.0137,0.0,0.0,MEDIUM
2026-04-28 00:14:51,1355,0.2597,0.0282,0.0,0.0,MEDIUM
2026-04-28 00:14:51,1356,0.2557,0.0278,0.0,0.0,MEDIUM
2026-04-28 00:14:51,1357,0.257,0.0405,0.0,0.0,MEDIUM
2026-04-28 00:14:51,1358,0.2637,0.0405,0.0,0.0,MEDIUM
2026-04-28 00:14:51,1359,0.2505,0.027,0.0,0.0,MEDIUM
2026-04-28 00:14:51,1360,0.2637,0.0278,0.0,0.0,MEDIUM
2026-04-28 00:14:51,1361,0.2602,0.0278,0.0,0.0,MEDIUM
2026-04-28 00:14:51,1362,0.2608,0.0411,0.0,0.0,MEDIUM
2026-04-28 00:14:51,1363,0.2671,0.0411,0.0,0.0,MEDIUM
2026-04-28 00:14:51,1364,0.2458,0.0417,0.0,0.0,MEDIUM
2026-04-28 00:14:51,1365,0.2482,0.0417,0.0,0.0,MEDIUM
2026-04-28 00:14:51,1366,0.2491,0.0306,0.0,0.0,MEDIUM
2026-04-28 00:14:51,1367,0.2557,0.027,0.0,0.0,MEDIUM
2026-04-28 00:14:51,1368,0.2602,0.0411,0.0,0.0,MEDIUM
2026-04-28 00:14:52,1369,0.2558,0.0417,0.0,0.0,MEDIUM
2026-04-28 00:14:52,1370,0.2558,0.0417,0.0,0.0,MEDIUM
2026-04-28 00:14:52,1371,0.2691,0.0417,0.0,0.0,MEDIUM
2026-04-28 00:14:52,1372,0.264,0.0411,0.0,0.0,MEDIUM
2026-04-28 00:14:52,1373,0.2402,0.0411,0.0,0.0,MEDIUM
2026-04-28 00:14:52,1374,0.2594,0.0411,0.0,0.0,MEDIUM
2026-04-28 00:14:52,1375,0.2586,0.027,0.0,0.0,MEDIUM
2026-04-28 00:14:52,1376,0.2565,0.0411,0.0,0.0,MEDIUM
2026-04-28 00:14:52,1377,0.257,0.0267,0.0,0.0,MEDIUM
2026-04-28 00:14:52,1378,0.2637,0.0405,0.0,0.0,MEDIUM
2026-04-28 00:14:52,1379,0.2623,0.0422,0.0,0.0,MEDIUM
2026-04-28 00:14:52,1380,0.2649,0.0422,0.0,0.0,MEDIUM
2026-04-28 00:14:52,1381,0.2725,0.0417,0.0,0.0,MEDIUM
2026-04-28 00:14:52,1382,0.2712,0.0411,0.0,0.0,MEDIUM
2026-04-28 00:14:52,1383,0.2609,0.0274,0.0,0.0,MEDIUM
2026-04-28 00:14:52,1384,0.2664,0.0278,0.0,0.0,MEDIUM
2026-04-28 00:14:52,1385,0.2466,0.0274,0.0,0.0,MEDIUM
2026-04-28 00:14:52,1386,0.2641,0.0411,0.0,0.0,MEDIUM
2026-04-28 00:14:52,1387,0.2662,0.0274,0.0,0.0,MEDIUM
2026-04-28 00:14:52,1388,0.2645,0.0405,0.0,0.0,MEDIUM
2026-04-28 00:14:52,1389,0.2593,0.0274,0.0,0.0,MEDIUM
2026-04-28 00:14:52,1390,0.2582,0.0411,0.0,0.0,MEDIUM
2026-04-28 00:14:52,1391,0.2645,0.0417,0.0,0.0,MEDIUM
2026-04-28 00:14:52,1392,0.2534,0.0411,0.0,0.0,MEDIUM
2026-04-28 00:14:52,1393,0.2674,0.0417,0.0,0.0,MEDIUM
2026-04-28 00:14:52,1394,0.2592,0.0411,0.0,0.0,MEDIUM
2026-04-28 00:14:52,1395,0.2637,0.0417,0.0,0.0,MEDIUM
2026-04-28 00:14:53,1396,0.2609,0.0417,0.0,0.0,MEDIUM
2026-04-28 00:14:53,1397,0.2744,0.0405,0.0,0.0,MEDIUM
2026-04-28 00:14:53,1398,0.2648,0.0411,0.0,0.0,MEDIUM
2026-04-28 00:14:53,1399,0.2633,0.0429,0.0,0.0,MEDIUM
2026-04-28 00:14:53,1400,0.2663,0.0417,0.0,0.0,MEDIUM
2026-04-28 00:14:53,1401,0.2507,0.0274,0.0,0.0,MEDIUM
2026-04-28 00:14:53,1402,0.2744,0.0417,0.0,0.0,MEDIUM
2026-04-28 00:14:53,1403,0.2748,0.0417,0.0,0.0,MEDIUM
2026-04-28 00:14:53,1404,0.2651,0.0548,0.0,0.0,MEDIUM
2026-04-28 00:14:53,1405,0.2614,0.0278,0.0,0.0,MEDIUM
2026-04-28 00:14:53,1406,0.263,0.0278,0.0,0.0,MEDIUM
2026-04-28 00:14:53,1407,0.2732,0.0417,0.0,0.0,MEDIUM
2026-04-28 00:14:53,1408,0.2825,0.0417,0.0,0.0,MEDIUM
2026-04-28 00:14:53,1409,0.2786,0.0417,0.0,0.0,MEDIUM
2026-04-28 00:14:53,1410,0.2659,0.0417,0.0,0.0,MEDIUM
2026-04-28 00:14:53,1411,0.2671,0.0417,0.0,0.0,MEDIUM
2026-04-28 00:14:53,1412,0.2404,0.0417,0.0,0.0,MEDIUM
2026-04-28 00:14:53,1413,0.2482,0.0417,0.0,0.0,MEDIUM
2026-04-28 00:14:53,1414,0.2465,0.0417,0.0,0.0,MEDIUM
2026-04-28 00:14:53,1415,0.2439,0.0411,0.0,0.0,MEDIUM
2026-04-28 00:14:53,1416,0.2476,0.0422,0.0,0.0,MEDIUM
2026-04-28 00:14:53,1417,0.2492,0.0422,0.0,0.0,MEDIUM
2026-04-28 00:14:53,1418,0.2367,0.0563,0.0,0.0,MEDIUM
2026-04-28 00:14:53,1419,0.2339,0.0422,0.0,0.0,MEDIUM
2026-04-28 00:14:53,1420,0.2143,0.0548,0.0,0.0,MEDIUM
2026-04-28 00:14:53,1421,0.2342,0.027,0.0,0.0,MEDIUM
2026-04-28 00:14:53,1422,0.2343,0.0439,0.0,0.0,MEDIUM
2026-04-28 00:14:53,1423,0.2361,0.0411,0.0,0.0,MEDIUM
2026-04-28 00:14:54,1424,0.2399,0.0422,0.0,0.0,MEDIUM
2026-04-28 00:14:54,1425,0.245,0.0417,0.0,0.0,MEDIUM
2026-04-28 00:14:54,1426,0.234,0.0445,0.0,0.0,MEDIUM
2026-04-28 00:14:54,1427,0.2203,0.0417,0.0,0.0,MEDIUM
2026-04-28 00:14:54,1428,0.2325,0.0417,0.0,0.0,MEDIUM
2026-04-28 00:14:54,1429,0.2349,0.0306,0.0,0.0,MEDIUM
2026-04-28 00:14:54,1430,0.2323,0.0417,0.0,0.0,MEDIUM
2026-04-28 00:14:54,1431,0.2245,0.0417,0.0,0.0,MEDIUM
2026-04-28 00:14:54,1432,0.2259,0.0563,0.0,0.0,MEDIUM
2026-04-28 00:14:54,1433,0.2441,0.0571,0.0,0.0,MEDIUM
2026-04-28 00:14:54,1434,0.2481,0.0541,0.0,0.0,MEDIUM
2026-04-28 00:14:54,1435,0.244,0.0411,0.0,0.0,MEDIUM
2026-04-28 00:14:54,1436,0.2301,0.0422,0.0,0.0,MEDIUM
2026-04-28 00:14:54,1437,0.2352,0.0428,0.0,0.0,MEDIUM
2026-04-28 00:14:54,1438,0.2361,0.0429,0.0,0.0,MEDIUM
2026-04-28 00:14:54,1439,0.262,0.029,0.0,0.0,MEDIUM
2026-04-28 00:14:54,1440,0.2798,0.0,0.0,0.0,MEDIUM
2026-04-28 00:14:54,1441,0.2995,0.0515,0.0,0.0,MEDIUM
2026-04-28 00:14:54,1442,0.2795,0.0664,0.0,0.0,MEDIUM
2026-04-28 00:14:54,1443,0.3372,0.0617,0.0,0.0,MEDIUM
2026-04-28 00:14:54,1444,0.4943,0.1143,0.0,0.0,MEDIUM
2026-04-28 00:14:54,1445,0.4038,0.1231,0.0,0.0,MEDIUM
2026-04-28 00:14:54,1446,0.5533,0.0813,0.0,0.0,MEDIUM
2026-04-28 00:14:54,1447,0.5786,0.0335,0.0,0.0,MEDIUM
2026-04-28 00:14:54,1448,0.7219,0.0762,0.0,0.0,MEDIUM
2026-04-28 00:14:55,1449,0.7699,0.1118,0.0,0.0,MEDIUM
2026-04-28 00:14:55,1450,0.5126,0.0485,0.0,0.0,MEDIUM
2026-04-28 00:14:55,1451,0.5433,0.0368,0.0,0.0,MEDIUM
2026-04-28 00:14:55,1452,0.6948,0.0,0.0,0.0,MEDIUM
2026-04-28 00:14:55,1453,0.7368,0.038,0.0,0.0,MEDIUM
2026-04-28 00:14:55,1454,0.6128,0.0355,0.0,0.0,MEDIUM
2026-04-28 00:14:55,1455,0.5932,0.033,0.0,0.0,MEDIUM
2026-04-28 00:14:55,1456,0.5169,0.0333,0.0,0.0,MEDIUM
2026-04-28 00:14:55,1457,0.6286,0.0333,0.0,0.0,MEDIUM
2026-04-28 00:14:55,1458,0.5069,0.0621,0.0,0.0,MEDIUM
2026-04-28 00:14:55,1459,0.5658,0.0,0.0,0.0,MEDIUM
2026-04-28 00:14:56,1460,0.5658,0.0,0.0,0.0,MEDIUM
2026-04-28 00:14:56,1461,0.5559,0.0311,0.0,0.0,MEDIUM
2026-04-28 00:14:56,1462,0.5576,0.0605,0.0,0.0,MEDIUM
2026-04-28 00:14:56,1463,0.493,0.0311,0.0,0.0,MEDIUM
2026-04-28 00:14:56,1464,0.5087,0.044,0.0,0.0,MEDIUM
2026-04-28 00:14:56,1465,0.4713,0.031,0.0,0.0,MEDIUM
2026-04-28 00:14:56,1466,0.4649,0.0,0.0,0.0,MEDIUM
2026-04-28 00:14:56,1467,0.517,0.0642,0.0,0.0,MEDIUM
2026-04-28 00:14:56,1468,0.5428,0.044,0.0,0.0,MEDIUM
2026-04-28 00:14:56,1469,0.4826,0.0277,0.0,0.0,MEDIUM
2026-04-28 00:14:56,1470,0.5099,0.0,0.0,0.0,MEDIUM
2026-04-28 00:14:56,1471,0.4467,0.0933,0.0,0.0,MEDIUM
2026-04-28 00:14:56,1472,0.518,0.0852,0.0,0.0,MEDIUM
2026-04-28 00:14:56,1473,0.4658,0.0854,0.0,0.0,MEDIUM
2026-04-28 00:14:56,1474,0.4469,0.0603,0.0,0.0,MEDIUM
2026-04-28 00:14:56,1475,0.3996,0.0973,0.0,0.0,MEDIUM
2026-04-28 00:14:56,1476,0.3926,0.1187,0.0,0.0,MEDIUM
2026-04-28 00:14:56,1477,0.3796,0.1135,0.0,0.0,MEDIUM
2026-04-28 00:14:56,1478,0.38,0.111,0.0,0.0,MEDIUM
2026-04-28 00:14:56,1479,0.3763,0.1085,0.0,0.0,MEDIUM
2026-04-28 00:14:56,1480,0.3226,0.0416,0.0,0.0,MEDIUM
2026-04-28 00:14:56,1481,0.3519,0.0466,0.0,0.0,MEDIUM
2026-04-28 00:14:56,1482,0.3692,0.0905,0.0,0.0,MEDIUM
2026-04-28 00:14:56,1483,0.3441,0.0464,0.0,0.0,MEDIUM
2026-04-28 00:14:56,1484,0.3417,0.1102,0.0,0.0,MEDIUM
2026-04-28 00:14:56,1485,0.3903,0.068,0.0,0.0,MEDIUM
2026-04-28 00:14:56,1486,0.3754,0.095,0.0,0.0,MEDIUM
2026-04-28 00:14:57,1487,0.3799,0.0894,0.0,0.0,MEDIUM
2026-04-28 00:14:57,1488,0.3577,0.0665,0.0,0.0,MEDIUM
2026-04-28 00:14:57,1489,0.37,0.0885,0.0,0.0,MEDIUM
2026-04-28 00:14:57,1490,0.3555,0.0701,0.0,0.0,MEDIUM
2026-04-28 00:14:57,1491,0.3656,0.0908,0.0,0.0,MEDIUM
2026-04-28 00:14:57,1492,0.3521,0.1107,0.0,0.0,MEDIUM
2026-04-28 00:14:57,1493,0.3752,0.0915,0.0,0.0,MEDIUM
2026-04-28 00:14:57,1494,0.3496,0.0637,0.0,0.0,MEDIUM
2026-04-28 00:14:57,1495,0.3275,0.0849,0.0,0.0,MEDIUM
2026-04-28 00:14:57,1496,0.3495,0.0893,0.0,0.0,MEDIUM
2026-04-28 00:14:57,1497,0.336,0.0651,0.0,0.0,MEDIUM
2026-04-28 00:14:57,1498,0.3769,0.0869,0.0,0.0,MEDIUM
2026-04-28 00:14:57,1499,0.3511,0.111,0.0,0.0,MEDIUM
2026-04-28 00:14:57,1500,0.3582,0.0443,0.0,0.0,MEDIUM
2026-04-28 00:14:57,1501,0.3387,0.07,0.0,0.0,MEDIUM
2026-04-28 00:14:57,1502,0.375,0.0651,0.0,0.0,MEDIUM
2026-04-28 00:14:57,1503,0.3528,0.0453,0.0,0.0,MEDIUM
2026-04-28 00:14:57,1504,0.3478,0.0474,0.0,0.0,MEDIUM
2026-04-28 00:14:57,1505,0.3582,0.0485,0.0,0.0,MEDIUM
2026-04-28 00:14:57,1506,0.3759,0.0914,0.0,0.0,MEDIUM
2026-04-28 00:14:57,1507,0.3528,0.0485,0.0,0.0,MEDIUM
2026-04-28 00:14:57,1508,0.34,0.065,0.0,0.0,MEDIUM
2026-04-28 00:14:57,1509,0.3749,0.067,0.0,0.0,MEDIUM
2026-04-28 00:14:57,1510,0.3829,0.0848,0.0,0.0,MEDIUM
2026-04-28 00:14:57,1511,0.3791,0.136,0.0,0.0,MEDIUM
2026-04-28 00:14:57,1512,0.3649,0.1302,0.0,0.0,MEDIUM
2026-04-28 00:14:57,1513,0.3599,0.0685,0.0,0.0,MEDIUM
2026-04-28 00:14:57,1514,0.3712,0.0679,0.0,0.0,MEDIUM
2026-04-28 00:14:57,1515,0.3855,0.0887,0.0,0.0,MEDIUM
2026-04-28 00:14:57,1516,0.3552,0.0832,0.0,0.0,MEDIUM
2026-04-28 00:14:57,1517,0.3505,0.0623,0.0,0.0,MEDIUM
2026-04-28 00:14:58,1518,0.3747,0.0623,0.0,0.0,MEDIUM
2026-04-28 00:14:58,1519,0.3315,0.0599,0.0,0.0,MEDIUM
2026-04-28 00:14:58,1520,0.318,0.0545,0.0,0.0,MEDIUM
2026-04-28 00:14:58,1521,0.3191,0.0555,0.0,0.0,MEDIUM
2026-04-28 00:14:58,1522,0.3211,0.0545,0.0,0.0,MEDIUM
2026-04-28 00:14:58,1523,0.2979,0.0333,0.0,0.0,MEDIUM
2026-04-28 00:14:58,1524,0.2815,0.05,0.0,0.0,MEDIUM
2026-04-28 00:14:58,1525,0.27,0.0455,0.0,0.0,MEDIUM
2026-04-28 00:14:58,1526,0.282,0.0298,0.0,0.0,MEDIUM
2026-04-28 00:14:58,1527,0.2627,0.0441,0.0,0.0,MEDIUM
2026-04-28 00:14:58,1528,0.2603,0.0286,0.0,0.0,MEDIUM
2026-04-28 00:14:58,1529,0.1981,0.031,0.0,0.0,MEDIUM
2026-04-28 00:14:58,1530,0.232,0.0274,0.0,0.0,MEDIUM
2026-04-28 00:14:58,1531,0.209,0.0399,0.0,0.0,MEDIUM
2026-04-28 00:14:58,1532,0.2525,0.0389,0.0,0.0,MEDIUM
2026-04-28 00:14:58,1533,0.2624,0.0394,0.0,0.0,MEDIUM
2026-04-28 00:14:58,1534,0.2647,0.0533,0.0,0.0,MEDIUM
2026-04-28 00:14:58,1535,0.2579,0.0405,0.0,0.0,MEDIUM
2026-04-28 00:14:58,1536,0.2455,0.0405,0.0,0.0,MEDIUM
2026-04-28 00:14:58,1537,0.2441,0.0533,0.0,0.0,MEDIUM
2026-04-28 00:14:58,1538,0.2166,0.04,0.0,0.0,MEDIUM
2026-04-28 00:14:58,1539,0.2195,0.04,0.0,0.0,MEDIUM
2026-04-28 00:14:58,1540,0.1994,0.0395,0.0,0.0,MEDIUM
2026-04-28 00:14:58,1541,0.1953,0.0526,0.0,0.0,MEDIUM
2026-04-28 00:14:58,1542,0.1951,0.0533,0.0,0.0,MEDIUM
2026-04-28 00:14:59,1543,0.1726,0.0394,0.0,0.0,MEDIUM
2026-04-28 00:14:59,1544,0.1995,0.0411,0.0111,0.0,MEDIUM
2026-04-28 00:14:59,1545,0.2065,0.0555,0.0222,0.0,MEDIUM
2026-04-28 00:14:59,1546,0.2282,0.0395,0.0222,0.0,MEDIUM
2026-04-28 00:14:59,1547,0.2221,0.04,0.0222,0.0,MEDIUM
2026-04-28 00:14:59,1548,0.1675,0.055,0.0222,0.0,MEDIUM
2026-04-28 00:14:59,1549,0.1694,0.0394,0.0222,0.0,MEDIUM
2026-04-28 00:14:59,1550,0.1814,0.0405,0.0222,0.0,MEDIUM
2026-04-28 00:14:59,1551,0.1835,0.04,0.0222,0.0,MEDIUM
2026-04-28 00:14:59,1552,0.1966,0.0533,0.0222,0.0,MEDIUM
2026-04-28 00:14:59,1553,0.1964,0.054,0.0333,0.0,MEDIUM
2026-04-28 00:14:59,1554,0.1684,0.0394,0.0444,0.0,MEDIUM
2026-04-28 00:14:59,1555,0.208,0.0416,0.0556,0.0,MEDIUM
2026-04-28 00:14:59,1556,0.1987,0.054,0.0667,0.0,MEDIUM
2026-04-28 00:14:59,1557,0.2363,0.0416,0.0667,0.0,MEDIUM
2026-04-28 00:14:59,1558,0.2436,0.0389,0.0667,0.0,MEDIUM
2026-04-28 00:14:59,1559,0.2656,0.0405,0.0667,0.0,MEDIUM
2026-04-28 00:14:59,1560,0.2643,0.0405,0.0667,0.0,MEDIUM
2026-04-28 00:14:59,1561,0.2528,0.0263,0.0667,0.0,MEDIUM
2026-04-28 00:14:59,1562,0.2598,0.0526,0.0667,0.0,MEDIUM
2026-04-28 00:14:59,1563,0.2657,0.0395,0.0667,0.0,MEDIUM
2026-04-28 00:14:59,1564,0.2656,0.0548,0.0667,0.0,MEDIUM
2026-04-28 00:14:59,1565,0.246,0.04,0.0667,0.0,MEDIUM
2026-04-28 00:14:59,1566,0.2493,0.04,0.0667,0.0,MEDIUM
2026-04-28 00:14:59,1567,0.2485,0.0427,0.0667,0.0,MEDIUM
2026-04-28 00:15:00,1568,0.2396,0.04,0.0667,0.0,MEDIUM
2026-04-28 00:15:00,1569,0.2396,0.04,0.0667,0.0,MEDIUM
2026-04-28 00:15:00,1570,0.2539,0.0405,0.0667,0.0,MEDIUM
2026-04-28 00:15:00,1571,0.261,0.04,0.0667,0.0,MEDIUM
2026-04-28 00:15:00,1572,0.2739,0.0395,0.0667,0.0,MEDIUM
2026-04-28 00:15:00,1573,0.2792,0.0405,0.0667,0.0,MEDIUM
2026-04-28 00:15:00,1574,0.296,0.0267,0.0667,0.0,MEDIUM
2026-04-28 00:15:00,1575,0.297,0.027,0.0667,0.0,MEDIUM
2026-04-28 00:15:00,1576,0.2843,0.0411,0.0667,0.0,MEDIUM
2026-04-28 00:15:00,1577,0.2921,0.0274,0.0667,0.0,MEDIUM
2026-04-28 00:15:00,1578,0.2857,0.0533,0.0667,0.0,MEDIUM
2026-04-28 00:15:00,1579,0.2711,0.0411,0.0667,0.0,MEDIUM
2026-04-28 00:15:00,1580,0.2663,0.0405,0.0667,0.0,MEDIUM
2026-04-28 00:15:00,1581,0.2715,0.04,0.0667,0.0,MEDIUM
2026-04-28 00:15:00,1582,0.2868,0.04,0.0667,0.0,MEDIUM
2026-04-28 00:15:00,1583,0.2817,0.0267,0.0667,0.0,MEDIUM
2026-04-28 00:15:00,1584,0.2663,0.0422,0.0667,0.0,MEDIUM
2026-04-28 00:15:00,1585,0.2735,0.027,0.0667,0.0,MEDIUM
2026-04-28 00:15:00,1586,0.2781,0.027,0.0667,0.0,MEDIUM
2026-04-28 00:15:00,1587,0.2784,0.0395,0.0667,0.0,MEDIUM
2026-04-28 00:15:00,1588,0.2681,0.0395,0.0667,0.0,MEDIUM
2026-04-28 00:15:00,1589,0.2713,0.0405,0.0667,0.0,MEDIUM
2026-04-28 00:15:00,1590,0.2547,0.054,0.0667,0.0,MEDIUM
2026-04-28 00:15:00,1591,0.2709,0.0526,0.0667,0.0,MEDIUM
2026-04-28 00:15:00,1592,0.2709,0.04,0.0667,0.0,MEDIUM
2026-04-28 00:15:00,1593,0.2656,0.039,0.0667,0.0,MEDIUM
2026-04-28 00:15:00,1594,0.2864,0.0405,0.0667,0.0,MEDIUM
2026-04-28 00:15:00,1595,0.2922,0.0405,0.0667,0.0,MEDIUM
2026-04-28 00:15:01,1596,0.2788,0.0395,0.0667,0.0,MEDIUM
2026-04-28 00:15:01,1597,0.2766,0.0395,0.0667,0.0,MEDIUM
2026-04-28 00:15:01,1598,0.2763,0.0405,0.0667,0.0,MEDIUM
2026-04-28 00:15:01,1599,0.261,0.04,0.0667,0.0,MEDIUM
2026-04-28 00:15:01,1600,0.2766,0.0411,0.0667,0.0,MEDIUM
2026-04-28 00:15:01,1601,0.2847,0.0274,0.0667,0.0,MEDIUM
2026-04-28 00:15:01,1602,0.2877,0.0411,0.0667,0.0,MEDIUM
2026-04-28 00:15:01,1603,0.2713,0.0411,0.0667,0.0,MEDIUM
2026-04-28 00:15:01,1604,0.2713,0.0311,0.0667,0.0,MEDIUM
2026-04-28 00:15:01,1605,0.2737,0.0417,0.0667,0.0,MEDIUM
2026-04-28 00:15:01,1606,0.268,0.0411,0.0667,0.0,MEDIUM
2026-04-28 00:15:01,1607,0.2568,0.0263,0.0667,0.0,MEDIUM
2026-04-28 00:15:01,1608,0.2558,0.039,0.0667,0.0,MEDIUM
2026-04-28 00:15:01,1609,0.2746,0.0411,0.0667,0.0,MEDIUM
2026-04-28 00:15:01,1610,0.2931,0.0548,0.0667,0.0,MEDIUM
2026-04-28 00:15:01,1611,0.2857,0.0565,0.0667,0.0,MEDIUM
2026-04-28 00:15:01,1612,0.2732,0.027,0.0667,0.0,MEDIUM
2026-04-28 00:15:01,1613,0.2744,0.0405,0.0667,0.0,MEDIUM
2026-04-28 00:15:01,1614,0.2734,0.0405,0.0667,0.0,MEDIUM
2026-04-28 00:15:01,1615,0.2713,0.04,0.0667,0.0,MEDIUM
2026-04-28 00:15:01,1616,0.2527,0.0405,0.0667,0.0,MEDIUM
2026-04-28 00:15:01,1617,0.2544,0.0533,0.0667,0.0,MEDIUM
2026-04-28 00:15:01,1618,0.2611,0.04,0.0667,0.0,MEDIUM
2026-04-28 00:15:01,1619,0.2636,0.0411,0.0667,0.0,MEDIUM
2026-04-28 00:15:01,1620,0.2532,0.0548,0.0667,0.0,MEDIUM
2026-04-28 00:15:01,1621,0.2506,0.0411,0.0667,0.0,MEDIUM
2026-04-28 00:15:01,1622,0.2631,0.0405,0.0667,0.0,MEDIUM
2026-04-28 00:15:02,1623,0.2684,0.0405,0.0667,0.0,MEDIUM
2026-04-28 00:15:02,1624,0.2662,0.04,0.0667,0.0,MEDIUM
2026-04-28 00:15:02,1625,0.2662,0.0395,0.0667,0.0,MEDIUM
2026-04-28 00:15:02,1626,0.2517,0.04,0.0667,0.0,MEDIUM
2026-04-28 00:15:02,1627,0.267,0.0405,0.0667,0.0,MEDIUM
2026-04-28 00:15:02,1628,0.2641,0.0405,0.0556,0.0,MEDIUM
2026-04-28 00:15:02,1629,0.2499,0.0411,0.0444,0.0,MEDIUM
2026-04-28 00:15:02,1630,0.2619,0.027,0.0444,0.0,MEDIUM
2026-04-28 00:15:02,1631,0.2662,0.04,0.0444,0.0,MEDIUM
2026-04-28 00:15:02,1632,0.2568,0.0526,0.0444,0.0,MEDIUM
2026-04-28 00:15:02,1633,0.2663,0.0395,0.0444,0.0,MEDIUM
2026-04-28 00:15:02,1634,0.2635,0.04,0.0444,0.0,MEDIUM
2026-04-28 00:15:02,1635,0.2636,0.0274,0.0444,0.0,MEDIUM
2026-04-28 00:15:02,1636,0.2716,0.0556,0.0444,0.0,MEDIUM
2026-04-28 00:15:02,1637,0.2506,0.0533,0.0333,0.0,MEDIUM
2026-04-28 00:15:02,1638,0.2506,0.04,0.0222,0.0,MEDIUM
2026-04-28 00:15:02,1639,0.2558,0.0411,0.0111,0.0,MEDIUM
2026-04-28 00:15:02,1640,0.2558,0.027,0.0,0.0,MEDIUM
2026-04-28 00:15:02,1641,0.2621,0.0405,0.0,0.0,MEDIUM
2026-04-28 00:15:02,1642,0.2455,0.04,0.0,0.0,MEDIUM
2026-04-28 00:15:02,1643,0.2441,0.0267,0.0,0.0,MEDIUM
2026-04-28 00:15:02,1644,0.2663,0.0411,0.0,0.0,MEDIUM
2026-04-28 00:15:02,1645,0.2663,0.0405,0.0,0.0,MEDIUM
2026-04-28 00:15:02,1646,0.2657,0.027,0.0,0.0,MEDIUM
2026-04-28 00:15:02,1647,0.2711,0.0405,0.0,0.0,MEDIUM
2026-04-28 00:15:02,1648,0.261,0.0422,0.0,0.0,OK
2026-04-28 00:15:02,1649,0.261,0.0422,0.0,0.0,OK
2026-04-28 00:15:02,1650,0.2663,0.027,0.0,0.0,OK
2026-04-28 00:15:03,1651,0.255,0.0267,0.0,0.0,OK
2026-04-28 00:15:03,1652,0.2544,0.0405,0.0,0.0,OK
2026-04-28 00:15:03,1653,0.2661,0.0274,0.0,0.0,OK
2026-04-28 00:15:03,1654,0.2609,0.0411,0.0,0.0,OK
2026-04-28 00:15:03,1655,0.261,0.0267,0.0,0.0,OK
2026-04-28 00:15:03,1656,0.2663,0.0263,0.0,0.0,OK
2026-04-28 00:15:03,1657,0.2657,0.0405,0.0,0.0,OK
2026-04-28 00:15:03,1658,0.2663,0.0405,0.0,0.0,OK
2026-04-28 00:15:03,1659,0.2635,0.0405,0.0,0.0,OK
2026-04-28 00:15:03,1660,0.2635,0.04,0.0,0.0,OK
2026-04-28 00:15:03,1661,0.2712,0.0533,0.0,0.0,OK
2026-04-28 00:15:03,1662,0.257,0.054,0.0,0.0,OK
2026-04-28 00:15:03,1663,0.264,0.0411,0.0,0.0,OK
2026-04-28 00:15:03,1664,0.2685,0.0405,0.0,0.0,OK
2026-04-28 00:15:03,1665,0.2634,0.0274,0.0,0.0,OK
2026-04-28 00:15:03,1666,0.2811,0.0405,0.0,0.0,OK
2026-04-28 00:15:03,1667,0.2766,0.0405,0.0,0.0,OK
2026-04-28 00:15:03,1668,0.2714,0.0405,0.0,0.0,OK
2026-04-28 00:15:03,1669,0.2644,0.04,0.0,0.0,OK
2026-04-28 00:15:03,1670,0.2635,0.04,0.0,0.0,OK
2026-04-28 00:15:03,1671,0.2828,0.0411,0.0,0.0,OK
2026-04-28 00:15:03,1672,0.2721,0.0274,0.0,0.0,OK
2026-04-28 00:15:03,1673,0.2607,0.04,0.0,0.0,OK
2026-04-28 00:15:03,1674,0.2788,0.0422,0.0,0.0,OK
2026-04-28 00:15:03,1675,0.2793,0.04,0.0,0.0,OK
2026-04-28 00:15:03,1676,0.2909,0.0278,0.0,0.0,OK
2026-04-28 00:15:03,1677,0.2775,0.0278,0.0,0.0,OK
2026-04-28 00:15:03,1678,0.2416,0.0274,0.0,0.0,OK
2026-04-28 00:15:03,1679,0.235,0.0411,0.0,0.0,OK
2026-04-28 00:15:04,1680,0.1993,0.0278,0.0,0.0,OK
2026-04-28 00:15:04,1681,0.1899,0.0411,0.0,0.0,OK
2026-04-28 00:15:04,1682,0.1727,0.0541,0.0,0.0,OK
2026-04-28 00:15:04,1683,0.1723,0.054,0.0,0.0,OK
2026-04-28 00:15:04,1684,0.2324,0.04,0.0,0.0,OK
2026-04-28 00:15:04,1685,0.2221,0.0411,0.0,0.0,OK
2026-04-28 00:15:04,1686,0.274,0.0405,0.0,0.0,OK
2026-04-28 00:15:04,1687,0.2836,0.0405,0.0,0.0,OK
2026-04-28 00:15:04,1688,0.2033,0.0417,0.0,0.0,OK
2026-04-28 00:15:04,1689,0.1728,0.04,0.0,0.0,OK
2026-04-28 00:15:04,1690,0.1751,0.04,0.0,0.0,OK
2026-04-28 00:15:04,1691,0.1892,0.0395,0.0,0.0,OK
2026-04-28 00:15:04,1692,0.1949,0.0526,0.0,0.0,OK
2026-04-28 00:15:04,1693,0.2389,0.04,0.0,0.0,OK
2026-04-28 00:15:04,1694,0.2467,0.0405,0.0,0.0,OK
2026-04-28 00:15:04,1695,0.2307,0.0556,0.0,0.0,OK
2026-04-28 00:15:04,1696,0.2282,0.0556,0.0,0.0,OK
2026-04-28 00:15:04,1697,0.1814,0.0417,0.0,0.0,OK
2026-04-28 00:15:04,1698,0.1816,0.0405,0.0,0.0,OK
2026-04-28 00:15:04,1699,0.1898,0.0417,0.0,0.0,OK
2026-04-28 00:15:04,1700,0.2301,0.04,0.0,0.0,OK
2026-04-28 00:15:04,1701,0.2483,0.04,0.0,0.0,OK
2026-04-28 00:15:04,1702,0.1838,0.0411,0.0,0.0,OK
2026-04-28 00:15:04,1703,0.1875,0.0411,0.0,0.0,OK
2026-04-28 00:15:04,1704,0.1869,0.0411,0.0,0.0,OK
2026-04-28 00:15:04,1705,0.192,0.0405,0.0,0.0,OK
2026-04-28 00:15:04,1706,0.2257,0.0533,0.0,0.0,OK
2026-04-28 00:15:04,1707,0.1994,0.0548,0.0,0.0,OK
2026-04-28 00:15:04,1708,0.1975,0.0548,0.0,0.0,OK
2026-04-28 00:15:04,1709,0.1898,0.0405,0.0,0.0,OK
2026-04-28 00:15:05,1710,0.1924,0.0411,0.0,0.0,OK
2026-04-28 00:15:05,1711,0.211,0.0405,0.0,0.0,OK
2026-04-28 00:15:05,1712,0.2048,0.04,0.0,0.0,OK
2026-04-28 00:15:05,1713,0.227,0.0533,0.0,0.0,OK
2026-04-28 00:15:05,1714,0.1973,0.04,0.0,0.0,OK
2026-04-28 00:15:05,1715,0.208,0.04,0.0,0.0,OK
2026-04-28 00:15:05,1716,0.1943,0.0417,0.0,0.0,OK
2026-04-28 00:15:05,1717,0.1942,0.0411,0.0,0.0,MEDIUM
2026-04-28 00:15:05,1718,0.1943,0.04,0.0,0.0,MEDIUM
2026-04-28 00:15:05,1719,0.1959,0.0557,0.0,0.0,MEDIUM
2026-04-28 00:15:05,1720,0.2544,0.0417,0.0,0.0,MEDIUM
2026-04-28 00:15:05,1721,0.2404,0.0417,0.0,0.0,MEDIUM
2026-04-28 00:15:05,1722,0.2674,0.0556,0.0,0.0,OK
2026-04-28 00:15:05,1723,0.2586,0.0417,0.0,0.0,OK
2026-04-28 00:15:05,1724,0.2631,0.0411,0.0,0.0,OK
2026-04-28 00:15:05,1725,0.1934,0.0556,0.0,0.0,OK
2026-04-28 00:15:05,1726,0.2095,0.0439,0.0,0.0,OK
2026-04-28 00:15:05,1727,0.1866,0.0405,0.0,0.0,MEDIUM
2026-04-28 00:15:05,1728,0.1866,0.0405,0.0,0.0,MEDIUM
2026-04-28 00:15:05,1729,0.2088,0.0411,0.0,0.0,MEDIUM
2026-04-28 00:15:05,1730,0.2057,0.0556,0.0,0.0,MEDIUM
2026-04-28 00:15:05,1731,0.2363,0.0411,0.0,0.0,MEDIUM
2026-04-28 00:15:05,1732,0.2366,0.0405,0.0,0.0,MEDIUM
2026-04-28 00:15:05,1733,0.2378,0.0405,0.0,0.0,MEDIUM
2026-04-28 00:15:05,1734,0.2236,0.0411,0.0,0.0,MEDIUM
2026-04-28 00:15:05,1735,0.2452,0.0395,0.0,0.0,MEDIUM
2026-04-28 00:15:05,1736,0.2323,0.04,0.0,0.0,OK
2026-04-28 00:15:05,1737,0.2328,0.027,0.0,0.0,OK
2026-04-28 00:15:05,1738,0.1987,0.0417,0.0,0.0,OK
2026-04-28 00:15:05,1739,0.203,0.0411,0.0,0.0,MEDIUM
2026-04-28 00:15:06,1740,0.1934,0.0411,0.0,0.0,MEDIUM
2026-04-28 00:15:06,1741,0.1831,0.0411,0.0,0.0,MEDIUM
2026-04-28 00:15:06,1742,0.1895,0.0548,0.0,0.0,MEDIUM
2026-04-28 00:15:06,1743,0.1928,0.0411,0.0,0.0,MEDIUM
2026-04-28 00:15:06,1744,0.2246,0.0405,0.0111,0.0,MEDIUM
2026-04-28 00:15:06,1745,0.2272,0.0563,0.0111,0.0,MEDIUM
2026-04-28 00:15:06,1746,0.2362,0.0423,0.0111,0.0,MEDIUM
2026-04-28 00:15:06,1747,0.2121,0.0422,0.0111,0.0,MEDIUM
2026-04-28 00:15:06,1748,0.2004,0.0429,0.0111,0.0,MEDIUM
2026-04-28 00:15:06,1749,0.1914,0.0548,0.0111,0.0,MEDIUM
2026-04-28 00:15:06,1750,0.1806,0.0548,0.0111,0.0,MEDIUM
2026-04-28 00:15:06,1751,0.206,0.04,0.0111,0.0,MEDIUM
2026-04-28 00:15:06,1752,0.2494,0.0405,0.0111,0.0,MEDIUM
2026-04-28 00:15:06,1753,0.2442,0.0274,0.0111,0.0,MEDIUM
2026-04-28 00:15:06,1754,0.2093,0.0405,0.0111,0.0,MEDIUM
2026-04-28 00:15:06,1755,0.2138,0.0411,0.0111,0.0,MEDIUM
2026-04-28 00:15:06,1756,0.1704,0.04,0.0111,0.0,MEDIUM
2026-04-28 00:15:06,1757,0.1771,0.0533,0.0111,0.0,MEDIUM
2026-04-28 00:15:06,1758,0.2016,0.0405,0.0111,0.0,MEDIUM
2026-04-28 00:15:06,1759,0.2106,0.0405,0.0111,0.0,MEDIUM
2026-04-28 00:15:06,1760,0.2245,0.0417,0.0222,0.0,MEDIUM
2026-04-28 00:15:06,1761,0.1971,0.0417,0.0333,0.0,MEDIUM
2026-04-28 00:15:06,1762,0.1895,0.0411,0.0444,0.0,HIGH
2026-04-28 00:15:06,1763,0.1775,0.0411,0.0556,0.0,HIGH
2026-04-28 00:15:06,1764,0.1816,0.054,0.0667,0.0,HIGH
2026-04-28 00:15:06,1765,0.1968,0.04,0.0778,0.0,HIGH
2026-04-28 00:15:06,1766,0.2062,0.04,0.0889,0.0,HIGH
2026-04-28 00:15:06,1767,0.2505,0.04,0.0889,0.0,HIGH
2026-04-28 00:15:06,1768,0.2339,0.04,0.0889,0.0,HIGH
2026-04-28 00:15:06,1769,0.2084,0.04,0.0889,0.0,HIGH
2026-04-28 00:15:07,1770,0.2092,0.04,0.0889,0.0,HIGH
2026-04-28 00:15:07,1771,0.1865,0.0411,0.0889,0.0,HIGH
2026-04-28 00:15:07,1772,0.1859,0.04,0.0889,0.0,HIGH
2026-04-28 00:15:07,1773,0.1951,0.04,0.0889,0.0,HIGH
2026-04-28 00:15:07,1774,0.1935,0.0395,0.0889,0.0,HIGH
2026-04-28 00:15:07,1775,0.1939,0.04,0.1,0.0,HIGH
2026-04-28 00:15:07,1776,0.2322,0.0565,0.1,0.0,HIGH
2026-04-28 00:15:07,1777,0.2301,0.0548,0.1,0.0,HIGH
2026-04-28 00:15:07,1778,0.2048,0.0563,0.1,0.0,HIGH
2026-04-28 00:15:07,1779,0.2129,0.0581,0.1,0.0,HIGH
2026-04-28 00:15:07,1780,0.174,0.0417,0.1,0.0,HIGH
2026-04-28 00:15:07,1781,0.167,0.0417,0.1,0.0,HIGH
2026-04-28 00:15:07,1782,0.1895,0.0417,0.1,0.0,HIGH
2026-04-28 00:15:07,1783,0.2138,0.0417,0.1,0.0,HIGH
2026-04-28 00:15:07,1784,0.1913,0.0556,0.1111,0.0,HIGH
2026-04-28 00:15:07,1785,0.2281,0.0405,0.1111,0.0,HIGH
2026-04-28 00:15:07,1786,0.2335,0.0541,0.1111,0.0,HIGH
2026-04-28 00:15:07,1787,0.1914,0.0556,0.1111,0.0,HIGH
2026-04-28 00:15:07,1788,0.2016,0.0417,0.1111,0.0,HIGH
2026-04-28 00:15:07,1789,0.1722,0.0541,0.1111,0.0,HIGH
2026-04-28 00:15:07,1790,0.2114,0.0405,0.1111,0.0,HIGH
2026-04-28 00:15:07,1791,0.2071,0.0411,0.1111,0.0,HIGH
2026-04-28 00:15:07,1792,0.2272,0.0556,0.1111,0.0,HIGH
2026-04-28 00:15:07,1793,0.2285,0.0556,0.1111,0.0,HIGH
2026-04-28 00:15:07,1794,0.1988,0.0563,0.1111,0.0,HIGH
2026-04-28 00:15:07,1795,0.2019,0.0548,0.1111,0.0,HIGH
2026-04-28 00:15:07,1796,0.1869,0.0411,0.1111,0.0,HIGH
2026-04-28 00:15:07,1797,0.1704,0.0548,0.1111,0.0,HIGH
2026-04-28 00:15:07,1798,0.1739,0.0548,0.1111,0.0,HIGH
2026-04-28 00:15:08,1799,0.1995,0.0548,0.1111,0.0,HIGH
2026-04-28 00:15:08,1800,0.1914,0.054,0.1222,0.0,HIGH
2026-04-28 00:15:08,1801,0.2064,0.0541,0.1333,0.0,HIGH
2026-04-28 00:15:08,1802,0.2069,0.0417,0.1444,0.0,HIGH
2026-04-28 00:15:08,1803,0.1934,0.0405,0.1556,0.0,HIGH
2026-04-28 00:15:08,1804,0.1828,0.04,0.1667,0.0,HIGH
2026-04-28 00:15:08,1805,0.1881,0.0548,0.1778,0.0,HIGH
2026-04-28 00:15:08,1806,0.1828,0.0556,0.1889,0.0,HIGH
2026-04-28 00:15:08,1807,0.2016,0.0395,0.2,0.0,HIGH
2026-04-28 00:15:08,1808,0.2335,0.0541,0.2,0.0,HIGH
2026-04-28 00:15:08,1809,0.2258,0.0411,0.2,0.0,HIGH
2026-04-28 00:15:08,1810,0.1911,0.0417,0.2,0.0,HIGH
2026-04-28 00:15:08,1811,0.1859,0.0417,0.2,0.0,HIGH
2026-04-28 00:15:08,1812,0.1844,0.0541,0.2,0.0,CRITICAL
2026-04-28 00:15:08,1813,0.181,0.0565,0.2,0.0,CRITICAL
2026-04-28 00:15:08,1814,0.191,0.0541,0.2,0.0,CRITICAL
2026-04-28 00:15:08,1815,0.1934,0.0565,0.2,0.0,CRITICAL
2026-04-28 00:15:08,1816,0.1834,0.0405,0.2111,0.0,CRITICAL
2026-04-28 00:15:08,1817,0.1884,0.0405,0.2222,0.0,CRITICAL
2026-04-28 00:15:08,1818,0.1924,0.0405,0.2333,0.0,CRITICAL
2026-04-28 00:15:08,1819,0.2057,0.0533,0.2444,0.0,CRITICAL
2026-04-28 00:15:08,1820,0.2054,0.055,0.2556,0.0,CRITICAL
2026-04-28 00:15:08,1821,0.2002,0.0417,0.2667,0.0,CRITICAL
2026-04-28 00:15:08,1822,0.2024,0.0423,0.2778,0.0,CRITICAL
2026-04-28 00:15:08,1823,0.1945,0.0548,0.2889,0.0,CRITICAL
2026-04-28 00:15:08,1824,0.1838,0.0548,0.3,0.0,CRITICAL
2026-04-28 00:15:08,1825,0.208,0.0541,0.3111,0.0,CRITICAL
2026-04-28 00:15:08,1826,0.2416,0.0548,0.3111,0.0,CRITICAL
2026-04-28 00:15:08,1827,0.239,0.0541,0.3111,0.0,CRITICAL
2026-04-28 00:15:08,1828,0.2402,0.0405,0.3,0.0,CRITICAL
2026-04-28 00:15:08,1829,0.2479,0.0405,0.3,0.0,CRITICAL
2026-04-28 00:15:09,1830,0.2388,0.0685,0.3,0.0,CRITICAL
2026-04-28 00:15:09,1831,0.2492,0.0541,0.3,0.0,CRITICAL
2026-04-28 00:15:09,1832,0.2399,0.0417,0.3,0.0,CRITICAL
2026-04-28 00:15:09,1833,0.2376,0.0417,0.3,0.0,CRITICAL
2026-04-28 00:15:09,1834,0.1779,0.0405,0.3,0.0,CRITICAL
2026-04-28 00:15:09,1835,0.1969,0.0423,0.3,0.0,CRITICAL
2026-04-28 00:15:09,1836,0.1974,0.0422,0.3,0.0,CRITICAL
2026-04-28 00:15:09,1837,0.2403,0.055,0.3,0.0,CRITICAL
2026-04-28 00:15:09,1838,0.2454,0.04,0.3,0.0,CRITICAL
2026-04-28 00:15:09,1839,0.2478,0.0541,0.3,0.0,CRITICAL
2026-04-28 00:15:09,1840,0.264,0.0417,0.3,0.0,CRITICAL
2026-04-28 00:15:09,1841,0.2544,0.0405,0.3,0.0,CRITICAL
2026-04-28 00:15:09,1842,0.2544,0.054,0.3,0.0,CRITICAL
2026-04-28 00:15:09,1843,0.2535,0.0411,0.3,0.0,CRITICAL
2026-04-28 00:15:09,1844,0.257,0.0573,0.2889,0.0,CRITICAL
2026-04-28 00:15:09,1845,0.2742,0.0405,0.2778,0.0,HIGH
2026-04-28 00:15:09,1846,0.244,0.0411,0.2667,0.0,HIGH
2026-04-28 00:15:09,1847,0.2415,0.0411,0.2556,0.0,HIGH
2026-04-28 00:15:09,1848,0.2623,0.0417,0.2444,0.0,HIGH
2026-04-28 00:15:09,1849,0.2623,0.0417,0.2333,0.0,HIGH
2026-04-28 00:15:09,1850,0.2569,0.0533,0.2222,0.0,HIGH
2026-04-28 00:15:09,1851,0.2454,0.0557,0.2222,0.0,HIGH
2026-04-28 00:15:10,1852,0.2481,0.0411,0.2222,0.0,HIGH
2026-04-28 00:15:10,1853,0.2661,0.0411,0.2222,0.0,HIGH
2026-04-28 00:15:10,1854,0.2528,0.0405,0.2222,0.0,HIGH
2026-04-28 00:15:10,1855,0.2657,0.027,0.2222,0.0,HIGH
2026-04-28 00:15:10,1856,0.2583,0.0405,0.2222,0.0,HIGH
2026-04-28 00:15:10,1857,0.2623,0.0439,0.2222,0.0,HIGH
2026-04-28 00:15:10,1858,0.2571,0.0439,0.2222,0.0,HIGH
2026-04-28 00:15:10,1859,0.268,0.027,0.2111,0.0,HIGH
2026-04-28 00:15:10,1860,0.266,0.027,0.2111,0.0,HIGH
2026-04-28 00:15:10,1861,0.2606,0.0433,0.2111,0.0,HIGH
2026-04-28 00:15:10,1862,0.2608,0.0565,0.2111,0.0,HIGH
2026-04-28 00:15:10,1863,0.2701,0.0548,0.2111,0.0,HIGH
2026-04-28 00:15:10,1864,0.2611,0.0548,0.2111,0.0,HIGH
2026-04-28 00:15:10,1865,0.2558,0.0417,0.2111,0.0,HIGH
2026-04-28 00:15:10,1866,0.2601,0.0405,0.2111,0.0,HIGH
2026-04-28 00:15:10,1867,0.2642,0.0405,0.2111,0.0,HIGH
2026-04-28 00:15:10,1868,0.2593,0.0417,0.2,0.0,HIGH
2026-04-28 00:15:10,1869,0.256,0.0417,0.2,0.0,HIGH
2026-04-28 00:15:10,1870,0.2713,0.0411,0.2,0.0,HIGH
2026-04-28 00:15:10,1871,0.266,0.04,0.2,0.0,HIGH
2026-04-28 00:15:10,1872,0.263,0.0267,0.2,0.0,HIGH
2026-04-28 00:15:10,1873,0.262,0.0411,0.2,0.0,HIGH
2026-04-28 00:15:10,1874,0.2682,0.0417,0.2,0.0,HIGH
2026-04-28 00:15:10,1875,0.2621,0.0556,0.2,0.0,MEDIUM
2026-04-28 00:15:10,1876,0.262,0.0563,0.2,0.0,MEDIUM
2026-04-28 00:15:10,1877,0.2663,0.0417,0.2,0.0,MEDIUM
2026-04-28 00:15:10,1878,0.2672,0.0433,0.2,0.0,MEDIUM
2026-04-28 00:15:10,1879,0.2713,0.0423,0.2,0.0,MEDIUM
2026-04-28 00:15:10,1880,0.2713,0.0422,0.2,0.0,MEDIUM
2026-04-28 00:15:11,1881,0.261,0.0417,0.2,0.0,MEDIUM
2026-04-28 00:15:11,1882,0.2559,0.0417,0.2,0.0,MEDIUM
2026-04-28 00:15:11,1883,0.2594,0.027,0.2,0.0,MEDIUM
2026-04-28 00:15:11,1884,0.2481,0.0405,0.1889,0.0,MEDIUM
2026-04-28 00:15:11,1885,0.2445,0.0405,0.1778,0.0,MEDIUM
2026-04-28 00:15:11,1886,0.2361,0.0548,0.1667,0.0,MEDIUM
2026-04-28 00:15:11,1887,0.2425,0.0411,0.1556,0.0,MEDIUM
2026-04-28 00:15:11,1888,0.2519,0.0548,0.1444,0.0,MEDIUM
2026-04-28 00:15:11,1889,0.2466,0.0439,0.1333,0.0,MEDIUM
2026-04-28 00:15:11,1890,0.268,0.0417,0.1222,0.0,LOW
2026-04-28 00:15:11,1891,0.266,0.0417,0.1111,0.0,OK
2026-04-28 00:15:11,1892,0.2506,0.0417,0.1111,0.0,OK
2026-04-28 00:15:11,1893,0.2506,0.0548,0.1111,0.0,OK
2026-04-28 00:15:11,1894,0.2438,0.054,0.1111,0.0,OK
2026-04-28 00:15:11,1895,0.2464,0.0411,0.1111,0.0,OK
2026-04-28 00:15:11,1896,0.2559,0.0405,0.1111,0.0,OK
2026-04-28 00:15:11,1897,0.2683,0.0274,0.1111,0.0,OK
2026-04-28 00:15:11,1898,0.2571,0.0405,0.1111,0.0,OK
2026-04-28 00:15:11,1899,0.2597,0.0411,0.1111,0.0,OK
2026-04-28 00:15:11,1900,0.2568,0.0411,0.1,0.0,OK
2026-04-28 00:15:11,1901,0.2597,0.0417,0.0889,0.0,OK
2026-04-28 00:15:11,1902,0.2546,0.0563,0.0778,0.0,OK
2026-04-28 00:15:11,1903,0.2532,0.0306,0.0667,0.0,OK
2026-04-28 00:15:12,1904,0.2532,0.0411,0.0556,0.0,OK
2026-04-28 00:15:12,1905,0.2387,0.0411,0.0444,0.0,OK
2026-04-28 00:15:12,1906,0.2467,0.0405,0.0333,0.0,OK
2026-04-28 00:15:12,1907,0.2544,0.0274,0.0222,0.0,OK
2026-04-28 00:15:12,1908,0.2597,0.0411,0.0111,0.0,OK
2026-04-28 00:15:12,1909,0.2454,0.0411,0.0,0.0,OK
2026-04-28 00:15:12,1910,0.2516,0.0411,0.0,0.0,OK
2026-04-28 00:15:12,1911,0.2532,0.0306,0.0,0.0,OK
2026-04-28 00:15:12,1912,0.2559,0.0411,0.0,0.0,OK
2026-04-28 00:15:12,1913,0.2668,0.0417,0.0,0.0,OK
2026-04-28 00:15:12,1914,0.2662,0.0563,0.0,0.0,OK
2026-04-28 00:15:12,1915,0.2784,0.0548,0.0,0.0,OK
2026-04-28 00:15:12,1916,0.2597,0.04,0.0,0.0,OK
2026-04-28 00:15:12,1917,0.2544,0.0411,0.0,0.0,OK
2026-04-28 00:15:12,1918,0.2532,0.0405,0.0,0.0,OK
2026-04-28 00:15:12,1919,0.2518,0.0411,0.0,0.0,OK
2026-04-28 00:15:12,1920,0.266,0.0565,0.0,0.0,OK
2026-04-28 00:15:12,1921,0.2571,0.0556,0.0,0.0,OK
2026-04-28 00:15:12,1922,0.2672,0.0417,0.0,0.0,OK
2026-04-28 00:15:12,1923,0.2558,0.0417,0.0,0.0,OK
2026-04-28 00:15:12,1924,0.2735,0.0411,0.0,0.0,OK
2026-04-28 00:15:12,1925,0.2665,0.0417,0.0,0.0,OK
2026-04-28 00:15:12,1926,0.266,0.0411,0.0,0.0,OK
2026-04-28 00:15:12,1927,0.2766,0.0411,0.0,0.0,OK
2026-04-28 00:15:12,1928,0.2766,0.0548,0.0,0.0,OK
2026-04-28 00:15:12,1929,0.222,0.0541,0.0,0.0,OK
2026-04-28 00:15:12,1930,0.2375,0.0405,0.0,0.0,OK
2026-04-28 00:15:13,1931,0.2114,0.0676,0.0,0.0,OK
2026-04-28 00:15:13,1932,0.2283,0.054,0.0,0.0,OK
2026-04-28 00:15:13,1933,0.2689,0.0405,0.0,0.0,OK
2026-04-28 00:15:13,1934,0.2806,0.0557,0.0,0.0,OK
2026-04-28 00:15:13,1935,0.3082,0.0548,0.0,0.0,OK
2026-04-28 00:15:13,1936,0.305,0.04,0.0,0.0,OK
2026-04-28 00:15:13,1937,0.3059,0.04,0.0,0.0,OK
2026-04-28 00:15:13,1938,0.2687,0.04,0.0,0.0,OK
2026-04-28 00:15:13,1939,0.2328,0.0405,0.0,0.0,OK
2026-04-28 00:15:13,1940,0.2448,0.054,0.0,0.0,OK
2026-04-28 00:15:13,1941,0.2501,0.0405,0.0,0.0,OK
2026-04-28 00:15:13,1942,0.2456,0.0433,0.0,0.0,OK
2026-04-28 00:15:13,1943,0.2449,0.054,0.0,0.0,OK
2026-04-28 00:15:13,1944,0.2273,0.054,0.0,0.0,OK
2026-04-28 00:15:13,1945,0.2337,0.0405,0.0,0.0,OK
2026-04-28 00:15:13,1946,0.2351,0.0533,0.0,0.0,OK
2026-04-28 00:15:13,1947,0.2242,0.0405,0.0,0.0,OK
2026-04-28 00:15:13,1948,0.2311,0.0411,0.0,0.0,OK
2026-04-28 00:15:13,1949,0.2447,0.0274,0.0,0.0,OK
2026-04-28 00:15:13,1950,0.2561,0.0548,0.0,0.0,OK
2026-04-28 00:15:13,1951,0.2587,0.0427,0.0,0.0,OK
2026-04-28 00:15:13,1952,0.2407,0.054,0.0,0.0,OK
2026-04-28 00:15:13,1953,0.2482,0.0548,0.0,0.0,OK
2026-04-28 00:15:13,1954,0.2561,0.0405,0.0,0.0,OK
2026-04-28 00:15:14,1955,0.2482,0.04,0.0,0.0,OK
