timestamp,frame,ear,mar,perclos,blink_rate,score,microsleep_duration,pose_pitch,pose_yaw,pose_roll,pose_score,alert_level
2026-05-01 02:05:43,0,0.2685,0.0635,0.0,0.0,0.0,0.0,-8.29,2.22,6.51,0.0,OK
2026-05-01 02:05:43,1,0.2489,0.0636,0.0,0.0,0.0,0.0,-7.82,1.93,6.39,0.0,OK
2026-05-01 02:05:43,2,0.2406,0.0635,0.0,0.0,0.0,0.0,-5.93,1.8,6.57,0.0,OK
2026-05-01 02:05:43,3,0.2516,0.0648,0.0,0.0,0.0,0.0,-7.03,-0.59,6.71,0.0,OK
2026-05-01 02:05:43,4,0.2691,0.0433,0.0,0.0,0.0,0.0,-8.11,-0.74,6.39,0.0,OK
2026-05-01 02:05:43,5,0.263,0.0685,0.0,0.0,0.0,0.0,-8.57,-0.74,6.5,0.0,OK
2026-05-01 02:05:43,6,0.2546,0.0885,0.0,0.0,0.0,0.0,-8.43,1.5,6.22,0.0,OK
2026-05-01 02:05:43,7,0.2582,0.0905,0.0,0.0,0.0,0.0,-7.76,2.21,6.08,0.0,OK
2026-05-01 02:05:43,8,0.2839,0.0885,0.0,0.0,0.0,0.0,-9.78,1.93,6.45,0.0,OK
2026-05-01 02:05:43,9,0.2669,0.0874,0.0,0.0,0.0,0.0,-10.94,2.07,6.59,0.0,OK
2026-05-01 02:05:43,10,0.2678,0.1081,0.0,0.0,0.0,0.0,-10.28,1.96,7.67,0.0,OK
2026-05-01 02:05:43,11,0.2673,0.1126,0.0,0.0,0.0,0.0,-9.96,1.4,7.2,0.0,OK
2026-05-01 02:05:43,12,0.2367,0.0862,0.0,0.0,0.0,0.0,-8.62,1.73,7.44,0.0,OK
2026-05-01 02:05:43,13,0.2238,0.0864,0.0,0.0,0.0,0.0,-9.74,2.66,7.68,0.0,OK
2026-05-01 02:05:43,14,0.2653,0.0482,0.0,0.0,0.0,0.0,-7.49,3.42,8.07,0.0,OK
2026-05-01 02:05:43,15,0.2653,0.0431,0.0,0.0,0.0,0.0,-7.57,1.93,8.36,0.0,OK
2026-05-01 02:05:43,16,0.25,0.0667,0.0,0.0,0.0,0.0,-10.1,3.02,8.41,0.0,OK
2026-05-01 02:05:43,17,0.2552,0.0633,0.0,0.0,0.0,0.0,-8.64,1.58,8.16,0.0,OK
2026-05-01 02:05:43,18,0.2667,0.0652,0.0,0.0,0.0,0.0,-7.99,1.34,8.64,0.0,OK
2026-05-01 02:05:43,19,0.2781,0.0829,0.0,0.0,0.0,0.0,-7.32,2.05,7.3,0.0,OK
2026-05-01 02:05:43,20,0.2701,0.062,0.0,0.0,0.0,0.0,-7.93,2.88,7.8,0.0,OK
2026-05-01 02:05:44,21,0.2647,0.062,0.0,0.0,0.0,0.0,-6.57,2.76,6.59,0.0,OK
2026-05-01 02:05:44,22,0.2531,0.0654,0.0,0.0,0.0,0.0,-7.57,2.41,6.89,0.0,OK
2026-05-01 02:05:44,23,0.2774,0.0633,0.0,0.0,0.0,0.0,-7.78,5.5,7.45,0.0,OK
2026-05-01 02:05:44,24,0.2494,0.0202,0.0,0.0,0.0,0.0,11.6,-6.66,6.79,0.0,OK
2026-05-01 02:05:44,25,0.2649,0.0202,0.0,0.0,0.0,0.0,-6.25,5.84,7.21,0.0,OK
2026-05-01 02:05:44,26,0.2647,0.0203,0.0,0.0,0.0,0.0,-5.53,5.85,7.41,0.0,OK
2026-05-01 02:05:44,27,0.2647,0.0207,0.0,0.0,0.0,0.0,10.61,-6.98,7.23,0.0,OK
2026-05-01 02:05:44,28,0.2758,0.0206,0.0,0.0,0.0,0.0,-6.41,5.26,7.6,0.0,OK
2026-05-01 02:05:44,29,0.2729,0.0422,0.0,0.0,0.0,0.0,-6.46,4.09,7.8,0.0,OK
2026-05-01 02:05:44,30,0.2551,0.0286,0.0,0.0,0.0,0.0,-4.96,5.0,6.8,0.0,OK
2026-05-01 02:05:44,31,0.2654,0.0405,0.0,0.0,0.0,0.0,11.57,-6.07,6.7,0.0,OK
2026-05-01 02:05:44,32,0.2508,0.0207,0.0,0.0,0.0,0.0,-4.83,2.87,5.18,0.0,OK
2026-05-01 02:05:44,33,0.255,0.0415,0.0,0.0,0.0,0.0,-5.67,6.66,3.3,0.0,OK
2026-05-01 02:05:44,34,0.2398,0.0407,0.0,0.0,0.0,0.0,-7.06,5.68,3.57,0.0,OK
2026-05-01 02:05:44,35,0.1875,0.0208,0.0,0.0,2.27,0.033,11.25,-3.83,3.42,0.0,OK
2026-05-01 02:05:44,36,0.1842,0.0407,0.0,0.0,4.2,0.067,13.88,-1.76,3.76,0.0,OK
2026-05-01 02:05:44,37,0.1896,0.0208,0.0,0.0,5.35,0.1,-3.62,5.92,2.57,0.0,OK
2026-05-01 02:05:44,38,0.2005,0.0208,0.0,0.0,5.66,0.133,-4.55,5.66,2.36,0.0,OK
2026-05-01 02:05:44,39,0.2153,0.0425,0.0,0.0,5.54,0.167,-6.81,5.8,1.68,0.0,OK
2026-05-01 02:05:44,40,0.2354,0.0294,0.0,0.0,5.1,0.0,-3.85,6.37,1.21,0.0,OK
2026-05-01 02:05:44,41,0.2281,0.0208,0.0,0.0,4.69,0.0,-3.33,7.92,1.27,0.0,OK
2026-05-01 02:05:44,42,0.2349,0.0407,0.0,0.0,4.31,0.0,13.21,0.47,2.58,0.0,OK
2026-05-01 02:05:44,43,0.2388,0.0407,0.0,0.0,3.97,0.0,-7.26,7.38,1.33,0.0,OK
2026-05-01 02:05:44,44,0.238,0.0208,0.0,0.0,3.65,0.0,-4.75,7.53,1.21,0.0,OK
2026-05-01 02:05:44,45,0.2409,0.0208,0.0,0.0,3.36,0.0,13.25,0.63,2.59,0.0,OK
2026-05-01 02:05:44,46,0.2371,0.02,0.0,0.0,3.09,0.0,13.74,-2.81,1.86,0.0,OK
2026-05-01 02:05:44,47,0.2315,0.0204,0.0,0.0,2.84,0.0,-4.74,6.88,1.39,0.0,OK
2026-05-01 02:05:44,48,0.2618,0.0294,0.0,0.0,2.62,0.0,-4.44,7.01,1.07,0.0,OK
2026-05-01 02:05:44,49,0.2621,0.0208,0.0,0.0,2.41,0.0,-6.5,7.18,1.23,0.0,OK
2026-05-01 02:05:44,50,0.1979,0.0456,0.0,0.0,3.17,0.033,13.71,-1.01,1.98,0.0,OK
2026-05-01 02:05:45,51,0.2265,0.0417,0.0,0.0,2.91,0.0,12.44,0.42,2.06,0.0,OK
2026-05-01 02:05:45,52,0.2356,0.0213,0.0,0.0,2.68,0.0,-2.63,8.37,0.97,0.0,OK
2026-05-01 02:05:45,53,0.2431,0.02,0.0,0.0,2.47,0.0,17.45,-0.88,2.45,0.0,OK
2026-05-01 02:05:45,54,0.2495,0.02,0.0,0.0,2.27,0.0,15.43,0.93,2.65,0.0,OK
2026-05-01 02:05:45,55,0.2356,0.02,0.0,0.0,2.09,0.0,16.43,-1.17,2.42,0.0,OK
2026-05-01 02:05:45,56,0.2553,0.0,0.0,0.0,1.92,0.0,17.54,-1.17,2.75,0.0,OK
2026-05-01 02:05:45,57,0.2456,0.0204,0.0,0.0,1.77,0.0,16.42,-0.0,3.04,0.0,OK
2026-05-01 02:05:45,58,0.2472,0.0408,0.0,0.0,1.63,0.0,15.41,-1.14,2.44,0.0,OK
2026-05-01 02:05:45,59,0.2511,0.0204,0.0,0.0,1.5,0.0,16.31,1.12,3.68,0.0,OK
2026-05-01 02:05:45,60,0.2267,0.0208,0.0,0.0,1.38,0.0,-4.7,6.73,1.82,0.0,OK
2026-05-01 02:05:45,61,0.2316,0.0217,0.0,0.0,1.27,0.0,13.41,1.83,3.18,0.0,OK
2026-05-01 02:05:45,62,0.2547,0.0208,0.0,0.0,1.16,0.0,14.77,-0.09,3.77,0.0,OK
2026-05-01 02:05:45,63,0.2434,0.0294,0.0,0.0,1.07,0.0,14.51,-1.79,2.98,0.0,OK
2026-05-01 02:05:45,64,0.2404,0.0434,0.0,0.0,0.99,0.0,-5.48,5.32,2.15,0.0,OK
2026-05-01 02:05:45,65,0.2404,0.0217,0.0,0.0,0.91,0.0,-5.19,5.16,2.6,0.0,OK
2026-05-01 02:05:45,66,0.2468,0.0208,0.0,0.0,0.83,0.0,13.85,-5.26,3.37,0.0,OK
2026-05-01 02:05:45,67,0.2635,0.0208,0.0,0.0,0.77,0.0,11.79,-5.26,2.98,0.0,OK
2026-05-01 02:05:45,68,0.2547,0.0434,0.0,0.0,0.71,0.0,-2.23,4.28,3.43,0.0,OK
2026-05-01 02:05:45,69,0.2547,0.0204,0.0,0.0,0.65,0.0,14.94,-5.88,3.63,0.0,OK
2026-05-01 02:05:45,70,0.2554,0.0204,0.0,0.0,0.6,0.0,13.51,-6.29,3.4,0.0,OK
2026-05-01 02:05:45,71,0.2509,0.0301,0.0,0.0,0.55,0.0,15.04,-5.78,2.39,0.0,OK
2026-05-01 02:05:45,72,0.2534,0.0213,0.0,0.0,0.51,0.0,14.9,-6.74,2.33,0.0,OK
2026-05-01 02:05:45,73,0.247,0.0408,0.0,0.0,0.47,0.0,13.48,-4.77,2.69,0.0,OK
2026-05-01 02:05:45,74,0.2559,0.0204,0.0,0.0,0.43,0.0,13.05,-6.94,2.24,0.0,OK
2026-05-01 02:05:45,75,0.2473,0.0465,0.0,0.0,0.39,0.0,-3.14,2.73,3.27,0.0,OK
2026-05-01 02:05:45,76,0.2597,0.0416,0.0,0.0,0.36,0.0,15.91,-6.15,3.1,0.0,OK
2026-05-01 02:05:45,77,0.2557,0.0416,0.0,0.0,0.33,0.0,14.13,-5.65,2.94,0.0,OK
2026-05-01 02:05:45,78,0.2382,0.0282,0.0,0.0,0.31,0.0,14.53,-4.83,3.53,0.0,OK
2026-05-01 02:05:45,79,0.251,0.0407,0.0,0.0,0.28,0.0,13.53,-4.06,3.9,0.0,OK
2026-05-01 02:05:46,80,0.2766,0.0424,0.0,0.0,0.26,0.0,-0.09,4.33,3.65,0.0,OK
2026-05-01 02:05:46,81,0.2637,0.0212,0.0,0.0,0.24,0.0,0.4,4.29,3.51,0.0,OK
2026-05-01 02:05:46,82,0.2836,0.0212,0.0,0.0,0.22,0.0,14.33,-4.13,3.92,0.0,OK
2026-05-01 02:05:46,83,0.2835,0.0208,0.0,0.0,0.2,0.0,16.09,-4.59,4.12,0.0,OK
2026-05-01 02:05:46,84,0.2591,0.0222,0.0,0.0,0.19,0.0,15.57,-3.03,3.53,0.0,OK
2026-05-01 02:05:46,85,0.259,0.0434,0.0,0.0,0.17,0.0,15.49,-2.53,3.79,0.0,OK
2026-05-01 02:05:46,86,0.2789,0.0208,0.0,0.0,0.16,0.0,18.57,-3.37,3.59,0.0,OK
2026-05-01 02:05:46,87,0.2751,0.0208,0.0,0.0,0.14,0.0,17.94,-4.14,3.97,0.0,OK
2026-05-01 02:05:46,88,0.2847,0.0208,0.0,0.0,0.13,0.0,14.27,-4.7,2.97,0.0,OK
2026-05-01 02:05:46,89,0.2825,0.0425,0.0,0.0,0.12,0.0,16.91,-1.78,4.13,0.0,OK
2026-05-01 02:05:46,90,0.2841,0.0416,0.0,0.0,0.11,0.0,16.86,-3.31,3.77,0.0,OK
2026-05-01 02:05:46,91,0.2946,0.0204,0.0,0.0,0.1,0.0,17.03,-4.19,3.5,0.0,OK
2026-05-01 02:05:46,92,0.2865,0.0208,0.0,0.0,0.1,0.0,15.82,-4.54,2.93,0.0,OK
2026-05-01 02:05:46,93,0.274,0.0212,0.0,0.0,0.09,0.0,2.37,6.22,3.65,0.0,OK
2026-05-01 02:05:46,94,0.2686,0.0434,0.0,0.0,0.08,0.0,15.87,-2.38,4.04,0.0,OK
2026-05-01 02:05:46,95,0.2787,0.0203,0.0,0.0,0.07,0.0,16.42,-3.58,4.26,0.0,OK
2026-05-01 02:05:46,96,0.2825,0.0203,0.0,0.0,0.07,0.0,18.58,-4.0,4.28,0.0,OK
2026-05-01 02:05:46,97,0.2916,0.0407,0.0,0.0,0.06,0.0,15.48,-3.38,3.95,0.0,OK
2026-05-01 02:05:46,98,0.2916,0.0203,0.0,0.0,0.06,0.0,17.09,-3.66,4.14,0.0,OK
2026-05-01 02:05:46,99,0.2682,0.0204,0.0,0.0,0.05,0.0,17.4,-3.88,3.55,0.0,OK
2026-05-01 02:05:46,100,0.2425,0.0288,0.0,0.0,0.05,0.0,17.03,-4.39,3.48,0.0,OK
2026-05-01 02:05:46,101,0.2431,0.0294,0.0,0.0,0.05,0.0,15.22,-3.32,3.58,0.0,OK
2026-05-01 02:05:46,102,0.1979,0.0294,0.0,0.0,1.63,0.033,17.06,-2.15,2.89,0.0,OK
2026-05-01 02:05:46,103,0.191,0.0294,0.0,0.0,3.35,0.067,17.27,-1.55,3.16,0.0,OK
2026-05-01 02:05:46,104,0.2301,0.0425,0.0,0.0,3.08,0.0,15.97,-1.78,3.82,0.0,OK
2026-05-01 02:05:46,105,0.23,0.0212,0.0,0.0,2.83,0.0,16.56,-2.58,3.03,0.0,OK
2026-05-01 02:05:46,106,0.2591,0.0208,0.0,0.0,2.61,0.0,16.01,-2.98,3.67,0.0,OK
2026-05-01 02:05:46,107,0.2506,0.0199,0.0,0.0,2.4,0.0,17.15,-3.59,3.85,0.0,OK
2026-05-01 02:05:46,108,0.2505,0.0,0.0,0.0,2.21,0.0,19.0,-3.29,4.09,0.0,OK
2026-05-01 02:05:46,109,0.258,0.0416,0.0,0.0,2.03,0.0,18.5,-3.16,3.61,0.0,OK
2026-05-01 02:05:46,110,0.2603,0.0416,0.0,0.0,1.87,0.0,17.05,-1.14,3.7,0.0,OK
2026-05-01 02:05:46,111,0.2706,0.0425,0.0,0.0,1.72,0.0,17.2,-0.72,4.15,0.0,OK
2026-05-01 02:05:47,112,0.2831,0.0465,0.0,0.0,1.58,0.0,17.2,-0.72,4.15,0.0,OK
2026-05-01 02:05:47,113,0.2842,0.0208,0.0,0.0,1.45,0.0,15.52,-2.25,3.09,0.0,OK
2026-05-01 02:05:47,114,0.2592,0.0204,0.0,0.0,1.34,0.0,17.52,-3.61,3.5,0.0,OK
2026-05-01 02:05:47,115,0.2586,0.0208,0.0,0.0,1.23,0.0,17.98,-1.42,3.55,0.0,OK
2026-05-01 02:05:47,116,0.2923,0.0416,0.0,0.0,1.13,0.0,16.99,-1.66,3.25,0.0,OK
2026-05-01 02:05:47,117,0.2917,0.0208,0.0,0.0,1.04,0.0,16.85,-2.62,3.15,0.0,OK
2026-05-01 02:05:47,118,0.2788,0.0208,0.0,0.0,0.96,0.0,16.2,-2.37,3.51,0.0,OK
2026-05-01 02:05:47,119,0.2671,0.0204,0.0,0.0,0.88,0.0,16.68,-1.94,3.54,0.0,OK
2026-05-01 02:05:47,120,0.2676,0.0204,0.0,0.0,0.81,0.0,15.7,-2.13,3.97,0.0,OK
2026-05-01 02:05:47,121,0.2591,0.0204,0.0,0.0,0.75,0.0,16.35,-1.71,3.67,0.0,OK
2026-05-01 02:05:47,122,0.2883,0.0434,0.0,0.0,0.69,0.0,16.11,-1.7,3.98,0.0,OK
2026-05-01 02:05:47,123,0.2841,0.0424,0.0,0.0,0.63,0.0,16.95,-1.83,4.1,0.0,OK
2026-05-01 02:05:47,124,0.2923,0.0208,0.0,0.0,0.58,0.0,15.08,-2.23,3.28,0.0,OK
2026-05-01 02:05:47,125,0.2899,0.0212,0.0,0.0,0.53,0.0,16.23,-1.03,4.3,0.0,OK
2026-05-01 02:05:47,126,0.2917,0.0208,0.0,0.0,0.49,0.0,17.14,-1.24,4.42,0.0,OK
2026-05-01 02:05:47,127,0.2635,0.0399,0.0,0.0,0.45,0.0,16.01,-2.91,4.05,0.0,OK
2026-05-01 02:05:47,128,0.2729,0.0446,0.0,0.0,0.42,0.0,15.57,-2.95,4.05,0.0,OK
2026-05-01 02:05:47,129,0.2903,0.0204,0.0,0.0,0.38,0.0,16.52,-3.11,3.93,0.0,OK
2026-05-01 02:05:47,130,0.2855,0.0407,0.0,0.0,0.35,0.0,14.48,-1.97,4.0,0.0,OK
2026-05-01 02:05:47,131,0.2894,0.0208,0.0,0.0,0.32,0.0,-1.18,6.59,2.75,0.0,OK
2026-05-01 02:05:47,132,0.291,0.0294,0.0,0.0,0.3,0.0,15.81,-1.26,3.41,0.0,OK
2026-05-01 02:05:47,133,0.2987,0.0204,0.0,0.0,0.27,0.0,-2.01,6.18,3.09,0.0,OK
2026-05-01 02:05:47,134,0.2987,0.0204,0.0,0.0,0.25,0.0,16.66,-2.48,3.43,0.0,OK
2026-05-01 02:05:47,135,0.287,0.0407,0.0,0.0,0.23,0.0,15.42,-1.87,3.93,0.0,OK
2026-05-01 02:05:47,136,0.2852,0.02,0.0,0.0,0.21,0.0,19.56,-2.09,4.06,0.0,OK
2026-05-01 02:05:47,137,0.289,0.0455,0.0,0.0,0.2,0.0,17.78,0.22,4.68,0.0,OK
2026-05-01 02:05:47,138,0.2865,0.0651,0.0,0.0,0.18,0.0,1.17,6.09,2.66,0.0,OK
2026-05-01 02:05:47,139,0.2951,0.0637,0.0,0.0,0.17,0.0,1.65,7.28,2.77,0.0,OK
2026-05-01 02:05:47,140,0.275,0.0687,0.0,0.0,0.15,0.0,-0.82,5.92,2.12,0.0,OK
2026-05-01 02:05:48,141,0.2822,0.0638,0.0,0.0,0.14,0.0,14.65,0.1,3.55,0.0,OK
2026-05-01 02:05:48,142,0.287,0.0681,0.0,0.0,0.13,0.0,-0.26,8.62,2.38,0.0,OK
2026-05-01 02:05:48,143,0.275,0.0702,0.0,0.0,0.12,0.0,-0.34,7.91,1.91,0.0,OK
2026-05-01 02:05:48,144,0.2822,0.085,0.0,0.0,0.11,0.0,-1.77,6.57,2.25,0.0,OK
2026-05-01 02:05:48,145,0.2715,0.0849,0.0,0.0,0.1,0.0,-0.95,9.13,1.81,0.0,OK
2026-05-01 02:05:48,146,0.2751,0.0849,0.0,0.0,0.09,0.0,15.21,4.87,4.0,0.0,OK
2026-05-01 02:05:48,147,0.2771,0.0887,0.0,0.0,0.09,0.0,-0.58,5.74,2.29,0.0,OK
2026-05-01 02:05:48,148,0.2775,0.0869,0.0,0.0,0.08,0.0,-2.0,5.13,2.42,0.0,OK
2026-05-01 02:05:48,149,0.2923,0.0869,0.0,0.0,0.07,0.0,14.79,4.58,3.86,0.0,OK
2026-05-01 02:05:48,150,0.2919,0.0666,0.0,0.0,0.07,0.0,14.14,4.29,3.47,0.0,OK
2026-05-01 02:05:48,151,0.2585,0.0849,0.0,0.0,0.06,0.0,14.29,1.15,3.36,0.0,OK
2026-05-01 02:05:48,152,0.2757,0.0652,0.0,0.0,0.06,0.0,-2.27,6.33,1.69,0.0,OK
2026-05-01 02:05:48,153,0.2912,0.0667,0.0,0.0,0.05,0.0,-2.27,6.33,1.69,0.0,OK
2026-05-01 02:05:48,154,0.2862,0.0652,0.0,0.0,0.05,0.0,-2.23,6.0,2.09,0.0,OK
2026-05-01 02:05:48,155,0.281,0.0666,0.0,0.0,0.04,0.0,-2.53,6.59,1.83,0.0,OK
2026-05-01 02:05:48,156,0.2942,0.0434,0.0,0.0,0.04,0.0,-0.61,4.93,2.02,0.0,OK
2026-05-01 02:05:48,157,0.2843,0.0638,0.0,0.0,0.04,0.0,-1.89,5.28,2.29,0.0,OK
2026-05-01 02:05:48,158,0.2861,0.0425,0.0,0.0,0.03,0.0,14.46,-0.72,1.95,0.0,OK
2026-05-01 02:05:48,159,0.2923,0.0425,0.0,0.0,0.03,0.0,14.51,-0.41,2.17,0.0,OK
2026-05-01 02:05:48,160,0.291,0.0417,0.0,0.0,0.03,0.0,15.95,-0.21,2.5,0.0,OK
2026-05-01 02:05:48,161,0.2626,0.0208,0.0,0.0,0.03,0.0,17.05,-0.85,2.53,0.0,OK
2026-05-01 02:05:48,162,0.2762,0.0208,0.0,0.0,0.02,0.0,15.79,0.1,2.7,0.0,OK
2026-05-01 02:05:48,163,0.2346,0.02,0.0,0.0,0.02,0.0,17.89,0.42,2.11,0.0,OK
2026-05-01 02:05:48,164,0.2346,0.02,0.0,0.0,0.02,0.0,16.95,2.04,2.33,0.0,OK
2026-05-01 02:05:48,165,0.1807,0.0447,0.0,0.0,2.72,0.033,-0.7,5.33,0.59,0.0,OK
2026-05-01 02:05:48,166,0.1887,0.0204,0.0,0.0,4.2,0.067,18.13,-1.07,1.47,0.0,OK
2026-05-01 02:05:48,167,0.1907,0.0196,0.0,0.0,5.29,0.1,-0.01,6.42,0.59,0.0,OK
2026-05-01 02:05:48,168,0.2,0.0204,0.0,0.0,5.64,0.133,17.96,-2.33,0.89,0.0,OK
2026-05-01 02:05:48,169,0.1937,0.0196,0.0,0.0,6.52,0.167,20.8,-0.5,2.22,0.0,OK
2026-05-01 02:05:48,170,0.2204,0.02,0.0,0.0,6.0,0.0,20.72,-1.08,1.93,0.0,OK
2026-05-01 02:05:48,171,0.221,0.0192,0.0,0.0,5.52,0.0,18.59,0.86,1.91,0.0,OK
2026-05-01 02:05:49,172,0.2186,0.0288,0.0,0.0,5.14,0.033,18.03,-0.6,2.65,0.0,OK
2026-05-01 02:05:49,173,0.2264,0.0204,0.0,0.0,4.73,0.0,18.49,0.4,2.46,0.0,OK
2026-05-01 02:05:49,174,0.243,0.0208,0.0,0.0,4.35,0.0,18.03,-0.5,2.14,0.0,OK
2026-05-01 02:05:49,175,0.243,0.02,0.0,0.0,4.0,0.0,18.35,-0.37,2.17,0.0,OK
2026-05-01 02:05:49,176,0.2543,0.0,0.0,0.0,3.68,0.0,15.68,-0.21,2.98,0.0,OK
2026-05-01 02:05:49,177,0.2549,0.0196,0.0,0.0,3.39,0.0,18.24,-1.41,2.8,0.0,OK
2026-05-01 02:05:49,178,0.2592,0.0425,0.0,0.0,3.12,0.0,17.8,3.11,3.03,0.0,OK
2026-05-01 02:05:49,179,0.2453,0.0208,0.0,0.0,2.87,0.0,17.64,1.05,2.83,0.0,OK
2026-05-01 02:05:49,180,0.255,0.02,0.0,0.0,2.64,0.0,16.18,0.53,2.97,0.0,OK
2026-05-01 02:05:49,181,0.2635,0.02,0.0,0.0,2.43,0.0,16.59,0.66,3.01,0.0,OK
2026-05-01 02:05:49,182,0.241,0.0416,0.0,0.0,2.23,0.0,17.77,0.51,2.93,0.0,OK
2026-05-01 02:05:49,183,0.2673,0.0,0.0,0.0,2.05,0.0,1.88,6.17,1.34,0.0,OK
2026-05-01 02:05:49,184,0.2673,0.0,0.0,0.0,1.89,0.0,18.49,-0.89,2.41,0.0,OK
2026-05-01 02:05:49,185,0.2618,0.0204,0.0,0.0,1.74,0.0,16.8,0.56,2.23,0.0,OK
2026-05-01 02:05:49,186,0.2633,0.02,0.0,0.0,1.6,0.0,18.02,0.04,2.31,0.0,OK
2026-05-01 02:05:49,187,0.2812,0.0208,0.0,0.0,1.47,0.0,18.42,-0.32,1.81,0.0,OK
2026-05-01 02:05:49,188,0.2807,0.0204,0.0,0.0,1.35,0.0,18.58,0.34,2.1,0.0,OK
2026-05-01 02:05:49,189,0.2745,0.0204,0.0,0.0,1.25,0.0,18.74,0.75,1.9,0.0,OK
2026-05-01 02:05:49,190,0.2906,0.0208,0.0,0.0,1.15,0.0,17.87,0.83,2.68,0.0,OK
2026-05-01 02:05:49,191,0.2827,0.02,0.0,0.0,1.05,0.0,18.58,-0.93,2.29,0.0,OK
2026-05-01 02:05:49,192,0.2889,0.04,0.0,0.0,0.97,0.0,19.71,-1.52,2.4,0.0,OK
2026-05-01 02:05:49,193,0.2937,0.02,0.0,0.0,0.89,0.0,19.87,0.23,2.41,0.0,OK
2026-05-01 02:05:49,194,0.3,0.02,0.0,0.0,0.82,0.0,18.24,0.6,2.74,0.0,OK
2026-05-01 02:05:49,195,0.3046,0.0196,0.0,0.0,0.76,0.0,18.38,0.88,2.63,0.0,OK
2026-05-01 02:05:49,196,0.2798,0.0196,0.0,0.0,0.69,0.0,18.03,-1.61,2.19,0.0,OK
2026-05-01 02:05:49,197,0.2829,0.02,0.0,0.0,0.64,0.0,19.73,-2.23,1.93,0.0,OK
2026-05-01 02:05:49,198,0.304,0.0204,0.0,0.0,0.59,0.0,19.82,0.2,2.65,0.0,OK
2026-05-01 02:05:49,199,0.2922,0.02,0.0,0.0,0.54,0.0,19.43,-0.01,2.86,0.0,OK
2026-05-01 02:05:50,200,0.2837,0.02,0.0,0.0,0.5,0.0,19.47,-0.23,2.77,0.0,OK
2026-05-01 02:05:50,201,0.2897,0.0208,0.0,0.0,0.46,0.0,17.78,-0.78,2.45,0.0,OK
2026-05-01 02:05:50,202,0.2957,0.0294,0.0,0.0,0.42,0.0,17.78,-0.78,2.45,0.0,OK
2026-05-01 02:05:50,203,0.2777,0.0204,0.0,0.0,0.39,0.0,20.16,0.07,2.72,0.0,OK
2026-05-01 02:05:50,204,0.2827,0.02,0.0,0.0,0.36,0.0,19.6,-1.18,2.42,0.0,OK
2026-05-01 02:05:50,205,0.2986,0.0204,0.0,0.0,0.33,0.0,17.06,-0.46,1.98,0.0,OK
2026-05-01 02:05:50,206,0.2843,0.02,0.0,0.0,0.3,0.0,17.8,-0.71,2.09,0.0,OK
2026-05-01 02:05:50,207,0.3065,0.02,0.0,0.0,0.28,0.0,19.48,-1.95,2.41,0.0,OK
2026-05-01 02:05:50,208,0.2843,0.0196,0.0,0.0,0.26,0.0,18.65,-0.63,2.81,0.0,OK
2026-05-01 02:05:50,209,0.2822,0.0283,0.0,0.0,0.24,0.0,19.37,-0.69,2.85,0.0,OK
2026-05-01 02:05:50,210,0.243,0.0408,0.0,0.0,0.22,0.0,18.06,-2.21,2.17,0.0,OK
2026-05-01 02:05:50,211,0.2497,0.0204,0.0,0.0,0.2,0.0,16.71,-1.82,2.37,0.0,OK
2026-05-01 02:05:50,212,0.1731,0.0425,0.0,0.0,3.32,0.033,18.32,-0.44,2.16,0.0,OK
2026-05-01 02:05:50,213,0.1838,0.0466,0.0,0.0,4.91,0.067,17.23,-1.06,2.4,0.0,OK
2026-05-01 02:05:50,214,0.233,0.0425,0.0,0.0,4.51,0.0,0.33,6.56,1.32,0.0,OK
2026-05-01 02:05:50,215,0.243,0.0425,0.0,0.0,4.15,0.0,0.36,7.11,1.38,0.0,OK
2026-05-01 02:05:50,216,0.2829,0.0204,0.0,0.0,3.82,0.0,17.62,-0.93,3.04,0.0,OK
2026-05-01 02:05:50,217,0.2659,0.0465,0.0,0.0,3.52,0.0,17.72,-2.65,2.54,0.0,OK
2026-05-01 02:05:50,218,0.3036,0.0208,0.0,0.0,3.23,0.0,17.99,-0.18,2.96,0.0,OK
2026-05-01 02:05:50,219,0.2678,0.0208,0.0,0.0,2.98,0.0,19.84,-0.28,2.6,0.0,OK
2026-05-01 02:05:50,220,0.2723,0.0204,0.0,0.0,2.74,0.0,19.61,-0.41,2.57,0.0,OK
2026-05-01 02:05:50,221,0.2827,0.0283,0.0,0.0,2.52,0.0,20.08,-1.7,2.17,0.0,OK
2026-05-01 02:05:50,222,0.2822,0.0283,0.0,0.0,2.32,0.0,18.75,-1.15,2.28,0.0,OK
2026-05-01 02:05:50,223,0.2986,0.0204,0.0,0.0,2.13,0.0,18.21,-0.5,2.12,0.0,OK
2026-05-01 02:05:50,224,0.2999,0.0208,0.0,0.0,1.96,0.0,17.97,-2.18,2.37,0.0,OK
2026-05-01 02:05:50,225,0.2615,0.0417,0.0,0.0,1.8,0.0,18.33,-3.27,1.6,0.0,OK
2026-05-01 02:05:50,226,0.286,0.0408,0.0,0.0,1.66,0.0,18.29,-3.53,1.77,0.0,OK
2026-05-01 02:05:50,227,0.2969,0.0208,0.0,0.0,1.53,0.0,15.55,-1.06,2.94,0.0,OK
2026-05-01 02:05:50,228,0.2695,0.0289,0.0,0.0,1.4,0.0,17.77,-3.49,1.63,0.0,OK
2026-05-01 02:05:50,229,0.2778,0.0204,0.0,0.0,1.29,0.0,18.72,-3.47,1.62,0.0,OK
2026-05-01 02:05:50,230,0.2798,0.0196,0.0,0.0,1.19,0.0,20.09,-4.14,2.72,0.0,OK
2026-05-01 02:05:51,231,0.2822,0.02,0.0,0.0,1.09,0.0,19.25,-4.04,2.57,0.0,OK
2026-05-01 02:05:51,232,0.2769,0.0407,0.0,0.0,1.01,0.0,19.41,-1.85,2.46,0.0,OK
2026-05-01 02:05:51,233,0.2661,0.0407,0.0,0.0,0.93,0.0,18.81,-0.97,2.95,0.0,OK
2026-05-01 02:05:51,234,0.2885,0.0288,0.0,0.0,0.85,0.0,20.68,-1.17,2.92,0.0,OK
2026-05-01 02:05:51,235,0.2903,0.0407,0.0,0.0,0.78,0.0,17.65,-0.64,2.88,0.0,OK
2026-05-01 02:05:51,236,0.2916,0.0288,0.0,0.0,0.72,0.0,18.52,-1.95,2.74,0.0,OK
2026-05-01 02:05:51,237,0.2744,0.0,0.0,0.0,0.66,0.0,18.76,-3.02,2.74,0.0,OK
2026-05-01 02:05:51,238,0.2661,0.0,0.0,0.0,0.61,0.0,18.79,-1.51,3.01,0.0,OK
2026-05-01 02:05:51,239,0.2889,0.0204,0.0,0.0,0.56,0.0,16.53,-0.88,2.05,0.0,OK
2026-05-01 02:05:51,240,0.2906,0.0,0.0,0.0,0.52,0.0,16.32,-2.98,1.56,0.0,OK
2026-05-01 02:05:51,241,0.287,0.0283,0.0,0.0,0.48,0.0,17.7,0.3,3.3,0.0,OK
2026-05-01 02:05:51,242,0.2688,0.0392,0.0,0.0,0.44,0.0,18.14,0.85,3.34,0.0,OK
2026-05-01 02:05:51,243,0.2656,0.0204,0.0,0.0,0.4,0.0,15.17,-0.44,1.9,0.0,OK
2026-05-01 02:05:51,244,0.2572,0.0204,0.0,0.0,0.37,0.0,0.83,5.39,1.35,0.0,OK
2026-05-01 02:05:51,245,0.2952,0.0208,0.0,0.0,0.34,0.0,16.5,-0.91,2.16,0.0,OK
2026-05-01 02:05:51,246,0.283,0.0301,0.0,0.0,0.31,0.0,11.1,2.5,2.13,0.0,OK
2026-05-01 02:05:51,247,0.2947,0.0301,0.0,0.0,0.29,0.0,12.22,0.23,2.12,0.0,OK
2026-05-01 02:05:51,248,0.2839,0.0208,0.0,0.0,0.27,0.0,-8.53,4.4,1.58,0.0,OK
2026-05-01 02:05:51,249,0.276,0.0466,0.0,0.0,0.24,0.0,-9.55,4.75,0.92,0.0,OK
2026-05-01 02:05:51,250,0.2759,0.0217,0.0,0.0,0.22,0.0,-10.33,4.1,0.58,0.0,OK
2026-05-01 02:05:51,251,0.3089,0.0213,0.0,0.0,0.21,0.0,-8.64,3.36,1.05,0.0,OK
2026-05-01 02:05:51,252,0.2886,0.0,0.0,0.0,0.19,0.0,-11.85,4.96,0.38,0.0,OK
2026-05-01 02:05:51,253,0.3111,0.0295,0.0,0.0,0.17,0.0,-11.7,5.0,0.69,0.0,OK
2026-05-01 02:05:51,254,0.2597,0.0295,0.0,0.0,0.16,0.0,-15.96,5.12,0.58,0.0,OK
2026-05-01 02:05:51,255,0.2763,0.0217,0.0,0.0,0.15,0.0,-15.25,6.26,0.66,0.0,OK
2026-05-01 02:05:51,256,0.2681,0.0213,0.0,0.0,0.14,0.0,-17.47,3.39,1.31,0.0,OK
2026-05-01 02:05:51,257,0.2552,0.0208,0.0,0.0,0.13,0.0,-21.15,2.57,1.11,0.0,OK
2026-05-01 02:05:51,258,0.2818,0.0204,0.0,0.0,0.12,0.0,-21.46,3.65,0.69,0.0,OK
2026-05-01 02:05:51,259,0.2417,0.0213,0.0,0.0,0.11,0.0,-22.13,2.68,1.96,0.0,OK
2026-05-01 02:05:51,260,0.2506,0.0425,0.0,0.0,0.1,0.0,-22.2,2.84,1.85,0.0,OK
2026-05-01 02:05:52,261,0.2522,0.0204,0.0,0.0,0.09,0.0,-22.64,4.38,1.94,0.0,OK
2026-05-01 02:05:52,262,0.2604,0.0,0.0,0.0,0.08,0.0,-22.41,3.77,2.08,0.0,OK
2026-05-01 02:05:52,263,0.2372,0.0208,0.0,0.0,0.08,0.0,-23.67,4.34,1.74,0.0,OK
2026-05-01 02:05:52,264,0.2343,0.0208,0.0,0.0,0.07,0.0,-25.41,3.43,1.9,0.0,OK
2026-05-01 02:05:52,265,0.224,0.0213,0.0,0.0,0.06,0.0,-25.08,3.54,1.78,0.0,OK
2026-05-01 02:05:52,266,0.2231,0.0213,0.0,0.0,0.06,0.0,-24.84,3.68,2.78,0.0,OK
2026-05-01 02:05:52,267,0.2318,0.0213,0.0,0.0,0.05,0.0,-24.87,3.47,2.43,0.0,OK
2026-05-01 02:05:52,268,0.2128,0.0208,0.0,0.0,0.69,0.033,-25.02,3.16,2.26,0.0,OK
2026-05-01 02:05:52,269,0.2147,0.0208,0.0,0.0,1.23,0.067,-25.72,3.18,2.26,0.0,OK
2026-05-01 02:05:52,270,0.2604,0.0217,0.0,0.0,1.13,0.0,-25.3,2.82,2.61,0.0,OK
2026-05-01 02:05:52,271,0.243,0.0213,0.0,0.0,1.04,0.0,-25.88,3.68,2.86,0.0,OK
2026-05-01 02:05:52,272,0.2467,0.0213,0.0,0.0,0.96,0.0,-26.76,3.19,3.29,0.0,OK
2026-05-01 02:05:52,273,0.2528,0.0217,0.0,0.0,0.88,0.0,-24.75,3.72,2.3,0.0,OK
2026-05-01 02:05:52,274,0.2505,0.0217,0.0,0.0,0.81,0.0,-25.14,4.3,2.13,0.0,OK
2026-05-01 02:05:52,275,0.2349,0.0288,0.0,0.0,0.75,0.0,-25.37,4.07,3.26,0.0,OK
2026-05-01 02:05:52,276,0.2144,0.0208,0.0,0.0,1.03,0.033,-25.16,4.61,2.83,0.0,OK
2026-05-01 02:05:52,277,0.2506,0.0416,0.0,0.0,0.95,0.0,-25.62,3.54,2.94,0.0,OK
2026-05-01 02:05:52,278,0.2461,0.0416,0.0,0.0,0.88,0.0,-25.94,3.44,3.05,0.0,OK
2026-05-01 02:05:52,279,0.2151,0.0204,0.0,0.0,1.08,0.033,-24.95,4.08,1.92,0.0,OK
2026-05-01 02:05:52,280,0.2185,0.0208,0.0,0.0,1.24,0.067,-25.0,3.75,2.61,0.0,OK
2026-05-01 02:05:52,281,0.2192,0.0213,0.0,0.0,1.14,0.0,-24.94,3.33,2.46,0.0,OK
2026-05-01 02:05:52,282,0.2128,0.0213,0.0,0.0,1.39,0.033,-23.12,2.88,2.38,0.0,OK
2026-05-01 02:05:52,283,0.2286,0.0213,0.0,0.0,1.28,0.0,-23.3,3.21,2.06,0.0,OK
2026-05-01 02:05:52,284,0.2243,0.0289,0.0,0.0,1.18,0.0,-23.87,3.32,1.53,0.0,OK
2026-05-01 02:05:52,285,0.224,0.0204,0.0,0.0,1.08,0.0,-23.84,3.87,1.59,0.0,OK
2026-05-01 02:05:52,286,0.2352,0.0208,0.0,0.0,1.0,0.0,-24.69,3.74,2.6,0.0,OK
2026-05-01 02:05:52,287,0.2329,0.0208,0.0,0.0,0.92,0.0,-24.6,3.63,2.23,0.0,OK
2026-05-01 02:05:52,288,0.2248,0.0416,0.0,0.0,0.84,0.0,-23.57,4.62,2.23,0.0,OK
2026-05-01 02:05:52,289,0.2309,0.0213,0.0,0.0,0.78,0.0,-23.26,4.03,2.41,0.0,OK
2026-05-01 02:05:52,290,0.2332,0.0208,0.0,0.0,0.71,0.0,-22.06,4.4,1.62,0.0,OK
2026-05-01 02:05:52,291,0.2243,0.0213,0.0,0.0,0.66,0.0,-21.83,4.05,1.94,0.0,OK
2026-05-01 02:05:53,292,0.2272,0.0213,0.0,0.0,0.6,0.0,-23.23,5.07,1.92,0.0,OK
2026-05-01 02:05:53,293,0.2327,0.0208,0.0,0.0,0.56,0.0,-24.33,3.41,2.02,0.0,OK
2026-05-01 02:05:53,294,0.2327,0.0208,0.0,0.0,0.51,0.0,-24.44,3.21,2.21,0.0,OK
2026-05-01 02:05:53,295,0.2464,0.0208,0.0,0.0,0.47,0.0,-22.05,3.58,2.24,0.0,OK
2026-05-01 02:05:53,296,0.2358,0.0208,0.0,0.0,0.43,0.0,-22.54,4.01,2.42,0.0,OK
2026-05-01 02:05:53,297,0.224,0.0204,0.0,0.0,0.4,0.0,-23.69,4.18,1.72,0.0,OK
2026-05-01 02:05:53,298,0.2143,0.0213,0.0,0.0,0.81,0.033,-22.56,4.5,1.91,0.0,OK
2026-05-01 02:05:53,299,0.2247,0.0213,0.0,0.0,0.75,0.0,-22.65,4.38,2.44,0.0,OK
2026-05-01 02:05:53,300,0.2294,0.0213,0.0,0.0,0.69,0.0,-22.25,5.07,1.92,0.0,OK
2026-05-01 02:05:53,301,0.2428,0.0217,0.0,0.0,0.63,0.0,-22.72,4.51,1.92,0.0,OK
2026-05-01 02:05:53,302,0.2462,0.04,0.0,0.0,0.58,0.0,-23.46,4.5,1.71,0.0,OK
2026-05-01 02:05:53,303,0.2468,0.02,0.0,0.0,0.54,0.0,-23.48,3.81,1.99,0.0,OK
2026-05-01 02:05:53,304,0.2418,0.0213,0.0,0.0,0.49,0.0,-22.44,4.03,1.92,0.0,OK
2026-05-01 02:05:53,305,0.2417,0.0213,0.0,0.0,0.45,0.0,-22.44,4.03,1.92,0.0,OK
2026-05-01 02:05:53,306,0.2251,0.0208,0.0,0.0,0.42,0.0,-23.07,5.09,1.42,0.0,OK
2026-05-01 02:05:53,307,0.2251,0.0208,0.0,0.0,0.38,0.0,-23.07,5.09,1.42,0.0,OK
2026-05-01 02:05:53,308,0.2192,0.0208,0.0,0.0,0.35,0.0,-22.55,6.2,2.35,0.0,OK
2026-05-01 02:05:53,309,0.2144,0.0314,0.0,0.0,0.78,0.033,-22.83,3.56,1.92,0.0,OK
2026-05-01 02:05:53,310,0.2229,0.0222,0.0,0.0,0.72,0.0,-23.7,3.0,2.36,0.0,OK
2026-05-01 02:05:53,311,0.228,0.0213,0.0,0.0,0.66,0.0,-23.09,3.07,2.41,0.0,OK
2026-05-01 02:05:53,312,0.2286,0.0425,0.0,0.0,0.61,0.0,-23.09,3.07,2.41,0.0,OK
2026-05-01 02:05:53,313,0.2484,0.0204,0.0,0.0,0.56,0.0,-24.83,4.05,1.91,0.0,OK
2026-05-01 02:05:53,314,0.2357,0.0204,0.0,0.0,0.51,0.0,-24.74,3.83,2.12,0.0,OK
2026-05-01 02:05:53,315,0.233,0.0,0.0,0.0,0.47,0.0,-24.87,4.72,2.42,0.0,OK
2026-05-01 02:05:53,316,0.233,0.0213,0.0,0.0,0.43,0.0,-24.01,5.05,1.6,0.0,OK
2026-05-01 02:05:53,317,0.233,0.0208,0.0,0.0,0.4,0.0,-23.36,4.34,2.13,0.0,OK
2026-05-01 02:05:53,318,0.2417,0.0,0.0,0.0,0.37,0.0,-26.28,4.4,1.7,0.0,OK
2026-05-01 02:05:53,319,0.2156,0.0208,0.0,0.0,0.71,0.033,-26.13,4.84,1.38,0.0,OK
2026-05-01 02:05:53,320,0.2317,0.0,0.0,0.0,0.66,0.0,-25.32,3.73,2.31,0.0,OK
2026-05-01 02:05:54,321,0.2418,0.0217,0.0,0.0,0.6,0.0,-26.0,3.77,2.28,0.0,OK
2026-05-01 02:05:54,322,0.2168,0.0475,0.0,0.0,0.79,0.033,-26.73,3.31,2.1,0.0,OK
2026-05-01 02:05:54,323,0.2322,0.0416,0.0,0.0,0.73,0.0,-25.31,3.91,2.07,0.0,OK
2026-05-01 02:05:54,324,0.223,0.0217,0.0,0.0,0.67,0.0,-26.99,3.42,2.05,0.0,OK
2026-05-01 02:05:54,325,0.2302,0.0217,0.0,0.0,0.62,0.0,-27.87,3.14,2.24,0.0,OK
2026-05-01 02:05:54,326,0.2134,0.0213,0.0,0.0,1.02,0.033,-26.5,3.47,2.38,0.0,OK
2026-05-01 02:05:54,327,0.2232,0.0213,0.0,0.0,0.94,0.0,-26.52,2.84,2.67,0.0,OK
2026-05-01 02:05:54,328,0.2135,0.0,0.0,0.0,1.22,0.033,-28.29,4.41,2.95,0.0,OK
2026-05-01 02:05:54,329,0.2346,0.0,0.0,0.0,1.12,0.0,-29.36,2.67,3.14,0.0,OK
2026-05-01 02:05:54,330,0.2352,0.0,0.0,0.0,1.03,0.0,-28.17,3.24,2.6,0.0,OK
2026-05-01 02:05:54,331,0.2173,0.0208,0.0,0.0,1.04,0.033,-29.05,2.81,2.44,0.0,OK
2026-05-01 02:05:54,332,0.2139,0.0208,0.0,0.0,1.5,0.067,-27.74,4.31,2.33,0.0,OK
2026-05-01 02:05:54,333,0.1987,0.0212,0.0,0.0,3.02,0.1,-28.18,3.38,2.82,0.0,OK
2026-05-01 02:05:54,334,0.1921,0.0212,0.0,0.0,4.68,0.133,-28.61,3.42,2.82,0.0,OK
2026-05-01 02:05:54,335,0.2247,0.0,0.0,0.0,4.3,0.0,-29.62,3.33,2.45,0.0,OK
2026-05-01 02:05:54,336,0.2205,0.0,0.0,0.0,3.96,0.0,-29.32,3.39,2.34,0.0,OK
2026-05-01 02:05:54,337,0.197,0.0213,0.0,0.0,4.24,0.033,-29.54,4.84,1.87,0.0,OK
2026-05-01 02:05:54,338,0.1965,0.0213,0.0,0.0,4.69,0.067,-29.75,3.91,2.23,0.0,OK
2026-05-01 02:05:54,339,0.2121,0.0222,0.0,0.0,4.59,0.1,-27.35,3.43,2.78,0.0,OK
2026-05-01 02:05:54,340,0.2124,0.0213,0.0,0.0,4.55,0.133,-29.32,3.34,2.51,0.0,OK
2026-05-01 02:05:54,341,0.2155,0.0213,0.0,0.0,4.52,0.167,-28.06,3.92,2.57,0.0,OK
2026-05-01 02:05:54,342,0.2164,0.0208,0.0,0.0,4.59,0.2,-29.42,4.18,3.04,0.0,OK
2026-05-01 02:05:54,343,0.2255,0.0,0.0,0.0,4.22,0.0,-29.92,3.28,3.05,0.0,OK
2026-05-01 02:05:54,344,0.209,0.0212,0.0,0.0,4.09,0.033,-29.45,3.36,2.77,0.0,OK
2026-05-01 02:05:54,345,0.2168,0.0,0.0,0.0,3.91,0.067,-29.76,3.36,2.71,0.0,OK
2026-05-01 02:05:54,346,0.2025,0.0,0.0,0.0,4.34,0.1,-28.74,3.56,2.83,0.0,OK
2026-05-01 02:05:54,347,0.2025,0.0213,0.0,0.0,4.87,0.133,-28.23,3.11,3.33,0.0,OK
2026-05-01 02:05:54,348,0.1928,0.0213,0.0,0.0,6.08,0.167,-28.7,3.24,2.74,0.0,OK
2026-05-01 02:05:54,349,0.2054,0.0204,0.0,0.0,6.3,0.2,-28.66,3.46,3.87,0.0,OK
2026-05-01 02:05:54,350,0.2021,0.02,0.0467,0.0,6.9,0.233,-28.64,3.43,4.02,0.0,OK
2026-05-01 02:05:55,351,0.2255,0.0213,0.0467,0.0,6.35,0.0,-29.7,2.18,3.42,0.0,OK
2026-05-01 02:05:55,352,0.2296,0.0217,0.0467,0.0,5.84,0.0,-29.7,1.99,2.95,0.0,OK
2026-05-01 02:05:55,353,0.2215,0.0,0.0467,0.0,5.38,0.0,-28.46,3.3,2.94,0.0,OK
2026-05-01 02:05:55,354,0.1949,0.0208,0.0467,0.0,5.36,0.033,-29.43,4.0,2.2,0.0,OK
2026-05-01 02:05:55,355,0.1949,0.0208,0.0467,0.0,5.52,0.067,-29.42,3.85,2.42,0.0,OK
2026-05-01 02:05:55,356,0.1741,0.0222,0.0467,0.0,7.2,0.1,-28.29,2.34,3.16,0.0,OK
2026-05-01 02:05:55,357,0.1682,0.0217,0.0467,0.0,8.92,0.133,-27.71,2.33,2.84,0.0,OK
2026-05-01 02:05:55,358,0.1269,0.0,0.0467,0.0,12.92,0.167,-28.09,2.9,3.2,0.0,OK
2026-05-01 02:05:55,359,0.1456,0.0294,0.0467,0.0,14.57,0.2,-27.17,2.65,3.14,0.0,OK
2026-05-01 02:05:55,360,0.1383,0.0217,0.0933,0.0,16.36,0.233,-27.11,2.56,3.57,0.0,OK
2026-05-01 02:05:55,361,0.146,0.0217,0.1,0.0,17.26,0.267,-27.15,2.79,3.35,0.0,OK
2026-05-01 02:05:55,362,0.1707,0.0301,0.1067,0.0,17.15,0.3,-27.62,1.91,2.1,0.0,OK
2026-05-01 02:05:55,363,0.1734,0.0213,0.1133,0.0,17.11,0.333,-27.85,3.04,2.11,0.0,OK
2026-05-01 02:05:55,364,0.1455,0.0213,0.12,0.0,19.22,0.367,-27.75,4.23,2.46,0.0,OK
2026-05-01 02:05:55,365,0.1746,0.0208,0.1267,0.0,19.22,0.4,-27.82,4.25,2.44,0.0,OK
2026-05-01 02:05:55,366,0.1628,0.0213,0.1333,0.0,20.45,0.433,-28.24,4.28,2.45,0.0,OK
2026-05-01 02:05:55,367,0.177,0.0217,0.14,0.0,20.82,0.467,-25.91,3.4,2.12,0.0,OK
2026-05-01 02:05:55,368,0.1859,0.0,0.1467,0.0,20.96,0.5,-25.63,2.92,1.96,0.0,OK
2026-05-01 02:05:55,369,0.1534,0.0213,0.1533,0.0,23.62,0.533,-26.47,3.87,2.27,0.0,OK
2026-05-01 02:05:55,370,0.1681,0.0213,0.16,0.0,24.88,0.567,-26.47,3.87,2.27,0.0,OK
2026-05-01 02:05:55,371,0.1772,0.0208,0.1667,0.0,25.6,0.6,-27.26,3.24,1.38,0.0,OK
2026-05-01 02:05:55,372,0.1772,0.0,0.1733,0.0,26.54,0.633,-26.64,3.85,1.27,0.0,OK
2026-05-01 02:05:55,373,0.2147,0.0425,0.18,0.0,26.25,0.667,-26.11,4.43,1.64,0.0,OK
2026-05-01 02:05:55,374,0.2139,0.0425,0.1867,0.0,26.09,0.7,-26.86,4.22,1.84,0.0,OK
2026-05-01 02:05:55,375,0.2232,0.0213,0.1867,0.0,24.7,0.0,-26.78,3.39,2.25,0.0,OK
2026-05-01 02:05:55,376,0.2047,0.0294,0.1867,0.0,23.68,0.033,-25.37,4.39,2.25,0.0,OK
2026-05-01 02:05:55,377,0.2149,0.0213,0.1867,0.0,22.66,0.067,-25.56,4.06,2.47,0.0,OK
2026-05-01 02:05:55,378,0.2394,0.0208,0.1867,0.0,21.54,0.0,-25.59,2.55,2.85,0.0,OK
2026-05-01 02:05:55,379,0.2166,0.0288,0.1867,0.0,20.6,0.033,-25.94,2.38,3.06,0.0,OK
2026-05-01 02:05:55,380,0.2063,0.0301,0.1867,0.0,19.95,0.067,-23.48,3.83,1.56,0.0,OK
2026-05-01 02:05:55,381,0.2149,0.0213,0.1867,0.0,19.28,0.1,-24.03,4.3,1.24,0.0,OK
2026-05-01 02:05:56,382,0.1955,0.0425,0.1867,0.0,19.0,0.133,-23.33,3.77,1.77,0.0,OK
2026-05-01 02:05:56,383,0.2047,0.0425,0.1867,0.0,18.66,0.167,-23.33,3.77,1.77,0.0,OK
2026-05-01 02:05:56,384,0.1507,0.0213,0.1867,0.0,21.01,0.2,-22.36,2.34,2.77,0.0,OK
2026-05-01 02:05:56,385,0.1593,0.0213,0.2333,0.0,23.86,0.233,-24.23,3.01,2.26,0.0,OK
2026-05-01 02:05:56,386,0.1584,0.0213,0.24,0.0,26.26,0.267,-24.81,2.65,2.57,0.0,OK
2026-05-01 02:05:56,387,0.1616,0.0208,0.2467,0.0,28.08,0.3,-22.55,2.21,1.16,0.0,OK
2026-05-01 02:05:56,388,0.1527,0.0208,0.2533,0.0,30.32,0.333,-23.38,3.46,1.04,0.0,OK
2026-05-01 02:05:56,389,0.2128,0.0425,0.26,0.0,29.88,0.367,-23.56,3.33,2.07,0.0,OK
2026-05-01 02:05:56,390,0.2147,0.0435,0.2667,0.0,29.57,0.4,-23.56,3.33,2.07,0.0,OK
2026-05-01 02:05:56,391,0.2506,0.02,0.2667,0.0,28.53,0.0,-24.97,4.38,2.45,0.0,OK
2026-05-01 02:05:56,392,0.2322,0.0204,0.2667,0.0,27.58,0.0,-23.11,3.99,2.43,0.0,OK
2026-05-01 02:05:56,393,0.2328,0.0288,0.2667,0.0,26.71,0.0,-23.09,4.44,2.38,0.0,OK
2026-05-01 02:05:56,394,0.2463,0.0213,0.2667,0.0,25.91,0.0,-23.87,4.03,1.92,0.0,OK
2026-05-01 02:05:56,395,0.233,0.0213,0.2667,0.0,25.17,0.0,-23.87,4.03,1.92,0.0,OK
2026-05-01 02:05:56,396,0.241,0.0213,0.2667,0.0,24.49,0.0,-24.28,3.71,1.71,0.0,OK
2026-05-01 02:05:56,397,0.2418,0.0213,0.2667,0.0,23.86,0.0,-23.89,3.69,1.71,0.0,OK
2026-05-01 02:05:56,398,0.2283,0.0208,0.2667,0.0,23.29,0.0,-25.35,2.85,2.17,0.0,OK
2026-05-01 02:05:56,399,0.22,0.0416,0.2667,0.0,22.76,0.0,-26.02,2.5,2.03,0.0,OK
2026-05-01 02:05:56,400,0.2151,0.0208,0.2667,0.0,22.39,0.033,-23.97,4.36,1.72,0.0,OK
2026-05-01 02:05:56,401,0.1405,0.0408,0.2667,0.0,25.9,0.067,-24.82,4.04,1.43,0.0,OK
2026-05-01 02:05:56,402,0.1505,0.0208,0.2667,0.0,27.79,0.1,-24.82,3.34,1.73,0.0,OK
2026-05-01 02:05:56,403,0.1382,0.0425,0.2667,0.0,30.05,0.133,-23.86,3.32,2.21,0.0,OK
2026-05-01 02:05:56,404,0.1467,0.0208,0.2667,0.0,31.22,0.167,-24.92,3.39,2.2,0.0,OK
2026-05-01 02:05:56,405,0.1676,0.0301,0.2667,0.0,31.14,0.2,-23.25,3.31,2.05,0.0,OK
2026-05-01 02:05:56,406,0.1678,0.0476,0.3133,0.0,32.71,0.233,-23.51,3.89,2.04,0.0,OK
2026-05-01 02:05:56,407,0.2141,0.0208,0.32,0.0,32.38,0.267,-23.71,3.2,2.76,0.0,OK
2026-05-01 02:05:56,408,0.2102,0.0208,0.3267,0.0,32.23,0.3,-23.81,3.7,2.24,0.0,OK
2026-05-01 02:05:56,409,0.2334,0.0417,0.3267,0.0,31.47,0.0,-22.69,3.87,2.05,0.0,OK
2026-05-01 02:05:56,410,0.2327,0.0416,0.3267,0.0,30.76,0.0,-23.59,4.25,2.28,0.0,OK
2026-05-01 02:05:56,411,0.2063,0.0204,0.3267,0.0,30.36,0.033,-23.2,4.4,1.93,0.0,OK
2026-05-01 02:05:57,412,0.2117,0.0208,0.3267,0.0,29.97,0.067,-23.24,3.73,1.72,0.0,OK
2026-05-01 02:05:57,413,0.2117,0.0208,0.3267,0.0,29.66,0.1,-23.24,3.73,1.72,0.0,OK
2026-05-01 02:05:57,414,0.2462,0.0204,0.3267,0.0,29.1,0.0,-23.52,3.63,2.41,0.0,OK
2026-05-01 02:05:57,415,0.2469,0.0208,0.3267,0.0,28.59,0.0,-23.23,3.18,2.24,0.0,OK
2026-05-01 02:05:57,416,0.2423,0.0425,0.3267,0.0,28.11,0.0,-24.96,4.07,1.87,0.0,OK
2026-05-01 02:05:57,417,0.2512,0.0213,0.3267,0.0,27.68,0.0,-23.3,3.21,2.72,0.0,OK
2026-05-01 02:05:57,418,0.2247,0.0208,0.3267,0.0,27.28,0.0,-22.51,3.3,2.56,0.0,OK
2026-05-01 02:05:57,419,0.2241,0.0208,0.3267,0.0,26.91,0.0,-21.95,2.97,2.53,0.0,OK
2026-05-01 02:05:57,420,0.2108,0.0208,0.3267,0.0,26.75,0.033,-22.9,3.68,2.23,0.0,OK
2026-05-01 02:05:57,421,0.1887,0.0289,0.3267,0.0,27.76,0.067,-24.3,4.59,1.89,0.0,OK
2026-05-01 02:05:57,422,0.1883,0.0208,0.3267,0.0,28.68,0.1,-23.97,4.73,1.78,0.0,OK
2026-05-01 02:05:57,423,0.2139,0.0288,0.3267,0.0,28.5,0.133,-24.39,3.67,2.4,0.0,OK
2026-05-01 02:05:57,424,0.2107,0.0204,0.3267,0.0,28.44,0.167,-24.49,3.89,2.19,0.0,OK
2026-05-01 02:05:57,425,0.2198,0.0208,0.3267,0.0,27.98,0.0,-24.75,3.42,2.59,0.0,OK
2026-05-01 02:05:57,426,0.2111,0.0,0.3267,0.0,27.73,0.033,-25.08,3.32,2.7,0.0,OK
2026-05-01 02:05:57,427,0.1973,0.0208,0.3267,0.0,27.85,0.067,-23.38,3.35,1.71,0.0,LOW
2026-05-01 02:05:57,428,0.2003,0.0208,0.3267,0.0,27.98,0.1,-23.09,3.54,1.52,0.0,LOW
2026-05-01 02:05:57,429,0.1837,0.0208,0.3267,0.0,29.37,0.133,-23.32,3.53,2.36,0.0,LOW
2026-05-01 02:05:57,430,0.1743,0.0204,0.3267,0.0,31.11,0.167,-24.31,3.91,2.18,0.0,LOW
2026-05-01 02:05:57,431,0.1622,0.0204,0.3267,0.0,33.26,0.2,-24.87,4.37,1.86,0.0,LOW
2026-05-01 02:05:57,432,0.1887,0.0425,0.3733,0.0,34.85,0.233,-23.39,3.56,1.86,0.0,LOW
2026-05-01 02:05:57,433,0.1878,0.0425,0.38,0.0,36.42,0.267,-23.39,3.56,1.86,0.0,LOW
2026-05-01 02:05:57,434,0.2151,0.0213,0.3867,0.0,36.36,0.3,-23.85,3.36,2.55,0.0,LOW
2026-05-01 02:05:57,435,0.2154,0.0,0.3933,0.0,36.59,0.333,-23.39,3.22,2.72,0.0,LOW
2026-05-01 02:05:57,436,0.1887,0.04,0.4,0.0,38.93,0.367,-24.33,3.56,2.48,0.0,LOW
2026-05-01 02:05:57,437,0.184,0.0301,0.4067,0.0,40.99,0.4,-22.1,4.01,1.54,0.0,LOW
2026-05-01 02:05:57,438,0.1864,0.0213,0.4133,0.0,42.42,0.433,-22.04,4.1,1.93,0.0,LOW
2026-05-01 02:05:57,439,0.2058,0.02,0.42,0.0,42.41,0.467,-22.49,3.8,1.68,0.0,LOW
2026-05-01 02:05:57,440,0.192,0.0204,0.4267,0.0,43.48,0.5,-22.39,3.27,2.19,0.0,LOW
2026-05-01 02:05:58,441,0.202,0.0,0.4333,0.0,43.78,0.533,-21.77,5.82,1.29,0.0,LOW
2026-05-01 02:05:58,442,0.1894,0.0,0.44,0.0,45.02,0.567,-21.1,5.74,1.79,0.0,LOW
2026-05-01 02:05:58,443,0.2201,0.0,0.44,0.0,43.82,0.0,-19.5,4.1,2.16,0.0,LOW
2026-05-01 02:05:58,444,0.2114,0.0408,0.44,0.0,42.89,0.033,-20.69,4.57,1.84,0.0,LOW
2026-05-01 02:05:58,445,0.238,0.0,0.44,0.0,41.86,0.0,-18.47,5.09,1.01,0.0,LOW
2026-05-01 02:05:58,446,0.2325,0.0208,0.44,0.0,40.91,0.0,-19.52,4.05,1.47,0.0,LOW
2026-05-01 02:05:58,447,0.2193,0.0204,0.44,0.0,40.03,0.0,-17.88,3.69,2.07,0.0,LOW
2026-05-01 02:05:58,448,0.2125,0.0204,0.44,0.0,39.39,0.033,-15.95,3.71,2.04,0.0,LOW
2026-05-01 02:05:58,449,0.2297,0.0408,0.44,0.0,38.63,0.0,-14.81,3.34,2.25,0.0,LOW
2026-05-01 02:05:58,450,0.2332,0.02,0.44,0.0,37.94,0.0,-12.18,3.66,2.0,0.0,LOW
2026-05-01 02:05:58,451,0.2372,0.02,0.44,0.0,37.31,0.0,-12.78,4.47,2.36,0.0,LOW
2026-05-01 02:05:58,452,0.2302,0.0208,0.44,0.0,36.72,0.0,-10.95,2.67,2.17,0.0,LOW
2026-05-01 02:05:58,453,0.2337,0.0,0.44,0.0,36.19,0.0,-10.47,2.7,2.18,0.0,LOW
2026-05-01 02:05:58,454,0.2674,0.0434,0.44,0.0,35.69,0.0,-8.57,1.9,2.46,0.0,LOW
2026-05-01 02:05:58,455,0.268,0.0217,0.44,0.0,35.24,0.0,-8.57,1.9,2.46,0.0,LOW
2026-05-01 02:05:58,456,0.2436,0.0282,0.44,0.0,34.82,0.0,-5.84,2.18,3.28,0.0,LOW
2026-05-01 02:05:58,457,0.2559,0.0282,0.44,0.0,34.43,0.0,-5.89,1.93,3.37,0.0,LOW
2026-05-01 02:05:58,458,0.2391,0.0638,0.44,0.0,34.08,0.0,-6.91,-0.41,2.99,0.0,LOW
2026-05-01 02:05:58,459,0.235,0.0408,0.44,0.0,33.75,0.0,8.61,-7.58,2.48,0.0,LOW
2026-05-01 02:05:58,460,0.2422,0.0408,0.44,0.0,33.45,0.0,8.87,-5.95,2.86,0.0,LOW
2026-05-01 02:05:58,461,0.243,0.0204,0.44,0.0,33.17,0.0,-2.68,1.41,2.97,0.0,LOW
2026-05-01 02:05:58,462,0.2302,0.0204,0.44,0.0,32.92,0.0,11.25,-5.99,2.92,0.0,LOW
2026-05-01 02:05:58,463,0.2778,0.0416,0.44,0.0,32.69,0.0,12.62,-8.12,2.84,0.0,LOW
2026-05-01 02:05:58,464,0.2811,0.0416,0.44,0.0,32.47,0.0,12.62,-8.12,2.84,0.0,LOW
2026-05-01 02:05:58,465,0.2405,0.0204,0.44,0.0,32.27,0.0,13.4,-8.63,2.52,0.0,LOW
2026-05-01 02:05:58,466,0.269,0.0465,0.44,0.0,32.09,0.0,12.86,-7.87,2.81,0.0,LOW
2026-05-01 02:05:58,467,0.2772,0.0425,0.44,0.0,31.92,0.0,-1.5,1.48,3.53,0.0,LOW
2026-05-01 02:05:58,468,0.2548,0.0416,0.44,0.0,31.77,0.0,12.2,-8.14,2.87,0.0,LOW
2026-05-01 02:05:58,469,0.2527,0.0204,0.44,0.0,31.63,0.0,12.45,-6.07,3.1,0.0,LOW
2026-05-01 02:05:58,470,0.2522,0.0399,0.44,0.0,31.5,0.0,14.3,-7.2,3.67,0.0,LOW
2026-05-01 02:05:59,471,0.2419,0.0203,0.44,0.0,31.38,0.0,14.13,-7.1,3.53,0.0,LOW
2026-05-01 02:05:59,472,0.2319,0.0416,0.44,0.0,31.27,0.0,11.03,-7.14,4.01,0.0,LOW
2026-05-01 02:05:59,473,0.244,0.0416,0.44,0.0,31.17,0.0,12.34,-7.26,3.83,0.0,LOW
2026-05-01 02:05:59,474,0.2608,0.0455,0.44,0.0,31.07,0.0,13.68,-6.77,3.59,0.0,LOW
2026-05-01 02:05:59,475,0.2783,0.0416,0.44,0.0,30.99,0.0,12.3,-8.84,3.37,0.0,LOW
2026-05-01 02:05:59,476,0.2655,0.0208,0.44,0.0,30.91,0.0,11.58,-9.11,3.1,0.0,LOW
2026-05-01 02:05:59,477,0.2503,0.0282,0.44,0.0,30.84,0.0,14.2,-7.39,3.69,0.0,LOW
2026-05-01 02:05:59,478,0.2537,0.0407,0.44,0.0,30.77,0.0,14.2,-7.39,3.69,0.0,LOW
2026-05-01 02:05:59,479,0.2681,0.0465,0.44,0.0,30.71,0.0,11.77,-7.23,4.1,0.0,LOW
2026-05-01 02:05:59,480,0.2739,0.0416,0.44,0.0,30.65,0.0,12.79,-5.62,3.81,0.0,LOW
2026-05-01 02:05:59,481,0.249,0.0204,0.44,0.0,30.6,0.0,13.3,-8.27,2.91,0.0,LOW
2026-05-01 02:05:59,482,0.2525,0.0455,0.44,0.0,30.55,0.0,13.94,-7.34,3.33,0.0,LOW
2026-05-01 02:05:59,483,0.2578,0.0407,0.44,0.0,30.51,0.0,11.76,-7.99,3.97,0.0,LOW
2026-05-01 02:05:59,484,0.2658,0.0204,0.44,0.0,30.47,0.0,13.31,-6.74,3.22,0.0,LOW
2026-05-01 02:05:59,485,0.2658,0.0288,0.44,0.0,30.43,0.0,13.31,-6.74,3.22,0.0,LOW
2026-05-01 02:05:59,486,0.2328,0.0407,0.44,0.0,30.39,0.0,12.42,-8.04,3.69,0.0,LOW
2026-05-01 02:05:59,487,0.2486,0.0416,0.44,0.0,30.36,0.0,14.8,-8.39,3.1,0.0,LOW
2026-05-01 02:05:59,488,0.2711,0.02,0.44,0.0,30.33,0.0,12.33,-7.63,3.56,0.0,LOW
2026-05-01 02:05:59,489,0.2736,0.0399,0.44,0.0,30.31,0.0,12.44,-5.65,3.77,0.0,LOW
2026-05-01 02:05:59,490,0.2584,0.0425,0.44,0.0,30.28,0.0,12.32,-6.62,3.92,0.0,LOW
2026-05-01 02:05:59,491,0.2548,0.0416,0.44,0.0,30.26,0.0,12.3,-6.93,3.54,0.0,LOW
2026-05-01 02:05:59,492,0.2579,0.0416,0.44,0.0,30.24,0.0,11.7,-7.21,3.97,0.0,LOW
2026-05-01 02:05:59,493,0.2658,0.0407,0.44,0.0,30.22,0.0,10.85,-9.31,3.82,0.0,LOW
2026-05-01 02:05:59,494,0.2444,0.0208,0.3933,0.0,30.15,0.0,-3.29,2.17,3.55,0.0,LOW
2026-05-01 02:05:59,495,0.2767,0.0208,0.3933,0.0,30.08,0.0,-3.15,1.11,3.93,0.0,LOW
2026-05-01 02:05:59,496,0.2766,0.0204,0.3933,0.0,30.02,0.0,11.95,-8.68,3.79,0.0,LOW
2026-05-01 02:05:59,497,0.2723,0.0208,0.3933,0.0,29.97,0.0,11.17,-7.63,3.62,0.0,LOW
2026-05-01 02:05:59,498,0.2736,0.0208,0.3933,0.0,29.92,0.0,9.33,-7.22,3.58,0.0,LOW
2026-05-01 02:05:59,499,0.2485,0.0208,0.3933,0.0,29.87,0.0,10.64,-6.56,3.56,0.0,LOW
2026-05-01 02:05:59,500,0.2501,0.0208,0.3933,0.0,29.83,0.0,-1.29,-0.06,4.16,0.0,LOW
2026-05-01 02:06:00,501,0.2739,0.0425,0.3933,0.0,29.79,0.0,11.3,-7.21,3.27,0.0,LOW
2026-05-01 02:06:00,502,0.2788,0.0425,0.3933,0.0,29.75,0.0,-1.93,1.0,4.46,0.0,LOW
2026-05-01 02:06:00,503,0.2683,0.0416,0.3933,0.0,29.72,0.0,10.61,-8.13,3.58,0.0,LOW
2026-05-01 02:06:00,504,0.2725,0.0416,0.3867,0.0,29.63,0.0,10.04,-5.88,3.64,0.0,LOW
2026-05-01 02:06:00,505,0.2744,0.0208,0.38,0.0,29.5,0.0,-3.29,1.81,3.91,0.0,LOW
2026-05-01 02:06:00,506,0.2444,0.0204,0.3733,0.0,29.33,0.0,10.75,-8.15,3.88,0.0,LOW
2026-05-01 02:06:00,507,0.2444,0.02,0.3667,0.0,29.12,0.0,10.75,-8.15,3.88,0.0,LOW
2026-05-01 02:06:00,508,0.2523,0.0415,0.36,0.0,28.87,0.0,11.72,-6.73,3.44,0.0,LOW
2026-05-01 02:06:00,509,0.2466,0.0415,0.3533,0.0,28.58,0.0,12.24,-6.73,3.41,0.0,LOW
2026-05-01 02:06:00,510,0.2475,0.0212,0.3467,0.0,28.27,0.0,9.92,-9.69,3.39,0.0,LOW
2026-05-01 02:06:00,511,0.2377,0.0208,0.34,0.0,27.93,0.0,10.99,-8.16,3.32,0.0,LOW
2026-05-01 02:06:00,512,0.2462,0.0208,0.3333,0.0,27.56,0.0,10.99,-8.16,3.32,0.0,LOW
2026-05-01 02:06:00,513,0.2481,0.0416,0.3267,0.0,27.17,0.0,12.41,-7.67,3.48,0.0,LOW
2026-05-01 02:06:00,514,0.2321,0.0416,0.32,0.0,26.76,0.0,11.91,-7.59,3.53,0.0,LOW
2026-05-01 02:06:00,515,0.265,0.0416,0.3133,0.0,26.32,0.0,-2.79,1.85,4.02,0.0,LOW
2026-05-01 02:06:00,516,0.2482,0.0416,0.3067,0.0,25.87,0.0,-3.38,1.45,3.74,0.0,LOW
2026-05-01 02:06:00,517,0.2517,0.0208,0.3,0.0,25.4,0.0,10.51,-6.11,3.77,0.0,LOW
2026-05-01 02:06:00,518,0.2532,0.0208,0.2533,0.0,24.6,0.0,11.26,-6.21,3.86,0.0,LOW
2026-05-01 02:06:00,519,0.2462,0.0217,0.2533,0.0,23.85,0.0,-3.42,1.43,4.15,0.0,LOW
2026-05-01 02:06:00,520,0.2473,0.0399,0.2533,0.0,23.17,0.0,11.58,-6.92,3.3,0.0,LOW
2026-05-01 02:06:00,521,0.2489,0.0288,0.2533,0.0,22.55,0.0,12.03,-6.44,3.86,0.0,LOW
2026-05-01 02:06:00,522,0.2412,0.0212,0.2533,0.0,21.97,0.0,-3.07,2.66,4.7,0.0,LOW
2026-05-01 02:06:00,523,0.2514,0.0416,0.2533,0.0,21.44,0.0,12.22,-7.72,3.53,0.0,LOW
2026-05-01 02:06:00,524,0.2582,0.0208,0.2533,0.0,20.95,0.0,-4.7,1.89,4.26,0.0,LOW
2026-05-01 02:06:00,525,0.2674,0.0208,0.2533,0.0,20.5,0.0,-3.16,1.61,4.24,0.0,LOW
2026-05-01 02:06:00,526,0.2548,0.0416,0.2533,0.0,20.09,0.0,-3.62,1.6,4.31,0.0,LOW
2026-05-01 02:06:00,527,0.2466,0.0416,0.2533,0.0,19.71,0.0,8.83,-8.3,3.75,0.0,LOW
2026-05-01 02:06:00,528,0.2548,0.0399,0.2533,0.0,19.36,0.0,10.79,-8.67,3.34,0.0,LOW
2026-05-01 02:06:00,529,0.2543,0.0407,0.2467,0.0,18.98,0.0,10.64,-8.96,3.61,0.0,LOW
2026-05-01 02:06:00,530,0.2697,0.0434,0.24,0.0,18.58,0.0,-3.12,2.1,4.07,0.0,LOW
2026-05-01 02:06:00,531,0.2537,0.0434,0.2333,0.0,18.16,0.0,-1.86,0.64,4.09,0.0,LOW
2026-05-01 02:06:01,532,0.2375,0.0415,0.2267,0.0,17.72,0.0,11.32,-6.26,4.06,0.0,LOW
2026-05-01 02:06:01,533,0.2379,0.0407,0.22,0.0,17.27,0.0,10.95,-8.05,3.25,0.0,LOW
2026-05-01 02:06:01,534,0.2548,0.0416,0.1733,0.0,16.47,0.0,10.33,-8.06,3.15,0.0,LOW
2026-05-01 02:06:01,535,0.2548,0.0416,0.1733,0.0,15.74,0.0,10.48,-10.32,3.06,0.0,LOW
2026-05-01 02:06:01,536,0.2548,0.0416,0.1733,0.0,15.07,0.0,10.95,-8.05,3.25,0.0,LOW
2026-05-01 02:06:01,537,0.2543,0.0407,0.1733,0.0,14.45,0.0,11.82,-6.37,3.8,0.0,LOW
2026-05-01 02:06:01,538,0.2626,0.0407,0.1733,0.0,13.88,0.0,10.77,-8.07,3.71,0.0,LOW
2026-05-01 02:06:01,539,0.2504,0.0407,0.1733,0.0,13.36,0.0,-3.67,4.16,4.0,0.0,LOW
2026-05-01 02:06:01,540,0.2531,0.0208,0.1733,0.0,12.87,0.0,-3.78,3.2,3.8,0.0,LOW
2026-05-01 02:06:01,541,0.2766,0.0294,0.1733,0.0,12.43,0.0,-3.41,1.99,4.05,0.0,LOW
2026-05-01 02:06:01,542,0.2174,0.0294,0.1733,0.0,12.11,0.033,12.63,-8.49,2.84,0.0,LOW
2026-05-01 02:06:01,543,0.2377,0.0465,0.1733,0.0,11.72,0.0,12.63,-8.49,2.84,0.0,LOW
2026-05-01 02:06:01,544,0.1863,0.0208,0.1733,0.0,12.53,0.033,12.0,-9.27,2.34,0.0,LOW
2026-05-01 02:06:01,545,0.1942,0.0208,0.1733,0.0,12.8,0.067,11.96,-9.48,2.58,0.0,LOW
2026-05-01 02:06:01,546,0.1863,0.0208,0.1733,0.0,13.72,0.1,10.28,-9.93,2.66,0.0,LOW
2026-05-01 02:06:01,547,0.1863,0.0208,0.1733,0.0,14.56,0.133,10.58,-7.44,3.09,0.0,LOW
2026-05-01 02:06:01,548,0.1862,0.0217,0.1733,0.0,15.37,0.167,-4.21,0.85,3.46,0.0,LOW
2026-05-01 02:06:01,549,0.2246,0.0416,0.1733,0.0,14.72,0.0,10.0,-9.37,4.05,0.0,LOW
2026-05-01 02:06:01,550,0.2165,0.0425,0.1667,0.0,14.17,0.033,-4.73,1.5,4.39,0.0,LOW
2026-05-01 02:06:01,551,0.2257,0.0456,0.16,0.0,13.52,0.0,9.77,-9.72,2.5,0.0,LOW
2026-05-01 02:06:01,552,0.2248,0.0204,0.1133,0.0,12.55,0.0,10.54,-10.27,2.82,0.0,LOW
2026-05-01 02:06:01,553,0.2184,0.0416,0.1133,0.0,11.72,0.033,-3.19,2.3,3.8,0.0,LOW
2026-05-01 02:06:01,554,0.2266,0.0416,0.1133,0.0,10.89,0.0,11.74,-8.54,2.58,0.0,LOW
2026-05-01 02:06:01,555,0.2509,0.0217,0.1133,0.0,10.12,0.0,12.58,-7.83,2.86,0.0,LOW
2026-05-01 02:06:01,556,0.2366,0.0204,0.1133,0.0,9.42,0.0,-3.44,1.24,4.03,0.0,LOW
2026-05-01 02:06:01,557,0.2399,0.0208,0.1133,0.0,8.77,0.0,9.55,-7.44,3.08,0.0,LOW
2026-05-01 02:06:01,558,0.2224,0.0212,0.1133,0.0,8.18,0.0,-3.61,0.19,4.3,0.0,LOW
2026-05-01 02:06:01,559,0.2184,0.0425,0.1133,0.0,7.7,0.033,-4.02,1.23,4.43,0.0,LOW
2026-05-01 02:06:01,560,0.2487,0.0204,0.1133,0.0,7.19,0.0,-4.7,1.89,4.26,0.0,LOW
2026-05-01 02:06:02,561,0.2507,0.0407,0.1133,0.0,6.72,0.0,-4.59,2.39,4.33,0.0,LOW
2026-05-01 02:06:02,562,0.2592,0.0425,0.1133,0.0,6.29,0.0,-3.29,3.11,4.42,0.0,LOW
2026-05-01 02:06:02,563,0.2592,0.0212,0.1133,0.0,5.89,0.0,10.13,-6.59,4.04,0.0,LOW
2026-05-01 02:06:02,564,0.2553,0.0212,0.1133,0.0,5.53,0.0,-4.17,1.59,3.25,0.0,LOW
2026-05-01 02:06:02,565,0.2553,0.0425,0.1133,0.0,5.19,0.0,9.31,-9.24,2.56,0.0,LOW
2026-05-01 02:06:02,566,0.2716,0.0424,0.1133,0.0,4.88,0.0,11.1,-7.61,3.71,0.0,OK
2026-05-01 02:06:02,567,0.2633,0.0425,0.1133,0.0,4.6,0.0,-3.32,0.98,4.12,0.0,OK
2026-05-01 02:06:02,568,0.2527,0.0203,0.1133,0.0,4.34,0.0,10.68,-6.74,3.56,0.0,OK
2026-05-01 02:06:02,569,0.2554,0.0208,0.1133,0.0,4.1,0.0,9.41,-10.52,3.08,0.0,OK
2026-05-01 02:06:02,570,0.2466,0.0208,0.1133,0.0,3.88,0.0,8.91,-10.08,3.33,0.0,OK
2026-05-01 02:06:02,571,0.2769,0.0416,0.1133,0.0,3.67,0.0,9.75,-6.95,3.45,0.0,OK
2026-05-01 02:06:02,572,0.2609,0.0208,0.1133,0.0,3.49,0.0,10.59,-6.78,3.35,0.0,OK
2026-05-01 02:06:02,573,0.2681,0.0208,0.1133,0.0,3.31,0.0,9.65,-9.58,3.23,0.0,OK
2026-05-01 02:06:02,574,0.2522,0.0208,0.1133,0.0,3.15,0.0,9.65,-9.58,3.23,0.0,OK
2026-05-01 02:06:02,575,0.2687,0.0455,0.1133,0.0,3.01,0.0,-3.56,2.47,4.34,0.0,OK
2026-05-01 02:06:02,576,0.2605,0.0204,0.1067,0.0,2.82,0.0,-3.56,2.47,4.34,0.0,OK
2026-05-01 02:06:02,577,0.2372,0.0416,0.1,0.0,2.6,0.0,-5.87,1.6,4.82,0.0,OK
2026-05-01 02:06:02,578,0.2517,0.0407,0.0933,0.0,2.39,0.0,8.62,-10.16,3.91,0.0,OK
2026-05-01 02:06:02,579,0.2445,0.0416,0.0867,0.0,2.2,0.0,-3.97,0.79,3.57,0.0,OK
2026-05-01 02:06:02,580,0.2362,0.0399,0.08,0.0,2.02,0.0,11.08,-7.89,2.93,0.0,OK
2026-05-01 02:06:02,581,0.2462,0.0399,0.0733,0.0,1.86,0.0,11.08,-7.89,2.93,0.0,OK
2026-05-01 02:06:02,582,0.2183,0.0407,0.0667,0.0,1.78,0.033,-3.93,1.4,3.86,0.0,OK
2026-05-01 02:06:02,583,0.2405,0.0204,0.06,0.0,1.64,0.0,10.11,-9.05,3.24,0.0,OK
2026-05-01 02:06:02,584,0.2422,0.0425,0.0533,0.0,1.51,0.0,9.9,-9.66,3.86,0.0,OK
2026-05-01 02:06:02,585,0.2508,0.0208,0.0467,0.0,1.39,0.0,10.64,-9.93,3.32,0.0,OK
2026-05-01 02:06:02,586,0.2404,0.0208,0.0,0.0,1.28,0.0,11.07,-8.49,2.45,0.0,OK
2026-05-01 02:06:02,587,0.2527,0.0208,0.0,0.0,1.17,0.0,14.66,-8.81,2.67,0.0,OK
2026-05-01 02:06:02,588,0.2463,0.0208,0.0,0.0,1.08,0.0,13.58,-9.04,3.07,0.0,OK
2026-05-01 02:06:02,589,0.2504,0.02,0.0,0.0,0.99,0.0,16.52,-9.37,2.64,0.0,OK
2026-05-01 02:06:02,590,0.2372,0.02,0.0,0.0,0.91,0.0,14.72,-7.63,2.97,0.0,OK
2026-05-01 02:06:02,591,0.2285,0.0208,0.0,0.0,0.84,0.0,16.41,-6.63,2.74,0.0,OK
2026-05-01 02:06:03,592,0.2306,0.0213,0.0,0.0,0.77,0.0,14.11,-6.9,2.3,0.0,OK
2026-05-01 02:06:03,593,0.2471,0.0208,0.0,0.0,0.71,0.0,19.43,-6.18,2.27,0.0,OK
2026-05-01 02:06:03,594,0.2581,0.02,0.0,0.0,0.65,0.0,22.3,-5.35,2.61,0.0,OK
2026-05-01 02:06:03,595,0.262,0.0,0.0,0.0,0.6,0.0,22.45,-6.52,2.46,0.0,OK
2026-05-01 02:06:03,596,0.2676,0.0,0.0,0.0,0.55,0.0,22.96,-7.42,2.49,0.0,OK
2026-05-01 02:06:03,597,0.252,0.02,0.0,0.0,0.51,0.0,24.19,-5.87,2.37,0.0,OK
2026-05-01 02:06:03,598,0.2736,0.0196,0.0,0.0,0.47,0.0,27.24,-6.22,1.85,0.0,OK
2026-05-01 02:06:03,599,0.2597,0.0,0.0,51.0,1.7,0.0,26.97,-5.14,2.14,0.0,OK
2026-05-01 02:06:03,600,0.2768,0.02,0.0,50.92,2.51,0.0,27.73,-6.44,1.76,0.0,OK
2026-05-01 02:06:03,601,0.2883,0.0204,0.0,50.83,3.03,0.0,29.55,-7.15,1.21,0.0,OK
2026-05-01 02:06:03,602,0.2691,0.0,0.0,50.75,3.37,0.0,29.43,-6.49,0.66,0.0,OK
2026-05-01 02:06:03,603,0.2516,0.0204,0.0,50.66,3.59,0.0,31.27,-6.5,0.82,0.0,OK
2026-05-01 02:06:03,604,0.2799,0.0,0.0,50.58,3.73,0.0,31.43,-6.93,1.1,0.0,OK
2026-05-01 02:06:03,605,0.2927,0.0208,0.0,50.5,3.83,0.0,35.37,-6.2,0.64,0.0,OK
2026-05-01 02:06:03,606,0.2927,0.0208,0.0,50.41,3.89,0.0,35.12,-6.13,0.67,0.0,OK
2026-05-01 02:06:03,607,0.3082,0.0213,0.0,50.33,3.93,0.0,37.77,-6.23,0.29,0.0,OK
2026-05-01 02:06:03,608,0.2956,0.0196,0.0,50.25,3.95,0.0,38.56,-6.5,0.2,0.0,OK
2026-05-01 02:06:03,609,0.2865,0.0208,0.0,50.16,3.97,0.0,39.01,-6.27,-0.21,0.0,OK
2026-05-01 02:06:03,610,0.2936,0.02,0.0,50.08,3.98,0.0,39.54,-5.43,0.07,0.0,OK
2026-05-01 02:06:03,611,0.2988,0.0,0.0,50.0,3.99,0.0,39.85,-5.84,0.6,0.0,OK
2026-05-01 02:06:03,612,0.2942,0.0196,0.0,49.92,3.99,0.0,40.45,-6.58,0.13,0.0,OK
2026-05-01 02:06:03,613,0.3111,0.0196,0.0,49.84,3.99,0.0,42.57,-7.67,-0.0,0.0,OK
2026-05-01 02:06:03,614,0.2696,0.0,0.0,49.76,4.0,0.0,43.14,-6.64,0.32,0.0,OK
2026-05-01 02:06:03,615,0.3017,0.0204,0.0,49.68,4.0,0.0,40.82,-7.17,0.49,0.0,OK
2026-05-01 02:06:03,616,0.3099,0.0,0.0,49.59,4.0,0.0,43.24,-6.49,0.21,0.0,OK
2026-05-01 02:06:03,617,0.3182,0.0,0.0,49.51,4.0,0.0,42.42,-6.5,0.23,0.0,OK
2026-05-01 02:06:03,618,0.3045,0.0192,0.0,49.43,4.0,0.0,44.14,-6.81,0.49,0.0,OK
2026-05-01 02:06:03,619,0.2914,0.0,0.0,49.35,4.0,0.0,44.97,-6.65,0.23,0.0,OK
2026-05-01 02:06:03,620,0.3023,0.02,0.0,49.28,4.0,0.0,44.07,-7.88,-1.02,0.0,OK
2026-05-01 02:06:03,621,0.3004,0.0196,0.0,49.2,4.0,0.0,45.0,-7.97,-0.71,0.0,OK
2026-05-01 02:06:04,622,0.3176,0.0192,0.0,49.12,4.0,0.0,46.86,-7.09,-0.06,0.0,OK
2026-05-01 02:06:04,623,0.308,0.0392,0.0,49.04,4.0,0.0,45.49,-6.62,0.22,0.0,OK
2026-05-01 02:06:04,624,0.2898,0.0185,0.0,48.96,4.0,0.0,46.37,-6.57,1.25,0.0,OK
2026-05-01 02:06:04,625,0.3051,0.0196,0.0,48.88,4.0,0.0,45.51,-7.79,0.28,0.0,OK
2026-05-01 02:06:04,626,0.3008,0.0192,0.0,48.8,4.0,0.0,46.19,-8.25,0.23,0.0,OK
2026-05-01 02:06:04,627,0.3284,0.0185,0.0,48.73,4.0,0.0,46.55,-7.53,-0.0,0.0,OK
2026-05-01 02:06:04,628,0.3197,0.0,0.0,48.65,4.0,0.0,46.0,-8.14,-0.08,0.0,OK
2026-05-01 02:06:04,629,0.3052,0.0267,0.0,48.57,4.0,0.0,45.96,-7.09,0.23,0.0,OK
2026-05-01 02:06:04,630,0.3095,0.0185,0.0,48.49,4.0,0.0,45.9,-7.51,-0.06,0.0,OK
2026-05-01 02:06:04,631,0.3058,0.0,0.0,48.42,4.0,0.0,46.3,-8.54,-0.12,0.0,OK
2026-05-01 02:06:04,632,0.3116,0.02,0.0,48.34,4.0,0.0,44.62,-7.75,1.19,0.0,OK
2026-05-01 02:06:04,633,0.3046,0.0,0.0,48.26,4.0,0.0,45.49,-7.7,0.55,0.0,OK
2026-05-01 02:06:04,634,0.3074,0.0,0.0,48.19,4.0,0.0,47.32,-7.32,-0.1,0.0,OK
2026-05-01 02:06:04,635,0.3042,0.0192,0.0,48.11,4.0,0.0,47.44,-6.85,-0.25,0.0,OK
2026-05-01 02:06:04,636,0.3099,0.0196,0.0,48.04,4.02,0.0,44.98,-7.37,0.71,0.05,OK
2026-05-01 02:06:04,637,0.3099,0.0,0.0,47.96,4.04,0.0,45.42,-7.84,0.4,0.08,OK
2026-05-01 02:06:04,638,0.3216,0.0192,0.0,47.89,4.09,0.0,43.88,-7.49,0.17,0.19,OK
2026-05-01 02:06:04,639,0.3174,0.0,0.0,47.81,4.15,0.0,43.44,-7.68,-0.03,0.27,OK
2026-05-01 02:06:04,640,0.3115,0.0185,0.0,47.74,4.24,0.0,46.98,-7.95,0.77,0.4,OK
2026-05-01 02:06:04,641,0.31,0.0196,0.0,47.66,4.35,0.0,46.43,-7.01,1.62,0.55,OK
2026-05-01 02:06:04,642,0.3197,0.0192,0.0,47.59,4.48,0.0,46.79,-7.84,1.21,0.73,OK
2026-05-01 02:06:04,643,0.3191,0.0,0.0,47.52,4.62,0.0,47.79,-7.75,-0.12,0.88,OK
2026-05-01 02:06:04,644,0.3282,0.0,0.0,47.44,4.77,0.0,48.15,-8.44,0.09,1.04,OK
2026-05-01 02:06:04,645,0.3207,0.0,0.0,47.37,4.92,0.0,48.15,-7.72,0.23,1.19,OK
2026-05-01 02:06:04,646,0.2993,0.0196,0.0,47.3,5.05,0.0,47.36,-7.83,-0.0,1.29,OK
2026-05-01 02:06:04,647,0.3168,0.0196,0.0,47.22,5.18,0.0,48.06,-7.19,0.39,1.44,OK
2026-05-01 02:06:04,648,0.3285,0.0,0.0,47.15,5.31,0.0,47.03,-7.12,0.38,1.54,OK
2026-05-01 02:06:04,649,0.3202,0.0192,0.0,47.08,5.45,0.0,48.55,-7.85,0.5,1.71,OK
2026-05-01 02:06:04,650,0.3183,0.0192,0.0,47.0,5.59,0.0,46.53,-7.71,0.48,1.84,OK
2026-05-01 02:06:04,651,0.3184,0.0,0.0,46.93,5.73,0.0,50.94,-7.61,0.6,1.99,OK
2026-05-01 02:06:05,652,0.3142,0.0,0.0,46.86,5.89,0.0,50.52,-6.86,0.67,2.19,OK
2026-05-01 02:06:05,653,0.3182,0.0196,0.0,46.79,6.06,0.0,50.49,-7.41,-0.03,2.39,OK
2026-05-01 02:06:05,654,0.3291,0.0,0.0,46.72,6.24,0.0,51.72,-8.89,0.93,2.57,OK
2026-05-01 02:06:05,655,0.3129,0.0,0.0,46.65,6.4,0.0,51.25,-9.05,0.13,2.69,OK
2026-05-01 02:06:05,656,0.3237,0.0182,0.0,46.58,6.56,0.0,50.78,-8.67,0.65,2.86,OK
2026-05-01 02:06:05,657,0.3243,0.0189,0.0,46.5,6.71,0.0,50.55,-8.83,0.46,2.99,OK
2026-05-01 02:06:05,658,0.324,0.0,0.0,46.43,6.86,0.0,53.48,-6.8,0.56,3.14,OK
2026-05-01 02:06:05,659,0.3273,0.0,0.0,46.36,7.01,0.0,53.52,-7.14,0.82,3.29,OK
2026-05-01 02:06:05,660,0.328,0.0,0.0,46.29,7.18,0.0,52.73,-6.93,0.99,3.49,OK
2026-05-01 02:06:05,661,0.3224,0.0,0.0,46.22,7.36,0.0,51.4,-7.17,1.95,3.7,OK
2026-05-01 02:06:05,662,0.3269,0.0196,0.0,46.15,7.53,0.0,51.96,-7.53,1.15,3.83,OK
2026-05-01 02:06:05,663,0.3371,0.0,0.0,46.08,7.7,0.0,53.51,-9.03,-0.27,4.02,OK
2026-05-01 02:06:05,664,0.3326,0.0185,0.0,46.02,7.87,0.0,54.49,-9.08,0.33,4.18,OK
2026-05-01 02:06:05,665,0.3324,0.0,0.0,45.95,8.04,0.0,54.76,-8.96,0.12,4.35,OK
2026-05-01 02:06:05,666,0.3319,0.0,0.0,45.88,8.2,0.0,53.16,-7.46,-0.04,4.5,OK
2026-05-01 02:06:05,667,0.3396,0.0,0.0,45.81,8.37,0.0,53.09,-7.49,1.34,4.69,OK
2026-05-01 02:06:05,668,0.3231,0.0172,0.0,45.74,8.55,0.0,55.28,-8.22,0.12,4.89,OK
2026-05-01 02:06:05,669,0.3272,0.0,0.0,45.67,8.75,0.0,53.81,-7.56,0.52,5.13,OK
2026-05-01 02:06:05,670,0.331,0.0185,0.0,45.6,8.95,0.0,53.36,-8.89,1.04,5.33,OK
2026-05-01 02:06:05,671,0.3179,0.0185,0.0,45.54,9.12,0.0,53.67,-8.24,0.99,5.43,OK
2026-05-01 02:06:05,672,0.33,0.0,0.0,45.47,9.29,0.0,52.44,-9.72,0.13,5.61,OK
2026-05-01 02:06:05,673,0.325,0.0,0.0,45.4,9.47,0.0,52.09,-9.35,-0.04,5.81,OK
2026-05-01 02:06:05,674,0.312,0.0189,0.0,45.33,9.67,0.0,50.88,-8.48,0.39,6.05,OK
2026-05-01 02:06:05,675,0.3235,0.0,0.0,45.27,9.87,0.0,50.06,-9.39,1.0,6.24,OK
2026-05-01 02:06:05,676,0.3227,0.0192,0.0,45.2,10.08,0.0,50.35,-8.87,-0.63,6.46,OK
2026-05-01 02:06:05,677,0.3184,0.0,0.0,45.13,10.29,0.0,48.33,-9.06,-0.37,6.68,OK
2026-05-01 02:06:05,678,0.3328,0.0,0.0,45.07,10.49,0.0,48.78,-9.12,-0.13,6.85,OK
2026-05-01 02:06:05,679,0.3346,0.0192,0.0,45.0,10.21,0.0,48.05,-9.36,0.67,7.01,OK
2026-05-01 02:06:05,680,0.3343,0.0192,0.0,44.93,9.96,0.0,48.55,-9.02,1.42,7.11,OK
2026-05-01 02:06:06,681,0.3294,0.0,0.0,44.87,9.75,0.0,46.95,-9.55,0.46,7.26,OK
2026-05-01 02:06:06,682,0.3323,0.0,0.0,44.8,9.56,0.0,47.56,-8.85,0.55,7.37,OK
2026-05-01 02:06:06,683,0.3144,0.0,0.0,44.74,9.39,0.0,47.83,-7.69,0.73,7.5,OK
2026-05-01 02:06:06,684,0.3213,0.0,0.0,44.67,9.24,0.0,47.4,-7.53,0.83,7.54,OK
2026-05-01 02:06:06,685,0.321,0.0189,0.0,44.61,9.12,0.0,43.84,-9.31,0.26,7.66,OK
2026-05-01 02:06:06,686,0.3242,0.0192,0.0,44.54,9.0,0.0,45.27,-8.08,0.82,7.72,OK
2026-05-01 02:06:06,687,0.3197,0.0,0.0,44.48,8.91,0.0,47.07,-9.29,0.64,7.87,OK
2026-05-01 02:06:06,688,0.3328,0.0192,0.0,44.41,8.85,0.0,44.22,-9.37,0.81,8.07,OK
2026-05-01 02:06:06,689,0.3288,0.0272,0.0,44.35,8.8,0.0,45.28,-9.66,0.45,8.26,OK
2026-05-01 02:06:06,690,0.3096,0.0,0.0,44.28,8.77,0.0,43.04,-9.24,1.05,8.44,OK
2026-05-01 02:06:06,691,0.326,0.0,0.0,44.22,8.75,0.0,42.6,-9.47,1.2,8.51,OK
2026-05-01 02:06:06,692,0.331,0.0,0.0,44.16,8.74,0.0,45.27,-9.93,1.02,8.66,OK
2026-05-01 02:06:06,693,0.3343,0.0,0.0,44.09,8.74,0.0,45.27,-9.4,1.07,8.73,OK
2026-05-01 02:06:06,694,0.3252,0.0,0.0,44.03,8.79,0.0,44.65,-8.6,0.37,8.87,OK
2026-05-01 02:06:06,695,0.3402,0.0283,0.0,43.97,8.86,0.0,44.89,-9.19,0.06,9.0,OK
2026-05-01 02:06:06,696,0.3245,0.0,0.0,43.9,8.96,0.0,45.41,-9.81,1.44,9.14,OK
2026-05-01 02:06:06,697,0.3291,0.0192,0.0,43.84,9.06,0.0,46.72,-9.82,0.92,9.26,OK
2026-05-01 02:06:06,698,0.3238,0.0204,0.0,43.78,9.16,0.0,43.9,-9.72,-0.3,9.34,OK
2026-05-01 02:06:06,699,0.3219,0.0196,0.0,43.71,9.28,0.0,42.73,-11.25,0.12,9.49,OK
2026-05-01 02:06:06,700,0.329,0.0,0.0,43.65,9.39,0.0,42.23,-10.72,0.53,9.59,OK
2026-05-01 02:06:06,701,0.3301,0.0,0.0,43.59,9.49,0.0,41.37,-9.8,2.37,9.69,OK
2026-05-01 02:06:06,702,0.333,0.0,0.0,43.53,9.59,0.0,41.76,-10.58,1.61,9.77,OK
2026-05-01 02:06:06,703,0.2653,0.0,0.0,43.47,9.67,0.0,36.78,-10.56,1.76,9.83,OK
2026-05-01 02:06:06,704,0.2689,0.0,0.0,43.4,9.74,0.0,35.1,-10.98,2.23,9.87,OK
2026-05-01 02:06:06,705,0.2937,0.0212,0.0,43.34,9.8,0.0,31.36,-11.89,2.49,9.9,OK
2026-05-01 02:06:06,706,0.3118,0.0,0.0,43.28,9.84,0.0,24.36,-12.63,2.8,9.93,OK
2026-05-01 02:06:06,707,0.3026,0.0232,0.0,43.22,9.88,0.0,25.39,-11.61,2.59,9.95,OK
2026-05-01 02:06:06,708,0.2913,0.0,0.0,43.16,9.91,0.0,23.01,-9.97,5.04,9.96,OK
2026-05-01 02:06:06,709,0.2861,0.0,0.0,43.1,9.93,0.0,23.89,-10.5,4.97,9.97,OK
2026-05-01 02:06:06,710,0.2828,0.0,0.0,43.04,9.95,0.0,16.1,-8.45,6.68,9.98,OK
2026-05-01 02:06:07,711,0.2917,0.0212,0.0,42.98,9.96,0.0,17.21,-8.35,6.12,9.98,OK
2026-05-01 02:06:07,712,0.2685,0.0211,0.0,42.92,9.97,0.0,13.77,-8.2,6.89,9.99,OK
2026-05-01 02:06:07,713,0.283,0.0298,0.0,42.86,9.98,0.0,13.11,-5.14,7.63,9.99,OK
2026-05-01 02:06:07,714,0.2835,0.0211,0.0,42.8,9.98,0.0,-0.53,2.6,7.49,9.99,OK
2026-05-01 02:06:07,715,0.276,0.0203,0.0,42.74,9.99,0.0,9.31,-7.53,7.43,9.99,OK
2026-05-01 02:06:07,716,0.2718,0.0203,0.0,42.68,9.98,0.0,7.33,-9.29,7.1,9.97,OK
2026-05-01 02:06:07,717,0.2711,0.0207,0.0,42.62,9.98,0.0,9.85,-4.43,6.36,9.92,OK
2026-05-01 02:06:07,718,0.285,0.0207,0.0,42.56,9.97,0.0,10.26,-3.61,7.01,9.81,OK
2026-05-01 02:06:07,719,0.2485,0.0198,0.0,42.5,9.95,0.0,10.44,-0.27,7.26,9.7,OK
2026-05-01 02:06:07,720,0.2509,0.0198,0.0,42.44,9.91,0.0,11.44,-0.07,8.05,9.54,OK
2026-05-01 02:06:07,721,0.292,0.0195,0.0,42.38,9.87,0.0,11.22,7.0,8.46,9.39,OK
2026-05-01 02:06:07,722,0.2931,0.0198,0.0,42.32,9.82,0.0,11.77,4.45,8.16,9.2,OK
2026-05-01 02:06:07,723,0.3186,0.0,0.0,42.27,9.75,0.0,10.79,10.66,9.01,9.02,OK
2026-05-01 02:06:07,724,0.2881,0.0199,0.0,42.21,9.68,0.0,10.2,11.55,8.22,8.84,OK
2026-05-01 02:06:07,725,0.3032,0.0,0.0,42.15,9.6,0.0,9.66,11.5,8.24,8.64,OK
2026-05-01 02:06:07,726,0.3071,0.0,0.0,42.09,9.5,0.0,6.66,15.44,7.9,8.44,OK
2026-05-01 02:06:07,727,0.3073,0.0199,0.0,42.03,9.4,0.0,7.34,15.2,8.22,8.22,OK
2026-05-01 02:06:07,728,0.2889,0.0195,0.0,41.98,9.29,0.0,8.9,14.37,8.14,8.0,OK
2026-05-01 02:06:07,729,0.2967,0.0,0.0,41.92,9.16,0.0,8.73,14.87,7.75,7.72,OK
2026-05-01 02:06:07,730,0.3219,0.0195,0.0,41.86,9.03,0.0,7.09,15.37,7.49,7.47,OK
2026-05-01 02:06:07,731,0.3244,0.0195,0.0,41.8,8.88,0.0,6.75,16.61,7.58,7.19,OK
2026-05-01 02:06:07,732,0.3207,0.0,0.0,41.75,8.72,0.0,7.77,16.42,7.76,6.92,OK
2026-05-01 02:06:07,733,0.3207,0.0,0.0,41.69,8.56,0.0,7.77,16.42,7.76,6.64,OK
2026-05-01 02:06:07,734,0.3168,0.0,0.0,41.63,8.38,0.0,7.96,15.91,7.77,6.36,OK
2026-05-01 02:06:07,735,0.311,0.0,0.0,41.58,8.2,0.0,8.22,15.13,7.59,6.06,OK
2026-05-01 02:06:07,736,0.3055,0.0,0.0,41.52,8.0,0.0,-2.88,17.79,4.88,5.75,OK
2026-05-01 02:06:07,737,0.2873,0.0,0.0,41.46,7.8,0.0,6.05,16.88,8.03,5.47,OK
2026-05-01 02:06:07,738,0.3092,0.0287,0.0,41.41,7.59,0.0,6.24,17.48,8.13,5.16,OK
2026-05-01 02:06:07,739,0.3184,0.0,0.0,41.35,7.37,0.0,6.58,15.91,7.75,4.87,OK
2026-05-01 02:06:07,740,0.3103,0.0207,0.0,41.3,7.14,0.0,5.9,17.38,7.73,4.56,OK
2026-05-01 02:06:07,741,0.3006,0.0212,0.0,41.24,6.91,0.0,4.98,18.45,7.47,4.26,OK
2026-05-01 02:06:08,742,0.311,0.0,0.0,41.18,6.68,0.0,4.43,17.47,7.0,3.96,OK
2026-05-01 02:06:08,743,0.3183,0.0,0.0,41.13,6.44,0.0,-3.54,20.34,4.17,3.66,OK
2026-05-01 02:06:08,744,0.3135,0.0208,0.0,41.07,6.19,0.0,3.22,19.58,6.37,3.38,OK
2026-05-01 02:06:08,745,0.3091,0.0208,0.0,41.02,5.95,0.0,2.22,18.83,6.28,3.11,OK
2026-05-01 02:06:08,746,0.3124,0.0212,0.0,40.96,5.7,0.0,3.48,21.35,6.56,2.86,OK
2026-05-01 02:06:08,747,0.3143,0.0212,0.0,40.91,5.45,0.0,2.83,21.2,6.4,2.63,OK
2026-05-01 02:06:08,748,0.3086,0.0231,0.0,40.85,5.21,0.0,-3.21,21.75,3.8,2.42,OK
2026-05-01 02:06:08,749,0.2935,0.0,0.0,40.8,4.97,0.0,-5.49,22.31,3.85,2.23,OK
2026-05-01 02:06:08,750,0.3058,0.0216,0.0,40.75,4.74,0.0,3.34,22.01,6.93,2.05,OK
2026-05-01 02:06:08,751,0.2901,0.0,0.0,40.69,4.51,0.0,2.63,20.39,7.24,1.89,OK
2026-05-01 02:06:08,752,0.3011,0.0,0.0,40.64,4.29,0.0,2.05,21.58,7.37,1.73,OK
2026-05-01 02:06:08,753,0.3074,0.0,0.0,40.58,4.07,0.0,-3.78,23.55,4.37,1.6,OK
2026-05-01 02:06:08,754,0.3152,0.0306,0.0,40.53,3.86,0.0,-4.52,23.6,3.37,1.47,OK
2026-05-01 02:06:08,755,0.3078,0.0212,0.0,40.48,3.66,0.0,-4.12,22.63,3.83,1.35,OK
2026-05-01 02:06:08,756,0.3093,0.0212,0.0,40.42,3.47,0.0,4.16,19.67,6.61,1.24,OK
2026-05-01 02:06:08,757,0.2917,0.0406,0.0,40.37,3.28,0.0,4.53,21.02,6.51,1.14,OK
2026-05-01 02:06:08,758,0.2917,0.0203,0.0,40.32,3.11,0.0,4.42,22.33,6.67,1.05,OK
2026-05-01 02:06:08,759,0.2867,0.0306,0.0,40.26,2.93,0.0,7.07,18.98,6.99,0.97,OK
2026-05-01 02:06:08,760,0.2373,0.0207,0.0,40.21,2.77,0.0,8.03,17.67,7.46,0.89,OK
2026-05-01 02:06:08,761,0.2121,0.0,0.0,40.16,2.78,0.033,-5.02,19.32,3.31,0.82,OK
2026-05-01 02:06:08,762,0.22,0.0199,0.0,40.1,2.62,0.0,6.7,13.48,7.73,0.75,OK
2026-05-01 02:06:08,763,0.2021,0.0199,0.0,40.05,3.28,0.033,-5.7,18.0,4.49,0.69,OK
2026-05-01 02:06:08,764,0.2536,0.0,0.0,40.0,3.07,0.0,-2.92,14.83,5.18,0.64,OK
2026-05-01 02:06:08,765,0.2534,0.0199,0.0,39.95,2.87,0.0,8.82,8.53,7.41,0.59,OK
2026-05-01 02:06:08,766,0.2336,0.0191,0.0,39.9,2.68,0.0,15.46,3.81,7.69,0.54,OK
2026-05-01 02:06:08,767,0.2336,0.0195,0.0,39.84,2.51,0.0,12.65,5.96,7.39,0.5,OK
2026-05-01 02:06:08,768,0.2202,0.0368,0.0,39.79,2.35,0.0,17.15,3.09,7.23,0.46,OK
2026-05-01 02:06:08,769,0.2305,0.0184,0.0,39.74,2.19,0.0,17.49,4.45,7.54,0.42,OK
2026-05-01 02:06:08,770,0.2303,0.0383,0.0,39.69,2.05,0.0,4.03,10.46,4.45,0.39,OK
2026-05-01 02:06:08,771,0.2542,0.0383,0.0,39.64,1.91,0.0,20.1,2.07,6.12,0.36,OK
2026-05-01 02:06:09,772,0.2268,0.0188,0.0,39.59,1.79,0.0,25.47,-1.56,5.44,0.33,OK
2026-05-01 02:06:09,773,0.2309,0.0184,0.0,39.53,1.67,0.0,26.2,-2.78,5.65,0.3,OK
2026-05-01 02:06:09,774,0.2329,0.0184,0.0,39.48,1.56,0.0,27.41,-2.4,5.75,0.28,OK
2026-05-01 02:06:09,775,0.244,0.0187,0.0,39.43,1.45,0.0,24.91,-2.86,6.44,0.25,OK
2026-05-01 02:06:09,776,0.2355,0.0191,0.0,39.38,1.35,0.0,27.23,-2.92,6.68,0.23,OK
2026-05-01 02:06:09,777,0.2294,0.0191,0.0,39.33,1.26,0.0,26.18,-4.43,6.43,0.22,OK
2026-05-01 02:06:09,778,0.2367,0.0191,0.0,39.28,1.18,0.0,25.87,-4.57,6.58,0.2,OK
2026-05-01 02:06:09,779,0.2194,0.0187,0.0,39.23,1.1,0.0,26.84,-3.42,7.28,0.18,OK
2026-05-01 02:06:09,780,0.2314,0.0187,0.0,39.18,1.02,0.0,26.91,-3.04,7.17,0.17,OK
2026-05-01 02:06:09,781,0.2435,0.0187,0.0,39.13,0.95,0.0,27.96,-3.0,7.1,0.15,OK
2026-05-01 02:06:09,782,0.2324,0.0368,0.0,39.08,0.89,0.0,27.32,-2.73,7.29,0.14,OK
2026-05-01 02:06:09,783,0.2439,0.0374,0.0,39.03,0.83,0.0,26.38,-3.03,6.77,0.13,OK
2026-05-01 02:06:09,784,0.2699,0.0361,0.0,38.98,0.77,0.0,26.57,-1.52,7.62,0.12,OK
2026-05-01 02:06:09,785,0.2742,0.0411,0.0,38.93,0.72,0.0,27.29,-0.68,7.68,0.11,OK
2026-05-01 02:06:09,786,0.2456,0.057,0.0,38.88,0.67,0.0,28.08,-2.12,7.55,0.1,OK
2026-05-01 02:06:09,787,0.2777,0.0354,0.0,38.83,0.62,0.0,26.91,-2.35,7.69,0.09,OK
2026-05-01 02:06:09,788,0.2311,0.0886,0.0,38.78,0.58,0.0,9.73,10.6,7.27,0.09,OK
2026-05-01 02:06:09,789,0.2478,0.1078,0.0,38.73,0.54,0.0,27.95,0.58,8.52,0.08,OK
2026-05-01 02:06:09,790,0.2583,0.1253,0.0,38.69,0.5,0.0,27.67,1.24,8.51,0.07,OK
2026-05-01 02:06:09,791,0.2508,0.1401,0.0,38.64,0.47,0.0,27.82,2.92,9.28,0.07,OK
2026-05-01 02:06:09,792,0.2483,0.1547,0.0,38.59,0.44,0.0,26.0,3.53,9.08,0.06,OK
2026-05-01 02:06:09,793,0.2524,0.1601,0.0,38.54,0.41,0.0,22.76,5.87,10.07,0.06,OK
2026-05-01 02:06:09,794,0.2559,0.1451,0.0,38.49,0.38,0.0,3.64,17.31,6.82,0.05,OK
2026-05-01 02:06:09,795,0.2631,0.1228,0.0,38.44,0.35,0.0,20.89,6.84,10.44,0.05,OK
2026-05-01 02:06:09,796,0.2734,0.175,0.0,38.39,0.33,0.0,20.6,8.8,9.65,0.04,OK
2026-05-01 02:06:09,797,0.2916,0.1601,0.0,38.35,0.3,0.0,4.3,19.01,6.08,0.04,OK
2026-05-01 02:06:09,798,0.2842,0.1813,0.0,38.3,0.28,0.0,0.94,18.83,6.58,0.04,OK
2026-05-01 02:06:09,799,0.2786,0.1846,0.0,38.25,0.26,0.0,0.35,18.86,6.22,0.03,OK
2026-05-01 02:06:09,800,0.2751,0.1601,0.0,38.2,0.24,0.0,-0.32,19.51,6.85,0.03,OK
2026-05-01 02:06:09,801,0.2512,0.1429,0.0,38.15,0.23,0.0,-0.44,19.12,6.79,0.03,OK
2026-05-01 02:06:10,802,0.2558,0.1504,0.0,38.11,0.21,0.0,-1.2,19.87,7.17,0.03,OK
2026-05-01 02:06:10,803,0.2571,0.1537,0.0,38.06,0.2,0.0,-2.17,19.1,6.72,0.02,OK
2026-05-01 02:06:10,804,0.26,0.0777,0.0,38.01,0.18,0.0,-3.52,18.03,7.7,0.02,OK
2026-05-01 02:06:10,805,0.2488,0.0987,0.0,37.97,0.17,0.0,-5.43,18.31,7.5,0.02,OK
2026-05-01 02:06:10,806,0.2726,0.101,0.0,37.92,0.16,0.0,-2.75,18.85,7.98,0.02,OK
2026-05-01 02:06:10,807,0.2594,0.101,0.0,37.87,0.15,0.0,-3.9,18.6,7.79,0.02,OK
2026-05-01 02:06:10,808,0.2725,0.0631,0.0,37.82,0.14,0.0,-5.41,17.61,8.4,0.02,OK
2026-05-01 02:06:10,809,0.2694,0.083,0.0,37.78,0.13,0.0,-8.41,16.47,8.3,0.01,OK
2026-05-01 02:06:10,810,0.2728,0.079,0.0,37.73,0.12,0.0,-8.66,16.25,8.42,0.01,OK
2026-05-01 02:06:10,811,0.2758,0.0625,0.0,37.68,0.11,0.0,-5.9,18.1,8.65,0.01,OK
2026-05-01 02:06:10,812,0.259,0.0625,0.0,37.64,0.1,0.0,-4.06,17.81,8.43,0.01,OK
2026-05-01 02:06:10,813,0.28,0.0606,0.0,37.59,0.09,0.0,-7.42,17.92,6.54,0.01,OK
2026-05-01 02:06:10,814,0.2804,0.0396,0.0,37.55,0.09,0.0,-7.74,16.55,6.86,0.01,OK
2026-05-01 02:06:10,815,0.2603,0.2105,0.0,37.5,0.08,0.0,-6.44,19.64,6.26,0.01,OK
2026-05-01 02:06:10,816,0.2547,0.188,0.0,37.45,0.07,0.0,-6.42,20.17,5.91,0.01,OK
2026-05-01 02:06:10,817,0.2746,0.2189,0.0,37.41,0.07,0.0,-5.77,18.77,6.18,0.01,OK
2026-05-01 02:06:10,818,0.2659,0.2206,0.0,37.36,0.06,0.0,-6.45,18.69,6.28,0.01,OK
2026-05-01 02:06:10,819,0.2518,0.2151,0.0,37.32,0.06,0.0,-5.84,18.11,6.75,0.01,OK
2026-05-01 02:06:10,820,0.2613,0.1625,0.0,37.27,0.06,0.0,-6.17,19.02,7.53,0.01,OK
2026-05-01 02:06:10,821,0.2557,0.1601,0.0,37.23,0.05,0.0,-6.29,18.54,7.77,0.01,OK
2026-05-01 02:06:10,822,0.2555,0.1597,0.0,37.18,0.05,0.0,-6.21,17.28,8.3,0.01,OK
2026-05-01 02:06:10,823,0.2566,0.1654,0.0,37.14,0.04,0.0,-7.38,17.04,8.04,0.0,OK
2026-05-01 02:06:10,824,0.2572,0.1504,0.0,37.09,0.04,0.0,-6.05,18.24,7.05,0.0,OK
2026-05-01 02:06:10,825,0.2572,0.1319,0.0,37.05,0.04,0.0,-6.05,18.24,7.05,0.0,OK
2026-05-01 02:06:10,826,0.2489,0.1159,0.0,37.0,0.04,0.0,-5.02,17.6,7.18,0.0,OK
2026-05-01 02:06:10,827,0.2627,0.1171,0.0,36.96,0.03,0.0,-4.05,16.87,5.16,0.0,OK
2026-05-01 02:06:10,828,0.2717,0.1015,0.0,36.91,0.03,0.0,-4.33,16.57,5.64,0.0,OK
2026-05-01 02:06:10,829,0.2569,0.0991,0.0,36.87,0.03,0.0,-7.76,16.45,5.77,0.0,OK
2026-05-01 02:06:10,830,0.2455,0.1374,0.0,36.82,0.03,0.0,-6.22,16.82,6.21,0.0,OK
2026-05-01 02:06:11,831,0.2807,0.085,0.0,36.78,0.02,0.0,-4.25,17.37,7.76,0.0,OK
2026-05-01 02:06:11,832,0.2671,0.1027,0.0,36.73,0.02,0.0,-4.48,17.18,7.65,0.0,OK
2026-05-01 02:06:11,833,0.2759,0.1128,0.0,36.69,0.02,0.0,-3.03,18.0,9.86,0.0,OK
2026-05-01 02:06:11,834,0.2757,0.0928,0.0,36.65,0.02,0.0,-4.52,14.75,8.97,0.0,OK
2026-05-01 02:06:11,835,0.2768,0.1111,0.0,36.6,0.02,0.0,-5.53,15.05,9.09,0.0,OK
2026-05-01 02:06:11,836,0.2572,0.09,0.0,36.56,0.02,0.0,-5.8,15.92,7.19,0.0,OK
2026-05-01 02:06:11,837,0.2649,0.0884,0.0,36.52,0.02,0.0,-5.0,15.02,7.69,0.0,OK
2026-05-01 02:06:11,838,0.2555,0.0886,0.0,36.47,0.01,0.0,-5.02,14.51,5.59,0.0,OK
2026-05-01 02:06:11,839,0.2529,0.0904,0.0,36.43,0.01,0.0,-4.89,15.42,5.77,0.0,OK
2026-05-01 02:06:11,840,0.2582,0.0534,0.0,36.39,0.01,0.0,-3.87,13.39,4.49,0.0,OK
2026-05-01 02:06:11,841,0.2597,0.0534,0.0,36.34,0.01,0.0,-2.58,13.29,5.07,0.0,OK
2026-05-01 02:06:11,842,0.2879,0.0857,0.0,36.3,0.01,0.0,14.34,7.2,7.34,0.0,OK
2026-05-01 02:06:11,843,0.2576,0.0843,0.0,36.26,0.01,0.0,17.32,5.51,7.93,0.0,OK
2026-05-01 02:06:11,844,0.2612,0.0676,0.0,36.21,0.01,0.0,18.19,4.86,7.51,0.0,OK
2026-05-01 02:06:11,845,0.2609,0.0842,0.0,36.17,0.01,0.0,17.33,3.92,7.93,0.0,OK
2026-05-01 02:06:11,846,0.2655,0.0685,0.0,36.13,0.01,0.0,16.64,4.28,8.03,0.0,OK
2026-05-01 02:06:11,847,0.2652,0.0242,0.0,36.08,0.01,0.0,17.56,2.63,8.52,0.0,OK
2026-05-01 02:06:11,848,0.2768,0.0174,0.0,36.04,0.01,0.0,16.9,3.25,8.54,0.0,OK
2026-05-01 02:06:11,849,0.2579,0.0348,0.0,36.0,0.01,0.0,16.31,3.07,8.61,0.0,OK
2026-05-01 02:06:11,850,0.2678,0.0171,0.0,35.96,0.01,0.0,16.49,3.25,8.84,0.0,OK
2026-05-01 02:06:11,851,0.2585,0.0168,0.0,35.92,0.01,0.0,21.33,3.05,9.26,0.0,OK
2026-05-01 02:06:11,852,0.2723,0.0171,0.0,35.87,0.0,0.0,18.56,4.19,8.9,0.0,OK
2026-05-01 02:06:11,853,0.2756,0.0168,0.0,35.83,0.0,0.0,19.27,2.94,8.43,0.0,OK
2026-05-01 02:06:11,854,0.2531,0.0336,0.0,35.79,0.0,0.0,21.64,3.0,8.79,0.0,OK
2026-05-01 02:06:11,855,0.2753,0.0174,0.0,35.75,0.0,0.0,18.9,3.31,7.44,0.0,OK
2026-05-01 02:06:11,856,0.27,0.0171,0.0,35.71,0.0,0.0,21.09,4.69,8.48,0.0,OK
2026-05-01 02:06:11,857,0.2714,0.0171,0.0,35.66,0.0,0.0,17.74,4.7,8.17,0.0,OK
2026-05-01 02:06:11,858,0.2728,0.0174,0.0,35.62,0.0,0.0,18.59,1.63,8.63,0.0,OK
2026-05-01 02:06:11,859,0.2829,0.0174,0.0,35.58,0.0,0.0,18.84,1.75,8.64,0.0,OK
2026-05-01 02:06:11,860,0.2821,0.0177,0.0,35.54,0.0,0.0,15.29,3.35,9.56,0.0,OK
2026-05-01 02:06:12,861,0.2744,0.0174,0.0,35.5,0.0,0.0,16.8,3.14,9.99,0.0,OK
2026-05-01 02:06:12,862,0.2531,0.017,0.0,35.46,0.0,0.0,22.39,3.83,11.06,0.0,OK
2026-05-01 02:06:12,863,0.2523,0.0173,0.0,35.42,0.0,0.0,18.49,3.72,10.37,0.0,OK
2026-05-01 02:06:12,864,0.2451,0.017,0.0,35.38,0.0,0.0,17.34,3.93,10.49,0.0,OK
2026-05-01 02:06:12,865,0.2393,0.0354,0.0,35.33,0.0,0.0,17.66,5.03,8.23,0.0,OK
2026-05-01 02:06:12,866,0.2373,0.0342,0.0,35.29,0.0,0.0,19.62,3.71,8.49,0.0,OK
2026-05-01 02:06:12,867,0.2508,0.0515,0.0,35.25,0.0,0.0,20.74,4.27,7.2,0.0,OK
2026-05-01 02:06:12,868,0.2579,0.0343,0.0,35.21,0.0,0.0,18.83,4.28,6.88,0.0,OK
2026-05-01 02:06:12,869,0.2809,0.0175,0.0,35.17,0.0,0.0,18.94,4.37,6.7,0.0,OK
2026-05-01 02:06:12,870,0.2658,0.0247,0.0,35.13,0.0,0.0,19.62,4.38,7.02,0.0,OK
2026-05-01 02:06:12,871,0.2888,0.0343,0.0,35.09,0.0,0.0,19.41,2.69,6.98,0.0,OK
2026-05-01 02:06:12,872,0.2857,0.0552,0.0,35.05,0.0,0.0,19.48,2.27,7.87,0.0,OK
2026-05-01 02:06:12,873,0.2912,0.056,0.0,35.01,0.0,0.0,17.52,2.86,8.08,0.0,OK
2026-05-01 02:06:12,874,0.2613,0.0514,0.0,34.97,0.0,0.0,19.87,1.8,7.97,0.0,OK
2026-05-01 02:06:12,875,0.2832,0.0514,0.0,34.93,0.0,0.0,19.54,2.01,8.17,0.0,OK
2026-05-01 02:06:12,876,0.2641,0.0533,0.0,34.89,0.0,0.0,17.02,4.52,8.39,0.0,OK
2026-05-01 02:06:12,877,0.2614,0.0354,0.0,34.85,0.0,0.0,17.63,4.95,8.42,0.0,OK
2026-05-01 02:06:12,878,0.2377,0.0505,0.0,34.81,0.0,0.0,22.12,3.08,8.25,0.0,OK
2026-05-01 02:06:12,879,0.2598,0.0505,0.0,34.77,0.0,0.0,21.63,3.13,8.42,0.0,OK
2026-05-01 02:06:12,880,0.2274,0.0376,0.0,34.73,0.0,0.0,21.39,1.36,8.19,0.0,OK
2026-05-01 02:06:12,881,0.1881,0.0523,0.0,34.69,2.23,0.033,19.61,2.72,7.94,0.0,OK
2026-05-01 02:06:12,882,0.1886,0.0355,0.0,34.65,3.89,0.067,19.71,2.34,7.96,0.0,OK
2026-05-01 02:06:12,883,0.1702,0.0336,0.0,34.62,6.4,0.1,21.09,-0.15,9.17,0.0,OK
2026-05-01 02:06:12,884,0.1631,0.0342,0.0,34.58,8.72,0.133,19.84,-0.09,9.02,0.0,OK
2026-05-01 02:06:12,885,0.1294,0.0171,0.0,34.54,12.63,0.167,-6.35,9.25,6.75,0.0,OK
2026-05-01 02:06:12,886,0.1311,0.0,0.0,34.5,15.31,0.2,19.32,-1.98,8.4,0.0,OK
2026-05-01 02:06:12,887,0.1534,0.0259,0.0467,34.46,15.86,0.233,-8.5,7.73,8.28,0.0,OK
2026-05-01 02:06:12,888,0.1778,0.018,0.0533,34.42,15.65,0.267,-6.65,7.64,8.34,0.0,OK
2026-05-01 02:06:12,889,0.2013,0.0186,0.06,34.38,15.16,0.3,-7.41,5.64,9.5,0.0,OK
2026-05-01 02:06:12,890,0.1824,0.0183,0.0667,34.34,15.04,0.333,-4.38,5.71,9.11,0.0,OK
2026-05-01 02:06:13,891,0.1949,0.0364,0.0733,34.3,14.81,0.367,-3.74,5.79,9.55,0.0,OK
2026-05-01 02:06:13,892,0.2093,0.1397,0.08,34.27,14.44,0.4,-7.39,4.9,8.23,0.0,OK
2026-05-01 02:06:13,893,0.1981,0.1629,0.0867,34.23,14.32,0.433,-7.96,4.75,8.67,0.0,OK
2026-05-01 02:06:13,894,0.2002,0.1835,0.0933,34.19,14.24,0.467,-4.62,6.76,7.94,0.0,OK
2026-05-01 02:06:13,895,0.1925,0.1835,0.1,34.15,14.63,0.5,-4.72,5.97,8.23,0.0,OK
2026-05-01 02:06:13,896,0.1914,0.1253,0.1067,34.11,15.44,0.533,-6.39,4.98,7.12,0.0,OK
2026-05-01 02:06:13,897,0.2089,0.1777,0.1133,34.08,15.42,0.567,-7.37,5.87,7.08,0.0,OK
2026-05-01 02:06:13,898,0.2488,0.1263,0.1133,36.04,14.29,0.0,-4.99,4.65,6.59,0.0,OK
2026-05-01 02:06:13,899,0.2452,0.1299,0.1133,36.0,13.25,0.0,-4.89,5.05,6.77,0.0,OK
2026-05-01 02:06:13,900,0.2067,0.1146,0.1133,35.96,12.54,0.033,-4.97,7.35,5.81,0.0,OK
2026-05-01 02:06:13,901,0.268,0.039,0.1133,35.92,11.64,0.0,-8.61,6.39,6.35,0.0,OK
2026-05-01 02:06:13,902,0.2839,0.0596,0.1133,35.88,10.82,0.0,-5.84,8.58,6.04,0.0,OK
2026-05-01 02:06:13,903,0.2596,0.0398,0.1133,35.84,10.06,0.0,-6.87,8.94,5.33,0.0,OK
2026-05-01 02:06:13,904,0.2736,0.0628,0.1133,35.8,9.36,0.0,-7.32,10.41,5.74,0.0,OK
2026-05-01 02:06:13,905,0.2627,0.0814,0.1133,35.76,8.72,0.0,-5.16,10.81,4.7,0.0,OK
2026-05-01 02:06:13,906,0.2642,0.0806,0.1133,35.72,8.13,0.0,-5.24,12.16,4.72,0.0,OK
2026-05-01 02:06:13,907,0.2738,0.1368,0.1133,35.68,7.58,0.0,-6.4,11.64,4.4,0.0,OK
2026-05-01 02:06:13,908,0.2638,0.1888,0.1133,35.64,7.08,0.0,-9.85,12.79,3.95,0.0,OK
2026-05-01 02:06:13,909,0.263,0.1759,0.1133,35.6,6.62,0.0,-9.42,15.6,3.58,0.0,OK
2026-05-01 02:06:13,910,0.2556,0.207,0.1133,35.57,6.2,0.0,-12.98,14.23,3.21,0.0,OK
2026-05-01 02:06:13,911,0.2523,0.2266,0.1133,35.53,5.81,0.0,-12.52,15.04,2.91,0.0,OK
2026-05-01 02:06:13,912,0.2652,0.2114,0.1133,35.49,5.45,0.0,-15.88,13.83,3.5,0.0,OK
2026-05-01 02:06:13,913,0.2597,0.2404,0.1133,35.45,5.12,0.0,-15.65,14.24,3.66,0.0,OK
2026-05-01 02:06:13,914,0.2486,0.1759,0.1133,35.41,4.82,0.0,-18.13,13.56,3.22,0.0,OK
2026-05-01 02:06:13,915,0.25,0.1583,0.1133,35.37,4.54,0.0,-15.87,14.94,2.96,0.0,OK
2026-05-01 02:06:13,916,0.2342,0.1268,0.1133,35.33,4.28,0.0,-19.0,13.25,3.3,0.0,OK
2026-05-01 02:06:13,917,0.2399,0.1462,0.1133,35.29,4.05,0.0,-17.46,14.64,2.63,0.0,OK
2026-05-01 02:06:13,918,0.2535,0.1477,0.1133,35.26,3.83,0.0,-17.42,15.04,2.66,0.0,OK
2026-05-01 02:06:13,919,0.2307,0.1564,0.1133,35.22,3.63,0.0,-17.38,14.6,2.29,0.0,OK
2026-05-01 02:06:13,920,0.2295,0.1917,0.1133,35.18,3.45,0.0,-17.19,15.66,1.99,0.0,OK
2026-05-01 02:06:14,921,0.2479,0.106,0.1133,35.14,3.28,0.0,-16.53,14.76,1.25,0.0,OK
2026-05-01 02:06:14,922,0.2459,0.0783,0.1133,35.1,3.12,0.0,-16.43,15.31,1.24,0.0,OK
2026-05-01 02:06:14,923,0.2167,0.0624,0.1133,35.06,3.07,0.033,-18.69,15.12,0.34,0.0,OK
2026-05-01 02:06:14,924,0.2295,0.0624,0.1133,35.03,2.93,0.0,-17.57,15.07,0.95,0.0,OK
2026-05-01 02:06:14,925,0.2198,0.0833,0.1133,34.99,2.81,0.0,-19.08,16.06,-1.67,0.0,OK
2026-05-01 02:06:14,926,0.2166,0.0833,0.1133,34.95,2.78,0.033,-18.63,15.83,-1.38,0.0,OK
2026-05-01 02:06:14,927,0.18,0.1277,0.1133,34.91,5.27,0.067,-18.49,15.59,-2.44,0.0,OK
2026-05-01 02:06:14,928,0.2635,0.1571,0.1133,36.81,4.96,0.0,-17.33,14.55,-2.85,0.0,OK
2026-05-01 02:06:14,929,0.2557,0.1556,0.1133,36.77,4.67,0.0,-16.83,13.67,-2.49,0.0,OK
2026-05-01 02:06:14,930,0.2603,0.1277,0.1133,36.73,4.4,0.0,-15.96,13.5,-2.35,0.0,OK
2026-05-01 02:06:14,931,0.2372,0.1489,0.1133,36.7,4.15,0.0,-16.12,11.61,-1.58,0.0,OK
2026-05-01 02:06:14,932,0.2585,0.0833,0.1133,36.66,3.93,0.0,-16.68,12.96,-1.14,0.0,OK
2026-05-01 02:06:14,933,0.2381,0.1042,0.1133,36.62,3.72,0.0,-17.46,13.96,-1.62,0.0,OK
2026-05-01 02:06:14,934,0.1564,0.0625,0.1133,36.58,7.14,0.033,-17.99,9.95,-0.12,0.0,OK
2026-05-01 02:06:14,935,0.15,0.0612,0.1133,36.54,10.02,0.067,-18.06,8.77,0.04,0.0,OK
2026-05-01 02:06:14,936,0.1826,0.0936,0.1133,36.5,10.06,0.1,-16.66,9.41,1.68,0.0,OK
2026-05-01 02:06:14,937,0.1898,0.0652,0.1133,36.46,10.01,0.133,-17.32,9.35,1.6,0.0,OK
2026-05-01 02:06:14,938,0.1768,0.0866,0.1133,36.42,10.9,0.167,-18.06,7.37,3.84,0.0,OK
2026-05-01 02:06:14,939,0.1844,0.0664,0.1133,36.38,11.25,0.2,-17.3,3.28,5.26,0.0,OK
2026-05-01 02:06:14,940,0.187,0.0868,0.16,36.34,13.18,0.233,-17.8,4.71,4.84,0.0,OK
2026-05-01 02:06:14,941,0.168,0.0635,0.1667,36.31,16.13,0.267,-15.86,2.95,6.43,0.0,OK
2026-05-01 02:06:14,942,0.1842,0.0414,0.1733,36.27,17.49,0.3,-15.88,2.68,6.19,0.0,OK
2026-05-01 02:06:14,943,0.1524,0.0389,0.18,36.23,20.88,0.333,-16.45,2.52,7.33,0.0,OK
2026-05-01 02:06:14,944,0.1672,0.0199,0.1867,36.19,22.63,0.367,-15.26,2.16,7.04,0.0,OK
2026-05-01 02:06:14,945,0.1564,0.0415,0.1933,36.15,24.92,0.4,-14.01,2.03,5.34,0.0,OK
2026-05-01 02:06:14,946,0.2044,0.0203,0.2,36.11,24.68,0.433,-11.9,1.71,6.46,0.0,OK
2026-05-01 02:06:14,947,0.2014,0.0203,0.2067,36.08,24.6,0.467,-10.72,1.04,6.67,0.0,OK
2026-05-01 02:06:14,948,0.1759,0.0416,0.2133,36.04,26.4,0.5,-9.91,0.22,4.91,0.0,OK
2026-05-01 02:06:14,949,0.2206,0.0407,0.2133,37.89,25.19,0.0,-9.42,1.81,5.65,0.0,OK
2026-05-01 02:06:14,950,0.2002,0.0812,0.2133,37.85,24.42,0.033,-10.76,1.39,5.96,0.0,OK
2026-05-01 02:06:15,951,0.1955,0.0597,0.2133,37.82,23.83,0.067,-11.4,1.54,5.95,0.0,OK
2026-05-01 02:06:15,952,0.2459,0.0399,0.2133,39.66,22.83,0.0,-9.02,1.74,5.5,0.0,OK
2026-05-01 02:06:15,953,0.2526,0.0605,0.2133,39.62,21.91,0.0,-5.78,2.66,5.83,0.0,OK
2026-05-01 02:06:15,954,0.2614,0.0585,0.2133,39.58,21.06,0.0,-5.77,2.54,5.82,0.0,OK
2026-05-01 02:06:15,955,0.2742,0.0383,0.2133,39.54,20.29,0.0,-7.52,1.06,5.96,0.0,OK
2026-05-01 02:06:15,956,0.2791,0.0383,0.2133,39.5,19.57,0.0,-5.45,1.45,5.81,0.0,OK
2026-05-01 02:06:15,957,0.2925,0.0389,0.2133,39.46,18.91,0.0,-4.96,2.0,6.22,0.0,OK
2026-05-01 02:06:15,958,0.2884,0.0585,0.2133,39.42,18.3,0.0,-4.9,2.28,6.12,0.0,OK
2026-05-01 02:06:15,959,0.2769,0.0407,0.2133,39.38,17.75,0.0,-6.75,2.41,4.34,0.0,OK
2026-05-01 02:06:15,960,0.2856,0.061,0.2133,39.33,17.23,0.0,-5.07,2.33,5.04,0.0,OK
2026-05-01 02:06:15,961,0.2764,0.0407,0.2133,39.29,16.76,0.0,-5.27,3.43,4.3,0.0,OK
2026-05-01 02:06:15,962,0.2798,0.0399,0.2133,39.25,16.33,0.0,-4.9,1.79,4.69,0.0,OK
2026-05-01 02:06:15,963,0.2757,0.0383,0.2133,39.21,15.93,0.0,-5.48,3.13,4.65,0.0,OK
2026-05-01 02:06:15,964,0.2847,0.0428,0.2133,39.17,15.56,0.0,-6.05,2.24,5.14,0.0,OK
2026-05-01 02:06:15,965,0.3011,0.0586,0.2133,39.13,15.22,0.0,-4.05,2.62,4.68,0.0,OK
2026-05-01 02:06:15,966,0.2802,0.0599,0.2133,39.09,14.91,0.0,-5.48,2.17,4.2,0.0,OK
2026-05-01 02:06:15,967,0.2802,0.0586,0.2133,39.05,14.62,0.0,-5.32,3.53,3.97,0.0,OK
2026-05-01 02:06:15,968,0.2855,0.0586,0.2133,39.01,14.36,0.0,-3.91,2.69,4.4,0.0,OK
2026-05-01 02:06:15,969,0.2835,0.0586,0.2133,38.97,14.12,0.0,-3.84,4.16,4.18,0.0,OK
2026-05-01 02:06:15,970,0.2822,0.0399,0.2133,38.93,13.9,0.0,-3.5,3.4,4.24,0.0,OK
2026-05-01 02:06:15,971,0.2744,0.0399,0.2133,38.89,13.69,0.0,-4.66,3.72,4.05,0.0,OK
2026-05-01 02:06:15,972,0.2218,0.0391,0.2133,38.85,13.5,0.0,-4.92,1.47,3.91,0.0,OK
2026-05-01 02:06:15,973,0.2425,0.0391,0.2133,38.81,13.33,0.0,11.93,-6.11,3.61,0.0,OK
2026-05-01 02:06:15,974,0.1656,0.0587,0.2133,38.77,16.3,0.033,-6.06,1.71,3.67,0.0,OK
2026-05-01 02:06:15,975,0.1642,0.0392,0.2133,38.73,18.56,0.067,-6.08,0.46,3.43,0.0,OK
2026-05-01 02:06:15,976,0.1928,0.0407,0.2133,38.69,18.53,0.1,-7.44,2.49,3.3,0.0,OK
2026-05-01 02:06:15,977,0.2187,0.0384,0.2133,38.65,18.19,0.133,-3.57,1.34,3.92,0.0,OK
2026-05-01 02:06:15,978,0.2176,0.0392,0.2133,38.61,17.94,0.167,10.45,-8.3,2.82,0.0,OK
2026-05-01 02:06:15,979,0.2394,0.0407,0.2133,40.41,17.41,0.0,-3.73,2.47,3.15,0.0,OK
2026-05-01 02:06:15,980,0.2336,0.0399,0.2133,40.37,16.93,0.0,10.73,-5.72,3.17,0.0,OK
2026-05-01 02:06:15,981,0.2427,0.04,0.2133,40.33,16.48,0.0,-5.38,3.14,3.54,0.0,OK
2026-05-01 02:06:16,982,0.2389,0.0196,0.2133,40.28,16.07,0.0,-5.52,3.04,3.82,0.0,OK
2026-05-01 02:06:16,983,0.2437,0.0196,0.2133,40.24,15.69,0.0,12.56,-7.94,2.37,0.0,OK
2026-05-01 02:06:16,984,0.2256,0.0408,0.2133,40.2,15.34,0.0,12.35,-8.27,2.34,0.0,OK
2026-05-01 02:06:16,985,0.2505,0.02,0.2133,40.16,15.02,0.0,11.9,-6.85,2.88,0.0,OK
2026-05-01 02:06:16,986,0.2515,0.0204,0.2133,40.12,14.73,0.0,-2.41,2.39,3.33,0.0,OK
2026-05-01 02:06:16,987,0.2473,0.0204,0.2133,40.08,14.45,0.0,-2.16,1.74,3.13,0.0,OK
2026-05-01 02:06:16,988,0.2505,0.0204,0.2133,40.04,14.2,0.0,13.09,-6.11,2.75,0.0,OK
2026-05-01 02:06:16,989,0.2354,0.0204,0.2133,40.0,13.98,0.0,-3.18,2.57,3.35,0.0,OK
2026-05-01 02:06:16,990,0.2462,0.0204,0.2133,39.96,13.76,0.0,13.69,-7.99,2.55,0.0,OK
2026-05-01 02:06:16,991,0.2364,0.0204,0.2133,39.92,13.57,0.0,12.82,-7.48,2.49,0.0,OK
2026-05-01 02:06:16,992,0.2542,0.0208,0.2133,39.88,13.39,0.0,-2.6,2.8,3.38,0.0,OK
2026-05-01 02:06:16,993,0.2297,0.0208,0.2133,39.84,13.23,0.0,-4.58,1.11,2.29,0.0,OK
2026-05-01 02:06:16,994,0.2312,0.0208,0.2133,39.8,13.07,0.0,-4.68,2.5,2.48,0.0,OK
2026-05-01 02:06:16,995,0.2429,0.02,0.2133,39.76,12.94,0.0,11.79,-6.74,1.76,0.0,OK
2026-05-01 02:06:16,996,0.2312,0.0204,0.2133,39.72,12.81,0.0,-5.41,2.03,1.56,0.0,OK
2026-05-01 02:06:16,997,0.2421,0.0208,0.2133,39.68,12.69,0.0,-6.65,-0.25,2.07,0.0,OK
2026-05-01 02:06:16,998,0.2421,0.0208,0.2133,39.64,12.58,0.0,-6.49,0.07,1.94,0.0,OK
2026-05-01 02:06:16,999,0.2509,0.0,0.2133,39.6,12.48,0.0,-9.11,0.59,1.86,0.0,OK
2026-05-01 02:06:16,1000,0.241,0.0213,0.2133,39.56,12.39,0.0,-13.64,-1.14,1.51,0.0,OK
2026-05-01 02:06:16,1001,0.2367,0.0,0.2133,39.52,12.3,0.0,-12.9,1.03,0.81,0.0,OK
2026-05-01 02:06:16,1002,0.2287,0.0,0.2133,39.48,12.23,0.0,-17.1,0.41,1.15,0.0,OK
2026-05-01 02:06:16,1003,0.2507,0.0,0.2133,39.44,12.16,0.0,-17.11,0.39,1.06,0.0,OK
2026-05-01 02:06:16,1004,0.215,0.0208,0.2133,39.4,12.38,0.033,-19.75,2.13,1.0,0.0,OK
2026-05-01 02:06:16,1005,0.2201,0.0208,0.2133,39.36,12.3,0.0,-20.93,1.61,0.81,0.0,OK
2026-05-01 02:06:16,1006,0.2017,0.0204,0.2133,39.32,13.32,0.033,-20.54,0.22,0.67,0.0,OK
2026-05-01 02:06:16,1007,0.2041,0.0,0.2133,39.29,14.08,0.067,-21.11,1.15,0.31,0.0,OK
2026-05-01 02:06:16,1008,0.2281,0.0208,0.2133,41.03,13.86,0.0,-25.12,0.58,0.78,0.0,OK
2026-05-01 02:06:16,1009,0.1829,0.0301,0.2133,40.99,15.54,0.033,-25.57,0.23,1.01,0.0,OK
2026-05-01 02:06:16,1010,0.1838,0.0,0.2133,40.95,16.82,0.067,-28.98,1.27,1.48,0.0,OK
2026-05-01 02:06:16,1011,0.1709,0.0,0.2133,40.91,18.72,0.1,-28.13,-0.23,1.4,0.0,OK
2026-05-01 02:06:17,1012,0.1829,0.0196,0.2133,40.87,19.44,0.133,-30.25,-0.49,1.22,0.0,OK
2026-05-01 02:06:17,1013,0.1889,0.0204,0.2133,40.83,19.76,0.167,-29.13,-1.21,0.84,0.0,OK
2026-05-01 02:06:17,1014,0.1901,0.0,0.2133,40.79,20.14,0.2,-28.31,-1.33,1.33,0.0,OK
2026-05-01 02:06:17,1015,0.1934,0.0204,0.26,40.75,22.06,0.233,-28.64,0.11,1.53,0.0,OK
2026-05-01 02:06:17,1016,0.1897,0.0,0.2667,40.71,24.01,0.267,-28.64,0.11,1.53,0.0,OK
2026-05-01 02:06:17,1017,0.1844,0.0,0.2733,40.67,26.1,0.3,-29.16,-0.33,0.9,0.0,OK
2026-05-01 02:06:17,1018,0.1894,0.0,0.28,40.63,27.62,0.333,-28.87,-0.33,0.79,0.0,OK
2026-05-01 02:06:17,1019,0.1924,0.0204,0.2867,40.59,28.9,0.367,-29.82,-0.01,1.02,0.0,OK
2026-05-01 02:06:17,1020,0.1864,0.0208,0.2933,40.55,30.58,0.4,-28.93,-0.06,1.57,0.0,OK
2026-05-01 02:06:17,1021,0.1888,0.02,0.3,40.51,32.0,0.433,-29.82,0.65,1.4,0.0,OK
2026-05-01 02:06:17,1022,0.1993,0.02,0.3067,40.47,32.74,0.467,-29.06,0.12,0.71,0.0,OK
2026-05-01 02:06:17,1023,0.1802,0.0204,0.3133,40.43,34.91,0.5,-29.06,0.12,0.71,0.0,OK
2026-05-01 02:06:17,1024,0.1732,0.02,0.32,40.39,37.25,0.533,-29.06,1.08,0.25,0.0,OK
2026-05-01 02:06:17,1025,0.1903,0.0204,0.3267,40.35,38.16,0.567,-28.33,1.12,0.16,0.0,OK
2026-05-01 02:06:17,1026,0.2141,0.0,0.3333,40.31,38.05,0.6,-27.83,0.27,1.27,0.0,OK
2026-05-01 02:06:17,1027,0.1988,0.0,0.34,40.27,39.09,0.633,-27.83,0.27,1.27,0.0,OK
2026-05-01 02:06:17,1028,0.2322,0.0,0.34,41.98,37.88,0.0,-26.56,0.04,1.43,0.0,OK
2026-05-01 02:06:17,1029,0.2049,0.0208,0.34,41.94,37.04,0.033,-27.0,-0.58,1.04,0.0,OK
2026-05-01 02:06:17,1030,0.2272,0.0289,0.34,41.9,35.99,0.0,-26.89,-0.31,1.0,0.0,OK
2026-05-01 02:06:17,1031,0.2231,0.0213,0.3333,41.86,34.98,0.0,-26.35,0.07,0.08,0.0,OK
2026-05-01 02:06:17,1032,0.2437,0.0208,0.3267,41.82,34.0,0.0,-26.64,1.17,-0.03,0.0,OK
2026-05-01 02:06:17,1033,0.2282,0.0213,0.32,41.78,33.04,0.0,-24.83,0.83,0.14,0.0,OK
2026-05-01 02:06:17,1034,0.2048,0.0417,0.3133,41.74,32.37,0.033,-25.36,2.23,-0.23,0.0,OK
2026-05-01 02:06:17,1035,0.2141,0.0204,0.3067,41.7,31.62,0.067,-23.89,3.17,0.21,0.0,OK
2026-05-01 02:06:17,1036,0.2166,0.0208,0.3,41.66,30.89,0.1,-22.84,4.32,-0.84,0.0,OK
2026-05-01 02:06:17,1037,0.1784,0.0,0.2933,41.62,30.79,0.133,-21.87,4.23,-0.14,0.0,OK
2026-05-01 02:06:17,1038,0.2249,0.0196,0.2867,43.31,29.82,0.0,-22.95,3.88,-1.0,0.0,OK
2026-05-01 02:06:17,1039,0.2059,0.0204,0.28,43.27,29.12,0.033,-22.8,3.95,-0.51,0.0,OK
2026-05-01 02:06:17,1040,0.1842,0.0196,0.2733,43.23,28.8,0.067,-20.74,5.39,-1.42,0.0,OK
2026-05-01 02:06:18,1041,0.2064,0.0204,0.2267,43.19,27.87,0.1,-20.72,5.19,-1.64,0.0,OK
2026-05-01 02:06:18,1042,0.2029,0.0392,0.2267,43.14,27.11,0.133,-21.79,4.13,-2.18,0.0,LOW
2026-05-01 02:06:18,1043,0.2032,0.0438,0.2267,43.1,26.47,0.167,-22.94,4.37,-1.55,0.0,LOW
2026-05-01 02:06:18,1044,0.2114,0.1835,0.2267,43.06,25.82,0.2,-19.87,5.19,-2.15,0.0,LOW
2026-05-01 02:06:18,1045,0.2192,0.2156,0.2267,44.74,24.76,0.0,-20.03,5.07,-1.6,0.0,LOW
2026-05-01 02:06:18,1046,0.211,0.1169,0.2267,44.7,23.97,0.033,-19.41,5.55,-2.41,0.0,LOW
2026-05-01 02:06:18,1047,0.2058,0.1176,0.2267,44.66,23.37,0.067,-18.56,5.42,-1.79,0.0,LOW
2026-05-01 02:06:18,1048,0.1738,0.0619,0.2267,44.61,23.35,0.1,-19.28,3.41,-3.02,0.0,LOW
2026-05-01 02:06:18,1049,0.2244,0.0611,0.2267,46.29,22.81,0.0,-17.1,3.38,-3.13,0.0,LOW
2026-05-01 02:06:18,1050,0.2258,0.102,0.2267,46.24,22.32,0.0,-17.04,2.43,-2.84,0.0,LOW
2026-05-01 02:06:18,1051,0.2167,0.1083,0.2267,46.2,21.96,0.033,-16.74,2.8,-2.61,0.0,LOW
2026-05-01 02:06:18,1052,0.2191,0.1248,0.2267,46.15,21.65,0.067,-15.22,2.94,-2.68,0.0,LOW
2026-05-01 02:06:18,1053,0.2258,0.1597,0.2267,47.82,21.25,0.0,-15.84,0.72,-3.28,0.0,LOW
2026-05-01 02:06:18,1054,0.2343,0.163,0.2267,47.77,20.89,0.0,-15.88,2.26,-3.49,0.0,LOW
2026-05-01 02:06:18,1055,0.2261,0.0807,0.2267,47.73,20.55,0.0,-16.59,-0.45,-3.3,0.0,LOW
2026-05-01 02:06:18,1056,0.2165,0.0998,0.2267,47.68,20.33,0.033,-16.53,1.62,-3.5,0.0,LOW
2026-05-01 02:06:18,1057,0.2077,0.0857,0.2267,47.64,20.32,0.067,-18.4,0.17,-4.21,0.0,LOW
2026-05-01 02:06:18,1058,0.2077,0.0623,0.2267,47.59,20.51,0.1,-16.75,-0.09,-4.12,0.0,LOW
2026-05-01 02:06:18,1059,0.2043,0.0623,0.2267,47.55,21.1,0.133,-17.42,0.34,-4.44,0.0,LOW
2026-05-01 02:06:18,1060,0.2288,0.0483,0.2267,49.2,20.74,0.0,-14.56,-0.48,-4.36,0.0,LOW
2026-05-01 02:06:18,1061,0.2201,0.065,0.2267,49.15,20.42,0.0,-14.35,0.32,-4.54,0.0,LOW
2026-05-01 02:06:18,1062,0.2121,0.0669,0.2267,49.11,20.28,0.033,-17.21,1.02,-4.95,0.0,LOW
2026-05-01 02:06:18,1063,0.246,0.0425,0.2267,49.06,19.99,0.0,-17.65,0.06,-4.29,0.0,LOW
2026-05-01 02:06:18,1064,0.2244,0.0424,0.2267,49.01,19.72,0.0,-17.17,1.34,-4.8,0.0,LOW
2026-05-01 02:06:18,1065,0.2239,0.0208,0.2267,48.97,19.48,0.0,-16.85,0.7,-4.4,0.0,LOW
2026-05-01 02:06:18,1066,0.2254,0.0,0.2267,48.92,19.25,0.0,-18.23,1.67,-4.64,0.0,LOW
2026-05-01 02:06:18,1067,0.1908,0.0391,0.2267,48.88,20.41,0.033,-20.09,1.53,-4.4,0.0,LOW
2026-05-01 02:06:18,1068,0.1903,0.0446,0.2267,48.83,21.43,0.067,-20.09,1.53,-4.4,0.0,LOW
2026-05-01 02:06:18,1069,0.2236,0.0399,0.2267,50.47,21.05,0.0,-17.11,2.17,-4.8,0.0,LOW
2026-05-01 02:06:18,1070,0.2211,0.0199,0.2267,50.42,20.7,0.0,-18.05,0.37,-3.9,0.0,LOW
2026-05-01 02:06:19,1071,0.2075,0.0288,0.2267,50.37,20.6,0.033,-15.95,2.73,-4.71,0.0,LOW
2026-05-01 02:06:19,1072,0.2198,0.02,0.2267,50.33,20.29,0.0,-16.09,2.7,-4.27,0.0,LOW
2026-05-01 02:06:19,1073,0.2201,0.0282,0.2267,50.28,20.0,0.0,-15.95,2.35,-4.0,0.0,LOW
2026-05-01 02:06:19,1074,0.207,0.0203,0.2267,50.23,19.97,0.033,-16.13,1.02,-3.85,0.0,LOW
2026-05-01 02:06:19,1075,0.2151,0.0199,0.2267,50.19,19.87,0.067,-16.0,1.2,-3.54,0.0,LOW
2026-05-01 02:06:19,1076,0.2381,0.0204,0.2267,51.81,19.62,0.0,-14.36,1.77,-2.64,0.0,LOW
2026-05-01 02:06:19,1077,0.2291,0.0288,0.2267,51.76,19.38,0.0,-14.44,-0.17,-2.09,0.0,LOW
2026-05-01 02:06:19,1078,0.2337,0.02,0.2267,51.71,19.16,0.0,-16.36,2.59,-2.68,0.0,LOW
2026-05-01 02:06:19,1079,0.2344,0.0196,0.2267,51.67,18.96,0.0,-17.48,3.51,-2.11,0.0,LOW
2026-05-01 02:06:19,1080,0.2237,0.0288,0.2267,51.62,18.78,0.0,-13.85,2.57,-2.28,0.0,LOW
2026-05-01 02:06:19,1081,0.2325,0.0204,0.2267,51.57,18.61,0.0,-13.85,2.57,-2.28,0.0,LOW
2026-05-01 02:06:19,1082,0.2167,0.0204,0.2267,51.52,18.55,0.033,-14.35,2.37,-1.71,0.0,LOW
2026-05-01 02:06:19,1083,0.2075,0.02,0.2267,51.48,19.13,0.067,-14.76,2.16,-1.95,0.0,LOW
2026-05-01 02:06:19,1084,0.2244,0.0408,0.22,53.09,18.88,0.0,-12.09,2.54,-1.94,0.0,LOW
2026-05-01 02:06:19,1085,0.2333,0.0208,0.2133,53.04,18.59,0.0,-14.85,1.35,-1.87,0.0,LOW
2026-05-01 02:06:19,1086,0.2423,0.0416,0.2067,52.99,18.28,0.0,-14.93,1.02,-1.66,0.0,LOW
2026-05-01 02:06:19,1087,0.2237,0.0408,0.2,52.94,17.94,0.0,-12.55,2.16,-2.01,0.0,LOW
2026-05-01 02:06:19,1088,0.2326,0.0408,0.1933,52.89,17.57,0.0,-12.62,1.85,-1.85,0.0,LOW
2026-05-01 02:06:19,1089,0.2557,0.0208,0.1867,52.84,17.18,0.0,-14.95,2.47,-1.81,0.0,LOW
2026-05-01 02:06:19,1090,0.2287,0.0456,0.18,52.8,16.76,0.0,-15.03,3.66,-1.73,0.0,LOW
2026-05-01 02:06:19,1091,0.2158,0.0204,0.1733,52.75,16.43,0.033,-15.93,2.04,-1.75,0.0,OK
2026-05-01 02:06:19,1092,0.2165,0.02,0.1267,52.7,15.8,0.067,-14.69,2.17,-1.92,0.0,OK
2026-05-01 02:06:19,1093,0.2333,0.0466,0.1267,54.3,15.07,0.0,-13.46,2.17,-1.9,0.0,OK
2026-05-01 02:06:19,1094,0.2425,0.0213,0.1267,54.25,14.4,0.0,-13.37,1.11,-1.61,0.0,OK
2026-05-01 02:06:19,1095,0.2108,0.02,0.1267,54.2,13.96,0.033,-12.9,0.63,-1.63,0.0,OK
2026-05-01 02:06:19,1096,0.2023,0.0288,0.1267,54.15,13.74,0.067,-13.72,0.1,-0.7,0.0,OK
2026-05-01 02:06:19,1097,0.2286,0.0408,0.1267,55.74,13.17,0.0,-13.42,-1.07,-0.27,0.0,OK
2026-05-01 02:06:19,1098,0.2209,0.0196,0.1267,55.69,12.65,0.0,-11.38,0.68,0.51,0.0,OK
2026-05-01 02:06:19,1099,0.2301,0.0196,0.1267,55.64,12.17,0.0,-11.65,0.78,0.38,0.0,OK
2026-05-01 02:06:19,1100,0.2109,0.0196,0.1267,55.59,11.91,0.033,-12.14,1.13,0.32,0.0,OK
2026-05-01 02:06:20,1101,0.2156,0.04,0.1267,55.54,11.65,0.067,-9.91,0.58,0.86,0.0,OK
2026-05-01 02:06:20,1102,0.2119,0.02,0.1267,55.49,11.53,0.1,-12.96,1.17,0.32,0.0,OK
2026-05-01 02:06:20,1103,0.2034,0.0289,0.1267,55.43,11.81,0.133,-9.94,-0.19,-0.14,0.0,OK
2026-05-01 02:06:20,1104,0.1624,0.02,0.1267,55.38,14.86,0.167,-11.61,0.49,-0.13,0.0,OK
2026-05-01 02:06:20,1105,0.2074,0.0196,0.1267,55.33,14.72,0.2,-11.6,0.59,0.59,0.0,OK
2026-05-01 02:06:20,1106,0.1945,0.0196,0.1733,55.28,16.83,0.233,-13.37,0.21,0.96,0.0,OK
2026-05-01 02:06:20,1107,0.1944,0.0,0.18,55.23,18.68,0.267,-14.45,0.27,0.76,0.0,OK
2026-05-01 02:06:20,1108,0.1944,0.0,0.1867,55.18,20.37,0.3,-14.45,0.27,0.76,0.0,OK
2026-05-01 02:06:20,1109,0.1946,0.04,0.1933,55.14,21.93,0.333,-12.99,-2.01,0.56,0.0,OK
2026-05-01 02:06:20,1110,0.1824,0.02,0.2,55.09,24.2,0.367,-11.74,-2.32,-0.05,0.0,OK
2026-05-01 02:06:20,1111,0.1944,0.0,0.2067,55.04,25.39,0.4,-12.01,-2.47,0.08,0.0,OK
2026-05-01 02:06:20,1112,0.1989,0.0277,0.2133,54.99,26.35,0.433,-12.67,-2.93,0.45,0.0,OK
2026-05-01 02:06:20,1113,0.2018,0.0196,0.22,54.94,27.27,0.467,-12.67,-2.93,0.45,0.0,OK
2026-05-01 02:06:20,1114,0.1904,0.02,0.2267,54.89,29.07,0.5,-12.49,-3.91,0.07,0.0,OK
2026-05-01 02:06:20,1115,0.1981,0.02,0.2333,54.84,30.23,0.533,-9.87,-3.36,-0.21,0.0,OK
2026-05-01 02:06:20,1116,0.1816,0.0196,0.24,54.79,32.52,0.567,-12.47,-2.78,0.08,0.0,OK
2026-05-01 02:06:20,1117,0.1898,0.0277,0.2467,54.74,33.95,0.6,-11.01,-3.69,0.2,0.0,OK
2026-05-01 02:06:20,1118,0.1981,0.02,0.2533,54.69,34.84,0.633,-12.28,-3.14,-0.64,0.0,OK
2026-05-01 02:06:20,1119,0.1889,0.0283,0.26,54.64,36.48,0.667,-14.88,-3.29,-0.22,0.0,OK
2026-05-01 02:06:20,1120,0.1889,0.0189,0.2667,54.59,38.02,0.7,5.45,-11.76,-1.24,0.0,OK
2026-05-01 02:06:20,1121,0.1919,0.0196,0.2733,54.55,39.32,0.733,7.67,-12.83,-2.06,0.0,OK
2026-05-01 02:06:20,1122,0.1723,0.02,0.28,54.5,41.88,0.767,-11.98,-3.05,-0.13,0.0,OK
2026-05-01 02:06:20,1123,0.1384,0.0196,0.2867,54.45,46.2,0.8,-11.59,-1.84,-0.62,0.0,OK
2026-05-01 02:06:20,1124,0.1438,0.0192,0.2933,54.4,49.14,0.833,-10.84,-1.86,-0.74,0.0,OK
2026-05-01 02:06:20,1125,0.1837,0.0196,0.3,54.35,49.1,0.867,-12.44,-2.48,-2.05,0.0,OK
2026-05-01 02:06:20,1126,0.1744,0.0192,0.3067,54.3,50.02,0.9,-12.69,-1.64,-2.07,0.0,OK
2026-05-01 02:06:20,1127,0.1815,0.0189,0.3133,54.26,50.65,0.933,-13.7,0.73,-2.04,0.0,OK
2026-05-01 02:06:20,1128,0.1825,0.0189,0.32,54.21,51.47,0.967,-14.39,1.57,-2.56,0.0,OK
2026-05-01 02:06:20,1129,0.1825,0.0188,0.3267,54.16,52.48,1.0,-15.99,0.11,-2.76,0.0,OK
2026-05-01 02:06:20,1130,0.185,0.0188,0.3333,54.11,53.46,1.033,-14.8,1.44,-3.46,0.0,OK
2026-05-01 02:06:20,1131,0.1856,0.0377,0.34,54.06,54.53,1.067,-14.58,1.84,-2.99,0.0,OK
2026-05-01 02:06:21,1132,0.2067,0.0192,0.3467,54.02,54.5,1.1,-15.41,1.93,-4.01,0.0,OK
2026-05-01 02:06:21,1133,0.1899,0.0376,0.3533,53.97,55.89,1.133,-13.83,1.97,-4.04,0.0,OK
2026-05-01 02:06:21,1134,0.1879,0.0192,0.36,53.92,57.4,1.167,-12.55,2.12,-4.47,0.0,OK
2026-05-01 02:06:21,1135,0.2026,0.0271,0.3667,53.87,57.92,1.2,-13.75,1.01,-4.18,0.0,OK
2026-05-01 02:06:21,1136,0.2152,0.0203,0.3733,53.83,57.94,1.233,-11.17,0.52,-3.91,0.0,OK
2026-05-01 02:06:21,1137,0.1967,0.0199,0.38,53.78,59.61,1.267,-11.72,1.49,-4.16,0.0,OK
2026-05-01 02:06:21,1138,0.2096,0.0185,0.3867,53.73,60.35,1.3,-12.03,1.66,-3.9,0.0,OK
2026-05-01 02:06:21,1139,0.2202,0.0369,0.3867,53.68,58.13,0.0,-12.37,1.98,-3.62,0.0,OK
2026-05-01 02:06:21,1140,0.2114,0.0188,0.3867,53.64,56.27,0.033,-13.98,2.62,-4.47,0.0,OK
2026-05-01 02:06:21,1141,0.1999,0.0276,0.3867,53.59,54.77,0.067,-10.45,1.87,-4.24,0.0,OK
2026-05-01 02:06:21,1142,0.1946,0.0391,0.3867,53.54,53.53,0.1,-10.45,1.87,-4.24,0.0,OK
2026-05-01 02:06:21,1143,0.1941,0.0391,0.3867,53.5,52.45,0.133,-12.17,0.31,-4.17,0.0,OK
2026-05-01 02:06:21,1144,0.1933,0.0276,0.3867,53.45,51.53,0.167,-12.12,1.36,-4.4,0.0,OK
2026-05-01 02:06:21,1145,0.1987,0.0192,0.3867,53.4,50.65,0.2,-10.0,0.57,-3.49,0.0,OK
2026-05-01 02:06:21,1146,0.1901,0.0192,0.4333,53.36,50.14,0.233,-10.16,0.59,-3.5,0.0,OK
2026-05-01 02:06:21,1147,0.1866,0.0188,0.44,53.31,49.77,0.267,-10.36,1.74,-3.47,0.0,OK
2026-05-01 02:06:21,1148,0.212,0.0185,0.4467,53.26,49.12,0.3,10.93,-2.36,-4.03,0.0,OK
2026-05-01 02:06:21,1149,0.2044,0.0188,0.4533,53.22,48.69,0.333,-7.46,2.05,-4.04,0.0,OK
2026-05-01 02:06:21,1150,0.2058,0.0192,0.46,53.17,48.32,0.367,-10.68,3.21,-4.02,0.0,OK
2026-05-01 02:06:21,1151,0.2167,0.0,0.4667,53.13,47.88,0.4,-8.36,1.99,-4.44,0.0,OK
2026-05-01 02:06:21,1152,0.2255,0.0195,0.4667,54.64,46.77,0.0,-10.36,3.15,-3.98,0.0,OK
2026-05-01 02:06:21,1153,0.2267,0.0195,0.4667,54.59,45.75,0.0,-8.05,2.41,-4.29,0.0,OK
2026-05-01 02:06:21,1154,0.217,0.0191,0.4667,54.55,44.9,0.033,-10.02,1.86,-4.44,0.0,OK
2026-05-01 02:06:21,1155,0.217,0.0383,0.4667,54.5,44.17,0.067,-10.45,1.77,-4.29,0.0,OK
2026-05-01 02:06:21,1156,0.1891,0.0266,0.4667,54.45,43.96,0.1,-7.76,4.86,-4.47,0.0,OK
2026-05-01 02:06:21,1157,0.2468,0.0196,0.4667,55.96,43.17,0.0,13.8,0.06,-2.86,0.0,OK
2026-05-01 02:06:21,1158,0.2227,0.0196,0.4667,55.91,42.43,0.0,-5.04,5.73,-3.69,0.0,OK
2026-05-01 02:06:21,1159,0.2277,0.02,0.46,55.86,41.76,0.0,-5.61,7.05,-4.53,0.0,OK
2026-05-01 02:06:21,1160,0.2308,0.0195,0.4533,55.81,41.14,0.0,-5.76,5.8,-4.58,0.0,OK
2026-05-01 02:06:22,1161,0.2011,0.0422,0.4467,55.77,40.89,0.033,-2.82,7.84,-2.62,0.0,OK
2026-05-01 02:06:22,1162,0.2099,0.0196,0.44,55.72,40.58,0.067,15.78,2.25,-1.24,0.0,OK
2026-05-01 02:06:22,1163,0.1999,0.0456,0.4333,55.67,40.51,0.1,-4.04,6.7,-3.12,0.0,OK
2026-05-01 02:06:22,1164,0.1916,0.0283,0.4267,55.62,40.98,0.133,-3.31,8.71,-2.89,0.0,OK
2026-05-01 02:06:22,1165,0.2083,0.037,0.42,55.57,40.86,0.167,17.34,-1.78,-0.39,0.0,OK
2026-05-01 02:06:22,1166,0.1977,0.0385,0.4133,55.53,41.3,0.2,16.42,-0.99,-0.35,0.0,OK
2026-05-01 02:06:22,1167,0.194,0.0196,0.4533,55.48,42.07,0.233,-6.53,3.8,-0.25,0.0,OK
2026-05-01 02:06:22,1168,0.2066,0.0196,0.4533,55.43,42.06,0.267,-6.26,5.95,0.09,0.0,OK
2026-05-01 02:06:22,1169,0.2027,0.0392,0.4533,55.38,42.5,0.3,-5.16,4.47,0.66,0.0,OK
2026-05-01 02:06:22,1170,0.2267,0.0208,0.4467,56.87,41.82,0.0,-5.09,6.37,0.63,0.0,OK
2026-05-01 02:06:22,1171,0.2012,0.0408,0.4,56.83,41.51,0.033,-3.77,7.25,0.23,0.0,OK
2026-05-01 02:06:22,1172,0.2199,0.0289,0.4,56.78,40.91,0.0,16.34,-5.89,0.93,0.0,OK
2026-05-01 02:06:22,1173,0.2057,0.02,0.4,56.73,40.61,0.033,-2.31,5.61,1.1,0.0,OK
2026-05-01 02:06:22,1174,0.1718,0.0407,0.4,56.68,41.81,0.067,-6.28,5.84,2.74,0.0,OK
2026-05-01 02:06:22,1175,0.184,0.0416,0.4,56.63,42.06,0.1,-6.41,5.37,2.65,0.0,OK
2026-05-01 02:06:22,1176,0.2041,0.0799,0.4,56.58,41.86,0.133,-4.11,7.22,2.99,0.0,OK
2026-05-01 02:06:22,1177,0.1884,0.0815,0.4,56.54,42.3,0.167,-3.96,7.22,3.01,0.0,OK
2026-05-01 02:06:22,1178,0.1741,0.1062,0.4,56.49,43.74,0.2,-6.94,8.38,3.49,0.0,OK
2026-05-01 02:06:22,1179,0.1962,0.0782,0.4467,56.44,43.69,0.233,-8.72,11.37,3.39,0.0,LOW
2026-05-01 02:06:22,1180,0.1801,0.1019,0.4533,56.39,44.76,0.267,-8.06,9.66,2.96,0.0,LOW
2026-05-01 02:06:22,1181,0.1843,0.0415,0.46,56.35,45.42,0.3,-6.34,11.92,3.12,0.0,LOW
2026-05-01 02:06:22,1182,0.1726,0.0624,0.4667,56.3,46.85,0.333,-6.43,10.0,3.23,0.0,LOW
2026-05-01 02:06:22,1183,0.1421,0.0624,0.4733,56.25,49.97,0.367,-10.21,10.07,2.69,0.0,LOW
2026-05-01 02:06:22,1184,0.1607,0.0637,0.48,56.2,51.06,0.4,-9.89,9.18,2.75,0.0,LOW
2026-05-01 02:06:22,1185,0.1541,0.06,0.4867,56.16,52.43,0.433,-12.03,7.56,1.98,0.0,LOW
2026-05-01 02:06:22,1186,0.1748,0.0417,0.4933,56.11,52.39,0.467,-10.6,8.68,0.5,0.0,LOW
2026-05-01 02:06:22,1187,0.1839,0.0408,0.5,56.06,52.27,0.5,-10.31,10.23,0.45,0.0,LOW
2026-05-01 02:06:22,1188,0.1512,0.02,0.5067,56.01,54.14,0.533,-9.56,9.68,-1.59,0.0,LOW
2026-05-01 02:06:22,1189,0.1763,0.0204,0.5133,55.97,54.11,0.567,-11.04,10.79,-1.5,0.0,LOW
2026-05-01 02:06:22,1190,0.1903,0.0196,0.52,55.92,53.93,0.6,11.93,-0.09,-1.98,0.0,LOW
2026-05-01 02:06:23,1191,0.1983,0.04,0.5267,55.87,53.71,0.633,-8.88,10.8,-3.68,0.0,LOW
2026-05-01 02:06:23,1192,0.1827,0.0208,0.5333,55.83,54.04,0.667,-7.8,10.61,-5.49,0.0,LOW
2026-05-01 02:06:23,1193,0.2028,0.0383,0.54,55.78,53.85,0.7,-9.93,12.01,-6.91,0.0,LOW
2026-05-01 02:06:23,1194,0.1926,0.0195,0.5467,55.73,53.99,0.733,13.6,2.31,-4.81,0.0,LOW
2026-05-01 02:06:23,1195,0.1796,0.0203,0.5533,55.69,55.16,0.767,-7.62,11.34,-7.93,0.0,LOW
2026-05-01 02:06:23,1196,0.1931,0.0292,0.56,55.64,55.3,0.8,-6.98,12.0,-8.76,0.0,LOW
2026-05-01 02:06:23,1197,0.2012,0.0191,0.5667,55.59,55.26,0.833,15.32,0.2,-6.32,0.0,LOW
2026-05-01 02:06:23,1198,0.1886,0.0191,0.5733,55.55,56.15,0.867,17.59,-1.02,-6.11,0.0,LOW
2026-05-01 02:06:23,1199,0.2233,0.0471,0.5733,55.5,54.38,0.0,-7.88,10.43,-8.87,0.0,LOW
2026-05-01 02:06:23,1200,0.2363,0.0,0.5733,55.45,52.75,0.0,-5.6,10.73,-8.48,0.0,LOW
2026-05-01 02:06:23,1201,0.2049,0.0453,0.5733,55.41,51.51,0.033,-8.52,9.39,-8.81,0.0,LOW
2026-05-01 02:06:23,1202,0.219,0.0203,0.5733,55.36,50.23,0.067,-5.38,10.16,-8.83,0.0,LOW
2026-05-01 02:06:23,1203,0.2169,0.0191,0.5733,55.32,49.13,0.1,15.03,-0.62,-5.45,0.0,LOW
2026-05-01 02:06:23,1204,0.2156,0.0288,0.5733,55.27,48.2,0.133,-3.52,9.55,-6.66,0.0,LOW
2026-05-01 02:06:23,1205,0.205,0.0282,0.5733,55.22,47.55,0.167,-5.53,8.31,-6.59,0.0,LOW
2026-05-01 02:06:23,1206,0.2052,0.0203,0.5733,55.18,47.0,0.2,-5.57,10.06,-6.79,0.0,MEDIUM
2026-05-01 02:06:23,1207,0.209,0.0207,0.62,55.13,46.5,0.233,-8.41,9.93,-7.08,0.0,MEDIUM
2026-05-01 02:06:23,1208,0.2138,0.0203,0.6267,55.09,46.03,0.267,-7.0,8.01,-5.63,0.0,MEDIUM
2026-05-01 02:06:23,1209,0.1976,0.0281,0.6333,55.04,45.89,0.3,-6.62,8.2,-5.53,0.0,MEDIUM
2026-05-01 02:06:23,1210,0.2332,0.0199,0.6333,56.48,44.94,0.0,17.0,-5.44,-4.85,0.0,MEDIUM
2026-05-01 02:06:23,1211,0.2205,0.0391,0.6333,56.44,44.06,0.0,14.99,-4.29,-4.38,0.0,MEDIUM
2026-05-01 02:06:23,1212,0.2305,0.0398,0.6333,56.39,43.26,0.0,-6.13,4.75,-6.1,0.0,MEDIUM
2026-05-01 02:06:23,1213,0.2277,0.0199,0.6333,56.34,42.52,0.0,-6.46,4.45,-6.86,0.0,MEDIUM
2026-05-01 02:06:23,1214,0.2699,0.0207,0.6333,56.3,41.83,0.0,-6.08,5.16,-7.04,0.0,MEDIUM
2026-05-01 02:06:23,1215,0.2698,0.0207,0.6333,56.25,41.21,0.0,-6.48,4.5,-7.44,0.0,MEDIUM
2026-05-01 02:06:23,1216,0.26,0.0194,0.6333,56.2,40.63,0.0,16.93,-5.72,-8.12,0.0,MEDIUM
2026-05-01 02:06:23,1217,0.2399,0.0452,0.6333,56.16,40.1,0.0,-6.99,1.01,-8.19,0.0,MEDIUM
2026-05-01 02:06:23,1218,0.2523,0.0203,0.6333,56.11,39.61,0.0,-8.2,2.73,-8.32,0.0,MEDIUM
2026-05-01 02:06:23,1219,0.2593,0.0412,0.6333,56.07,39.16,0.0,-7.37,1.0,-8.58,0.0,MEDIUM
2026-05-01 02:06:23,1220,0.2527,0.0461,0.6333,56.02,38.75,0.0,-9.5,1.67,-8.8,0.0,MEDIUM
2026-05-01 02:06:24,1221,0.2606,0.0194,0.6333,55.97,38.37,0.0,-6.63,3.68,-8.15,0.0,MEDIUM
2026-05-01 02:06:24,1222,0.2749,0.0194,0.6333,55.93,38.02,0.0,-6.9,3.58,-8.03,0.0,MEDIUM
2026-05-01 02:06:24,1223,0.2683,0.0198,0.6333,55.88,37.7,0.0,-7.9,2.73,-7.87,0.0,MEDIUM
2026-05-01 02:06:24,1224,0.2486,0.0198,0.6333,55.84,37.4,0.0,15.58,-7.67,-8.85,0.0,MEDIUM
2026-05-01 02:06:24,1225,0.2397,0.0198,0.6333,55.79,37.13,0.0,15.15,-9.8,-9.09,0.0,MEDIUM
2026-05-01 02:06:24,1226,0.2399,0.027,0.6333,55.75,36.88,0.0,-7.84,2.09,-7.71,0.0,MEDIUM
2026-05-01 02:06:24,1227,0.2383,0.027,0.6333,55.7,36.65,0.0,-7.12,1.33,-7.34,0.0,MEDIUM
2026-05-01 02:06:24,1228,0.2596,0.0187,0.6333,55.66,36.44,0.0,-7.94,0.95,-6.68,0.0,MEDIUM
2026-05-01 02:06:24,1229,0.2466,0.0265,0.6333,55.61,36.24,0.0,-9.87,1.49,-6.17,0.0,MEDIUM
2026-05-01 02:06:24,1230,0.2495,0.0187,0.6333,55.56,36.06,0.0,17.16,-11.61,-8.03,0.0,MEDIUM
2026-05-01 02:06:24,1231,0.2531,0.0376,0.6333,55.52,35.9,0.0,-8.5,0.29,-4.71,0.0,MEDIUM
2026-05-01 02:06:24,1232,0.256,0.042,0.6333,55.47,35.75,0.0,-7.93,0.59,-5.04,0.0,MEDIUM
2026-05-01 02:06:24,1233,0.2561,0.0922,0.6333,55.43,35.61,0.0,-8.76,-2.31,-3.47,0.0,MEDIUM
2026-05-01 02:06:24,1234,0.2643,0.0923,0.6333,55.38,35.48,0.0,-8.94,-2.33,-3.56,0.0,MEDIUM
2026-05-01 02:06:24,1235,0.2444,0.1129,0.6333,55.34,35.36,0.0,-7.84,-3.8,-2.88,0.0,MEDIUM
2026-05-01 02:06:24,1236,0.2547,0.0961,0.6333,55.3,35.25,0.0,-8.83,-2.17,-2.96,0.0,MEDIUM
2026-05-01 02:06:24,1237,0.2297,0.1517,0.6333,55.25,35.15,0.0,-7.78,-4.2,-2.22,0.0,MEDIUM
2026-05-01 02:06:24,1238,0.2418,0.1489,0.6333,55.21,35.06,0.0,-6.77,-3.01,-2.92,0.0,MEDIUM
2026-05-01 02:06:24,1239,0.2298,0.1644,0.6333,55.16,34.97,0.0,-10.16,-3.92,-1.23,0.0,MEDIUM
2026-05-01 02:06:24,1240,0.2198,0.1851,0.6333,55.12,34.9,0.0,-11.41,-4.96,0.98,0.0,MEDIUM
2026-05-01 02:06:24,1241,0.2267,0.1817,0.6333,55.07,34.82,0.0,-12.4,-5.53,0.84,0.0,MEDIUM
2026-05-01 02:06:24,1242,0.2132,0.1454,0.6333,55.03,35.16,0.033,-15.57,-6.96,4.42,0.0,MEDIUM
2026-05-01 02:06:24,1243,0.2127,0.1785,0.6333,54.98,35.66,0.067,-15.29,-6.5,3.52,0.0,MEDIUM
2026-05-01 02:06:24,1244,0.2233,0.186,0.6333,56.39,35.53,0.0,-14.21,-8.5,5.54,0.0,MEDIUM
2026-05-01 02:06:24,1245,0.2293,0.1858,0.6333,56.34,35.41,0.0,-13.96,-10.36,5.36,0.0,MEDIUM
2026-05-01 02:06:24,1246,0.236,0.2176,0.6333,56.3,35.29,0.0,-14.84,-10.68,7.11,0.0,MEDIUM
2026-05-01 02:06:24,1247,0.2336,0.1995,0.6333,56.25,35.19,0.0,-15.32,-11.53,7.6,0.0,MEDIUM
2026-05-01 02:06:24,1248,0.2351,0.1965,0.6333,56.2,35.09,0.0,-17.79,-9.54,8.29,0.0,MEDIUM
2026-05-01 02:06:24,1249,0.2228,0.2003,0.6333,56.16,35.01,0.0,-17.81,-10.47,8.0,0.0,MEDIUM
2026-05-01 02:06:24,1250,0.2159,0.218,0.6267,56.12,35.11,0.033,-16.14,-11.98,8.14,0.0,MEDIUM
2026-05-01 02:06:24,1251,0.2217,0.2722,0.62,56.07,35.02,0.0,-17.64,-11.37,8.5,0.0,MEDIUM
2026-05-01 02:06:25,1252,0.2155,0.2408,0.6133,56.03,35.14,0.033,-16.07,-11.5,6.84,0.0,MEDIUM
2026-05-01 02:06:25,1253,0.2101,0.2646,0.6067,55.98,35.81,0.067,-19.4,-8.38,6.68,0.0,MEDIUM
2026-05-01 02:06:25,1254,0.2092,0.302,0.6,55.94,36.55,0.1,-19.15,-8.12,6.73,0.0,MEDIUM
2026-05-01 02:06:25,1255,0.2018,0.3151,0.5933,55.89,37.75,0.133,-20.25,-9.16,6.34,0.0,MEDIUM
2026-05-01 02:06:25,1256,0.2116,0.3399,0.5867,55.85,38.15,0.167,-20.06,-8.8,6.14,0.0,MEDIUM
2026-05-01 02:06:25,1257,0.2038,0.289,0.58,55.8,39.15,0.2,-19.17,-7.07,5.29,0.0,MEDIUM
2026-05-01 02:06:25,1258,0.1862,0.3466,0.62,55.76,41.17,0.233,-20.38,-6.86,5.6,0.0,MEDIUM
2026-05-01 02:06:25,1259,0.2033,0.2648,0.62,55.71,41.64,0.267,-20.51,-9.7,5.35,0.0,LOW
2026-05-01 02:06:25,1260,0.1969,0.2414,0.62,55.67,42.6,0.3,-20.52,-8.55,4.63,0.0,LOW
2026-05-01 02:06:25,1261,0.1855,0.2222,0.62,55.63,44.19,0.333,-19.98,-7.64,4.67,0.0,LOW
2026-05-01 02:06:25,1262,0.1923,0.2641,0.62,55.58,45.04,0.367,-22.33,-4.29,2.88,0.0,LOW
2026-05-01 02:06:25,1263,0.1923,0.283,0.62,55.54,45.83,0.4,-22.04,-4.03,2.51,0.0,LOW
2026-05-01 02:06:25,1264,0.1839,0.2544,0.62,55.49,47.13,0.433,-21.83,-4.03,0.84,0.0,LOW
2026-05-01 02:06:25,1265,0.1894,0.2591,0.62,55.45,47.87,0.467,-21.31,-3.15,0.52,0.0,LOW
2026-05-01 02:06:25,1266,0.1785,0.2958,0.62,55.41,49.29,0.5,-20.55,-1.61,-0.68,0.0,LOW
2026-05-01 02:06:25,1267,0.1815,0.3037,0.62,55.36,50.27,0.533,-20.85,-1.72,-0.36,0.0,LOW
2026-05-01 02:06:25,1268,0.1866,0.1815,0.62,55.32,50.82,0.567,-19.26,-3.68,0.07,0.0,LOW
2026-05-01 02:06:25,1269,0.1878,0.0435,0.62,55.28,51.35,0.6,-4.81,-4.88,-0.57,0.0,LOW
2026-05-01 02:06:25,1270,0.1997,0.0435,0.62,55.23,51.31,0.633,-2.72,-3.93,-0.51,0.0,LOW
2026-05-01 02:06:25,1271,0.2088,0.0,0.62,55.19,51.2,0.667,11.0,1.1,0.36,0.0,LOW
2026-05-01 02:06:25,1272,0.2436,0.0227,0.6133,56.56,49.82,0.0,6.03,-0.73,-0.9,0.0,LOW
2026-05-01 02:06:25,1273,0.1985,0.0439,0.6067,56.51,48.91,0.033,7.74,-9.62,8.98,0.0,LOW
2026-05-01 02:06:26,1274,0.2679,0.054,0.6,56.47,47.72,0.0,26.28,-36.93,-3.28,0.0,LOW
2026-05-01 02:06:26,1275,0.2649,0.0811,0.5933,56.43,46.62,0.0,24.28,-37.36,-2.41,0.0,LOW
2026-05-01 02:06:26,1276,0.263,0.2497,0.5867,56.38,45.61,0.0,22.51,-40.01,-6.97,0.0,LOW
2026-05-01 02:06:26,1277,0.2532,0.3499,0.58,56.34,44.68,0.0,19.25,-41.09,-8.75,0.0,LOW
2026-05-01 02:06:26,1278,0.2139,0.3555,0.5733,56.29,43.96,0.033,5.73,-23.38,-0.45,0.0,LOW
2026-05-01 02:06:26,1279,0.2235,0.3721,0.5667,56.25,43.17,0.0,1.36,-22.22,-0.68,0.0,LOW
2026-05-01 02:06:26,1280,0.2295,0.3482,0.56,56.21,42.43,0.0,16.66,-40.97,-9.82,0.0,LOW
2026-05-01 02:06:26,1281,0.2747,0.1644,0.5533,56.16,41.76,0.0,8.48,-40.04,-9.61,0.0,LOW
2026-05-01 02:06:26,1282,0.2387,0.1981,0.5067,56.12,41.14,0.0,9.56,-40.4,-10.75,0.0,LOW
2026-05-01 02:06:26,1283,0.2836,0.0222,0.5067,56.07,40.57,0.0,3.68,-16.98,-2.6,0.0,LOW
2026-05-01 02:06:26,1284,0.2623,0.0336,0.5067,56.03,40.04,0.0,-11.52,-8.86,-2.71,0.0,LOW
2026-05-01 02:06:26,1285,0.1933,0.0,0.5067,55.99,39.99,0.033,-8.94,-9.39,-4.49,0.0,LOW
2026-05-01 02:06:26,1286,0.185,0.0,0.5067,55.94,40.57,0.067,-5.25,-8.83,-4.92,0.0,LOW
2026-05-01 02:06:26,1287,0.1882,0.0224,0.5067,55.9,40.98,0.1,-7.35,-8.28,-6.69,0.0,LOW
2026-05-01 02:06:26,1288,0.2134,0.0459,0.5067,55.86,40.73,0.133,-3.92,-7.2,-7.08,0.0,LOW
2026-05-01 02:06:26,1289,0.2067,0.0618,0.5067,55.81,40.66,0.167,-6.99,-4.8,-8.28,0.0,LOW
2026-05-01 02:06:26,1290,0.1924,0.0412,0.5,55.77,41.51,0.2,-5.92,-3.99,-8.61,0.0,LOW
2026-05-01 02:06:26,1291,0.2048,0.0645,0.54,55.73,41.52,0.233,-6.5,-3.64,-10.58,0.0,LOW
2026-05-01 02:06:26,1292,0.1863,0.0824,0.54,55.68,42.95,0.267,-14.15,-1.81,-11.73,0.0,LOW
2026-05-01 02:06:26,1293,0.2019,0.0996,0.54,55.64,43.12,0.3,-13.94,-2.57,-11.37,0.0,LOW
2026-05-01 02:06:26,1294,0.2004,0.1703,0.54,55.6,43.58,0.333,-13.59,-0.15,-11.14,0.0,LOW
2026-05-01 02:06:26,1295,0.1989,0.1523,0.5,55.56,44.22,0.367,-14.06,-0.34,-11.45,0.0,LOW
2026-05-01 02:06:26,1296,0.1754,0.1485,0.5067,55.51,46.38,0.4,-18.58,-0.67,-13.23,0.0,LOW
2026-05-01 02:06:26,1297,0.2015,0.1672,0.5133,55.47,46.38,0.433,-19.24,-1.02,-13.07,0.0,LOW
2026-05-01 02:06:27,1298,0.1782,0.1459,0.52,55.43,48.1,0.467,-17.09,-0.07,-13.45,0.0,LOW
2026-05-01 02:06:27,1299,0.1806,0.1246,0.5267,55.38,49.3,0.5,-17.39,-0.26,-13.28,0.0,LOW
2026-05-01 02:06:27,1300,0.1766,0.0752,0.5333,55.34,50.58,0.533,-19.59,1.39,-14.37,0.0,LOW
2026-05-01 02:06:27,1301,0.1787,0.1134,0.54,55.3,51.53,0.567,-16.88,3.13,-15.23,0.0,LOW
2026-05-01 02:06:27,1302,0.1692,0.0965,0.5467,55.26,53.0,0.6,-16.99,3.59,-15.14,0.0,LOW
2026-05-01 02:06:27,1303,0.1586,0.0914,0.5533,55.21,54.88,0.633,-18.99,1.75,-15.22,0.0,LOW
2026-05-01 02:06:27,1304,0.1584,0.0914,0.56,55.17,56.35,0.667,-18.77,2.35,-15.61,0.0,LOW
2026-05-01 02:06:27,1305,0.1878,0.1352,0.5667,55.13,56.2,0.7,-16.23,1.89,-15.68,0.0,LOW
2026-05-01 02:06:27,1306,0.1856,0.1313,0.5733,55.09,56.15,0.733,-15.61,2.44,-15.95,0.0,LOW
2026-05-01 02:06:27,1307,0.1732,0.1018,0.58,55.05,56.97,0.767,-17.52,3.04,-17.02,0.0,LOW
2026-05-01 02:06:27,1308,0.1747,0.0947,0.5867,55.0,57.65,0.8,-17.91,4.05,-16.62,0.0,LOW
2026-05-01 02:06:27,1309,0.1799,0.0762,0.5933,54.96,58.01,0.833,-19.89,3.82,-17.89,0.0,LOW
2026-05-01 02:06:27,1310,0.1921,0.0776,0.6,54.92,57.94,0.867,-19.01,3.97,-17.03,0.0,LOW
2026-05-01 02:06:27,1311,0.1861,0.0192,0.6,54.88,58.29,0.9,-20.92,1.62,-17.01,0.0,LOW
2026-05-01 02:06:27,1312,0.1905,0.0185,0.6,54.84,58.48,0.933,-19.75,3.33,-16.81,0.0,LOW
2026-05-01 02:06:27,1313,0.1997,0.0261,0.56,54.79,58.43,0.967,-20.42,3.17,-16.81,0.0,LOW
2026-05-01 02:06:27,1314,0.1837,0.0281,0.5667,54.75,59.49,1.0,-21.31,0.89,-17.3,0.0,LOW
2026-05-01 02:06:27,1315,0.2055,0.0195,0.5733,54.71,59.39,1.033,-18.76,-0.85,-17.0,0.0,LOW
2026-05-01 02:06:27,1316,0.1688,0.0268,0.58,54.67,61.56,1.067,-19.69,1.81,-18.79,0.0,LOW
2026-05-01 02:06:27,1317,0.18,0.019,0.5867,54.63,62.5,1.1,-18.58,1.52,-18.07,0.0,LOW
2026-05-01 02:06:27,1318,0.178,0.0278,0.5933,54.59,63.49,1.133,-19.19,0.52,-19.52,0.0,LOW
2026-05-01 02:06:27,1319,0.1894,0.0196,0.6,54.55,63.65,1.167,-18.11,0.69,-19.08,0.0,LOW
2026-05-01 02:06:27,1320,0.176,0.0,0.6067,54.5,64.85,1.2,-20.78,-0.1,-19.55,0.0,LOW
2026-05-01 02:06:27,1321,0.1719,0.0,0.6133,54.46,66.14,1.233,-20.08,0.21,-19.22,0.0,LOW
2026-05-01 02:06:27,1322,0.1881,0.0,0.62,54.42,66.18,1.267,-20.03,-1.25,-21.18,0.0,LOW
2026-05-01 02:06:27,1323,0.1974,0.0269,0.62,54.38,66.11,1.3,-18.66,-0.96,-21.08,0.0,LOW
2026-05-01 02:06:27,1324,0.1906,0.0274,0.62,54.34,66.5,1.333,-19.35,-0.4,-20.96,0.0,LOW
2026-05-01 02:06:27,1325,0.1859,0.0189,0.62,54.3,67.3,1.367,-19.05,-1.79,-21.94,0.0,LOW
2026-05-01 02:06:27,1326,0.1964,0.019,0.62,54.26,67.39,1.4,-19.45,-0.46,-22.29,0.0,LOW
2026-05-01 02:06:27,1327,0.1987,0.0264,0.62,54.22,67.54,1.433,-17.87,1.29,-21.01,0.0,LOW
2026-05-01 02:06:28,1328,0.1796,0.0187,0.62,54.18,69.11,1.467,-18.65,-1.0,-20.74,0.0,LOW
2026-05-01 02:06:28,1329,0.1736,0.0257,0.62,54.14,70.76,1.5,-17.4,1.8,-20.0,0.0,LOW
2026-05-01 02:06:28,1330,0.1915,0.0372,0.62,54.09,70.93,1.533,-13.8,1.99,-19.06,0.0,LOW
2026-05-01 02:06:28,1331,0.1956,0.0578,0.62,54.05,71.03,1.567,-11.95,0.34,-19.1,0.0,LOW
2026-05-01 02:06:28,1332,0.1608,0.0271,0.62,54.01,73.56,1.6,-14.67,1.0,-16.83,0.0,LOW
2026-05-01 02:06:28,1333,0.1792,0.0428,0.62,53.97,74.27,1.633,-13.91,-0.38,-17.09,0.0,HIGH
2026-05-01 02:06:28,1334,0.1812,0.0189,0.62,53.93,74.86,1.667,-14.34,0.43,-16.68,0.0,HIGH
2026-05-01 02:06:28,1335,0.1811,0.0421,0.62,53.89,75.48,1.7,-12.81,0.05,-16.24,0.0,HIGH
2026-05-01 02:06:28,1336,0.1551,0.0584,0.62,53.85,77.8,1.733,-13.43,1.24,-15.71,0.0,HIGH
2026-05-01 02:06:28,1337,0.172,0.0577,0.62,53.81,78.47,1.767,-13.37,1.99,-14.88,0.0,HIGH
2026-05-01 02:06:28,1338,0.1778,0.0587,0.62,53.77,78.78,1.8,-12.13,2.23,-15.02,0.0,HIGH
2026-05-01 02:06:28,1339,0.1469,0.0769,0.62,53.73,81.2,1.833,-13.39,2.16,-14.52,0.0,HIGH
2026-05-01 02:06:28,1340,0.1689,0.0951,0.62,53.69,81.62,1.867,-13.22,0.6,-14.05,0.0,HIGH
2026-05-01 02:06:28,1341,0.1863,0.0991,0.62,53.65,81.48,1.9,-10.01,1.6,-12.79,0.0,HIGH
2026-05-01 02:06:28,1342,0.1958,0.1013,0.58,53.61,81.27,1.933,-12.22,2.16,-12.2,0.0,HIGH
2026-05-01 02:06:28,1343,0.171,0.1128,0.5867,53.57,82.26,1.967,-11.78,1.43,-11.35,0.0,HIGH
2026-05-01 02:06:28,1344,0.1661,0.0945,0.5933,53.53,83.46,2.0,-11.62,1.46,-11.31,0.0,HIGH
2026-05-01 02:06:28,1345,0.1798,0.1156,0.6,53.49,83.44,2.033,-7.55,1.2,-8.3,0.0,HIGH
2026-05-01 02:06:28,1346,0.1624,0.1182,0.6067,53.45,84.46,2.067,-7.37,0.99,-8.43,0.0,HIGH
2026-05-01 02:06:28,1347,0.177,0.1694,0.6133,53.41,84.4,2.1,-9.58,1.36,-7.39,0.0,HIGH
2026-05-01 02:06:28,1348,0.1678,0.1816,0.62,53.37,84.74,2.133,-5.46,-1.36,-5.82,0.0,HIGH
2026-05-01 02:06:28,1349,0.1563,0.1816,0.6267,53.33,85.7,2.167,-7.81,0.39,-5.83,0.0,HIGH
2026-05-01 02:06:28,1350,0.1659,0.2037,0.6333,53.29,85.71,2.2,-7.54,-1.0,-4.06,0.0,HIGH
2026-05-01 02:06:28,1351,0.1957,0.2065,0.6333,53.25,85.28,2.233,-7.11,-1.35,-4.18,0.0,HIGH
2026-05-01 02:06:28,1352,0.1866,0.1856,0.6333,53.22,85.01,2.267,-6.35,-1.2,-2.57,0.0,HIGH
2026-05-01 02:06:28,1353,0.1822,0.1815,0.5933,53.18,84.83,2.3,-5.79,-0.81,-3.03,0.0,HIGH
2026-05-01 02:06:28,1354,0.1836,0.2044,0.6,53.14,84.64,2.333,-6.32,-2.11,-1.25,0.0,HIGH
2026-05-01 02:06:28,1355,0.184,0.2141,0.6067,53.1,84.46,2.367,-6.03,-2.25,-0.87,0.0,HIGH
2026-05-01 02:06:28,1356,0.2032,0.2219,0.6133,53.06,84.02,2.4,-6.35,-3.91,-0.38,0.0,CRITICAL
2026-05-01 02:06:28,1357,0.2059,0.2362,0.62,53.02,83.57,2.433,-6.76,-2.97,-0.66,0.0,CRITICAL
2026-05-01 02:06:28,1358,0.226,0.2544,0.62,52.98,79.61,0.0,-7.8,-1.93,-0.56,0.0,CRITICAL
2026-05-01 02:06:29,1359,0.2143,0.2776,0.62,52.94,76.09,0.033,-12.36,-5.06,-0.1,0.0,CRITICAL
2026-05-01 02:06:29,1360,0.2042,0.255,0.62,52.9,73.05,0.067,13.61,-11.46,-3.71,0.0,CRITICAL
2026-05-01 02:06:29,1361,0.1622,0.2595,0.62,52.86,70.93,0.1,-12.15,-2.64,-1.78,0.0,CRITICAL
2026-05-01 02:06:29,1362,0.1874,0.2595,0.62,52.82,68.66,0.133,15.47,-8.0,-3.87,0.0,CRITICAL
2026-05-01 02:06:29,1363,0.1903,0.2595,0.62,52.79,66.59,0.167,-10.14,-2.37,-2.36,0.0,CRITICAL
2026-05-01 02:06:29,1364,0.1879,0.2599,0.62,52.75,64.77,0.2,-8.67,-1.69,-2.64,0.0,CRITICAL
2026-05-01 02:06:29,1365,0.1686,0.1733,0.6667,52.71,63.44,0.233,-10.73,-1.28,-4.38,0.0,CRITICAL
2026-05-01 02:06:29,1366,0.1715,0.1888,0.6733,52.67,62.23,0.267,-10.79,-0.71,-4.01,0.0,CRITICAL
2026-05-01 02:06:29,1367,0.1842,0.1704,0.68,52.63,60.99,0.3,-13.12,-1.55,-4.03,0.0,CRITICAL
2026-05-01 02:06:29,1368,0.2199,0.1164,0.68,53.91,58.83,0.0,-8.82,-0.52,-4.71,0.0,CRITICAL
2026-05-01 02:06:29,1369,0.2001,0.1487,0.68,53.87,57.18,0.033,-8.42,-1.86,-4.02,0.0,CRITICAL
2026-05-01 02:06:29,1370,0.1999,0.1736,0.68,53.83,55.72,0.067,-8.47,-2.18,-2.68,0.0,CRITICAL
2026-05-01 02:06:29,1371,0.2072,0.1548,0.68,53.79,54.32,0.1,-8.62,-1.6,-2.88,0.0,CRITICAL
2026-05-01 02:06:29,1372,0.1626,0.1129,0.68,53.75,53.75,0.133,-2.64,-1.4,-4.14,0.0,CRITICAL
2026-05-01 02:06:29,1373,0.1774,0.1534,0.68,53.71,53.06,0.167,-0.91,-1.84,-3.9,0.0,CRITICAL
2026-05-01 02:06:29,1374,0.1707,0.1319,0.68,53.67,52.58,0.2,-4.59,-2.21,-1.8,0.0,CRITICAL
2026-05-01 02:06:29,1375,0.1658,0.098,0.7267,53.63,52.26,0.233,-2.61,-3.27,-0.66,0.0,CRITICAL
2026-05-01 02:06:29,1376,0.1596,0.0754,0.7333,53.59,52.12,0.267,-2.58,-3.59,-0.71,0.0,CRITICAL
2026-05-01 02:06:29,1377,0.1876,0.0961,0.74,53.56,51.64,0.3,1.95,-3.1,0.03,0.0,CRITICAL
2026-05-01 02:06:29,1378,0.1706,0.1154,0.7467,53.52,51.49,0.333,1.72,-3.32,-0.23,0.0,CRITICAL
2026-05-01 02:06:29,1379,0.1985,0.0577,0.7533,53.48,51.01,0.367,21.18,-12.99,-1.74,0.0,CRITICAL
2026-05-01 02:06:29,1380,0.1804,0.0793,0.76,53.44,50.89,0.4,21.94,-11.49,-2.13,0.0,CRITICAL
2026-05-01 02:06:29,1381,0.1797,0.1126,0.7667,53.4,50.84,0.433,22.85,-9.64,-2.27,0.0,CRITICAL
2026-05-01 02:06:29,1382,0.1797,0.1126,0.7733,53.36,50.9,0.467,24.95,-9.24,-2.28,0.0,CRITICAL
2026-05-01 02:06:29,1383,0.1757,0.1111,0.78,53.32,51.44,0.5,-7.16,0.0,-0.41,0.0,CRITICAL
2026-05-01 02:06:29,1384,0.1629,0.0555,0.7867,53.29,52.85,0.533,19.62,-10.03,-3.47,0.0,CRITICAL
2026-05-01 02:06:29,1385,0.1723,0.0575,0.7933,53.25,53.41,0.567,20.25,-10.56,-3.31,0.0,CRITICAL
2026-05-01 02:06:29,1386,0.1951,0.0824,0.8,53.21,53.22,0.6,-7.02,-3.22,-0.5,0.0,CRITICAL
2026-05-01 02:06:29,1387,0.1648,0.0799,0.8067,53.17,54.63,0.633,-7.43,-4.45,-1.36,0.0,CRITICAL
2026-05-01 02:06:30,1388,0.1794,0.0438,0.8133,53.13,54.85,0.667,-8.05,-4.8,-0.87,0.0,CRITICAL
2026-05-01 02:06:30,1389,0.2011,0.0824,0.82,53.09,54.62,0.7,-7.65,-4.68,-0.64,0.0,CRITICAL
2026-05-01 02:06:30,1390,0.2303,0.0608,0.82,54.35,52.97,0.0,-6.38,-6.31,-0.56,0.0,CRITICAL
2026-05-01 02:06:30,1391,0.2195,0.0792,0.82,54.31,51.45,0.0,-5.73,-6.67,-0.78,0.0,CRITICAL
2026-05-01 02:06:30,1392,0.2373,0.0392,0.82,54.27,50.06,0.0,-9.13,-5.11,-1.17,0.0,CRITICAL
2026-05-01 02:06:30,1393,0.212,0.02,0.82,54.23,48.93,0.033,-10.6,-5.38,-1.02,0.0,CRITICAL
2026-05-01 02:06:30,1394,0.2072,0.109,0.82,54.19,48.03,0.067,16.63,-14.54,-4.88,0.0,CRITICAL
2026-05-01 02:06:30,1395,0.2222,0.0565,0.82,55.44,46.9,0.0,-7.77,-7.05,-1.39,0.0,CRITICAL
2026-05-01 02:06:30,1396,0.1983,0.0429,0.82,55.4,46.23,0.033,-8.92,-5.43,-1.71,0.0,CRITICAL
2026-05-01 02:06:30,1397,0.2121,0.04,0.82,55.36,45.47,0.067,-7.99,-6.24,0.41,0.0,CRITICAL
2026-05-01 02:06:30,1398,0.2231,0.0192,0.82,56.61,44.55,0.0,-7.72,-5.57,-1.04,0.0,CRITICAL
2026-05-01 02:06:30,1399,0.2072,0.1131,0.82,56.57,43.94,0.033,-10.09,-7.69,-0.11,0.0,CRITICAL
2026-05-01 02:06:30,1400,0.2247,0.098,0.82,56.53,43.14,0.0,-7.26,-7.34,-0.42,0.0,CRITICAL
2026-05-01 02:06:30,1401,0.2222,0.1152,0.82,56.49,42.41,0.0,-9.8,-7.61,-1.99,0.0,CRITICAL
2026-05-01 02:06:30,1402,0.2107,0.1536,0.8133,56.45,41.92,0.033,-8.48,-7.83,-1.24,0.0,CRITICAL
2026-05-01 02:06:30,1403,0.2382,0.164,0.8067,56.41,41.29,0.0,-12.81,-6.62,-1.42,0.0,CRITICAL
2026-05-01 02:06:30,1404,0.2095,0.1607,0.8,56.37,40.9,0.033,-11.64,-6.35,-2.01,0.0,CRITICAL
2026-05-01 02:06:30,1405,0.2282,0.192,0.7933,56.33,40.35,0.0,-11.16,-5.62,-2.25,0.0,CRITICAL
2026-05-01 02:06:30,1406,0.2089,0.2042,0.7867,56.29,40.05,0.033,-17.05,-1.36,-2.91,0.0,CRITICAL
2026-05-01 02:06:30,1407,0.1955,0.1927,0.78,56.25,40.02,0.067,-14.97,-0.9,-3.78,0.0,CRITICAL
2026-05-01 02:06:30,1408,0.2001,0.2,0.7733,56.21,39.99,0.1,-18.43,-1.4,-4.16,0.0,CRITICAL
2026-05-01 02:06:30,1409,0.2013,0.1802,0.7667,56.17,40.01,0.133,-18.28,-3.22,-3.71,0.0,CRITICAL
2026-05-01 02:06:30,1410,0.2084,0.2078,0.76,56.13,39.97,0.167,-20.06,-0.27,-4.52,0.0,CRITICAL
2026-05-01 02:06:30,1411,0.2077,0.222,0.7533,56.09,40.09,0.2,-21.0,0.82,-4.52,0.0,CRITICAL
2026-05-01 02:06:30,1412,0.2047,0.1412,0.7933,56.05,40.6,0.233,-24.22,0.97,-3.67,0.0,CRITICAL
2026-05-01 02:06:30,1413,0.1624,0.0212,0.7933,56.01,43.88,0.267,-24.38,-0.54,-2.46,0.0,CRITICAL
2026-05-01 02:06:30,1414,0.1588,0.0294,0.7933,55.97,46.48,0.3,-24.51,-0.49,-2.64,0.0,CRITICAL
2026-05-01 02:06:30,1415,0.1568,0.0916,0.7533,55.93,48.55,0.333,-27.25,-0.78,-1.31,0.0,CRITICAL
2026-05-01 02:06:30,1416,0.1727,0.0869,0.76,55.89,49.12,0.367,-26.65,0.13,-1.64,0.0,CRITICAL
2026-05-01 02:06:30,1417,0.1757,0.3998,0.7667,55.85,49.55,0.4,-28.27,0.13,-3.13,0.0,CRITICAL
2026-05-01 02:06:30,1418,0.1958,0.4036,0.7733,55.81,49.37,0.433,-28.2,1.09,-3.31,0.0,CRITICAL
2026-05-01 02:06:31,1419,0.1545,0.45,0.78,55.77,51.55,0.467,-25.47,-0.25,-3.28,0.0,CRITICAL
2026-05-01 02:06:31,1420,0.1558,0.3648,0.7867,55.74,53.13,0.5,-28.3,-1.02,-2.71,0.0,CRITICAL
2026-05-01 02:06:31,1421,0.1273,0.384,0.7933,55.7,56.23,0.533,-26.63,-1.15,-2.75,0.0,CRITICAL
2026-05-01 02:06:31,1422,0.191,0.4252,0.8,55.66,55.81,0.567,-25.95,-1.33,-2.32,0.0,CRITICAL
2026-05-01 02:06:31,1423,0.1868,0.4337,0.8067,55.62,55.55,0.6,-25.95,-1.39,-2.31,0.0,CRITICAL
2026-05-01 02:06:31,1424,0.1806,0.4031,0.8133,55.58,55.45,0.633,-26.02,-1.0,-2.66,0.0,CRITICAL
2026-05-01 02:06:31,1425,0.1701,0.3134,0.82,55.54,55.98,0.667,-25.76,-2.4,-2.39,0.0,CRITICAL
2026-05-01 02:06:31,1426,0.1573,0.3329,0.8267,55.5,57.39,0.7,-27.23,1.87,-3.63,0.0,CRITICAL
2026-05-01 02:06:31,1427,0.1552,0.2268,0.8333,55.46,58.68,0.733,-28.88,1.2,-3.45,0.0,CRITICAL
2026-05-01 02:06:31,1428,0.1776,0.2503,0.84,55.42,58.6,0.767,-29.06,1.31,-3.03,0.0,CRITICAL
2026-05-01 02:06:31,1429,0.1661,0.2552,0.8467,55.38,59.26,0.8,-30.0,1.37,-3.49,0.0,CRITICAL
2026-05-01 02:06:31,1430,0.1283,0.235,0.8533,55.35,62.35,0.833,-29.61,2.68,-4.85,0.0,CRITICAL
2026-05-01 02:06:31,1431,0.1559,0.1908,0.86,55.31,62.84,0.867,-29.58,3.49,-5.64,0.0,CRITICAL
2026-05-01 02:06:31,1432,0.1593,0.2396,0.8667,55.27,63.18,0.9,-31.25,3.8,-6.22,0.0,CRITICAL
2026-05-01 02:06:31,1433,0.1798,0.192,0.8733,55.23,62.99,0.933,-28.5,5.01,-6.28,0.0,CRITICAL
2026-05-01 02:06:31,1434,0.1719,0.2354,0.88,55.19,62.99,0.967,-29.64,4.98,-5.75,0.0,CRITICAL
2026-05-01 02:06:31,1435,0.1289,0.2401,0.88,55.15,65.96,1.0,-29.88,5.23,-6.06,0.0,CRITICAL
2026-05-01 02:06:31,1436,0.1491,0.2814,0.88,55.11,66.85,1.033,-30.63,4.79,-6.42,0.0,CRITICAL
2026-05-01 02:06:31,1437,0.1553,0.2764,0.88,55.08,67.27,1.067,-28.48,5.89,-5.74,0.0,CRITICAL
2026-05-01 02:06:31,1438,0.1732,0.3078,0.88,55.04,67.13,1.1,-28.52,5.13,-6.01,0.0,CRITICAL
2026-05-01 02:06:31,1439,0.1548,0.2828,0.88,55.0,67.98,1.133,-26.01,7.62,-5.92,0.0,CRITICAL
2026-05-01 02:06:31,1440,0.1535,0.2914,0.88,54.96,68.86,1.167,-26.26,6.02,-5.84,0.0,CRITICAL
2026-05-01 02:06:31,1441,0.1689,0.2787,0.88,54.92,68.82,1.2,-25.94,4.45,-6.73,0.0,CRITICAL
2026-05-01 02:06:31,1442,0.1786,0.2871,0.88,54.89,68.7,1.233,-27.6,7.57,-7.49,0.0,CRITICAL
2026-05-01 02:06:31,1443,0.1886,0.267,0.88,54.85,68.5,1.267,-26.74,6.49,-7.16,0.0,CRITICAL
2026-05-01 02:06:31,1444,0.1677,0.2321,0.88,54.81,69.27,1.3,-26.61,6.76,-5.94,0.0,CRITICAL
2026-05-01 02:06:31,1445,0.1804,0.2293,0.88,54.77,69.25,1.333,-26.46,8.12,-6.36,0.0,CRITICAL
2026-05-01 02:06:31,1446,0.1862,0.2859,0.88,54.73,69.21,1.367,-27.27,7.68,-5.49,0.0,CRITICAL
2026-05-01 02:06:31,1447,0.186,0.2855,0.88,54.7,69.3,1.4,-26.34,7.18,-4.81,0.0,CRITICAL
2026-05-01 02:06:32,1448,0.1512,0.3204,0.88,54.66,71.82,1.433,-25.95,7.48,-5.16,0.0,CRITICAL
2026-05-01 02:06:32,1449,0.1807,0.2641,0.88,54.62,71.82,1.467,-27.59,5.53,-4.41,0.0,CRITICAL
2026-05-01 02:06:32,1450,0.1529,0.3998,0.88,54.58,73.85,1.5,-26.35,4.36,-3.75,0.0,CRITICAL
2026-05-01 02:06:32,1451,0.1956,0.3074,0.88,54.55,73.58,1.533,-27.6,4.57,-4.38,0.0,CRITICAL
2026-05-01 02:06:32,1452,0.1899,0.2828,0.88,54.51,73.47,1.567,-27.11,5.74,-4.45,0.0,CRITICAL
2026-05-01 02:06:32,1453,0.1705,0.3074,0.88,54.47,74.52,1.6,-25.24,5.82,-4.49,0.0,CRITICAL
2026-05-01 02:06:32,1454,0.18,0.3914,0.88,54.43,74.85,1.633,-26.31,6.17,-4.81,0.0,CRITICAL
2026-05-01 02:06:32,1455,0.1554,0.1891,0.88,54.4,76.88,1.667,-25.86,6.14,-5.35,0.0,CRITICAL
2026-05-01 02:06:32,1456,0.1648,0.2202,0.88,54.36,77.84,1.7,-27.06,5.59,-5.52,0.0,CRITICAL
2026-05-01 02:06:32,1457,0.1836,0.218,0.88,54.32,77.76,1.733,-26.11,5.49,-5.53,0.0,CRITICAL
2026-05-01 02:06:32,1458,0.1559,0.114,0.88,54.28,79.47,1.767,-24.11,4.94,-7.21,0.0,CRITICAL
2026-05-01 02:06:32,1459,0.1387,0.1337,0.88,54.25,81.93,1.8,-25.49,5.69,-7.22,0.0,CRITICAL
2026-05-01 02:06:32,1460,0.1616,0.3467,0.88,54.21,82.31,1.833,-25.17,6.03,-6.53,0.0,CRITICAL
2026-05-01 02:06:32,1461,0.1645,0.3457,0.88,54.17,82.61,1.867,-23.34,6.02,-5.96,0.0,CRITICAL
2026-05-01 02:06:32,1462,0.1651,0.2549,0.88,54.14,83.02,1.9,-24.58,7.93,-6.06,0.0,CRITICAL
2026-05-01 02:06:32,1463,0.2041,0.2396,0.88,54.1,82.56,1.933,-25.27,5.76,-5.56,0.0,CRITICAL
2026-05-01 02:06:32,1464,0.1666,0.1484,0.88,54.06,83.38,1.967,-23.29,6.66,-4.86,0.0,CRITICAL
2026-05-01 02:06:32,1465,0.1869,0.1468,0.88,54.02,83.26,2.0,-23.71,6.37,-5.03,0.0,CRITICAL
2026-05-01 02:06:32,1466,0.1519,0.2832,0.88,53.99,85.02,2.033,-24.91,7.12,-4.59,0.0,CRITICAL
2026-05-01 02:06:32,1467,0.1466,0.3287,0.88,53.95,86.5,2.067,-22.86,9.07,-3.81,0.0,CRITICAL
2026-05-01 02:06:32,1468,0.1705,0.3337,0.88,53.91,86.37,2.1,-24.0,7.85,-3.9,0.0,CRITICAL
2026-05-01 02:06:32,1469,0.1499,0.2656,0.88,53.88,87.17,2.133,-25.54,7.74,-4.0,0.0,CRITICAL
2026-05-01 02:06:32,1470,0.1891,0.2859,0.88,53.84,86.71,2.167,-25.78,7.72,-4.0,0.0,CRITICAL
2026-05-01 02:06:32,1471,0.1609,0.288,0.88,53.8,86.71,2.2,-24.23,8.25,-4.23,0.0,CRITICAL
2026-05-01 02:06:32,1472,0.1804,0.2747,0.88,53.77,86.42,2.233,-23.38,7.99,-3.88,0.0,CRITICAL
2026-05-01 02:06:32,1473,0.1739,0.147,0.88,53.73,86.24,2.267,-24.18,7.18,-4.47,0.0,CRITICAL
2026-05-01 02:06:32,1474,0.1701,0.1455,0.88,53.69,86.14,2.3,-24.35,8.48,-5.05,0.0,CRITICAL
2026-05-01 02:06:32,1475,0.1395,0.2506,0.88,53.66,87.68,2.333,-24.4,8.31,-3.71,0.0,CRITICAL
2026-05-01 02:06:32,1476,0.1488,0.2357,0.88,53.62,88.09,2.367,-22.09,7.36,-3.96,0.0,CRITICAL
2026-05-01 02:06:32,1477,0.1248,0.2266,0.88,53.59,89.89,2.4,-22.39,7.69,-4.74,0.0,CRITICAL
2026-05-01 02:06:32,1478,0.1407,0.2354,0.88,53.55,90.04,2.433,-20.71,8.64,-4.89,0.0,CRITICAL
2026-05-01 02:06:33,1479,0.159,0.2005,0.88,53.51,89.8,2.467,-17.49,7.53,-3.71,0.0,CRITICAL
2026-05-01 02:06:33,1480,0.1694,0.2411,0.88,53.48,89.42,2.5,-18.9,6.17,-3.13,0.0,CRITICAL
2026-05-01 02:06:33,1481,0.1678,0.2072,0.88,53.44,89.1,2.533,-18.28,7.68,-3.33,0.0,CRITICAL
2026-05-01 02:06:33,1482,0.1426,0.2149,0.88,53.41,89.4,2.567,-12.94,8.6,-2.98,0.0,CRITICAL
2026-05-01 02:06:33,1483,0.1606,0.2141,0.88,53.37,89.19,2.6,-13.07,9.03,-3.29,0.0,CRITICAL
2026-05-01 02:06:33,1484,0.1547,0.2505,0.88,53.33,89.07,2.633,-13.62,8.74,-2.66,0.0,CRITICAL
2026-05-01 02:06:33,1485,0.1576,0.237,0.88,53.3,88.93,2.667,-16.26,9.27,-3.23,0.0,CRITICAL
2026-05-01 02:06:33,1486,0.1927,0.2545,0.88,53.26,88.28,2.7,-12.04,8.22,-1.33,0.0,CRITICAL
2026-05-01 02:06:33,1487,0.1988,0.228,0.88,53.23,87.6,2.733,-8.07,5.72,-0.88,0.0,CRITICAL
2026-05-01 02:06:33,1488,0.2004,0.2281,0.88,53.19,86.94,2.767,-9.59,4.88,-0.38,0.0,CRITICAL
2026-05-01 02:06:33,1489,0.2043,0.2037,0.88,53.15,86.28,2.8,-10.06,4.7,0.32,0.0,CRITICAL
2026-05-01 02:06:33,1490,0.2043,0.25,0.88,53.12,85.68,2.833,-10.47,4.83,0.39,0.0,CRITICAL
2026-05-01 02:06:33,1491,0.1899,0.1818,0.88,53.08,85.33,2.867,-8.68,5.14,1.03,0.0,CRITICAL
2026-05-01 02:06:33,1492,0.1979,0.215,0.88,53.05,84.9,2.9,-10.97,5.35,0.28,0.0,CRITICAL
2026-05-01 02:06:33,1493,0.2031,0.2592,0.88,53.01,84.42,2.933,-15.44,4.1,0.12,0.0,CRITICAL
2026-05-01 02:06:33,1494,0.1944,0.2777,0.88,52.98,84.11,2.967,-14.85,3.34,0.27,0.0,CRITICAL
2026-05-01 02:06:33,1495,0.1944,0.2264,0.88,52.94,83.82,3.0,-14.81,1.94,1.92,0.0,CRITICAL
2026-05-01 02:06:33,1496,0.2119,0.3096,0.88,52.91,83.3,3.033,-18.19,3.9,-0.16,0.0,CRITICAL
2026-05-01 02:06:33,1497,0.212,0.2642,0.88,52.87,82.82,3.067,-16.15,3.3,-0.01,0.0,CRITICAL
2026-05-01 02:06:33,1498,0.1795,0.2909,0.88,52.84,82.97,3.1,-15.39,1.76,0.16,0.0,CRITICAL
2026-05-01 02:06:33,1499,0.1984,0.2962,0.88,52.8,82.71,3.133,-14.96,2.23,0.54,0.0,CRITICAL
2026-05-01 02:06:33,1500,0.2078,0.2963,0.88,52.76,82.34,3.167,-16.32,1.42,0.84,0.0,CRITICAL
2026-05-01 02:06:33,1501,0.1937,0.3019,0.84,52.73,82.21,3.2,-16.66,2.2,1.07,0.0,CRITICAL
2026-05-01 02:06:33,1502,0.216,0.3851,0.8467,52.69,81.76,3.233,-16.0,2.26,0.95,0.0,CRITICAL
2026-05-01 02:06:33,1503,0.1841,0.3454,0.8533,52.66,81.99,3.267,-17.51,2.19,2.15,0.0,CRITICAL
2026-05-01 02:06:33,1504,0.193,0.3333,0.86,52.62,81.89,3.3,-18.1,2.31,1.79,0.0,CRITICAL
2026-05-01 02:06:33,1505,0.1921,0.2857,0.8667,52.59,81.81,3.333,-18.12,3.11,1.66,0.0,CRITICAL
2026-05-01 02:06:33,1506,0.2012,0.2462,0.8733,52.55,81.61,3.367,-18.86,3.27,2.18,0.0,CRITICAL
2026-05-01 02:06:33,1507,0.2143,0.2084,0.88,52.52,81.24,3.4,-20.02,2.13,1.46,0.0,CRITICAL
2026-05-01 02:06:34,1508,0.1927,0.2115,0.8867,52.49,81.2,3.433,-17.7,1.31,1.28,0.0,CRITICAL
2026-05-01 02:06:34,1509,0.1734,0.1852,0.8867,52.45,82.31,3.467,-19.49,2.25,1.2,0.0,CRITICAL
2026-05-01 02:06:34,1510,0.1737,0.1852,0.8867,52.42,83.01,3.5,-19.7,2.33,1.31,0.0,CRITICAL
2026-05-01 02:06:34,1511,0.1826,0.2156,0.8467,52.38,82.98,3.533,-19.12,1.13,0.96,0.0,CRITICAL
2026-05-01 02:06:34,1512,0.1973,0.1887,0.8533,52.35,82.74,3.567,-16.71,1.73,0.57,0.0,CRITICAL
2026-05-01 02:06:34,1513,0.21,0.1875,0.86,52.31,82.34,3.6,-14.89,0.23,0.66,0.0,CRITICAL
2026-05-01 02:06:34,1514,0.1917,0.1875,0.8667,52.28,82.23,3.633,-13.86,0.66,0.3,0.0,CRITICAL
2026-05-01 02:06:34,1515,0.2093,0.102,0.8733,52.24,81.88,3.667,-16.89,2.81,0.41,0.0,CRITICAL
2026-05-01 02:06:34,1516,0.2087,0.1064,0.88,52.21,81.56,3.7,-18.33,2.76,-0.83,0.0,CRITICAL
2026-05-01 02:06:34,1517,0.1953,0.125,0.8867,52.17,81.46,3.733,-17.96,2.61,-0.29,0.0,CRITICAL
2026-05-01 02:06:34,1518,0.1913,0.3263,0.8933,52.14,81.43,3.767,-20.18,0.39,-1.25,0.0,CRITICAL
2026-05-01 02:06:34,1519,0.2279,0.3197,0.8867,52.11,77.64,0.0,-18.22,2.69,-1.53,0.0,CRITICAL
2026-05-01 02:06:34,1520,0.1647,0.3035,0.88,52.07,75.0,0.033,-17.86,1.86,-0.75,0.0,CRITICAL
2026-05-01 02:06:34,1521,0.1964,0.2505,0.8733,52.04,72.16,0.067,-17.53,2.94,-0.35,0.0,CRITICAL
2026-05-01 02:06:34,1522,0.1847,0.272,0.8667,52.0,69.78,0.1,-20.01,1.96,-3.88,0.0,CRITICAL
2026-05-01 02:06:34,1523,0.192,0.2588,0.86,51.97,67.54,0.133,-18.8,3.26,-4.21,0.0,CRITICAL
2026-05-01 02:06:34,1524,0.2047,0.2772,0.8533,51.93,65.35,0.167,-19.56,4.0,-4.88,0.0,CRITICAL
2026-05-01 02:06:34,1525,0.1913,0.2425,0.8467,51.9,63.58,0.2,-22.42,3.99,-6.18,0.0,CRITICAL
2026-05-01 02:06:34,1526,0.1658,0.2518,0.8867,51.87,62.39,0.233,-21.89,3.11,-5.97,0.0,CRITICAL
2026-05-01 02:06:34,1527,0.1646,0.1831,0.8867,51.83,61.36,0.267,-20.45,3.16,-6.86,0.0,CRITICAL
2026-05-01 02:06:34,1528,0.2012,0.1606,0.8867,51.8,59.94,0.3,-20.18,2.33,-6.55,0.0,CRITICAL
2026-05-01 02:06:34,1529,0.2084,0.1484,0.8867,51.76,58.58,0.333,-16.54,3.95,-5.19,0.0,CRITICAL
2026-05-01 02:06:34,1530,0.1915,0.1299,0.8867,51.73,57.64,0.367,-19.97,3.41,-4.84,0.0,CRITICAL
2026-05-01 02:06:34,1531,0.2186,0.2304,0.8867,51.7,56.43,0.4,-21.57,4.78,-3.43,0.0,CRITICAL
2026-05-01 02:06:34,1532,0.2028,0.2798,0.8867,51.66,55.6,0.433,-22.82,3.02,-3.63,0.0,CRITICAL
2026-05-01 02:06:34,1533,0.1939,0.2603,0.8467,51.63,55.02,0.467,-23.09,2.84,-3.42,0.0,CRITICAL
2026-05-01 02:06:34,1534,0.2363,0.0425,0.8467,52.77,53.34,0.0,-17.78,2.9,-1.33,0.0,CRITICAL
2026-05-01 02:06:34,1535,0.2054,0.0417,0.8467,52.73,52.05,0.033,-20.19,1.32,-1.16,0.0,CRITICAL
2026-05-01 02:06:35,1536,0.1895,0.1186,0.8467,52.7,51.15,0.067,30.32,-4.83,-3.29,0.0,CRITICAL
2026-05-01 02:06:35,1537,0.1971,0.0363,0.8467,52.67,50.27,0.1,23.92,-4.77,-3.62,0.0,CRITICAL
2026-05-01 02:06:35,1538,0.1815,0.1551,0.8467,52.63,49.75,0.133,31.94,-5.15,-3.08,0.0,CRITICAL
2026-05-01 02:06:35,1539,0.1928,0.1673,0.8467,52.6,49.15,0.167,-3.63,0.41,-2.15,0.0,CRITICAL
2026-05-01 02:06:35,1540,0.2366,0.02,0.8467,53.73,47.94,0.0,5.62,-0.96,-1.56,0.0,CRITICAL
2026-05-01 02:06:35,1541,0.2322,0.0196,0.8467,53.7,46.82,0.0,35.13,-6.33,-2.78,0.0,CRITICAL
2026-05-01 02:06:35,1542,0.2654,0.0958,0.8467,53.66,45.8,0.0,21.23,-6.23,-3.49,0.0,CRITICAL
2026-05-01 02:06:35,1543,0.228,0.1666,0.8467,53.63,44.85,0.0,27.6,-7.53,-2.98,0.0,CRITICAL
2026-05-01 02:06:35,1544,0.2458,0.2,0.8467,53.59,43.99,0.0,-2.52,-1.84,-0.64,0.0,CRITICAL
2026-05-01 02:06:35,1545,0.2245,0.1923,0.8467,53.56,43.19,0.0,31.32,-7.33,-1.8,0.0,CRITICAL
2026-05-01 02:06:35,1546,0.2218,0.1296,0.8467,53.52,42.45,0.0,35.77,-7.63,-2.08,0.0,CRITICAL
2026-05-01 02:06:35,1547,0.1968,0.1371,0.8467,53.49,42.16,0.033,22.76,-8.79,-3.81,0.0,CRITICAL
2026-05-01 02:06:36,1548,0.2135,0.1507,0.8467,53.45,41.7,0.067,-2.07,-5.6,-0.37,0.0,CRITICAL
2026-05-01 02:06:36,1549,0.1912,0.1346,0.8467,53.42,41.66,0.1,-3.74,-5.4,1.58,0.0,CRITICAL
2026-05-01 02:06:36,1550,0.2188,0.2608,0.8467,53.38,41.28,0.133,-4.52,-6.14,0.99,0.0,CRITICAL
2026-05-01 02:06:36,1551,0.2104,0.2549,0.8467,53.35,41.1,0.167,-1.82,-5.86,1.23,0.0,CRITICAL
2026-05-01 02:06:36,1552,0.1799,0.1963,0.8467,53.32,42.6,0.2,39.55,-3.79,0.55,0.0,CRITICAL
2026-05-01 02:06:36,1553,0.1934,0.2325,0.8933,53.28,42.95,0.233,36.85,-5.36,0.18,0.0,CRITICAL
2026-05-01 02:06:36,1554,0.2057,0.2272,0.9,53.25,42.88,0.267,-9.94,-9.35,3.24,0.0,CRITICAL
2026-05-01 02:06:36,1555,0.2324,0.2221,0.9,54.37,42.17,0.0,-5.1,-8.9,3.5,0.0,CRITICAL
2026-05-01 02:06:36,1556,0.2194,0.1136,0.8933,54.34,41.52,0.0,-0.17,-12.23,2.93,0.0,CRITICAL
2026-05-01 02:06:36,1557,0.2,0.2121,0.8867,54.3,41.25,0.033,26.94,-6.91,1.23,0.0,CRITICAL
2026-05-01 02:06:36,1558,0.1828,0.1858,0.88,54.27,41.53,0.067,-3.88,-10.26,5.6,0.0,CRITICAL
2026-05-01 02:06:36,1559,0.2076,0.2453,0.8733,54.23,41.26,0.1,34.88,-6.79,2.05,0.0,CRITICAL
2026-05-01 02:06:36,1560,0.1987,0.2104,0.8667,54.2,41.21,0.133,-3.2,-9.85,6.9,0.0,CRITICAL
2026-05-01 02:06:36,1561,0.198,0.2037,0.86,54.16,41.26,0.167,-0.2,-11.93,7.11,0.0,CRITICAL
2026-05-01 02:06:36,1562,0.1812,0.1304,0.8533,54.13,42.62,0.2,-1.94,-10.91,7.29,0.0,CRITICAL
2026-05-01 02:06:36,1563,0.161,0.1407,0.8933,54.09,45.03,0.233,-9.58,-10.23,8.88,0.0,CRITICAL
2026-05-01 02:06:36,1564,0.1646,0.1924,0.8933,54.06,46.62,0.267,-5.53,-11.36,7.93,0.0,CRITICAL
2026-05-01 02:06:36,1565,0.16,0.192,0.8933,54.02,48.19,0.3,-15.84,-12.36,11.1,0.0,CRITICAL
2026-05-01 02:06:36,1566,0.197,0.1537,0.8933,53.99,47.94,0.333,-13.68,-12.75,11.37,0.0,CRITICAL
2026-05-01 02:06:36,1567,0.2062,0.2496,0.8933,53.95,47.63,0.367,2.44,-14.64,9.97,0.0,CRITICAL
2026-05-01 02:06:36,1568,0.2133,0.0452,0.8933,53.92,47.3,0.4,-8.79,-15.05,11.21,0.0,CRITICAL
2026-05-01 02:06:36,1569,0.188,0.0777,0.8933,53.89,47.82,0.433,-13.29,-16.48,12.29,0.0,CRITICAL
2026-05-01 02:06:36,1570,0.264,0.043,0.8867,55.0,46.71,0.0,-2.21,-18.14,11.17,0.0,CRITICAL
2026-05-01 02:06:36,1571,0.226,0.0439,0.88,54.96,45.7,0.0,-10.87,-16.88,12.6,0.0,CRITICAL
2026-05-01 02:06:36,1572,0.198,0.1281,0.8733,54.93,45.12,0.033,-6.24,-21.48,12.73,0.0,CRITICAL
2026-05-01 02:06:36,1573,0.198,0.1374,0.8667,54.89,44.66,0.067,-14.24,-19.89,13.75,0.0,CRITICAL
2026-05-01 02:06:36,1574,0.1956,0.0764,0.86,54.86,44.32,0.1,-18.31,-18.67,15.07,0.0,CRITICAL
2026-05-01 02:06:36,1575,0.188,0.1198,0.8533,54.82,44.17,0.133,-15.49,-20.54,15.66,0.0,CRITICAL
2026-05-01 02:06:36,1576,0.1532,0.0796,0.8467,54.79,46.05,0.167,-24.52,-20.2,16.66,0.0,CRITICAL
2026-05-01 02:06:36,1577,0.1735,0.0205,0.84,54.75,46.23,0.2,-25.79,-19.02,15.95,0.0,CRITICAL
2026-05-01 02:06:37,1578,0.1965,0.0513,0.88,54.72,45.97,0.233,-15.56,-23.52,16.95,0.0,CRITICAL
2026-05-01 02:06:37,1579,0.1905,0.0293,0.88,54.68,45.88,0.267,-25.21,-17.15,20.2,0.0,CRITICAL
2026-05-01 02:06:37,1580,0.168,0.0461,0.88,54.65,47.19,0.3,-27.85,-16.17,20.26,0.0,CRITICAL
2026-05-01 02:06:37,1581,0.1985,0.0453,0.88,54.61,47.0,0.333,-29.1,-18.87,24.46,0.0,CRITICAL
2026-05-01 02:06:37,1582,0.1841,0.0405,0.88,54.58,47.39,0.367,-28.32,-19.97,24.39,0.0,CRITICAL
2026-05-01 02:06:37,1583,0.2274,0.0544,0.8733,55.68,46.32,0.0,-28.88,-22.44,26.78,0.0,CRITICAL
2026-05-01 02:06:37,1584,0.1887,0.0973,0.8667,55.65,45.83,0.033,-32.12,-21.87,27.87,0.0,CRITICAL
2026-05-01 02:06:37,1585,0.1783,0.0243,0.86,55.61,45.6,0.067,-26.11,-23.09,25.94,0.0,CRITICAL
2026-05-01 02:06:37,1586,0.1901,0.0326,0.8533,55.58,45.26,0.1,-27.35,-22.22,26.75,0.0,CRITICAL
2026-05-01 02:06:37,1587,0.1795,0.1492,0.8467,55.54,45.16,0.133,-31.05,-24.29,27.61,0.0,CRITICAL
2026-05-01 02:06:37,1588,0.1885,0.0917,0.84,55.51,45.0,0.167,-33.78,-21.7,28.73,0.0,CRITICAL
2026-05-01 02:06:37,1589,0.1787,0.0512,0.8333,55.47,45.21,0.2,-34.5,-23.27,29.28,0.0,CRITICAL
2026-05-01 02:06:37,1590,0.1796,0.0312,0.8733,55.44,45.53,0.233,-32.43,-24.21,30.33,0.0,CRITICAL
2026-05-01 02:06:37,1591,0.1852,0.0519,0.8733,55.4,45.62,0.267,-33.99,-22.95,30.09,0.0,CRITICAL
2026-05-01 02:06:37,1592,0.1673,0.0746,0.8733,55.37,47.08,0.3,-30.3,-29.89,27.4,0.0,CRITICAL
2026-05-01 02:06:37,1593,0.1641,0.1504,0.8733,55.33,48.47,0.333,-27.69,-28.84,26.37,0.0,CRITICAL
2026-05-01 02:06:37,1594,0.1769,0.0757,0.8733,55.3,48.81,0.367,-31.07,-26.34,30.28,0.0,CRITICAL
2026-05-01 02:06:37,1595,0.1423,0.0547,0.8733,55.26,51.47,0.4,-34.01,-26.46,31.36,0.0,CRITICAL
2026-05-01 02:06:37,1596,0.1864,0.0555,0.8733,55.23,51.28,0.433,-33.42,-27.37,32.14,0.0,CRITICAL
2026-05-01 02:06:37,1597,0.2032,0.0347,0.8733,55.19,50.92,0.467,-33.81,-27.06,34.4,0.0,CRITICAL
2026-05-01 02:06:37,1598,0.19,0.0351,0.8733,55.16,50.83,0.5,-36.14,-26.11,35.99,0.0,CRITICAL
2026-05-01 02:06:37,1599,0.2004,0.0237,0.8733,55.12,50.66,0.533,-29.52,-27.82,32.09,0.0,CRITICAL
2026-05-01 02:06:37,1600,0.2306,0.0555,0.8667,56.21,49.32,0.0,-27.86,-26.91,31.53,0.0,CRITICAL
2026-05-01 02:06:37,1601,0.2217,0.1317,0.86,56.18,48.1,0.0,-30.2,-24.82,33.73,0.0,CRITICAL
2026-05-01 02:06:37,1602,0.2246,0.1041,0.8533,56.14,46.97,0.0,-32.94,-22.84,33.63,0.0,CRITICAL
2026-05-01 02:06:37,1603,0.2065,0.0736,0.8467,56.11,46.17,0.033,-29.91,-27.31,33.09,0.0,CRITICAL
2026-05-01 02:06:37,1604,0.1788,0.0949,0.84,56.07,45.9,0.067,-34.26,-23.49,31.6,0.0,CRITICAL
2026-05-01 02:06:37,1605,0.2034,0.047,0.8333,56.04,45.35,0.1,-33.15,-24.28,32.08,0.0,CRITICAL
2026-05-01 02:06:37,1606,0.1595,0.0454,0.8267,56.0,46.17,0.133,-31.53,-24.7,31.26,0.0,CRITICAL
2026-05-01 02:06:37,1607,0.1615,0.0495,0.82,55.97,46.82,0.167,-32.53,-24.22,32.88,0.0,CRITICAL
2026-05-01 02:06:38,1608,0.1966,0.0326,0.8133,55.94,46.46,0.2,-30.17,-23.96,33.2,0.0,CRITICAL
2026-05-01 02:06:38,1609,0.2111,0.0521,0.8533,55.9,45.98,0.233,-29.87,-23.54,32.48,0.0,CRITICAL
2026-05-01 02:06:38,1610,0.1407,0.0712,0.8533,55.87,48.76,0.267,-32.12,-23.03,28.67,0.0,CRITICAL
2026-05-01 02:06:38,1611,0.1555,0.0837,0.8533,55.83,49.87,0.3,-31.91,-24.04,29.73,0.0,CRITICAL
2026-05-01 02:06:38,1612,0.1473,0.0955,0.8533,55.8,51.36,0.333,-33.41,-24.84,28.76,0.0,CRITICAL
2026-05-01 02:06:38,1613,0.1503,0.1174,0.8533,55.76,52.37,0.367,-32.35,-24.21,29.25,0.0,CRITICAL
2026-05-01 02:06:38,1614,0.1623,0.0746,0.8533,55.73,52.52,0.4,-28.16,-26.28,27.21,0.0,CRITICAL
2026-05-01 02:06:38,1615,0.1534,0.1876,0.8533,55.69,53.43,0.433,-34.84,-23.72,26.94,0.0,CRITICAL
2026-05-01 02:06:38,1616,0.1688,0.1876,0.8533,55.66,53.39,0.467,-33.31,-24.31,26.59,0.0,CRITICAL
2026-05-01 02:06:38,1617,0.1479,0.128,0.8533,55.62,54.83,0.5,-33.36,-23.09,26.24,0.0,CRITICAL
2026-05-01 02:06:38,1618,0.1495,0.1389,0.8533,55.59,55.91,0.533,-35.0,-23.63,26.04,0.0,CRITICAL
2026-05-01 02:06:38,1619,0.1829,0.068,0.8533,55.56,55.64,0.567,-35.52,-23.01,25.95,0.0,CRITICAL
2026-05-01 02:06:38,1620,0.1726,0.0474,0.8533,55.52,55.6,0.6,-35.92,-22.88,25.53,0.0,CRITICAL
2026-05-01 02:06:38,1621,0.1474,0.0491,0.8533,55.49,57.28,0.633,-36.13,-22.38,24.73,0.0,CRITICAL
2026-05-01 02:06:38,1622,0.1339,0.0433,0.8533,55.45,59.48,0.667,-36.58,-21.24,24.01,0.0,CRITICAL
2026-05-01 02:06:38,1623,0.1331,0.1485,0.8533,55.42,61.21,0.7,-35.92,-23.18,21.8,0.0,CRITICAL
2026-05-01 02:06:38,1624,0.1585,0.1299,0.8533,55.38,61.15,0.733,-34.08,-23.09,22.13,0.0,CRITICAL
2026-05-01 02:06:38,1625,0.1422,0.2544,0.8533,55.35,62.2,0.767,-32.73,-23.01,20.05,0.0,CRITICAL
2026-05-01 02:06:38,1626,0.1543,0.1212,0.8533,55.32,62.36,0.8,-33.7,-20.77,16.42,0.0,CRITICAL
2026-05-01 02:06:38,1627,0.1548,0.0938,0.8533,55.28,62.67,0.833,-35.73,-21.72,18.52,0.0,CRITICAL
2026-05-01 02:06:38,1628,0.087,0.0199,0.8533,55.25,65.31,0.867,-37.91,-17.83,16.78,0.0,CRITICAL
2026-05-01 02:06:38,1629,0.1144,0.0655,0.8533,55.21,67.26,0.9,-38.9,-18.58,17.58,0.0,CRITICAL
2026-05-01 02:06:38,1630,0.166,0.0821,0.8533,55.18,66.95,0.933,-26.62,-16.49,15.52,0.0,CRITICAL
2026-05-01 02:06:38,1631,0.1632,0.1325,0.8533,55.15,66.75,0.967,-29.33,-17.59,17.39,0.0,CRITICAL
2026-05-01 02:06:38,1632,0.1983,0.0194,0.8533,55.11,66.12,1.0,20.12,0.91,13.48,0.0,CRITICAL
2026-05-01 02:06:38,1633,0.1513,0.0961,0.8533,55.08,66.81,1.033,-23.04,-18.71,19.86,0.0,CRITICAL
2026-05-01 02:06:38,1634,0.1443,0.0894,0.8533,55.05,67.95,1.067,-23.05,-18.53,18.66,0.0,CRITICAL
2026-05-01 02:06:38,1635,0.2176,0.0598,0.8533,55.01,67.11,1.1,13.99,-3.23,15.1,0.0,CRITICAL
2026-05-01 02:06:38,1636,0.2449,0.0645,0.8467,54.98,64.46,0.0,10.24,-5.66,15.65,0.0,CRITICAL
2026-05-01 02:06:38,1637,0.1836,0.0232,0.84,54.95,62.6,0.033,-21.49,-19.91,22.16,0.0,CRITICAL
2026-05-01 02:06:39,1638,0.1992,0.0227,0.8333,54.91,60.71,0.067,-20.79,-20.34,22.56,0.0,CRITICAL
2026-05-01 02:06:39,1639,0.2132,0.1827,0.8267,54.88,58.83,0.1,-25.14,-23.58,25.29,0.0,CRITICAL
2026-05-01 02:06:39,1640,0.2017,0.1127,0.82,54.84,57.32,0.133,-20.95,-22.77,22.56,0.0,CRITICAL
2026-05-01 02:06:39,1641,0.1879,0.1587,0.8133,54.81,56.2,0.167,-24.49,-21.25,23.28,0.0,CRITICAL
2026-05-01 02:06:39,1642,0.2275,0.2025,0.8067,55.87,54.42,0.0,-19.58,-24.16,22.19,0.0,CRITICAL
2026-05-01 02:06:39,1643,0.2046,0.1899,0.8,55.84,53.06,0.033,-21.12,-23.63,21.84,0.0,CRITICAL
2026-05-01 02:06:39,1644,0.2163,0.1083,0.7933,55.81,51.69,0.067,9.9,-7.8,13.89,0.0,CRITICAL
2026-05-01 02:06:39,1645,0.2152,0.0631,0.7867,55.77,50.5,0.1,-19.63,-23.13,21.82,0.0,CRITICAL
2026-05-01 02:06:39,1646,0.1717,0.32,0.78,55.74,50.1,0.133,-21.56,-22.89,19.83,0.0,CRITICAL
2026-05-01 02:06:39,1647,0.1819,0.2302,0.7733,55.7,49.63,0.167,-23.74,-22.58,19.21,0.0,CRITICAL
2026-05-01 02:06:39,1648,0.2145,0.1889,0.7667,55.67,48.79,0.2,-23.95,-24.29,18.87,0.0,CRITICAL
2026-05-01 02:06:39,1649,0.1804,0.2375,0.8067,55.64,48.56,0.233,-23.61,-23.2,18.13,0.0,CRITICAL
2026-05-01 02:06:39,1650,0.2043,0.1211,0.8067,55.6,48.06,0.267,-24.2,-20.47,18.1,0.0,CRITICAL
2026-05-01 02:06:39,1651,0.2002,0.145,0.8067,55.57,47.72,0.3,-24.69,-21.65,17.37,0.0,CRITICAL
2026-05-01 02:06:39,1652,0.187,0.117,0.8067,55.54,47.65,0.333,-22.12,-20.84,17.63,0.0,CRITICAL
2026-05-01 02:06:39,1653,0.1843,0.1571,0.8067,55.5,47.8,0.367,-20.73,-21.22,17.64,0.0,CRITICAL
2026-05-01 02:06:39,1654,0.1869,0.1577,0.8067,55.47,47.97,0.4,-21.39,-21.29,17.67,0.0,CRITICAL
2026-05-01 02:06:39,1655,0.2165,0.1955,0.8067,55.43,47.62,0.433,-18.71,-22.96,18.82,0.0,CRITICAL
2026-05-01 02:06:39,1656,0.1865,0.2416,0.8067,55.4,48.37,0.467,-15.59,-22.64,17.03,0.0,CRITICAL
2026-05-01 02:06:39,1657,0.1563,0.1818,0.8067,55.37,51.04,0.5,-17.48,-21.98,16.4,0.0,CRITICAL
2026-05-01 02:06:39,1658,0.1627,0.2252,0.8067,55.33,52.6,0.533,15.95,-2.34,8.87,0.0,CRITICAL
2026-05-01 02:06:39,1659,0.1907,0.1857,0.8067,55.3,52.48,0.567,-19.02,-20.52,14.63,0.0,CRITICAL
2026-05-01 02:06:39,1660,0.162,0.2387,0.8067,55.27,54.08,0.6,-19.54,-20.15,14.03,0.0,CRITICAL
2026-05-01 02:06:39,1661,0.1963,0.3144,0.8067,55.23,53.87,0.633,-20.69,-22.61,15.09,0.0,CRITICAL
2026-05-01 02:06:39,1662,0.1415,0.2443,0.7667,55.2,56.78,0.667,-19.36,-21.4,14.51,0.0,CRITICAL
2026-05-01 02:06:39,1663,0.165,0.2396,0.7733,55.17,57.41,0.7,-14.51,-23.27,13.9,0.0,CRITICAL
2026-05-01 02:06:39,1664,0.1504,0.1528,0.78,55.14,59.0,0.733,-17.73,-21.09,13.44,0.0,CRITICAL
2026-05-01 02:06:39,1665,0.1486,0.1131,0.7867,55.1,60.4,0.767,-20.25,-21.06,14.3,0.0,CRITICAL
2026-05-01 02:06:39,1666,0.2118,0.0622,0.7933,55.07,59.74,0.8,-18.22,-22.53,14.76,0.0,CRITICAL
2026-05-01 02:06:39,1667,0.1998,0.0635,0.8,55.04,59.36,0.833,-19.56,-22.07,15.22,0.0,CRITICAL
2026-05-01 02:06:40,1668,0.176,0.1815,0.8067,55.0,59.62,0.867,-20.39,-24.31,15.69,0.0,CRITICAL
2026-05-01 02:06:40,1669,0.1961,0.1815,0.8133,54.97,59.42,0.9,-22.15,-22.34,16.32,0.0,CRITICAL
2026-05-01 02:06:40,1670,0.1719,0.1649,0.8133,54.94,60.4,0.933,-20.78,-23.71,16.98,0.0,CRITICAL
2026-05-01 02:06:40,1671,0.1728,0.1056,0.8133,54.9,61.23,0.967,-18.29,-22.4,15.93,0.0,CRITICAL
2026-05-01 02:06:40,1672,0.1719,0.104,0.8133,54.87,62.07,1.0,-20.97,-23.84,16.95,0.0,CRITICAL
2026-05-01 02:06:40,1673,0.1754,0.1044,0.8133,54.84,62.64,1.033,-24.35,-24.3,17.34,0.0,CRITICAL
2026-05-01 02:06:40,1674,0.1536,0.1111,0.8133,54.81,64.64,1.067,-22.54,-23.52,16.8,0.0,CRITICAL
2026-05-01 02:06:40,1675,0.1796,0.2244,0.8133,54.77,64.62,1.1,-22.83,-22.84,15.17,0.0,CRITICAL
2026-05-01 02:06:40,1676,0.1867,0.2088,0.8133,54.74,64.55,1.133,-23.08,-24.18,15.96,0.0,CRITICAL
2026-05-01 02:06:40,1677,0.1668,0.2396,0.7733,54.71,65.78,1.167,-24.9,-23.4,13.83,0.0,CRITICAL
2026-05-01 02:06:40,1678,0.1878,0.2214,0.78,54.68,65.71,1.2,-25.04,-20.84,11.83,0.0,CRITICAL
2026-05-01 02:06:40,1679,0.1696,0.2319,0.7867,54.64,66.84,1.233,-25.43,-19.71,12.11,0.0,CRITICAL
2026-05-01 02:06:40,1680,0.1977,0.073,0.7933,54.61,66.66,1.267,-24.02,-22.64,11.3,0.0,CRITICAL
2026-05-01 02:06:40,1681,0.1401,0.0913,0.8,54.58,69.83,1.3,-25.4,-23.54,10.38,0.0,CRITICAL
2026-05-01 02:06:40,1682,0.1604,0.1709,0.8067,54.55,70.84,1.333,-21.01,-23.32,9.81,0.0,CRITICAL
2026-05-01 02:06:40,1683,0.1618,0.192,0.8133,54.51,71.66,1.367,-19.33,-22.68,9.33,0.0,CRITICAL
2026-05-01 02:06:40,1684,0.1397,0.3209,0.82,54.48,73.84,1.4,-25.77,-23.2,10.84,0.0,CRITICAL
2026-05-01 02:06:40,1685,0.1658,0.285,0.8267,54.45,73.85,1.433,-24.16,-24.65,11.24,0.0,CRITICAL
2026-05-01 02:06:40,1686,0.1895,0.2449,0.8333,54.42,73.56,1.467,-24.0,-20.09,10.28,0.0,CRITICAL
2026-05-01 02:06:40,1687,0.164,0.2155,0.84,54.38,74.26,1.5,-22.8,-20.31,10.85,0.0,CRITICAL
2026-05-01 02:06:40,1688,0.1658,0.2114,0.8467,54.35,74.85,1.533,-20.18,-24.54,10.65,0.0,CRITICAL
2026-05-01 02:06:40,1689,0.1854,0.2454,0.8533,54.32,74.71,1.567,-22.52,-20.24,13.7,0.0,CRITICAL
2026-05-01 02:06:40,1690,0.1516,0.2545,0.86,54.29,76.54,1.6,-23.65,-22.4,13.48,0.0,CRITICAL
2026-05-01 02:06:40,1691,0.1913,0.2177,0.8667,54.26,76.29,1.633,-21.85,-23.87,12.33,0.0,CRITICAL
2026-05-01 02:06:40,1692,0.1853,0.1763,0.8733,54.22,76.2,1.667,-22.99,-24.26,12.31,0.0,CRITICAL
2026-05-01 02:06:40,1693,0.1813,0.2416,0.88,54.19,76.35,1.7,-17.1,-20.87,11.7,0.0,CRITICAL
2026-05-01 02:06:40,1694,0.1765,0.2025,0.8867,54.16,76.99,1.733,-18.19,-24.5,13.18,0.0,CRITICAL
2026-05-01 02:06:40,1695,0.1533,0.2396,0.8933,54.13,79.14,1.767,-19.53,-21.0,11.45,0.0,CRITICAL
2026-05-01 02:06:40,1696,0.1782,0.3087,0.9,54.1,79.19,1.8,-18.31,-21.47,10.08,0.0,CRITICAL
2026-05-01 02:06:40,1697,0.1476,0.1906,0.9,54.06,81.43,1.833,-17.59,-21.38,12.81,0.0,CRITICAL
2026-05-01 02:06:41,1698,0.1735,0.1868,0.86,54.03,81.46,1.867,-15.91,-23.0,11.73,0.0,CRITICAL
2026-05-01 02:06:41,1699,0.1595,0.2458,0.8667,54.0,82.63,1.9,-12.5,-17.77,11.14,0.0,CRITICAL
2026-05-01 02:06:41,1700,0.1786,0.3038,0.8733,53.97,82.58,1.933,-12.0,-19.12,11.13,0.0,CRITICAL
2026-05-01 02:06:41,1701,0.1464,0.222,0.88,53.94,84.68,1.967,-11.47,-20.5,10.6,0.0,CRITICAL
2026-05-01 02:06:41,1702,0.1768,0.2025,0.8867,53.9,84.61,2.0,-18.9,-17.78,11.21,0.0,CRITICAL
2026-05-01 02:06:41,1703,0.1827,0.1961,0.8933,53.87,84.45,2.033,-17.0,-18.5,11.33,0.0,CRITICAL
2026-05-01 02:06:41,1704,0.1927,0.1508,0.9,53.84,84.16,2.067,-16.68,-16.16,10.78,0.0,CRITICAL
2026-05-01 02:06:41,1705,0.1648,0.1404,0.9067,53.81,84.78,2.1,-14.28,-17.04,10.12,0.0,CRITICAL
2026-05-01 02:06:41,1706,0.1797,0.157,0.9133,53.78,84.66,2.133,-11.25,-16.5,10.02,0.0,CRITICAL
2026-05-01 02:06:41,1707,0.181,0.1667,0.9133,53.75,84.52,2.167,-13.86,-14.99,8.81,0.0,CRITICAL
2026-05-01 02:06:41,1708,0.1832,0.1512,0.9133,53.72,84.36,2.2,22.56,4.36,5.86,0.0,CRITICAL
2026-05-01 02:06:41,1709,0.1978,0.0605,0.9133,53.68,84.01,2.233,-10.47,-16.13,8.06,0.0,CRITICAL
2026-05-01 02:06:41,1710,0.2211,0.1187,0.9067,53.65,80.01,0.0,-10.1,-13.68,7.27,0.0,CRITICAL
2026-05-01 02:06:41,1711,0.2019,0.1671,0.9,53.62,76.64,0.033,-14.54,-14.07,7.86,0.0,CRITICAL
2026-05-01 02:06:41,1712,0.2105,0.1802,0.8933,53.59,73.46,0.067,-11.6,-13.74,8.42,0.0,CRITICAL
2026-05-01 02:06:41,1713,0.188,0.177,0.8467,53.56,70.93,0.1,-14.06,-11.82,7.3,0.0,CRITICAL
2026-05-01 02:06:41,1714,0.2192,0.2225,0.8467,54.58,67.98,0.0,-16.97,-12.01,8.03,0.0,CRITICAL
2026-05-01 02:06:41,1715,0.2003,0.2198,0.8467,54.55,65.59,0.033,-16.72,-10.79,7.59,0.0,CRITICAL
2026-05-01 02:06:41,1716,0.1819,0.1633,0.8467,54.51,63.72,0.067,-14.26,-12.79,10.05,0.0,CRITICAL
2026-05-01 02:06:41,1717,0.1904,0.1834,0.8467,54.48,61.93,0.1,-15.22,-11.89,9.8,0.0,CRITICAL
2026-05-01 02:06:41,1718,0.1887,0.1377,0.8467,54.45,60.37,0.133,-14.72,-10.19,8.28,0.0,CRITICAL
2026-05-01 02:06:41,1719,0.1804,0.1432,0.8467,54.42,59.1,0.167,-13.81,-11.09,9.23,0.0,CRITICAL
2026-05-01 02:06:41,1720,0.1264,0.1159,0.8467,54.39,58.79,0.2,-17.71,-11.26,10.59,0.0,CRITICAL
2026-05-01 02:06:41,1721,0.1395,0.1205,0.8933,54.36,58.36,0.233,-16.97,-10.36,10.19,0.0,CRITICAL
2026-05-01 02:06:41,1722,0.1868,0.2319,0.8933,54.32,57.33,0.267,-14.97,-11.5,9.96,0.0,CRITICAL
2026-05-01 02:06:41,1723,0.1569,0.2102,0.8933,54.29,56.88,0.3,-14.01,-10.47,9.72,0.0,CRITICAL
2026-05-01 02:06:41,1724,0.1744,0.203,0.8933,54.26,56.26,0.333,-14.9,-12.12,9.93,0.0,CRITICAL
2026-05-01 02:06:41,1725,0.1807,0.2054,0.8933,54.23,55.66,0.367,-15.04,-11.76,11.13,0.0,CRITICAL
2026-05-01 02:06:41,1726,0.1931,0.1629,0.8533,54.2,54.98,0.4,-15.23,-11.6,11.13,0.0,CRITICAL
2026-05-01 02:06:41,1727,0.1673,0.128,0.86,54.17,54.78,0.433,-11.84,-12.6,10.35,0.0,CRITICAL
2026-05-01 02:06:42,1728,0.1673,0.1225,0.8667,54.14,54.66,0.467,-14.12,-12.35,10.37,0.0,CRITICAL
2026-05-01 02:06:42,1729,0.1708,0.1597,0.8733,54.1,54.56,0.5,23.84,5.82,8.33,0.0,CRITICAL
2026-05-01 02:06:42,1730,0.1845,0.1537,0.88,54.07,54.31,0.533,-10.17,-11.53,10.02,0.0,CRITICAL
2026-05-01 02:06:42,1731,0.1639,0.1578,0.8867,54.04,54.9,0.567,-12.65,-13.48,5.83,0.0,CRITICAL
2026-05-01 02:06:42,1732,0.198,0.1917,0.8933,54.01,54.55,0.6,-13.4,-12.85,6.67,0.0,CRITICAL
2026-05-01 02:06:42,1733,0.1628,0.1543,0.9,53.98,55.61,0.633,-12.34,-11.17,6.24,0.0,CRITICAL
2026-05-01 02:06:42,1734,0.1664,0.1546,0.9,53.95,56.32,0.667,-10.86,-10.12,5.91,0.0,CRITICAL
2026-05-01 02:06:42,1735,0.1853,0.2081,0.9,53.92,56.2,0.7,-10.97,-13.43,5.14,0.0,CRITICAL
2026-05-01 02:06:42,1736,0.1464,0.1538,0.9,53.89,58.48,0.733,-13.24,-9.2,2.27,0.0,CRITICAL
2026-05-01 02:06:42,1737,0.1605,0.1763,0.9,53.86,59.3,0.767,-9.63,-7.97,3.11,0.0,CRITICAL
2026-05-01 02:06:42,1738,0.1418,0.1296,0.9,53.82,61.27,0.8,25.04,16.53,4.78,0.0,CRITICAL
2026-05-01 02:06:42,1739,0.1506,0.1697,0.9,53.79,62.23,0.833,-13.97,-5.97,1.8,0.0,CRITICAL
2026-05-01 02:06:42,1740,0.1216,0.2105,0.9,53.76,64.95,0.867,23.03,22.65,4.86,0.0,CRITICAL
2026-05-01 02:06:42,1741,0.1332,0.1579,0.9,53.73,66.23,0.9,24.2,21.84,4.86,0.0,CRITICAL
2026-05-01 02:06:42,1742,0.1527,0.2364,0.9,53.7,66.19,0.933,-7.39,4.54,-1.41,0.0,CRITICAL
2026-05-01 02:06:42,1743,0.1435,0.2321,0.86,53.67,66.86,0.967,17.57,33.48,6.42,0.0,CRITICAL
2026-05-01 02:06:42,1744,0.1738,0.1,0.8667,53.64,66.57,1.0,-8.86,9.09,-2.86,0.0,CRITICAL
2026-05-01 02:06:42,1745,0.1767,0.02,0.8733,53.61,66.32,1.033,-8.66,10.9,-3.15,0.0,CRITICAL
2026-05-01 02:06:42,1746,0.1556,0.0588,0.88,53.58,66.92,1.067,8.28,42.12,6.89,0.0,CRITICAL
2026-05-01 02:06:42,1747,0.1755,0.0425,0.8867,53.55,66.77,1.1,12.57,45.64,6.05,0.0,CRITICAL
2026-05-01 02:06:42,1748,0.145,0.0833,0.8933,53.52,68.37,1.133,11.75,44.71,6.26,0.0,CRITICAL
2026-05-01 02:06:42,1749,0.2294,0.0435,0.8933,53.49,65.62,0.0,10.36,46.22,9.32,0.0,CRITICAL
2026-05-01 02:06:42,1750,0.2119,0.0652,0.8933,53.46,63.25,0.033,12.54,46.04,9.41,0.0,CRITICAL
2026-05-01 02:06:42,1751,0.1952,0.0858,0.8933,53.42,61.37,0.067,-10.19,13.16,-0.21,0.0,CRITICAL
2026-05-01 02:06:42,1752,0.2063,0.0619,0.8933,53.39,59.54,0.1,6.83,45.25,10.08,0.0,CRITICAL
2026-05-01 02:06:42,1753,0.1919,0.0377,0.8867,53.36,58.12,0.133,5.57,44.27,8.85,0.0,CRITICAL
2026-05-01 02:06:42,1754,0.2227,0.0204,0.88,54.36,56.19,0.0,20.84,45.52,11.04,0.0,CRITICAL
2026-05-01 02:06:42,1755,0.1704,0.0,0.8733,54.33,55.18,0.033,15.94,45.78,8.97,0.0,CRITICAL
2026-05-01 02:06:42,1756,0.2581,0.0232,0.8667,54.3,53.49,0.0,23.92,44.81,15.19,0.0,CRITICAL
2026-05-01 02:06:43,1757,0.2376,0.0701,0.86,54.27,51.93,0.0,29.91,2.46,4.03,0.0,CRITICAL
2026-05-01 02:06:43,1758,0.2206,0.095,0.8533,54.24,50.5,0.0,38.27,-4.39,5.05,0.0,CRITICAL
2026-05-01 02:06:43,1759,0.26,0.0936,0.8467,54.2,49.18,0.0,41.03,-5.14,4.69,0.0,CRITICAL
2026-05-01 02:06:43,1760,0.2316,0.1226,0.84,54.17,47.96,0.0,35.01,-0.22,5.23,0.0,CRITICAL
2026-05-01 02:06:43,1761,0.2616,0.1699,0.8333,54.14,46.85,0.0,31.55,0.93,6.13,0.0,CRITICAL
2026-05-01 02:06:43,1762,0.2933,0.0182,0.8267,54.11,45.82,0.0,22.77,3.22,4.0,0.0,CRITICAL
2026-05-01 02:06:43,1763,0.1654,0.208,0.82,54.08,45.71,0.033,46.1,23.27,18.21,0.0,CRITICAL
2026-05-01 02:06:43,1764,0.1838,0.2349,0.8133,54.05,45.41,0.067,45.76,23.32,18.22,0.0,CRITICAL
2026-05-01 02:06:43,1765,0.2528,0.1604,0.8067,55.04,44.49,0.0,46.54,21.65,17.45,0.0,CRITICAL
2026-05-01 02:06:43,1766,0.2377,0.161,0.8,55.01,43.65,0.0,45.25,22.47,17.76,0.0,CRITICAL
2026-05-01 02:06:43,1767,0.2289,0.1983,0.7933,54.98,42.88,0.0,45.02,20.86,17.99,0.0,CRITICAL
2026-05-01 02:06:43,1768,0.2041,0.2757,0.7867,54.95,42.45,0.033,45.38,20.05,18.22,0.0,CRITICAL
2026-05-01 02:06:43,1769,0.1962,0.1635,0.78,54.92,42.22,0.067,44.6,19.61,18.05,0.0,CRITICAL
2026-05-01 02:06:43,1770,0.1716,0.2106,0.7733,54.88,43.12,0.1,44.62,18.02,17.89,0.0,CRITICAL
2026-05-01 02:06:43,1771,0.1719,0.2335,0.7667,54.85,43.93,0.133,44.53,17.72,17.44,0.0,CRITICAL
2026-05-01 02:06:43,1772,0.1696,0.2342,0.76,54.82,44.85,0.167,44.65,16.8,15.36,0.0,CRITICAL
2026-05-01 02:06:43,1773,0.1931,0.2192,0.7533,54.79,44.7,0.2,43.69,16.98,15.36,0.0,CRITICAL
2026-05-01 02:06:43,1774,0.2031,0.1392,0.7933,54.76,44.47,0.233,38.88,17.45,15.44,0.0,CRITICAL
2026-05-01 02:06:43,1775,0.1815,0.1416,0.7933,54.73,45.18,0.267,3.91,-13.0,13.63,0.0,CRITICAL
2026-05-01 02:06:43,1776,0.1701,0.2458,0.7933,54.7,46.6,0.3,39.03,17.07,14.57,0.0,CRITICAL
2026-05-01 02:06:43,1777,0.1919,0.2303,0.7933,54.67,46.55,0.333,36.96,18.77,15.31,0.0,CRITICAL
2026-05-01 02:06:43,1778,0.1644,0.238,0.7933,54.64,48.36,0.367,-14.16,-14.23,14.86,0.0,CRITICAL
2026-05-01 02:06:43,1779,0.1859,0.2653,0.7533,54.61,48.4,0.4,-9.73,-12.72,13.51,0.0,CRITICAL
2026-05-01 02:06:43,1780,0.1263,0.1468,0.76,54.58,52.48,0.433,-5.28,-15.05,12.55,0.0,CRITICAL
2026-05-01 02:06:43,1781,0.1531,0.1804,0.7667,54.55,53.67,0.467,-6.86,-17.57,13.58,0.0,CRITICAL
2026-05-01 02:06:43,1782,0.1713,0.1996,0.7733,54.51,53.63,0.5,-10.38,-18.43,13.52,0.0,CRITICAL
2026-05-01 02:06:43,1783,0.1462,0.2286,0.78,54.48,55.34,0.533,41.46,18.18,12.13,0.0,CRITICAL
2026-05-01 02:06:43,1784,0.1545,0.1737,0.7867,54.45,56.17,0.567,41.55,18.94,11.76,0.0,CRITICAL
2026-05-01 02:06:43,1785,0.1675,0.1445,0.7933,54.42,56.16,0.6,-15.67,-26.94,12.32,0.0,CRITICAL
2026-05-01 02:06:44,1786,0.1747,0.1401,0.8,54.39,56.1,0.633,-15.1,-27.18,12.4,0.0,CRITICAL
2026-05-01 02:06:44,1787,0.1482,0.2018,0.8067,54.36,57.8,0.667,-12.09,-29.19,9.8,0.0,CRITICAL
2026-05-01 02:06:44,1788,0.1367,0.1704,0.8133,54.33,59.88,0.7,-19.78,-29.22,13.82,0.0,CRITICAL
2026-05-01 02:06:44,1789,0.1309,0.1678,0.82,54.3,61.85,0.733,-20.24,-30.66,13.34,0.0,CRITICAL
2026-05-01 02:06:44,1790,0.1632,0.1207,0.8267,54.27,61.73,0.767,-18.45,-31.66,11.42,0.0,CRITICAL
2026-05-01 02:06:44,1791,0.1614,0.1362,0.8333,54.24,61.7,0.8,-15.5,-30.88,10.72,0.0,CRITICAL
2026-05-01 02:06:44,1792,0.1531,0.1294,0.84,54.21,62.35,0.833,-21.4,-28.52,11.19,0.0,CRITICAL
2026-05-01 02:06:44,1793,0.1353,0.1451,0.84,54.18,64.16,0.867,-20.87,-30.7,11.37,0.0,CRITICAL
2026-05-01 02:06:44,1794,0.1797,0.0672,0.84,54.15,63.83,0.9,-13.91,-28.77,11.26,0.0,CRITICAL
2026-05-01 02:06:44,1795,0.1822,0.1407,0.84,54.12,63.55,0.933,-18.81,-29.31,9.0,0.0,CRITICAL
2026-05-01 02:06:44,1796,0.1798,0.1339,0.84,54.09,63.39,0.967,-12.7,-26.88,7.39,0.0,CRITICAL
2026-05-01 02:06:44,1797,0.1539,0.0961,0.84,54.06,64.62,1.0,30.86,26.91,9.51,0.0,CRITICAL
2026-05-01 02:06:44,1798,0.1658,0.1254,0.84,54.03,64.91,1.033,-10.91,-23.99,7.85,0.0,CRITICAL
2026-05-01 02:06:44,1799,0.1373,0.0661,0.84,54.0,67.16,1.067,36.19,30.74,14.55,0.0,CRITICAL
2026-05-01 02:06:44,1800,0.1708,0.0354,0.84,54.0,67.07,1.1,35.27,30.65,12.95,0.0,CRITICAL
2026-05-01 02:06:44,1801,0.1588,0.1041,0.84,54.0,67.68,1.133,33.18,38.24,15.68,0.0,CRITICAL
2026-05-01 02:06:44,1802,0.1693,0.1022,0.84,54.0,67.67,1.167,34.14,34.14,14.32,0.0,CRITICAL
2026-05-01 02:06:44,1803,0.1751,0.1082,0.84,54.0,67.64,1.2,40.01,32.15,9.81,0.0,CRITICAL
2026-05-01 02:06:44,1804,0.1498,0.0736,0.84,54.0,69.37,1.233,-16.93,7.06,16.9,0.0,CRITICAL
2026-05-01 02:06:44,1805,0.1491,0.1429,0.84,54.0,70.78,1.267,-11.59,2.31,15.73,0.0,CRITICAL
2026-05-01 02:06:44,1806,0.1527,0.1109,0.84,54.0,71.71,1.3,-10.82,1.71,16.6,0.0,CRITICAL
2026-05-01 02:06:44,1807,0.1668,0.1109,0.84,54.0,71.7,1.333,-12.41,5.8,15.84,0.0,CRITICAL
2026-05-01 02:06:44,1808,0.1625,0.124,0.84,54.0,72.17,1.367,-10.86,5.1,15.44,0.0,CRITICAL
2026-05-01 02:06:44,1809,0.1748,0.1468,0.84,54.0,72.12,1.4,2.64,5.28,13.33,0.0,CRITICAL
2026-05-01 02:06:44,1810,0.1712,0.1599,0.84,54.0,72.38,1.433,6.11,6.01,13.33,0.0,CRITICAL
2026-05-01 02:06:44,1811,0.1386,0.0732,0.84,54.0,74.87,1.467,8.79,8.54,12.41,0.0,CRITICAL
2026-05-01 02:06:44,1812,0.1467,0.1261,0.84,54.0,76.22,1.5,4.39,9.39,11.98,0.0,CRITICAL
2026-05-01 02:06:44,1813,0.1834,0.1066,0.84,54.0,75.94,1.533,5.45,14.23,11.69,0.0,CRITICAL
2026-05-01 02:06:44,1814,0.1911,0.1066,0.84,54.0,75.63,1.567,4.28,14.08,10.72,0.0,CRITICAL
2026-05-01 02:06:45,1815,0.1874,0.0912,0.84,54.0,75.45,1.6,5.28,11.35,10.01,0.0,CRITICAL
2026-05-01 02:06:45,1816,0.182,0.0718,0.84,54.0,75.42,1.633,5.68,9.71,8.32,0.0,CRITICAL
2026-05-01 02:06:45,1817,0.1733,0.0786,0.84,54.0,76.11,1.667,3.94,9.06,8.5,0.0,CRITICAL
2026-05-01 02:06:45,1818,0.1629,0.072,0.84,54.0,77.46,1.7,13.12,10.82,7.8,0.0,CRITICAL
2026-05-01 02:06:45,1819,0.1636,0.0769,0.84,54.0,78.54,1.733,8.49,9.95,8.01,0.0,CRITICAL
2026-05-01 02:06:45,1820,0.1624,0.0923,0.84,54.0,79.56,1.767,16.09,11.11,4.44,0.0,CRITICAL
2026-05-01 02:06:45,1821,0.1819,0.1103,0.84,54.0,79.48,1.8,15.69,10.88,4.93,0.0,CRITICAL
2026-05-01 02:06:45,1822,0.2014,0.0908,0.84,54.0,79.19,1.833,31.07,-8.47,4.42,0.0,CRITICAL
2026-05-01 02:06:45,1823,0.1974,0.0554,0.84,54.0,79.02,1.867,30.93,-8.24,5.33,0.0,CRITICAL
2026-05-01 02:06:45,1824,0.1911,0.0754,0.84,54.0,79.03,1.9,28.92,-4.67,3.7,0.0,CRITICAL
2026-05-01 02:06:45,1825,0.202,0.1176,0.84,54.0,78.92,1.933,10.72,14.25,2.23,0.0,CRITICAL
2026-05-01 02:06:45,1826,0.1908,0.1176,0.84,54.0,79.47,1.967,29.54,-3.47,4.23,0.0,CRITICAL
2026-05-01 02:06:45,1827,0.2111,0.1345,0.84,54.0,79.31,2.0,10.29,13.23,2.34,0.0,CRITICAL
2026-05-01 02:06:45,1828,0.2334,0.0979,0.8333,54.0,75.68,0.0,10.12,13.41,2.67,0.0,CRITICAL
2026-05-01 02:06:45,1829,0.1834,0.1205,0.8267,54.0,72.93,0.033,34.66,-5.46,2.94,0.0,CRITICAL
2026-05-01 02:06:45,1830,0.1939,0.133,0.82,54.0,70.29,0.067,34.45,-5.89,3.4,0.0,CRITICAL
2026-05-01 02:06:45,1831,0.1728,0.1205,0.8133,54.0,68.24,0.1,32.67,-4.15,3.13,0.0,CRITICAL
2026-05-01 02:06:45,1832,0.175,0.0725,0.8067,54.0,66.37,0.133,29.49,-7.08,3.84,0.0,CRITICAL
2026-05-01 02:06:45,1833,0.1464,0.0713,0.8,54.0,65.12,0.167,31.35,-7.02,3.38,0.0,CRITICAL
2026-05-01 02:06:45,1834,0.2018,0.0545,0.7933,54.0,63.22,0.2,32.17,-6.23,3.24,0.0,CRITICAL
2026-05-01 02:06:45,1835,0.2018,0.0545,0.8333,54.0,61.53,0.233,32.86,-6.73,3.15,0.0,CRITICAL
2026-05-01 02:06:45,1836,0.1982,0.1269,0.8333,54.0,60.08,0.267,13.36,12.46,3.33,0.0,CRITICAL
2026-05-01 02:06:45,1837,0.2055,0.0925,0.8333,54.0,58.7,0.3,11.98,12.06,3.06,0.0,CRITICAL
2026-05-01 02:06:45,1838,0.18,0.0792,0.8333,54.0,57.86,0.333,13.37,9.7,3.06,0.0,CRITICAL
2026-05-01 02:06:45,1839,0.1971,0.0607,0.8333,54.0,56.88,0.367,12.83,10.65,2.45,0.0,CRITICAL
2026-05-01 02:06:45,1840,0.1602,0.0413,0.8333,54.0,56.59,0.4,32.39,-6.49,3.23,0.0,CRITICAL
2026-05-01 02:06:45,1841,0.1982,0.0725,0.8333,53.0,55.82,0.433,31.21,-7.64,3.75,0.0,CRITICAL
2026-05-01 02:06:45,1842,0.2088,0.0754,0.8333,53.0,55.01,0.467,10.25,12.23,3.42,0.0,CRITICAL
2026-05-01 02:06:45,1843,0.1799,0.0377,0.8333,53.0,54.74,0.5,11.28,8.83,1.94,0.0,CRITICAL
2026-05-01 02:06:45,1844,0.1762,0.0357,0.8333,53.0,54.6,0.533,11.68,9.83,2.17,0.0,CRITICAL
2026-05-01 02:06:46,1845,0.188,0.0908,0.8333,53.0,54.36,0.567,12.35,9.44,3.81,0.0,CRITICAL
2026-05-01 02:06:46,1846,0.1806,0.0943,0.8333,53.0,54.31,0.6,31.84,-7.43,3.34,0.0,CRITICAL
2026-05-01 02:06:46,1847,0.1978,0.0181,0.8333,53.0,54.06,0.633,29.86,-7.97,3.61,0.0,CRITICAL
2026-05-01 02:06:46,1848,0.1898,0.0356,0.8333,53.0,54.0,0.667,31.83,-7.86,3.73,0.0,CRITICAL
2026-05-01 02:06:46,1849,0.2051,0.1248,0.8333,53.0,53.78,0.7,30.72,-7.73,3.27,0.0,CRITICAL
2026-05-01 02:06:46,1850,0.2016,0.1109,0.8333,53.0,53.69,0.733,28.57,-7.04,2.81,0.0,CRITICAL
2026-05-01 02:06:46,1851,0.1984,0.0438,0.8333,53.0,53.76,0.767,26.44,-9.31,3.31,0.0,CRITICAL
2026-05-01 02:06:46,1852,0.2009,0.0377,0.8333,53.0,53.89,0.8,28.8,-10.14,3.39,0.0,CRITICAL
2026-05-01 02:06:46,1853,0.1968,0.0195,0.7933,53.0,54.49,0.833,29.41,-10.56,3.24,0.0,CRITICAL
2026-05-01 02:06:46,1854,0.1727,0.0555,0.8,53.0,56.66,0.867,34.85,-9.05,2.92,0.0,CRITICAL
2026-05-01 02:06:46,1855,0.1746,0.0384,0.8067,53.0,58.19,0.9,32.76,-9.05,3.19,0.0,CRITICAL
2026-05-01 02:06:46,1856,0.1776,0.1271,0.8133,53.0,59.24,0.933,31.36,-9.96,2.58,0.0,CRITICAL
2026-05-01 02:06:46,1857,0.1892,0.0925,0.82,53.0,59.43,0.967,28.56,-10.47,2.88,0.0,CRITICAL
2026-05-01 02:06:46,1858,0.1601,0.0739,0.8267,53.0,61.65,1.0,10.92,10.71,3.85,0.0,CRITICAL
2026-05-01 02:06:46,1859,0.1634,0.0565,0.8333,53.0,63.13,1.033,13.07,9.69,3.29,0.0,CRITICAL
2026-05-01 02:06:46,1860,0.1533,0.0,0.84,53.0,64.99,1.067,29.94,-9.37,3.23,0.0,CRITICAL
2026-05-01 02:06:46,1861,0.1694,0.0282,0.8467,53.0,65.41,1.1,29.73,-11.04,4.29,0.0,CRITICAL
2026-05-01 02:06:46,1862,0.1579,0.0199,0.8533,53.0,66.66,1.133,10.55,8.97,4.83,0.0,CRITICAL
2026-05-01 02:06:46,1863,0.1485,0.0796,0.86,53.0,68.32,1.167,30.09,-10.96,4.75,0.0,CRITICAL
2026-05-01 02:06:46,1864,0.1534,0.1015,0.8667,53.0,69.33,1.2,32.12,-9.41,4.91,0.0,CRITICAL
2026-05-01 02:06:46,1865,0.1503,0.115,0.8667,53.0,70.43,1.233,30.83,-8.34,3.97,0.0,CRITICAL
2026-05-01 02:06:46,1866,0.1767,0.0941,0.8667,53.0,70.26,1.267,30.49,-8.18,4.9,0.0,CRITICAL
2026-05-01 02:06:46,1867,0.1818,0.0598,0.8667,53.0,70.09,1.3,11.71,9.25,5.32,0.0,CRITICAL
2026-05-01 02:06:46,1868,0.1718,0.0585,0.8667,53.0,70.29,1.333,11.45,8.36,4.93,0.0,CRITICAL
2026-05-01 02:06:46,1869,0.1981,0.0564,0.8667,53.0,69.99,1.367,14.89,9.07,4.21,0.0,CRITICAL
2026-05-01 02:06:46,1870,0.2078,0.0391,0.8667,53.0,69.63,1.4,11.69,9.45,4.43,0.0,CRITICAL
2026-05-01 02:06:46,1871,0.1926,0.0564,0.8667,53.0,69.57,1.433,30.12,-8.36,4.75,0.0,CRITICAL
2026-05-01 02:06:46,1872,0.1941,0.0369,0.8667,53.0,69.56,1.467,12.12,9.4,4.16,0.0,CRITICAL
2026-05-01 02:06:46,1873,0.1863,0.0185,0.8667,53.0,70.24,1.5,12.5,8.74,4.12,0.0,CRITICAL
2026-05-01 02:06:46,1874,0.2011,0.0739,0.8667,53.0,70.18,1.533,32.32,-8.72,3.61,0.0,CRITICAL
2026-05-01 02:06:47,1875,0.2005,0.0923,0.8667,53.0,70.23,1.567,31.83,-9.35,3.82,0.0,CRITICAL
2026-05-01 02:06:47,1876,0.1857,0.0998,0.8667,53.0,71.45,1.6,11.93,8.41,3.04,0.0,CRITICAL
2026-05-01 02:06:47,1877,0.1736,0.0191,0.8667,53.0,73.26,1.633,12.36,7.68,5.41,0.0,CRITICAL
2026-05-01 02:06:47,1878,0.1849,0.0389,0.8667,53.0,73.96,1.667,32.18,-9.49,5.35,0.0,CRITICAL
2026-05-01 02:06:47,1879,0.1649,0.0,0.8667,53.0,75.94,1.7,33.97,-10.91,5.08,0.0,CRITICAL
2026-05-01 02:06:47,1880,0.1614,0.0184,0.8667,53.0,77.69,1.733,34.15,-10.5,4.91,0.0,CRITICAL
2026-05-01 02:06:47,1881,0.1902,0.0998,0.8667,53.0,77.59,1.767,32.1,-10.7,2.77,0.0,CRITICAL
2026-05-01 02:06:47,1882,0.1747,0.0576,0.8667,53.0,78.4,1.8,31.87,-9.78,2.77,0.0,CRITICAL
2026-05-01 02:06:47,1883,0.1929,0.0181,0.8667,53.0,78.31,1.833,30.42,-10.7,4.12,0.0,CRITICAL
2026-05-01 02:06:47,1884,0.2009,0.0369,0.8667,53.0,78.17,1.867,31.94,-11.74,3.43,0.0,CRITICAL
2026-05-01 02:06:47,1885,0.1708,0.0383,0.8667,53.0,79.77,1.9,33.36,-11.57,3.77,0.0,CRITICAL
2026-05-01 02:06:47,1886,0.1855,0.0399,0.8667,53.0,80.11,1.933,31.06,-10.97,4.2,0.0,CRITICAL
2026-05-01 02:06:47,1887,0.1815,0.0767,0.8667,53.0,80.84,1.967,30.69,-12.54,3.66,0.0,CRITICAL
2026-05-01 02:06:47,1888,0.1927,0.0909,0.8667,53.0,80.84,2.0,36.08,-12.75,2.43,0.0,CRITICAL
2026-05-01 02:06:47,1889,0.2013,0.0892,0.8667,53.0,80.71,2.033,37.19,-12.35,2.77,0.0,CRITICAL
2026-05-01 02:06:47,1890,0.1657,0.0553,0.8667,53.0,82.48,2.067,29.33,-11.47,5.14,0.0,CRITICAL
2026-05-01 02:06:47,1891,0.1807,0.0564,0.8667,53.0,82.67,2.1,28.44,-11.73,4.99,0.0,CRITICAL
2026-05-01 02:06:47,1892,0.1899,0.0586,0.8267,53.0,82.56,2.133,29.55,-11.57,3.89,0.0,CRITICAL
2026-05-01 02:06:47,1893,0.1934,0.0598,0.8333,53.0,82.42,2.167,29.58,-10.12,4.81,0.0,CRITICAL
2026-05-01 02:06:47,1894,0.1828,0.0922,0.84,53.0,82.49,2.2,15.96,8.0,4.87,0.0,CRITICAL
2026-05-01 02:06:47,1895,0.1936,0.1108,0.8467,53.0,82.35,2.233,14.04,7.54,4.76,0.0,CRITICAL
2026-05-01 02:06:47,1896,0.1885,0.0455,0.8533,53.0,82.29,2.267,12.64,4.75,5.89,0.0,CRITICAL
2026-05-01 02:06:47,1897,0.2043,0.0383,0.86,53.0,82.0,2.3,31.04,-14.36,4.92,0.0,CRITICAL
2026-05-01 02:06:47,1898,0.176,0.0552,0.8667,53.0,82.66,2.333,33.79,-11.1,5.09,0.0,CRITICAL
2026-05-01 02:06:47,1899,0.1731,0.0382,0.8733,53.0,83.27,2.367,33.22,-12.24,4.24,0.0,CRITICAL
2026-05-01 02:06:47,1900,0.1763,0.0191,0.88,53.0,83.47,2.4,33.11,-13.04,3.98,0.0,CRITICAL
2026-05-01 02:06:47,1901,0.1675,0.0542,0.8867,53.0,84.16,2.433,35.67,-12.75,4.33,0.0,CRITICAL
2026-05-01 02:06:47,1902,0.1573,0.0184,0.8933,53.0,85.25,2.467,14.88,5.66,5.09,0.0,CRITICAL
2026-05-01 02:06:47,1903,0.1641,0.0445,0.9,53.0,85.53,2.5,15.28,7.67,6.71,0.0,CRITICAL
2026-05-01 02:06:47,1904,0.148,0.0382,0.9067,53.0,86.75,2.533,14.58,5.89,6.04,0.0,CRITICAL
2026-05-01 02:06:47,1905,0.1783,0.0736,0.9133,52.0,86.48,2.567,32.71,-13.19,4.8,0.0,CRITICAL
2026-05-01 02:06:48,1906,0.1609,0.094,0.92,52.0,86.54,2.6,32.16,-10.96,4.35,0.0,CRITICAL
2026-05-01 02:06:48,1907,0.166,0.1127,0.9267,52.0,86.47,2.633,30.57,-11.7,4.27,0.0,CRITICAL
2026-05-01 02:06:48,1908,0.142,0.0541,0.9333,52.0,87.73,2.667,37.45,-13.01,4.85,0.0,CRITICAL
2026-05-01 02:06:48,1909,0.1464,0.0348,0.94,52.0,88.28,2.7,36.78,-13.4,4.27,0.0,CRITICAL
2026-05-01 02:06:48,1910,0.1386,0.0,0.9467,52.0,89.13,2.733,15.51,6.01,3.82,0.0,CRITICAL
2026-05-01 02:06:48,1911,0.1645,0.0192,0.9533,52.0,88.88,2.767,16.03,4.98,3.91,0.0,CRITICAL
2026-05-01 02:06:48,1912,0.1457,0.0412,0.96,52.0,89.07,2.8,35.56,-11.21,4.17,0.0,CRITICAL
2026-05-01 02:06:48,1913,0.153,0.0184,0.9667,52.0,88.99,2.833,36.0,-11.13,5.58,0.0,CRITICAL
2026-05-01 02:06:48,1914,0.1491,0.0369,0.9733,52.0,88.97,2.867,35.41,-11.79,4.66,0.0,CRITICAL
2026-05-01 02:06:48,1915,0.1582,0.0923,0.98,52.0,88.82,2.9,33.59,-12.16,3.98,0.0,CRITICAL
2026-05-01 02:06:48,1916,0.1698,0.0789,0.9867,52.0,88.52,2.933,31.56,-11.63,4.52,0.0,CRITICAL
2026-05-01 02:06:48,1917,0.1783,0.0199,0.9933,52.0,88.12,2.967,30.73,-13.54,3.46,0.0,CRITICAL
2026-05-01 02:06:48,1918,0.17,0.0191,0.9933,52.0,87.87,3.0,32.9,-14.43,3.56,0.0,CRITICAL
2026-05-01 02:06:48,1919,0.1592,0.0732,0.9933,52.0,87.79,3.033,35.45,-12.32,5.55,0.0,CRITICAL
2026-05-01 02:06:48,1920,0.151,0.0178,0.9933,52.0,88.02,3.067,34.87,-12.45,5.16,0.0,CRITICAL
2026-05-01 02:06:48,1921,0.1839,0.0573,0.9933,52.0,87.57,3.1,33.07,-12.71,4.61,0.0,CRITICAL
2026-05-01 02:06:48,1922,0.1627,0.0573,0.9933,52.0,87.47,3.133,34.89,-12.91,4.36,0.0,CRITICAL
2026-05-01 02:06:48,1923,0.1605,0.0362,0.9933,52.0,87.41,3.167,33.55,-13.51,4.72,0.0,CRITICAL
2026-05-01 02:06:48,1924,0.1771,0.1404,0.9933,52.0,87.11,3.2,32.26,-13.12,6.3,0.0,CRITICAL
2026-05-01 02:06:48,1925,0.1631,0.1577,0.9933,52.0,87.04,3.233,32.83,-10.44,6.53,0.0,CRITICAL
2026-05-01 02:06:48,1926,0.1739,0.0561,0.9933,52.0,86.82,3.267,13.85,7.19,7.27,0.0,CRITICAL
2026-05-01 02:06:48,1927,0.1799,0.0592,0.9933,52.0,86.53,3.3,31.29,-11.64,6.74,0.0,CRITICAL
2026-05-01 02:06:48,1928,0.1734,0.0532,0.9933,52.0,86.36,3.333,34.96,-11.96,6.5,0.0,CRITICAL
2026-05-01 02:06:48,1929,0.1466,0.0522,0.9933,52.0,87.37,3.367,35.3,-12.38,6.15,0.0,CRITICAL
2026-05-01 02:06:48,1930,0.1423,0.0374,0.9933,52.0,88.3,3.4,31.1,-13.13,6.13,0.0,CRITICAL
2026-05-01 02:06:48,1931,0.1451,0.0367,0.9933,52.0,88.73,3.433,32.0,-11.94,5.7,0.0,CRITICAL
2026-05-01 02:06:48,1932,0.1458,0.0191,0.9933,52.0,88.96,3.467,33.27,-12.24,6.17,0.0,CRITICAL
2026-05-01 02:06:48,1933,0.1506,0.0375,0.9933,52.0,88.93,3.5,34.58,-12.6,5.82,0.0,CRITICAL
2026-05-01 02:06:48,1934,0.1555,0.0777,0.9933,52.0,88.82,3.533,30.65,-12.83,6.5,0.0,CRITICAL
2026-05-01 02:06:49,1935,0.1521,0.0594,0.9933,52.0,88.78,3.567,28.47,-11.67,6.87,0.0,CRITICAL
2026-05-01 02:06:49,1936,0.163,0.1742,0.9933,52.0,88.58,3.6,17.7,6.51,6.57,0.0,CRITICAL
2026-05-01 02:06:49,1937,0.1749,0.0541,0.9933,52.0,88.22,3.633,16.64,7.34,6.79,0.0,CRITICAL
2026-05-01 02:06:49,1938,0.1525,0.056,0.9933,52.0,88.21,3.667,14.82,8.99,7.19,0.0,CRITICAL
2026-05-01 02:06:49,1939,0.1632,0.1835,0.9933,52.0,88.05,3.7,12.31,6.34,8.47,0.0,CRITICAL
2026-05-01 02:06:49,1940,0.1626,0.1947,0.9933,52.0,87.92,3.733,12.76,6.75,8.93,0.0,CRITICAL
2026-05-01 02:06:49,1941,0.1784,0.083,0.9933,52.0,87.56,3.767,10.5,7.48,8.57,0.0,CRITICAL
2026-05-01 02:06:49,1942,0.1679,0.0988,0.9933,52.0,87.38,3.8,11.5,7.19,8.78,0.0,CRITICAL
2026-05-01 02:06:49,1943,0.1415,0.1266,0.9933,52.0,88.36,3.833,6.41,11.23,7.35,0.0,CRITICAL
2026-05-01 02:06:49,1944,0.1777,0.0439,0.9933,52.0,87.98,3.867,24.36,-11.0,7.82,0.0,CRITICAL
2026-05-01 02:06:49,1945,0.1745,0.0862,0.9933,52.0,87.67,3.9,26.21,-10.9,8.07,0.0,CRITICAL
2026-05-01 02:06:49,1946,0.1609,0.0462,0.9933,52.0,87.59,3.933,32.13,-10.06,7.95,0.0,CRITICAL
2026-05-01 02:06:49,1947,0.1749,0.0872,0.9933,52.0,87.31,3.967,30.04,-11.99,7.02,0.0,CRITICAL
2026-05-01 02:06:49,1948,0.1953,0.0969,0.9933,52.0,86.75,4.0,34.58,-9.63,8.7,0.0,CRITICAL
2026-05-01 02:06:49,1949,0.1936,0.0416,0.9933,52.0,86.27,4.033,34.02,-11.77,9.69,0.0,CRITICAL
2026-05-01 02:06:49,1950,0.2155,0.063,0.9933,52.0,85.5,4.067,34.2,-7.68,12.94,0.0,CRITICAL
2026-05-01 02:06:49,1951,0.2044,0.0938,0.9933,52.0,84.95,4.1,34.33,-2.56,14.66,0.0,CRITICAL
2026-05-01 02:06:49,1952,0.1988,0.1119,0.9933,52.0,84.54,4.133,31.68,-1.24,14.78,0.0,CRITICAL
2026-05-01 02:06:49,1953,0.215,0.0805,0.9933,52.0,83.91,4.167,24.48,6.33,14.85,0.0,CRITICAL
2026-05-01 02:06:49,1954,0.2345,0.1241,0.9867,52.0,79.92,0.0,14.36,27.14,11.27,0.0,CRITICAL
2026-05-01 02:06:49,1955,0.2517,0.117,0.98,52.0,76.25,0.0,25.38,6.61,13.07,0.0,CRITICAL
2026-05-01 02:06:49,1956,0.2449,0.1618,0.9733,52.0,72.87,0.0,24.61,7.6,13.18,0.0,CRITICAL
2026-05-01 02:06:49,1957,0.2616,0.0601,0.9667,52.0,69.76,0.0,26.92,6.37,12.09,0.0,CRITICAL
2026-05-01 02:06:49,1958,0.2601,0.0744,0.96,52.0,66.9,0.0,29.32,4.39,11.99,0.0,CRITICAL
2026-05-01 02:06:49,1959,0.2785,0.1295,0.9533,52.0,64.27,0.0,29.22,2.71,10.81,0.0,CRITICAL
2026-05-01 02:06:49,1960,0.2728,0.1776,0.9467,52.0,61.84,0.0,28.8,3.42,13.29,0.0,CRITICAL
2026-05-01 02:06:49,1961,0.2876,0.1557,0.94,52.0,59.62,0.0,30.03,2.91,12.85,0.0,CRITICAL
2026-05-01 02:06:49,1962,0.2918,0.0825,0.9333,52.0,57.57,0.0,26.89,2.92,10.62,0.0,CRITICAL
2026-05-01 02:06:49,1963,0.3011,0.0833,0.9267,52.0,55.68,0.0,26.69,3.49,11.34,0.0,CRITICAL
2026-05-01 02:06:49,1964,0.3029,0.0789,0.92,52.0,53.95,0.0,32.97,2.36,9.36,0.0,CRITICAL
2026-05-01 02:06:50,1965,0.29,0.1146,0.9133,52.0,52.35,0.0,32.08,1.95,9.76,0.0,CRITICAL
2026-05-01 02:06:50,1966,0.3172,0.0777,0.9067,52.0,50.88,0.0,32.02,1.98,10.24,0.0,CRITICAL
2026-05-01 02:06:50,1967,0.29,0.0777,0.9,52.0,49.53,0.0,33.06,1.54,10.22,0.0,CRITICAL
2026-05-01 02:06:50,1968,0.3302,0.1299,0.8933,52.0,48.29,0.0,35.16,1.06,10.33,0.0,CRITICAL
2026-05-01 02:06:50,1969,0.3244,0.1663,0.8867,52.0,47.15,0.0,36.76,0.79,10.38,0.0,CRITICAL
2026-05-01 02:06:50,1970,0.2966,0.0846,0.88,52.0,46.1,0.0,31.4,-0.81,8.13,0.01,CRITICAL
2026-05-01 02:06:50,1971,0.2968,0.1036,0.8333,51.0,45.13,0.0,30.49,-1.69,8.27,0.04,CRITICAL
2026-05-01 02:06:50,1972,0.3008,0.0819,0.8333,51.0,44.25,0.0,30.91,-5.23,7.58,0.11,CRITICAL
2026-05-01 02:06:50,1973,0.27,0.0593,0.8333,51.0,43.45,0.0,37.87,-6.48,6.73,0.23,CRITICAL
2026-05-01 02:06:50,1974,0.2763,0.0922,0.8333,51.0,42.72,0.0,37.97,-7.28,5.79,0.32,CRITICAL
2026-05-01 02:06:50,1975,0.2262,0.1213,0.8333,51.0,42.06,0.0,36.37,-9.62,4.15,0.45,CRITICAL
2026-05-01 02:06:50,1976,0.2255,0.0997,0.8333,51.0,41.46,0.0,37.27,-8.25,6.23,0.56,CRITICAL
2026-05-01 02:06:50,1977,0.1938,0.0554,0.8333,51.0,41.34,0.033,40.86,-7.07,5.03,0.7,CRITICAL
2026-05-01 02:06:50,1978,0.2006,0.0363,0.8333,51.0,41.21,0.067,41.47,-8.49,4.44,0.84,CRITICAL
2026-05-01 02:06:50,1979,0.1922,0.0398,0.8267,51.0,41.48,0.1,39.26,-10.32,4.9,0.97,CRITICAL
2026-05-01 02:06:50,1980,0.1781,0.0391,0.82,51.0,42.85,0.133,38.52,-9.3,4.51,1.09,CRITICAL
2026-05-01 02:06:50,1981,0.1675,0.0753,0.8133,51.0,44.7,0.167,40.07,-10.09,4.17,1.21,CRITICAL
2026-05-01 02:06:50,1982,0.1962,0.0391,0.8067,51.0,44.63,0.2,37.07,-10.82,4.25,1.37,CRITICAL
2026-05-01 02:06:50,1983,0.1866,0.0391,0.8467,51.0,45.24,0.233,37.66,-11.58,4.37,1.52,CRITICAL
2026-05-01 02:06:50,1984,0.216,0.1452,0.8467,51.0,44.97,0.267,41.53,-12.91,1.45,1.67,CRITICAL
2026-05-01 02:06:50,1985,0.2169,0.1307,0.8467,51.0,44.77,0.3,41.92,-13.38,1.31,1.83,CRITICAL
2026-05-01 02:06:50,1986,0.2231,0.0391,0.84,52.0,44.07,0.0,37.84,-11.82,2.93,1.98,CRITICAL
2026-05-01 02:06:50,1987,0.2214,0.0724,0.8333,52.0,43.43,0.0,39.22,-11.01,4.13,2.12,CRITICAL
2026-05-01 02:06:50,1988,0.2415,0.0874,0.8267,52.0,42.86,0.0,39.64,-10.92,4.1,2.27,CRITICAL
2026-05-01 02:06:50,1989,0.2454,0.0791,0.82,52.0,42.35,0.0,36.05,-9.43,2.68,2.46,CRITICAL
2026-05-01 02:06:50,1990,0.2521,0.0797,0.8133,52.0,41.89,0.0,36.1,-8.21,4.04,2.61,CRITICAL
2026-05-01 02:06:50,1991,0.2406,0.0575,0.8067,52.0,41.48,0.0,38.02,-10.85,4.09,2.77,CRITICAL
2026-05-01 02:06:50,1992,0.2601,0.0767,0.8,52.0,41.12,0.0,36.61,-9.99,4.58,2.92,CRITICAL
2026-05-01 02:06:50,1993,0.2899,0.0824,0.7933,52.0,40.79,0.0,34.25,-8.97,2.61,3.06,CRITICAL
2026-05-01 02:06:50,1994,0.2672,0.0979,0.7867,52.0,40.51,0.0,35.26,-8.61,3.52,3.21,CRITICAL
2026-05-01 02:06:51,1995,0.2508,0.0658,0.78,52.0,40.26,0.0,32.89,-8.26,4.05,3.38,CRITICAL
2026-05-01 02:06:51,1996,0.2496,0.0942,0.7733,52.0,40.04,0.0,35.56,-8.01,4.12,3.59,CRITICAL
2026-05-01 02:06:51,1997,0.2495,0.113,0.7667,52.0,39.86,0.0,36.34,-8.08,4.08,3.78,CRITICAL
2026-05-01 02:06:51,1998,0.2732,0.074,0.76,52.0,39.71,0.0,37.39,-7.28,3.29,3.97,CRITICAL
2026-05-01 02:06:51,1999,0.2715,0.0754,0.7533,52.0,39.59,0.0,37.1,-7.55,2.88,4.19,CRITICAL
2026-05-01 02:06:51,2000,0.2229,0.1171,0.7467,52.0,39.49,0.0,34.2,-8.6,4.79,4.35,CRITICAL
2026-05-01 02:06:51,2001,0.2418,0.1129,0.74,52.0,39.41,0.0,34.6,-8.85,4.36,4.54,CRITICAL
2026-05-01 02:06:51,2002,0.2357,0.0192,0.7333,52.0,39.36,0.0,36.96,-6.92,4.38,4.75,CRITICAL
2026-05-01 02:06:51,2003,0.224,0.0192,0.7267,52.0,39.32,0.0,37.24,-7.31,4.4,4.88,CRITICAL
2026-05-01 02:06:51,2004,0.234,0.0421,0.72,52.0,39.3,0.0,38.08,-6.89,3.56,5.01,CRITICAL
2026-05-01 02:06:51,2005,0.2157,0.0429,0.7133,52.0,39.7,0.033,38.57,-8.52,3.19,5.12,CRITICAL
2026-05-01 02:06:51,2006,0.2029,0.0376,0.7067,52.0,41.09,0.067,39.71,-10.12,3.5,5.29,CRITICAL
2026-05-01 02:06:51,2007,0.1976,0.0586,0.7,52.0,42.62,0.1,37.39,-8.2,4.51,5.42,CRITICAL
2026-05-01 02:06:51,2008,0.197,0.0575,0.6933,52.0,43.94,0.133,39.64,-11.54,2.46,5.56,CRITICAL
2026-05-01 02:06:51,2009,0.2053,0.0391,0.6867,52.0,44.6,0.167,38.42,-14.13,2.78,5.78,CRITICAL
2026-05-01 02:06:51,2010,0.203,0.063,0.68,52.0,45.49,0.2,38.24,-13.35,3.25,6.0,CRITICAL
2026-05-01 02:06:51,2011,0.1724,0.0271,0.72,52.0,48.34,0.233,39.97,-10.63,5.53,6.19,CRITICAL
2026-05-01 02:06:51,2012,0.1833,0.0382,0.72,52.0,49.79,0.267,41.2,-10.35,5.56,6.31,CRITICAL
2026-05-01 02:06:51,2013,0.1841,0.0904,0.72,52.0,50.97,0.3,40.15,-10.98,4.71,6.46,CRITICAL
2026-05-01 02:06:51,2014,0.1893,0.0889,0.72,52.0,51.7,0.333,40.51,-11.58,4.63,6.6,CRITICAL
2026-05-01 02:06:51,2015,0.2031,0.0815,0.72,51.0,51.67,0.367,36.83,-8.4,3.61,6.76,CRITICAL
2026-05-01 02:06:51,2016,0.1737,0.0815,0.72,51.0,53.76,0.4,35.43,-9.96,3.56,6.94,CRITICAL
2026-05-01 02:06:51,2017,0.1839,0.0941,0.72,51.0,54.77,0.433,39.53,-10.93,3.98,7.11,CRITICAL
2026-05-01 02:06:51,2018,0.1784,0.0957,0.72,51.0,56.08,0.467,38.01,-12.25,4.01,7.27,CRITICAL
2026-05-01 02:06:51,2019,0.1888,0.0835,0.72,51.0,56.54,0.5,34.68,-14.95,6.2,7.36,CRITICAL
2026-05-01 02:06:51,2020,0.2311,0.0796,0.7133,52.0,55.34,0.0,33.54,-12.56,4.8,7.51,CRITICAL
2026-05-01 02:06:51,2021,0.2124,0.0623,0.7067,52.0,54.4,0.033,31.24,-14.04,5.09,7.59,CRITICAL
2026-05-01 02:06:51,2022,0.2645,0.0766,0.7,52.0,53.38,0.0,36.17,-12.05,4.73,7.74,CRITICAL
2026-05-01 02:06:51,2023,0.2644,0.0766,0.6933,52.0,52.46,0.0,36.5,-11.19,5.03,7.86,CRITICAL
2026-05-01 02:06:51,2024,0.2751,0.0199,0.6867,52.0,51.62,0.0,32.77,-13.46,3.97,7.99,CRITICAL
2026-05-01 02:06:52,2025,0.2758,0.0203,0.68,52.0,50.86,0.0,32.28,-15.23,4.15,8.11,CRITICAL
2026-05-01 02:06:52,2026,0.2458,0.0751,0.6733,52.0,50.17,0.0,36.63,-12.14,4.13,8.19,CRITICAL
2026-05-01 02:06:52,2027,0.2655,0.0957,0.6667,52.0,49.55,0.0,38.82,-13.35,4.0,8.37,CRITICAL
2026-05-01 02:06:52,2028,0.2705,0.0766,0.66,52.0,48.98,0.0,37.67,-15.43,3.37,8.5,CRITICAL
2026-05-01 02:06:52,2029,0.2846,0.0829,0.6533,52.0,48.48,0.0,32.27,-15.49,4.94,8.67,CRITICAL
2026-05-01 02:06:52,2030,0.2659,0.0995,0.6467,52.0,48.03,0.0,33.91,-12.72,4.38,8.83,CRITICAL
2026-05-01 02:06:52,2031,0.2432,0.0635,0.64,52.0,47.62,0.0,28.46,-14.51,4.98,9.01,CRITICAL
2026-05-01 02:06:52,2032,0.2493,0.065,0.6333,52.0,47.26,0.0,27.78,-13.53,4.67,9.11,CRITICAL
2026-05-01 02:06:52,2033,0.2307,0.1054,0.6267,52.0,46.93,0.0,14.63,5.33,5.67,9.13,CRITICAL
2026-05-01 02:06:52,2034,0.2643,0.02,0.62,52.0,46.64,0.0,35.5,-11.0,3.34,9.28,CRITICAL
2026-05-01 02:06:52,2035,0.2644,0.0391,0.6133,52.0,46.38,0.0,37.52,-12.55,2.27,9.44,CRITICAL
2026-05-01 02:06:52,2036,0.2616,0.0599,0.6067,52.0,46.16,0.0,35.33,-14.12,2.99,9.58,CRITICAL
2026-05-01 02:06:52,2037,0.2718,0.0791,0.6,52.0,45.96,0.0,34.91,-13.37,3.32,9.68,CRITICAL
2026-05-01 02:06:52,2038,0.2597,0.0598,0.5933,52.0,45.79,0.0,31.4,-12.29,3.96,9.76,CRITICAL
2026-05-01 02:06:52,2039,0.2513,0.0609,0.5867,52.0,45.63,0.0,31.33,-12.37,4.52,9.82,CRITICAL
2026-05-01 02:06:52,2040,0.2408,0.0399,0.58,52.0,45.49,0.0,32.05,-14.05,3.46,9.86,CRITICAL
2026-05-01 02:06:52,2041,0.2334,0.0398,0.5733,52.0,45.36,0.0,31.71,-14.82,4.17,9.9,CRITICAL
2026-05-01 02:06:52,2042,0.2538,0.1062,0.5667,52.0,45.24,0.0,29.61,-12.95,3.14,9.92,CRITICAL
2026-05-01 02:06:52,2043,0.2501,0.1714,0.56,52.0,45.14,0.0,31.14,-14.55,2.83,9.94,CRITICAL
2026-05-01 02:06:52,2044,0.2443,0.1611,0.5533,52.0,45.05,0.0,9.72,3.32,3.02,9.96,CRITICAL
2026-05-01 02:06:52,2045,0.2466,0.2207,0.5467,52.0,44.96,0.0,8.99,-0.55,2.32,9.97,CRITICAL
2026-05-01 02:06:52,2046,0.2814,0.1275,0.54,52.0,44.88,0.0,10.29,0.58,2.89,9.94,CRITICAL
2026-05-01 02:06:52,2047,0.2308,0.225,0.5333,52.0,44.8,0.0,-0.79,-3.12,4.79,9.9,CRITICAL
2026-05-01 02:06:52,2048,0.2331,0.1749,0.5267,52.0,44.72,0.0,-1.67,-1.55,5.15,9.83,CRITICAL
2026-05-01 02:06:52,2049,0.2595,0.1174,0.52,52.0,44.64,0.0,3.47,-29.91,1.56,9.75,CRITICAL
2026-05-01 02:06:52,2050,0.2556,0.0799,0.5133,52.0,44.56,0.0,-4.18,-4.31,4.63,9.64,CRITICAL
2026-05-01 02:06:52,2051,0.2743,0.1396,0.5067,52.0,44.48,0.0,-10.68,-3.81,5.82,9.53,CRITICAL
2026-05-01 02:06:52,2052,0.2606,0.1996,0.5,52.0,44.39,0.0,-10.07,-5.9,6.53,9.39,CRITICAL
2026-05-01 02:06:52,2053,0.2392,0.1274,0.4933,52.0,44.3,0.0,-10.86,-2.95,5.81,9.25,CRITICAL
2026-05-01 02:06:52,2054,0.2371,0.144,0.4867,52.0,44.21,0.0,-9.7,-2.92,5.88,9.09,CRITICAL
2026-05-01 02:06:52,2055,0.2396,0.1805,0.48,52.0,44.1,0.0,-10.01,-3.49,5.97,8.92,CRITICAL
2026-05-01 02:06:53,2056,0.242,0.2,0.4733,52.0,44.0,0.0,-12.28,-2.12,5.29,8.75,CRITICAL
2026-05-01 02:06:53,2057,0.2528,0.1969,0.4667,52.0,43.88,0.0,-11.93,-2.36,5.88,8.55,CRITICAL
2026-05-01 02:06:53,2058,0.2516,0.137,0.46,52.0,43.76,0.0,-13.27,-3.02,5.75,8.35,CRITICAL
2026-05-01 02:06:53,2059,0.2571,0.1412,0.4533,52.0,43.63,0.0,-13.17,-4.17,6.19,8.14,CRITICAL
2026-05-01 02:06:53,2060,0.2122,0.1774,0.4467,52.0,43.72,0.033,-8.55,-0.85,4.24,7.91,CRITICAL
2026-05-01 02:06:53,2061,0.2345,0.1457,0.44,52.0,43.55,0.0,-4.3,-0.64,3.58,7.68,CRITICAL
2026-05-01 02:06:53,2062,0.2348,0.1887,0.4333,52.0,43.39,0.0,-7.55,-2.92,2.47,7.45,CRITICAL
2026-05-01 02:06:53,2063,0.2192,0.1873,0.4267,52.0,43.21,0.0,-6.15,-0.61,3.89,7.21,CRITICAL
2026-05-01 02:06:53,2064,0.2303,0.1967,0.42,52.0,43.03,0.0,-1.94,-5.85,4.19,6.95,CRITICAL
2026-05-01 02:06:53,2065,0.2133,0.1222,0.4133,52.0,42.99,0.033,3.39,-1.8,4.38,6.7,CRITICAL
2026-05-01 02:06:53,2066,0.222,0.1548,0.4067,52.0,42.78,0.0,5.11,-2.97,2.66,6.45,CRITICAL
2026-05-01 02:06:53,2067,0.2045,0.0894,0.4,52.0,43.06,0.033,-1.09,-6.1,5.61,6.2,CRITICAL
2026-05-01 02:06:53,2068,0.2264,0.1041,0.3933,52.0,42.76,0.0,-0.74,-4.44,4.02,5.94,CRITICAL
2026-05-01 02:06:53,2069,0.2238,0.0858,0.3867,52.0,42.41,0.0,0.12,-8.13,3.85,5.69,CRITICAL
2026-05-01 02:06:53,2070,0.2231,0.1413,0.38,52.0,42.01,0.0,1.13,-8.5,2.82,5.43,CRITICAL
2026-05-01 02:06:53,2071,0.2318,0.1064,0.3733,51.0,41.57,0.0,11.1,-30.5,-0.06,5.17,CRITICAL
2026-05-01 02:06:53,2072,0.2326,0.3416,0.3667,51.0,41.09,0.0,-2.63,-9.2,4.65,4.92,CRITICAL
2026-05-01 02:06:53,2073,0.2732,0.3104,0.36,51.0,40.58,0.0,-3.06,-11.45,6.09,4.66,CRITICAL
2026-05-01 02:06:53,2074,0.2607,0.1966,0.3533,51.0,40.03,0.0,-1.69,-13.55,3.87,4.4,CRITICAL
2026-05-01 02:06:53,2075,0.2667,0.1966,0.3467,51.0,39.45,0.0,0.04,-12.73,3.62,4.13,CRITICAL
2026-05-01 02:06:53,2076,0.2614,0.2734,0.34,51.0,38.84,0.0,-1.2,-13.13,5.75,3.85,CRITICAL
2026-05-01 02:06:53,2077,0.2815,0.251,0.3333,51.0,38.21,0.0,-2.52,-11.94,6.09,3.56,CRITICAL
2026-05-01 02:06:53,2078,0.2484,0.372,0.3267,51.0,37.55,0.0,-0.78,-10.83,5.6,3.28,CRITICAL
2026-05-01 02:06:53,2079,0.2641,0.2834,0.32,51.0,36.86,0.0,8.47,-35.43,1.39,3.02,CRITICAL
2026-05-01 02:06:53,2080,0.2804,0.2399,0.3133,51.0,36.16,0.0,2.14,-10.93,4.85,2.78,CRITICAL
2026-05-01 02:06:53,2081,0.2917,0.358,0.3067,51.0,35.45,0.0,0.06,-14.51,7.04,2.56,CRITICAL
2026-05-01 02:06:53,2082,0.2797,0.3846,0.3,50.0,34.72,0.0,-0.27,-12.13,7.47,2.35,CRITICAL
2026-05-01 02:06:53,2083,0.2621,0.434,0.2933,50.0,33.98,0.0,-0.17,-8.03,7.3,2.16,CRITICAL
2026-05-01 02:06:53,2084,0.2718,0.3693,0.2867,50.0,33.24,0.0,-0.34,-9.27,6.83,1.99,CRITICAL
2026-05-01 02:06:54,2085,0.2429,0.4635,0.28,50.0,32.48,0.0,0.18,-9.64,6.44,1.83,CRITICAL
2026-05-01 02:06:54,2086,0.2435,0.4349,0.2733,50.0,31.73,0.0,0.96,-8.43,6.8,1.68,CRITICAL
2026-05-01 02:06:54,2087,0.2495,0.4709,0.2667,50.0,30.97,0.0,-0.74,-4.98,8.26,1.55,CRITICAL
2026-05-01 02:06:54,2088,0.2251,0.4307,0.26,50.0,30.2,0.0,-1.71,-6.95,8.16,1.43,CRITICAL
2026-05-01 02:06:54,2089,0.2402,0.5667,0.2533,50.0,29.44,0.0,-0.82,-0.57,6.75,1.31,CRITICAL
2026-05-01 02:06:54,2090,0.2376,0.5325,0.2467,50.0,28.67,0.0,1.18,-2.0,6.02,1.21,CRITICAL
2026-05-01 02:06:54,2091,0.2279,0.4229,0.24,50.0,27.91,0.0,2.95,2.35,6.13,1.11,LOW
2026-05-01 02:06:54,2092,0.2376,0.4248,0.2333,50.0,27.14,0.0,2.42,5.15,6.93,1.02,LOW
2026-05-01 02:06:54,2093,0.2163,0.4042,0.2267,50.0,26.48,0.033,3.81,4.59,5.86,0.94,LOW
2026-05-01 02:06:54,2094,0.2163,0.2776,0.22,50.0,25.86,0.067,4.47,5.76,6.89,0.86,LOW
2026-05-01 02:06:54,2095,0.2188,0.3185,0.2133,50.0,25.26,0.1,3.61,5.67,7.16,0.8,LOW
2026-05-01 02:06:54,2096,0.224,0.3475,0.2067,51.0,24.47,0.0,4.82,4.63,5.84,0.73,LOW
2026-05-01 02:06:54,2097,0.221,0.3611,0.16,51.0,23.37,0.0,3.67,5.89,6.05,0.67,LOW
2026-05-01 02:06:54,2098,0.2092,0.4894,0.16,51.0,22.55,0.033,1.25,3.66,6.27,0.62,LOW
2026-05-01 02:06:54,2099,0.2006,0.5,0.16,51.0,21.97,0.067,2.03,3.34,6.32,0.57,LOW
2026-05-01 02:06:54,2100,0.2079,0.4088,0.16,51.0,21.39,0.1,3.89,4.18,4.74,0.52,LOW
2026-05-01 02:06:54,2101,0.2264,0.3261,0.16,52.0,20.52,0.0,6.77,2.32,4.23,0.48,LOW
2026-05-01 02:06:54,2102,0.2149,0.3126,0.16,52.0,19.83,0.033,7.14,2.26,3.89,0.44,LOW
2026-05-01 02:06:54,2103,0.2125,0.3413,0.16,52.0,19.29,0.067,1.48,2.46,4.91,0.41,LOW
2026-05-01 02:06:54,2104,0.2144,0.3604,0.16,52.0,18.81,0.1,1.51,0.61,5.53,0.38,LOW
2026-05-01 02:06:54,2105,0.2158,0.3846,0.16,52.0,18.41,0.133,4.18,1.64,4.47,0.35,LOW
2026-05-01 02:06:54,2106,0.1976,0.3541,0.16,52.0,18.36,0.167,5.39,3.14,4.13,0.32,LOW
2026-05-01 02:06:54,2107,0.2063,0.3549,0.16,52.0,18.24,0.2,4.04,1.62,4.92,0.29,LOW
2026-05-01 02:06:54,2108,0.2241,0.3424,0.16,53.0,17.6,0.0,5.67,4.57,5.43,0.27,LOW
2026-05-01 02:06:54,2109,0.2022,0.3879,0.16,53.0,17.32,0.033,2.61,3.71,6.04,0.25,LOW
2026-05-01 02:06:54,2110,0.1944,0.5029,0.16,53.0,17.22,0.067,-1.82,5.65,4.75,0.23,LOW
2026-05-01 02:06:54,2111,0.2202,0.436,0.16,54.0,16.66,0.0,1.59,2.92,5.32,0.21,LOW
2026-05-01 02:06:54,2112,0.1911,0.2504,0.16,54.0,16.61,0.033,2.76,4.5,3.84,0.19,LOW
2026-05-01 02:06:54,2113,0.1954,0.1709,0.16,54.0,16.55,0.067,1.28,5.47,3.66,0.18,LOW
2026-05-01 02:06:54,2114,0.1541,0.2354,0.16,54.0,19.21,0.1,26.73,-16.69,2.1,0.16,LOW
2026-05-01 02:06:55,2115,0.1673,0.2354,0.16,54.0,20.33,0.133,26.05,-16.25,2.2,0.15,LOW
2026-05-01 02:06:55,2116,0.1839,0.0849,0.16,54.0,20.31,0.167,21.94,-18.43,0.91,0.14,LOW
2026-05-01 02:06:55,2117,0.1442,0.0,0.16,54.0,23.01,0.2,29.02,-14.9,0.86,0.13,LOW
2026-05-01 02:06:55,2118,0.1597,0.02,0.2067,54.0,25.65,0.233,29.61,-15.0,1.63,0.12,LOW
2026-05-01 02:06:55,2119,0.1705,0.0213,0.2133,54.0,27.15,0.267,28.89,-12.01,0.26,0.11,LOW
2026-05-01 02:06:55,2120,0.1623,0.0,0.22,54.0,29.12,0.3,34.14,-12.67,0.14,0.1,LOW
2026-05-01 02:06:55,2121,0.1709,0.0208,0.2267,54.0,30.33,0.333,34.72,-14.04,1.49,0.09,LOW
2026-05-01 02:06:55,2122,0.1559,0.0208,0.2333,54.0,32.54,0.367,32.37,-13.92,1.77,0.08,LOW
2026-05-01 02:06:55,2123,0.19,0.0217,0.24,54.0,32.49,0.4,22.13,-14.28,2.79,0.08,LOW
2026-05-01 02:06:55,2124,0.1922,0.0217,0.2467,54.0,32.58,0.433,25.02,-13.48,3.3,0.07,LOW
2026-05-01 02:06:55,2125,0.2241,0.0434,0.2467,55.0,31.48,0.0,26.9,-11.91,1.57,0.07,LOW
2026-05-01 02:06:55,2126,0.2129,0.0217,0.2467,55.0,30.6,0.033,28.71,-10.35,1.91,0.06,LOW
2026-05-01 02:06:55,2127,0.217,0.0321,0.24,55.0,29.74,0.067,21.64,-11.57,3.1,0.06,LOW
2026-05-01 02:06:55,2128,0.2245,0.0213,0.2333,56.0,28.76,0.0,30.58,-9.24,3.05,0.05,LOW
2026-05-01 02:06:55,2129,0.2126,0.0,0.1867,56.0,27.63,0.033,32.93,-10.87,2.27,0.05,LOW
2026-05-01 02:06:55,2130,0.209,0.0434,0.1867,56.0,26.69,0.067,31.82,-12.5,2.39,0.04,LOW
2026-05-01 02:06:55,2131,0.209,0.0443,0.1867,56.0,25.89,0.1,31.82,-12.5,2.39,0.04,LOW
2026-05-01 02:06:55,2132,0.1964,0.0217,0.1867,56.0,25.39,0.133,28.14,-12.03,1.54,0.04,LOW
2026-05-01 02:06:55,2133,0.2162,0.0217,0.1867,56.0,24.7,0.167,25.81,-12.02,2.5,0.03,LOW
2026-05-01 02:06:55,2134,0.2162,0.02,0.1867,56.0,24.12,0.2,37.05,-11.68,1.66,0.03,LOW
2026-05-01 02:06:55,2135,0.2232,0.0,0.1867,57.0,23.21,0.0,37.2,-10.94,1.67,0.03,LOW
2026-05-01 02:06:55,2136,0.2036,0.0192,0.1867,56.0,22.65,0.033,34.42,-13.61,2.8,0.03,LOW
2026-05-01 02:06:55,2137,0.1915,0.0196,0.1867,56.0,22.37,0.067,34.56,-13.57,2.58,0.02,LOW
2026-05-01 02:06:55,2138,0.2078,0.1237,0.1867,56.0,21.93,0.1,41.2,-12.76,2.15,0.02,LOW
2026-05-01 02:06:55,2139,0.2354,0.1853,0.1867,57.0,21.19,0.0,34.45,-16.35,1.91,0.02,LOW
2026-05-01 02:06:55,2140,0.2319,0.1822,0.1867,57.0,20.51,0.0,33.9,-15.04,1.8,0.02,LOW
2026-05-01 02:06:55,2141,0.2081,0.1696,0.1867,57.0,20.1,0.033,25.53,-16.99,1.42,0.02,LOW
2026-05-01 02:06:55,2142,0.2171,0.1709,0.1867,57.0,19.65,0.067,26.24,-15.59,1.91,0.02,LOW
2026-05-01 02:06:55,2143,0.2256,0.3192,0.1867,58.0,19.09,0.0,7.76,0.56,3.77,0.01,LOW
2026-05-01 02:06:55,2144,0.2169,0.2665,0.1867,57.0,18.67,0.033,6.82,-0.85,4.95,0.01,LOW
2026-05-01 02:06:55,2145,0.232,0.2828,0.1867,57.0,18.19,0.0,8.68,-2.09,4.26,0.01,LOW
2026-05-01 02:06:56,2146,0.2455,0.4061,0.1867,57.0,17.75,0.0,6.99,-2.61,2.51,0.01,LOW
2026-05-01 02:06:56,2147,0.2542,0.4376,0.1867,57.0,17.34,0.0,8.08,-4.71,2.82,0.01,LOW
2026-05-01 02:06:56,2148,0.2627,0.3062,0.1867,57.0,16.97,0.0,7.42,-1.59,5.52,0.01,LOW
2026-05-01 02:06:56,2149,0.2343,0.3886,0.1867,57.0,16.63,0.0,6.49,-1.66,5.02,0.01,LOW
2026-05-01 02:06:56,2150,0.2277,0.1549,0.1867,57.0,16.31,0.0,4.41,2.36,3.95,0.01,LOW
2026-05-01 02:06:56,2151,0.2054,0.16,0.1867,57.0,16.28,0.033,4.14,2.82,4.45,0.01,LOW
2026-05-01 02:06:56,2152,0.2436,0.2916,0.1867,56.0,15.99,0.0,7.94,1.82,3.32,0.01,LOW
2026-05-01 02:06:56,2153,0.2193,0.1568,0.1867,56.0,15.72,0.0,10.82,0.68,3.51,0.01,LOW
2026-05-01 02:06:56,2154,0.2248,0.2396,0.1867,56.0,15.48,0.0,8.02,1.24,3.82,0.01,LOW
2026-05-01 02:06:56,2155,0.2354,0.2275,0.18,56.0,15.2,0.0,7.91,-3.11,4.99,0.01,LOW
2026-05-01 02:06:56,2156,0.2553,0.3019,0.1733,56.0,14.89,0.0,6.34,-3.15,4.91,0.0,LOW
2026-05-01 02:06:56,2157,0.2239,0.2131,0.1667,56.0,14.55,0.0,8.72,-1.47,4.49,0.0,LOW
2026-05-01 02:06:56,2158,0.2164,0.2131,0.16,56.0,14.29,0.033,26.81,-18.35,2.21,0.0,LOW
2026-05-01 02:06:56,2159,0.2446,0.2396,0.1533,56.0,13.89,0.0,6.39,-0.64,3.62,0.0,LOW
2026-05-01 02:06:56,2160,0.2253,0.2828,0.1467,56.0,13.47,0.0,6.88,-1.15,3.98,0.0,LOW
2026-05-01 02:06:56,2161,0.2264,0.2579,0.14,56.0,13.04,0.0,8.43,0.97,4.68,0.0,LOW
2026-05-01 02:06:56,2162,0.2164,0.2976,0.1333,56.0,12.68,0.033,6.84,0.61,4.27,0.0,LOW
2026-05-01 02:06:56,2163,0.1859,0.2314,0.0867,56.0,12.58,0.067,12.72,1.24,1.66,0.0,LOW
2026-05-01 02:06:56,2164,0.2074,0.1063,0.0867,56.0,12.23,0.1,10.6,0.93,2.84,0.0,LOW
2026-05-01 02:06:56,2165,0.1862,0.1083,0.0867,56.0,12.44,0.133,29.05,-16.3,2.6,0.0,LOW
2026-05-01 02:06:56,2166,0.1628,0.0815,0.0867,56.0,14.32,0.167,30.73,-15.4,1.0,0.0,LOW
2026-05-01 02:06:56,2167,0.1734,0.0624,0.0867,56.0,15.1,0.2,31.51,-16.13,1.03,0.0,LOW
2026-05-01 02:06:56,2168,0.1909,0.0208,0.1333,56.0,15.91,0.233,32.54,-14.35,0.73,0.0,LOW
2026-05-01 02:06:56,2169,0.1723,0.0,0.14,56.0,18.1,0.267,34.16,-15.88,-0.75,0.0,LOW
2026-05-01 02:06:56,2170,0.1696,0.0213,0.1467,56.0,20.17,0.3,33.58,-12.04,0.61,0.0,LOW
2026-05-01 02:06:56,2171,0.1591,0.0217,0.1533,56.0,22.67,0.333,30.99,-12.65,0.68,0.0,LOW
2026-05-01 02:06:56,2172,0.1934,0.0,0.16,56.0,22.65,0.367,33.43,-14.13,-0.84,0.0,LOW
2026-05-01 02:06:56,2173,0.1798,0.0208,0.1667,56.0,23.91,0.4,32.02,-14.53,-0.71,0.0,LOW
2026-05-01 02:06:56,2174,0.2046,0.0212,0.1733,56.0,23.85,0.433,31.84,-12.3,1.39,0.0,LOW
2026-05-01 02:06:57,2175,0.2042,0.0208,0.18,56.0,24.09,0.467,31.1,-12.33,1.85,0.0,LOW
2026-05-01 02:06:57,2176,0.2111,0.0208,0.1867,55.0,24.28,0.5,33.64,-12.47,2.01,0.0,LOW
2026-05-01 02:06:57,2177,0.231,0.0,0.1867,56.0,23.35,0.0,32.79,-14.75,0.72,0.0,LOW
2026-05-01 02:06:57,2178,0.2201,0.0,0.1867,56.0,22.5,0.0,32.74,-14.91,0.28,0.0,LOW
2026-05-01 02:06:57,2179,0.1975,0.0208,0.1867,55.0,22.08,0.033,32.19,-13.91,0.08,0.0,OK
2026-05-01 02:06:57,2180,0.2151,0.0208,0.1867,55.0,21.5,0.067,33.05,-14.11,0.04,0.0,OK
2026-05-01 02:06:57,2181,0.2087,0.0213,0.1867,55.0,21.12,0.1,32.08,-14.57,-0.16,0.0,OK
2026-05-01 02:06:57,2182,0.2114,0.0,0.1867,55.0,20.78,0.133,32.92,-14.23,-0.41,0.0,OK
2026-05-01 02:06:57,2183,0.2057,0.0232,0.1867,55.0,20.61,0.167,28.04,-16.69,-0.08,0.0,OK
2026-05-01 02:06:57,2184,0.1761,0.0307,0.1867,55.0,22.05,0.2,30.84,-12.97,-1.06,0.0,OK
2026-05-01 02:06:57,2185,0.1822,0.0222,0.2333,55.0,24.48,0.233,30.23,-13.59,-1.28,0.0,OK
2026-05-01 02:06:57,2186,0.1727,0.0217,0.24,55.0,27.14,0.267,31.12,-16.96,-1.68,0.0,OK
2026-05-01 02:06:57,2187,0.1689,0.0217,0.2467,55.0,29.59,0.3,29.45,-17.23,-1.43,0.0,OK
2026-05-01 02:06:57,2188,0.2057,0.0,0.2533,55.0,29.53,0.333,31.21,-15.52,0.5,0.0,OK
2026-05-01 02:06:57,2189,0.2302,0.0,0.2533,56.0,28.71,0.0,26.93,-16.92,0.52,0.0,OK
2026-05-01 02:06:57,2190,0.2204,0.0301,0.2533,56.0,27.96,0.0,28.48,-14.54,0.32,0.0,OK
2026-05-01 02:06:57,2191,0.2008,0.0,0.2533,56.0,27.6,0.033,31.14,-15.91,-1.02,0.0,OK
2026-05-01 02:06:57,2192,0.1977,0.0227,0.2533,55.0,27.36,0.067,30.59,-17.02,-0.76,0.0,OK
2026-05-01 02:06:57,2193,0.2151,0.0,0.2533,55.0,26.95,0.1,30.47,-15.41,-0.9,0.0,OK
2026-05-01 02:06:57,2194,0.212,0.0,0.2533,55.0,26.67,0.133,31.15,-15.86,-0.97,0.0,OK
2026-05-01 02:06:57,2195,0.229,0.0,0.2533,56.0,26.08,0.0,29.03,-15.83,-0.99,0.0,OK
2026-05-01 02:06:57,2196,0.216,0.0,0.2533,56.0,25.64,0.033,30.39,-15.05,-0.89,0.0,OK
2026-05-01 02:06:57,2197,0.2279,0.0227,0.2533,56.0,25.14,0.0,28.91,-14.15,-0.18,0.0,OK
2026-05-01 02:06:57,2198,0.2044,0.0222,0.2533,56.0,24.95,0.033,29.23,-14.86,-0.74,0.0,OK
2026-05-01 02:06:57,2199,0.2334,0.0336,0.2533,56.0,24.5,0.0,22.2,-17.38,0.39,0.0,OK
2026-05-01 02:06:57,2200,0.218,0.0213,0.2533,56.0,24.16,0.033,24.77,-16.27,-0.13,0.0,OK
2026-05-01 02:06:57,2201,0.2123,0.0213,0.2533,56.0,23.98,0.067,28.56,-15.52,0.06,0.0,OK
2026-05-01 02:06:57,2202,0.1971,0.0476,0.2533,56.0,24.5,0.1,24.56,-17.63,-0.61,0.0,OK
2026-05-01 02:06:57,2203,0.2122,0.0232,0.2533,56.0,24.42,0.133,23.72,-16.31,0.58,0.0,OK
2026-05-01 02:06:57,2204,0.1887,0.0227,0.2533,56.0,25.82,0.167,25.69,-15.32,-0.21,0.04,OK
2026-05-01 02:06:57,2205,0.1887,0.0329,0.2533,56.0,26.99,0.2,25.22,-14.97,-0.16,0.07,OK
2026-05-01 02:06:58,2206,0.1968,0.0476,0.3,56.0,29.14,0.233,26.55,-13.4,-0.36,0.16,OK
2026-05-01 02:06:58,2207,0.1933,0.0476,0.3067,56.0,31.26,0.267,28.54,-14.19,-0.93,0.2,OK
2026-05-01 02:06:58,2208,0.1901,0.0217,0.3133,56.0,33.35,0.3,29.43,-16.22,-0.53,0.29,OK
2026-05-01 02:06:58,2209,0.2018,0.0213,0.32,56.0,34.46,0.333,30.78,-16.54,-0.95,0.35,OK
2026-05-01 02:06:58,2210,0.2012,0.0213,0.3267,55.0,35.74,0.367,31.4,-16.63,-1.54,0.46,OK
2026-05-01 02:06:58,2211,0.1817,0.0208,0.3333,55.0,38.33,0.4,32.66,-15.2,-0.62,0.55,OK
2026-05-01 02:06:58,2212,0.1518,0.0217,0.34,55.0,42.44,0.433,26.31,-19.75,-1.04,0.66,OK
2026-05-01 02:06:58,2213,0.1578,0.0222,0.3467,55.0,45.25,0.467,28.85,-16.42,-1.2,0.81,OK
2026-05-01 02:06:58,2214,0.161,0.0227,0.3533,55.0,47.38,0.5,27.69,-15.7,-1.42,0.89,OK
2026-05-01 02:06:58,2215,0.1879,0.0217,0.36,54.0,47.57,0.533,30.94,-15.41,-1.79,1.01,OK
2026-05-01 02:06:58,2216,0.1843,0.0213,0.3667,54.0,48.43,0.567,33.1,-16.14,-1.59,1.1,OK
2026-05-01 02:06:58,2217,0.1877,0.0,0.3733,54.0,49.3,0.6,27.37,-17.16,0.01,1.23,OK
2026-05-01 02:06:58,2218,0.1894,0.0217,0.38,54.0,50.28,0.633,30.11,-16.82,-0.14,1.35,OK
2026-05-01 02:06:58,2219,0.2078,0.0217,0.3867,54.0,50.27,0.667,24.84,-17.07,-0.19,1.47,OK
2026-05-01 02:06:58,2220,0.1846,0.0213,0.3933,54.0,52.25,0.7,28.03,-17.7,-0.33,1.57,OK
2026-05-01 02:06:58,2221,0.1886,0.0444,0.4,54.0,53.79,0.733,23.58,-17.24,-0.82,1.67,OK
2026-05-01 02:06:58,2222,0.2354,0.0232,0.4,54.0,52.35,0.0,33.14,-15.99,-1.01,1.82,OK
2026-05-01 02:06:58,2223,0.2121,0.0232,0.4,54.0,51.2,0.033,33.86,-16.72,-0.94,1.94,OK
2026-05-01 02:06:58,2224,0.1859,0.0,0.4,54.0,50.59,0.067,29.58,-16.3,1.23,2.09,OK
2026-05-01 02:06:58,2225,0.1738,0.0222,0.4,54.0,50.27,0.1,29.49,-17.0,1.3,2.23,OK
2026-05-01 02:06:58,2226,0.1961,0.0217,0.4,53.0,49.72,0.133,24.38,-17.25,1.2,2.37,OK
2026-05-01 02:06:58,2227,0.1932,0.0307,0.4,53.0,49.32,0.167,22.63,-17.11,1.86,2.49,OK
2026-05-01 02:06:58,2228,0.2087,0.0227,0.4,53.0,48.79,0.2,25.68,-16.02,0.58,2.63,OK
2026-05-01 02:06:58,2229,0.1933,0.0,0.4467,53.0,48.6,0.233,30.12,-16.4,0.45,2.8,OK
2026-05-01 02:06:58,2230,0.1962,0.0,0.4533,53.0,48.45,0.267,30.06,-15.56,0.08,2.92,OK
2026-05-01 02:06:58,2231,0.1781,0.0222,0.46,53.0,49.31,0.3,31.7,-14.77,0.85,3.11,OK
2026-05-01 02:06:58,2232,0.1788,0.0222,0.4667,53.0,50.13,0.333,31.87,-14.64,0.42,3.28,OK
2026-05-01 02:06:58,2233,0.1649,0.0227,0.4733,53.0,51.87,0.367,28.68,-16.41,-0.04,3.48,OK
2026-05-01 02:06:58,2234,0.1777,0.0222,0.48,53.0,52.46,0.4,29.23,-16.33,0.24,3.59,OK
2026-05-01 02:06:59,2235,0.1647,0.0314,0.4867,53.0,53.99,0.433,32.23,-18.27,-2.15,3.77,OK
2026-05-01 02:06:59,2236,0.168,0.0227,0.4933,53.0,55.07,0.467,20.77,-18.8,-0.47,3.95,OK
2026-05-01 02:06:59,2237,0.1532,0.0,0.5,53.0,57.03,0.5,19.71,-18.29,-0.31,4.12,OK
2026-05-01 02:06:59,2238,0.1379,0.0,0.5067,53.0,59.59,0.533,35.29,-15.66,0.59,4.29,OK
2026-05-01 02:06:59,2239,0.16,0.0,0.5133,53.0,60.16,0.567,36.88,-16.04,0.71,4.51,MEDIUM
2026-05-01 02:06:59,2240,0.176,0.0,0.52,53.0,60.08,0.6,29.21,-16.46,-0.66,4.67,MEDIUM
2026-05-01 02:06:59,2241,0.178,0.0314,0.5267,53.0,60.05,0.633,28.69,-17.89,-1.11,4.88,MEDIUM
2026-05-01 02:06:59,2242,0.1765,0.0233,0.5333,53.0,60.34,0.667,28.93,-16.16,-1.39,5.08,MEDIUM
2026-05-01 02:06:59,2243,0.161,0.0233,0.54,53.0,61.8,0.7,28.65,-16.64,-1.27,5.2,MEDIUM
2026-05-01 02:06:59,2244,0.1779,0.0232,0.5467,52.0,61.98,0.733,29.81,-18.01,-2.19,5.39,MEDIUM
2026-05-01 02:06:59,2245,0.1779,0.0,0.5533,52.0,62.4,0.767,32.22,-17.69,-2.36,5.52,MEDIUM
2026-05-01 02:06:59,2246,0.2158,0.0,0.56,52.0,61.98,0.8,24.05,-20.06,-0.4,5.74,MEDIUM
2026-05-01 02:06:59,2247,0.1921,0.0232,0.5667,52.0,62.11,0.833,22.8,-18.91,-0.1,5.9,MEDIUM
2026-05-01 02:06:59,2248,0.2109,0.0222,0.5733,52.0,61.92,0.867,26.05,-14.69,-0.47,6.07,MEDIUM
2026-05-01 02:06:59,2249,0.2298,0.0222,0.5733,52.0,60.19,0.0,28.5,-15.72,0.41,6.3,MEDIUM
2026-05-01 02:06:59,2250,0.2252,0.0,0.5733,52.0,58.62,0.0,27.44,-15.38,0.32,6.52,MEDIUM
2026-05-01 02:06:59,2251,0.2229,0.0233,0.5733,52.0,57.19,0.0,26.54,-17.41,-0.94,6.73,MEDIUM
2026-05-01 02:06:59,2252,0.1997,0.0233,0.5733,52.0,56.22,0.033,25.6,-16.79,-0.65,6.85,MEDIUM
2026-05-01 02:06:59,2253,0.1975,0.0465,0.5733,52.0,55.44,0.067,28.54,-18.15,-1.56,7.02,MEDIUM
2026-05-01 02:06:59,2254,0.171,0.0476,0.5733,52.0,55.16,0.1,14.26,-1.48,0.68,7.04,MEDIUM
2026-05-01 02:06:59,2255,0.1875,0.0,0.5733,52.0,54.72,0.133,28.89,-16.97,0.37,7.1,MEDIUM
2026-05-01 02:06:59,2256,0.177,0.0227,0.5733,52.0,54.53,0.167,27.47,-15.37,0.48,7.18,MEDIUM
2026-05-01 02:06:59,2257,0.1541,0.0,0.5733,52.0,55.53,0.2,30.67,-17.01,-1.37,7.31,MEDIUM
2026-05-01 02:06:59,2258,0.2156,0.0465,0.62,52.0,54.85,0.233,26.03,-15.6,-0.86,7.49,MEDIUM
2026-05-01 02:06:59,2259,0.2114,0.0465,0.6267,52.0,54.35,0.267,23.89,-17.07,-1.19,7.59,MEDIUM
2026-05-01 02:06:59,2260,0.2319,0.0232,0.6267,53.0,53.34,0.0,24.91,-16.07,0.02,7.74,MEDIUM
2026-05-01 02:06:59,2261,0.2254,0.0233,0.6267,53.0,52.42,0.0,23.32,-15.19,-0.45,7.84,MEDIUM
2026-05-01 02:06:59,2262,0.2217,0.0213,0.62,53.0,51.59,0.0,25.49,-17.95,0.21,8.0,MEDIUM
2026-05-01 02:06:59,2263,0.211,0.0217,0.6133,53.0,51.01,0.033,24.12,-17.71,0.49,8.16,MEDIUM
2026-05-01 02:06:59,2264,0.2082,0.0,0.6067,53.0,50.59,0.067,23.15,-17.41,0.49,8.37,MEDIUM
2026-05-01 02:06:59,2265,0.2045,0.0,0.6,53.0,50.33,0.1,22.2,-17.26,0.52,8.54,MEDIUM
2026-05-01 02:07:00,2266,0.1924,0.0454,0.5933,53.0,50.33,0.133,25.62,-18.37,-0.18,8.65,MEDIUM
2026-05-01 02:07:00,2267,0.2168,0.0227,0.5867,53.0,50.06,0.167,28.36,-17.69,0.48,8.91,MEDIUM
2026-05-01 02:07:00,2268,0.2201,0.0,0.54,54.0,49.5,0.0,29.62,-16.3,0.6,9.08,MEDIUM
2026-05-01 02:07:00,2269,0.1756,0.0,0.54,54.0,50.36,0.033,29.61,-17.29,0.06,9.31,MEDIUM
2026-05-01 02:07:00,2270,0.1877,0.0213,0.54,54.0,50.46,0.067,29.61,-17.29,0.06,9.48,MEDIUM
2026-05-01 02:07:00,2271,0.2008,0.0217,0.54,54.0,50.35,0.1,28.08,-15.05,-0.87,9.61,MEDIUM
2026-05-01 02:07:00,2272,0.2083,0.0435,0.54,54.0,50.2,0.133,29.78,-15.62,-1.28,9.71,MEDIUM
2026-05-01 02:07:00,2273,0.1834,0.0,0.54,54.0,51.46,0.167,26.17,-16.53,-1.42,9.78,MEDIUM
2026-05-01 02:07:00,2274,0.1995,0.0233,0.54,54.0,51.52,0.2,22.91,-20.02,-2.11,9.84,MEDIUM
2026-05-01 02:07:00,2275,0.2028,0.0238,0.5867,54.0,51.61,0.233,21.24,-19.89,-1.95,9.88,MEDIUM
2026-05-01 02:07:00,2276,0.1709,0.0227,0.5933,54.0,53.96,0.267,21.72,-18.42,-1.18,9.91,MEDIUM
2026-05-01 02:07:00,2277,0.1756,0.0227,0.6,54.0,55.44,0.3,25.26,-17.7,-1.13,9.93,MEDIUM
2026-05-01 02:07:00,2278,0.1725,0.0,0.6067,54.0,56.85,0.333,26.29,-16.31,-0.86,9.95,MEDIUM
2026-05-01 02:07:00,2279,0.1597,0.0238,0.6133,54.0,58.84,0.367,22.36,-17.33,0.41,9.96,MEDIUM
2026-05-01 02:07:00,2280,0.1622,0.0222,0.62,54.0,60.21,0.4,25.77,-16.86,-0.35,9.97,MEDIUM
2026-05-01 02:07:00,2281,0.1654,0.0222,0.6267,54.0,61.15,0.433,25.78,-16.77,0.1,9.98,MEDIUM
2026-05-01 02:07:00,2282,0.1762,0.0,0.6333,54.0,61.32,0.467,26.55,-13.41,-1.66,9.98,MEDIUM
2026-05-01 02:07:00,2283,0.1638,0.0,0.64,54.0,62.46,0.5,29.39,-14.89,-2.23,9.99,MEDIUM
2026-05-01 02:07:00,2284,0.2135,0.0444,0.6467,54.0,61.96,0.533,26.93,-16.71,-1.65,9.99,MEDIUM
2026-05-01 02:07:00,2285,0.1809,0.0,0.6533,54.0,62.29,0.567,31.93,-16.78,-1.49,9.99,MEDIUM
2026-05-01 02:07:00,2286,0.1885,0.0217,0.66,54.0,62.28,0.6,30.44,-16.88,-1.74,9.99,MEDIUM
2026-05-01 02:07:00,2287,0.1834,0.0217,0.6667,54.0,62.83,0.633,27.0,-15.11,-1.08,10.0,MEDIUM
2026-05-01 02:07:00,2288,0.1857,0.0208,0.6733,54.0,63.27,0.667,31.04,-15.11,-0.88,10.0,MEDIUM
2026-05-01 02:07:00,2289,0.1898,0.0217,0.68,54.0,63.55,0.7,27.45,-15.25,-0.41,10.0,MEDIUM
2026-05-01 02:07:00,2290,0.1883,0.0217,0.6867,54.0,64.07,0.733,27.19,-14.2,-0.19,10.0,MEDIUM
2026-05-01 02:07:00,2291,0.1935,0.0217,0.6933,54.0,64.32,0.767,15.07,1.34,0.26,10.0,MEDIUM
2026-05-01 02:07:00,2292,0.1879,0.0217,0.7,54.0,65.09,0.8,32.29,-15.96,-1.2,10.0,MEDIUM
2026-05-01 02:07:00,2293,0.1847,0.0612,0.7067,54.0,66.04,0.833,36.03,-14.98,-1.81,10.0,MEDIUM
2026-05-01 02:07:00,2294,0.1881,0.0456,0.7133,54.0,66.68,0.867,35.09,-15.49,-2.35,10.0,MEDIUM
2026-05-01 02:07:00,2295,0.1772,0.0307,0.72,54.0,68.04,0.9,30.33,-14.96,-1.75,10.0,MEDIUM
2026-05-01 02:07:01,2296,0.185,0.0301,0.7267,54.0,68.67,0.933,30.56,-16.74,-1.15,10.0,MEDIUM
2026-05-01 02:07:01,2297,0.1919,0.0208,0.7333,54.0,68.89,0.967,32.32,-15.73,-1.43,10.0,MEDIUM
2026-05-01 02:07:01,2298,0.1493,0.0,0.74,54.0,71.99,1.0,30.84,-15.13,-1.64,10.0,MEDIUM
2026-05-01 02:07:01,2299,0.1573,0.0213,0.7467,54.0,73.74,1.033,32.16,-15.62,-2.02,10.0,MEDIUM
2026-05-01 02:07:01,2300,0.1726,0.0213,0.7533,54.0,74.15,1.067,30.28,-15.72,-1.17,10.0,MEDIUM
2026-05-01 02:07:01,2301,0.1649,0.0217,0.76,54.0,75.15,1.1,9.96,1.35,0.41,10.0,MEDIUM
2026-05-01 02:07:01,2302,0.1832,0.0196,0.7667,54.0,75.09,1.133,32.34,-14.6,-1.45,10.0,MEDIUM
2026-05-01 02:07:01,2303,0.161,0.0267,0.7733,54.0,76.5,1.167,36.52,-14.66,-2.34,10.0,HIGH
2026-05-01 02:07:01,2304,0.1693,0.0185,0.78,54.0,77.14,1.2,36.51,-13.38,-2.31,10.0,HIGH
2026-05-01 02:07:01,2305,0.1842,0.0289,0.7867,54.0,77.07,1.233,33.56,-14.39,-3.29,10.0,HIGH
2026-05-01 02:07:01,2306,0.1935,0.0408,0.7933,54.0,76.92,1.267,28.7,-16.96,-2.79,10.0,HIGH
2026-05-01 02:07:01,2307,0.1734,0.0196,0.8,54.0,77.88,1.3,36.5,-13.95,-2.19,10.0,HIGH
2026-05-01 02:07:01,2308,0.1658,0.0192,0.8067,54.0,79.24,1.333,37.03,-14.17,-2.25,10.0,HIGH
2026-05-01 02:07:01,2309,0.1698,0.0517,0.8133,54.0,80.1,1.367,41.07,-13.19,-2.16,10.0,HIGH
2026-05-01 02:07:01,2310,0.1739,0.0351,0.82,54.0,80.65,1.4,38.87,-13.17,-1.6,10.0,HIGH
2026-05-01 02:07:01,2311,0.1675,0.0,0.8267,54.0,81.66,1.433,37.82,-12.77,-1.49,10.0,HIGH
2026-05-01 02:07:01,2312,0.1536,0.0364,0.8267,54.0,83.45,1.467,40.32,-13.34,-2.04,10.0,HIGH
2026-05-01 02:07:01,2313,0.1881,0.0545,0.8267,54.0,83.26,1.5,38.97,-13.15,-2.49,10.0,HIGH
2026-05-01 02:07:01,2314,0.1477,0.0189,0.8267,54.0,85.36,1.533,38.63,-12.39,-2.78,10.0,HIGH
2026-05-01 02:07:01,2315,0.1716,0.0555,0.8267,54.0,85.44,1.567,38.73,-12.72,-2.86,10.0,HIGH
2026-05-01 02:07:01,2316,0.1769,0.0556,0.8267,54.0,85.43,1.6,40.94,-12.67,-1.65,10.0,HIGH
2026-05-01 02:07:01,2317,0.1787,0.037,0.8267,54.0,85.52,1.633,19.86,3.2,-0.15,10.0,HIGH
2026-05-01 02:07:01,2318,0.164,0.0556,0.8267,54.0,86.76,1.667,38.13,-12.76,-2.88,10.0,HIGH
2026-05-01 02:07:01,2319,0.1644,0.0414,0.8267,54.0,87.79,1.7,37.52,-12.41,-3.11,10.0,HIGH
2026-05-01 02:07:01,2320,0.1428,0.0577,0.7867,54.0,90.08,1.733,35.72,-13.11,-2.13,10.0,HIGH
2026-05-01 02:07:01,2321,0.1672,0.0408,0.7933,54.0,90.26,1.767,10.86,1.94,0.35,10.0,HIGH
2026-05-01 02:07:01,2322,0.1458,0.0204,0.8,54.0,91.98,1.8,12.78,2.39,0.02,10.0,HIGH
2026-05-01 02:07:01,2323,0.1578,0.091,0.8067,54.0,92.58,1.833,40.18,-11.95,-3.49,10.0,HIGH
2026-05-01 02:07:01,2324,0.161,0.0892,0.8133,54.0,93.01,1.867,41.12,-11.58,-3.6,10.0,HIGH
2026-05-01 02:07:02,2325,0.1183,0.0,0.82,54.0,95.46,1.9,41.18,-12.9,-2.66,10.0,HIGH
2026-05-01 02:07:02,2326,0.1303,0.0,0.8267,54.0,97.05,1.933,43.43,-11.5,-2.21,10.0,HIGH
2026-05-01 02:07:02,2327,0.1415,0.0364,0.8333,54.0,97.9,1.967,37.81,-12.41,-1.79,10.0,HIGH
2026-05-01 02:07:02,2328,0.1593,0.037,0.84,54.0,97.82,2.0,37.81,-12.34,-1.98,10.0,HIGH
2026-05-01 02:07:02,2329,0.1547,0.0927,0.84,54.0,97.82,2.033,38.1,-13.32,-2.64,10.0,HIGH
2026-05-01 02:07:02,2330,0.1435,0.0727,0.84,54.0,98.52,2.067,38.72,-13.26,-3.14,10.0,HIGH
2026-05-01 02:07:02,2331,0.1677,0.0893,0.84,54.0,98.27,2.1,15.06,1.78,-1.3,10.0,HIGH
2026-05-01 02:07:02,2332,0.1718,0.0741,0.8,54.0,97.98,2.133,33.72,-13.1,-1.61,10.0,HIGH
2026-05-01 02:07:02,2333,0.1631,0.0556,0.8067,54.0,97.84,2.167,33.13,-13.41,-2.02,10.0,HIGH
2026-05-01 02:07:02,2334,0.1455,0.0377,0.8133,54.0,98.4,2.2,34.53,-12.84,-1.65,10.0,HIGH
2026-05-01 02:07:02,2335,0.1627,0.0377,0.82,54.0,98.24,2.233,35.04,-13.18,-1.99,10.0,HIGH
2026-05-01 02:07:02,2336,0.1422,0.0588,0.8267,54.0,98.85,2.267,13.06,1.83,-0.58,10.0,HIGH
2026-05-01 02:07:02,2337,0.152,0.0612,0.8333,54.0,98.81,2.3,9.23,1.28,-0.52,10.0,HIGH
2026-05-01 02:07:02,2338,0.1078,0.0566,0.84,54.0,99.22,2.333,38.98,-13.6,-2.11,10.0,HIGH
2026-05-01 02:07:02,2339,0.1327,0.0566,0.8467,54.0,99.5,2.367,38.95,-13.2,-2.19,10.0,HIGH
2026-05-01 02:07:02,2340,0.1324,0.0414,0.8533,54.0,99.67,2.4,36.54,-13.47,-2.83,10.0,CRITICAL
2026-05-01 02:07:02,2341,0.1715,0.02,0.86,54.0,99.28,2.433,10.7,2.22,-0.66,10.0,CRITICAL
2026-05-01 02:07:02,2342,0.1505,0.0192,0.8667,54.0,99.22,2.467,35.54,-12.7,-2.81,10.0,CRITICAL
2026-05-01 02:07:02,2343,0.1485,0.0575,0.8733,54.0,99.19,2.5,37.98,-14.19,-0.77,10.0,CRITICAL
2026-05-01 02:07:02,2344,0.1396,0.0545,0.88,54.0,99.47,2.533,37.22,-13.07,-0.57,10.0,CRITICAL
2026-05-01 02:07:02,2345,0.1217,0.0926,0.8867,54.0,99.66,2.567,39.96,-10.3,-2.35,10.0,CRITICAL
2026-05-01 02:07:02,2346,0.1611,0.0769,0.8933,54.0,99.41,2.6,38.54,-10.44,-2.66,10.0,CRITICAL
2026-05-01 02:07:02,2347,0.1364,0.037,0.9,54.0,99.62,2.633,38.2,-12.43,-1.91,10.0,CRITICAL
2026-05-01 02:07:02,2348,0.166,0.0277,0.9067,54.0,99.31,2.667,39.39,-12.36,-3.24,10.0,CRITICAL
2026-05-01 02:07:02,2349,0.174,0.0192,0.9133,54.0,98.9,2.7,40.18,-12.93,-2.45,10.0,CRITICAL
2026-05-01 02:07:02,2350,0.167,0.0392,0.9133,53.0,98.63,2.733,16.68,1.77,-1.47,10.0,CRITICAL
2026-05-01 02:07:02,2351,0.155,0.0588,0.9133,53.0,98.56,2.767,13.64,2.35,-2.0,10.0,CRITICAL
2026-05-01 02:07:02,2352,0.139,0.0385,0.9133,53.0,99.06,2.8,37.48,-13.28,-2.19,10.0,CRITICAL
2026-05-01 02:07:02,2353,0.1608,0.0196,0.9133,53.0,98.87,2.833,37.66,-12.24,-1.11,10.0,CRITICAL
2026-05-01 02:07:02,2354,0.1473,0.0545,0.9133,53.0,98.96,2.867,39.05,-11.79,-3.0,10.0,CRITICAL
2026-05-01 02:07:03,2355,0.155,0.0192,0.9133,53.0,98.86,2.9,37.02,-11.32,-2.15,10.0,CRITICAL
2026-05-01 02:07:03,2356,0.1676,0.0727,0.9133,53.0,98.58,2.933,41.91,-12.31,-1.61,10.0,CRITICAL
2026-05-01 02:07:03,2357,0.1369,0.0385,0.9133,53.0,99.08,2.967,37.66,-13.89,-1.58,10.0,CRITICAL
2026-05-01 02:07:03,2358,0.1369,0.0385,0.9133,53.0,99.4,3.0,37.66,-13.89,-1.58,10.0,CRITICAL
2026-05-01 02:07:03,2359,0.1328,0.04,0.9133,53.0,99.61,3.033,33.26,-13.21,-0.87,10.0,CRITICAL
2026-05-01 02:07:03,2360,0.1234,0.04,0.9133,53.0,99.75,3.067,10.35,1.2,0.96,10.0,CRITICAL
2026-05-01 02:07:03,2361,0.1389,0.0377,0.9133,53.0,99.84,3.1,34.53,-13.2,-0.47,10.0,CRITICAL
2026-05-01 02:07:03,2362,0.1509,0.0555,0.9133,53.0,99.73,3.133,10.83,1.61,0.83,10.0,CRITICAL
2026-05-01 02:07:03,2363,0.1742,0.0769,0.9133,53.0,99.28,3.167,32.31,-14.61,-0.71,10.0,CRITICAL
2026-05-01 02:07:03,2364,0.1528,0.0754,0.9133,53.0,99.19,3.2,34.42,-13.99,-0.48,10.0,CRITICAL
2026-05-01 02:07:03,2365,0.1721,0.0185,0.8733,53.0,98.82,3.233,17.34,3.24,0.91,10.0,CRITICAL
2026-05-01 02:07:03,2366,0.1614,0.0377,0.88,53.0,98.64,3.267,19.26,4.32,0.37,10.0,CRITICAL
2026-05-01 02:07:03,2367,0.1313,0.0196,0.8867,53.0,99.12,3.3,14.59,1.02,2.3,10.0,CRITICAL
2026-05-01 02:07:03,2368,0.1484,0.0741,0.8933,53.0,99.1,3.333,17.43,3.52,0.04,10.0,CRITICAL
2026-05-01 02:07:03,2369,0.1409,0.0566,0.9,53.0,99.42,3.367,16.61,2.66,-0.01,10.0,CRITICAL
2026-05-01 02:07:03,2370,0.1826,0.0892,0.9067,53.0,98.88,3.4,38.31,-14.0,-0.56,10.0,CRITICAL
2026-05-01 02:07:03,2371,0.1563,0.0727,0.9133,53.0,98.77,3.433,14.36,1.6,1.18,10.0,CRITICAL
2026-05-01 02:07:03,2372,0.1574,0.0566,0.92,53.0,98.65,3.467,36.32,-13.08,-0.93,10.0,CRITICAL
2026-05-01 02:07:03,2373,0.1429,0.0192,0.92,53.0,99.09,3.5,13.13,1.47,0.58,10.0,CRITICAL
2026-05-01 02:07:03,2374,0.142,0.037,0.92,53.0,99.41,3.533,10.34,1.87,1.43,10.0,CRITICAL
2026-05-01 02:07:03,2375,0.1389,0.0545,0.92,53.0,99.62,3.567,35.07,-12.81,-0.53,10.0,CRITICAL
2026-05-01 02:07:03,2376,0.1499,0.1176,0.92,53.0,99.54,3.6,8.51,1.09,1.08,10.0,CRITICAL
2026-05-01 02:07:03,2377,0.1504,0.0999,0.92,53.0,99.46,3.633,6.86,1.37,1.21,10.0,CRITICAL
2026-05-01 02:07:03,2378,0.1556,0.0555,0.92,53.0,99.31,3.667,34.11,-14.4,-0.78,10.0,CRITICAL
2026-05-01 02:07:03,2379,0.1635,0.0406,0.92,53.0,99.06,3.7,34.47,-14.81,-0.83,10.0,CRITICAL
2026-05-01 02:07:03,2380,0.1692,0.0182,0.92,53.0,98.74,3.733,34.41,-15.07,-0.92,10.0,CRITICAL
2026-05-01 02:07:03,2381,0.1447,0.0377,0.92,53.0,99.04,3.767,12.08,1.97,1.09,10.0,CRITICAL
2026-05-01 02:07:03,2382,0.1416,0.0384,0.92,53.0,99.38,3.8,35.05,-13.04,-0.16,10.0,CRITICAL
2026-05-01 02:07:03,2383,0.1232,0.0754,0.92,53.0,99.6,3.833,6.55,3.36,1.43,10.0,CRITICAL
2026-05-01 02:07:03,2384,0.1547,0.0943,0.92,53.0,99.45,3.867,8.68,2.37,1.0,10.0,CRITICAL
2026-05-01 02:07:04,2385,0.1601,0.075,0.92,53.0,99.24,3.9,36.18,-12.72,-1.64,10.0,CRITICAL
2026-05-01 02:07:04,2386,0.128,0.0754,0.92,53.0,99.5,3.933,34.24,-15.37,-0.99,10.0,CRITICAL
2026-05-01 02:07:04,2387,0.1355,0.109,0.92,53.0,99.68,3.967,35.9,-13.53,-1.19,10.0,CRITICAL
2026-05-01 02:07:04,2388,0.1409,0.0566,0.92,53.0,99.79,4.0,11.35,1.36,0.07,10.0,CRITICAL
2026-05-01 02:07:04,2389,0.1524,0.0377,0.92,53.0,99.66,4.033,10.58,1.72,0.06,10.0,CRITICAL
2026-05-01 02:07:04,2390,0.1605,0.0,0.92,53.0,99.43,4.067,36.4,-13.22,-1.42,10.0,CRITICAL
2026-05-01 02:07:04,2391,0.1714,0.0196,0.92,53.0,99.05,4.1,35.37,-13.85,0.02,10.0,CRITICAL
2026-05-01 02:07:04,2392,0.1742,0.0908,0.88,53.0,98.66,4.133,39.1,-12.75,-0.54,10.0,CRITICAL
2026-05-01 02:07:04,2393,0.1674,0.0588,0.8867,53.0,98.41,4.167,33.92,-13.15,-0.55,10.0,CRITICAL
2026-05-01 02:07:04,2394,0.1705,0.0392,0.8933,53.0,98.13,4.2,34.36,-13.02,-0.52,10.0,CRITICAL
2026-05-01 02:07:04,2395,0.18,0.0577,0.9,53.0,97.73,4.233,35.07,-12.53,-1.18,10.0,CRITICAL
2026-05-01 02:07:04,2396,0.1838,0.0588,0.9067,53.0,97.31,4.267,33.04,-13.8,-0.86,10.0,CRITICAL
2026-05-01 02:07:04,2397,0.1638,0.1346,0.9133,53.0,97.21,4.3,35.13,-14.33,-2.46,10.0,CRITICAL
2026-05-01 02:07:04,2398,0.1593,0.1346,0.92,53.0,97.19,4.333,34.05,-14.06,-1.31,10.0,CRITICAL
2026-05-01 02:07:04,2399,0.1703,0.0385,0.9267,53.0,97.01,4.367,36.5,-15.0,0.18,10.0,CRITICAL
2026-05-01 02:07:04,2400,0.1642,0.02,0.9333,53.0,96.93,4.4,34.85,-14.8,1.25,10.0,CRITICAL
2026-05-01 02:07:04,2401,0.1672,0.0554,0.94,53.0,96.81,4.433,36.67,-18.18,-0.98,10.0,CRITICAL
2026-05-01 02:07:04,2402,0.1799,0.0754,0.94,53.0,96.52,4.467,37.52,-18.58,-1.16,10.0,CRITICAL
2026-05-01 02:07:07,2403,0.2687,0.0434,0.8933,53.0,92.32,0.0,29.11,-12.66,30.79,10.0,CRITICAL
2026-05-01 02:07:08,2404,0.2048,0.0952,0.8933,53.0,88.72,0.033,28.01,-21.43,25.7,10.0,CRITICAL
2026-05-01 02:07:08,2405,0.2317,0.0467,0.8933,53.0,85.14,0.0,27.8,-22.57,25.07,10.0,CRITICAL
2026-05-01 02:07:08,2406,0.2535,0.029,0.8933,53.0,81.85,0.0,34.66,-19.9,23.63,10.0,CRITICAL
2026-05-01 02:07:08,2407,0.2403,0.0198,0.8933,53.0,78.82,0.0,34.95,-19.05,23.52,10.0,CRITICAL
2026-05-01 02:07:08,2408,0.216,0.0,0.8933,53.0,76.14,0.033,34.55,-18.96,18.12,10.0,CRITICAL
2026-05-01 02:07:08,2409,0.2166,0.0215,0.8933,53.0,73.72,0.067,34.57,-21.09,16.89,10.0,CRITICAL
2026-05-01 02:07:08,2410,0.2085,0.0294,0.8933,53.0,71.67,0.1,34.92,-21.01,15.02,10.0,CRITICAL
2026-05-01 02:07:08,2411,0.1967,0.0292,0.8933,53.0,70.01,0.133,34.13,-19.91,15.7,10.0,CRITICAL
2026-05-01 02:07:08,2412,0.2383,0.0662,0.8933,54.0,67.93,0.0,25.23,-21.02,13.4,10.0,CRITICAL
2026-05-01 02:07:08,2413,0.2368,0.0212,0.8933,54.0,66.01,0.0,24.78,-19.74,8.91,10.0,CRITICAL
2026-05-01 02:07:08,2414,0.2373,0.0,0.8933,54.0,64.25,0.0,30.64,-18.16,8.94,10.0,CRITICAL
2026-05-01 02:07:08,2415,0.3005,0.0494,0.8933,54.0,62.63,0.0,20.61,-26.26,5.81,10.0,CRITICAL
2026-05-01 02:07:08,2416,0.2823,0.0259,0.8933,54.0,61.14,0.0,22.23,-25.73,7.0,10.0,CRITICAL
2026-05-01 02:07:08,2417,0.236,0.0421,0.8933,54.0,59.77,0.0,28.7,-21.97,3.97,10.0,CRITICAL
2026-05-01 02:07:08,2418,0.2139,0.0449,0.8933,54.0,58.64,0.033,27.12,-22.59,5.1,10.0,CRITICAL
2026-05-01 02:07:08,2419,0.1779,0.051,0.8867,54.0,58.18,0.067,7.06,1.64,6.25,10.0,CRITICAL
2026-05-01 02:07:08,2420,0.202,0.0262,0.88,54.0,57.47,0.1,7.22,0.25,5.41,10.0,CRITICAL
2026-05-01 02:07:08,2421,0.1893,0.0336,0.8733,54.0,57.05,0.133,26.15,-17.75,1.44,10.0,CRITICAL
2026-05-01 02:07:08,2422,0.1729,0.068,0.8667,54.0,56.96,0.167,28.18,-15.94,2.05,10.0,CRITICAL
2026-05-01 02:07:08,2423,0.167,0.0783,0.86,54.0,57.23,0.2,33.12,-9.77,0.52,10.0,CRITICAL
2026-05-01 02:07:08,2424,0.2087,0.0936,0.9,54.0,56.72,0.233,29.37,-10.97,-4.45,10.0,CRITICAL
2026-05-01 02:07:08,2425,0.2255,0.0714,0.8933,55.0,55.7,0.0,9.51,-0.31,-2.75,10.0,CRITICAL
2026-05-01 02:07:08,2426,0.2167,0.0213,0.8867,55.0,54.86,0.033,31.44,-13.89,-3.39,10.0,CRITICAL
2026-05-01 02:07:08,2427,0.2242,0.0307,0.88,55.0,53.99,0.0,31.91,-12.61,-3.41,10.0,CRITICAL
2026-05-01 02:07:08,2428,0.222,0.0476,0.8733,55.0,53.19,0.0,28.87,-8.56,-2.73,10.0,CRITICAL
2026-05-01 02:07:08,2429,0.2264,0.0508,0.8667,55.0,52.45,0.0,24.52,-10.27,-3.55,10.0,CRITICAL
2026-05-01 02:07:08,2430,0.2068,0.0686,0.86,55.0,52.01,0.033,23.76,-10.07,-5.04,10.0,CRITICAL
2026-05-01 02:07:08,2431,0.2162,0.0443,0.8533,55.0,51.53,0.067,26.55,-9.0,-5.5,10.0,CRITICAL
2026-05-01 02:07:08,2432,0.1683,0.1109,0.8467,55.0,52.88,0.1,-1.84,7.78,-3.48,10.0,CRITICAL
2026-05-01 02:07:08,2433,0.1857,0.1584,0.84,55.0,52.89,0.133,-4.1,7.02,-3.89,10.0,CRITICAL
2026-05-01 02:07:08,2434,0.2433,0.2137,0.8333,56.0,52.18,0.0,-6.38,3.91,-3.54,10.0,CRITICAL
2026-05-01 02:07:09,2435,0.2236,0.357,0.8267,56.0,51.53,0.0,-8.68,3.26,-1.09,10.0,CRITICAL
2026-05-01 02:07:09,2436,0.2216,0.4081,0.82,56.0,50.92,0.0,-6.42,5.91,-2.54,10.0,CRITICAL
2026-05-01 02:07:09,2437,0.1999,0.4101,0.8133,56.0,50.71,0.033,-13.42,4.88,-0.65,10.0,CRITICAL
2026-05-01 02:07:09,2438,0.2007,0.5005,0.8067,56.0,50.55,0.067,-14.46,3.54,-0.63,10.0,CRITICAL
2026-05-01 02:07:09,2439,0.2021,0.3845,0.8,56.0,50.45,0.1,-11.94,1.78,-0.44,10.0,CRITICAL
2026-05-01 02:07:09,2440,0.1942,0.45,0.7933,56.0,50.77,0.133,-13.13,1.66,0.58,10.0,CRITICAL
2026-05-01 02:07:09,2441,0.202,0.5639,0.7867,56.0,50.76,0.167,-13.49,0.95,1.09,10.0,CRITICAL
2026-05-01 02:07:09,2442,0.2193,0.4999,0.78,57.0,50.22,0.0,-11.25,4.34,0.59,10.0,CRITICAL
2026-05-01 02:07:09,2443,0.2274,0.3898,0.7733,57.0,49.72,0.0,-13.92,3.59,-0.64,10.0,CRITICAL
2026-05-01 02:07:09,2444,0.2359,0.4633,0.7667,57.0,49.26,0.0,-11.74,4.66,-0.43,10.0,CRITICAL
2026-05-01 02:07:09,2445,0.193,0.4614,0.76,57.0,49.34,0.033,-11.08,3.31,-1.1,10.0,CRITICAL
2026-05-01 02:07:09,2446,0.2281,0.4993,0.7533,57.0,48.91,0.0,-10.88,0.86,-0.64,10.0,CRITICAL
2026-05-01 02:07:09,2447,0.2263,0.4998,0.7467,57.0,48.52,0.0,-12.57,0.68,-0.39,10.0,CRITICAL
2026-05-01 02:07:09,2448,0.183,0.5127,0.74,57.0,49.49,0.033,-10.43,1.44,-0.06,10.0,CRITICAL
2026-05-01 02:07:09,2449,0.1683,0.4744,0.7333,57.0,51.31,0.067,-12.81,1.53,-0.3,10.0,CRITICAL
2026-05-01 02:07:09,2450,0.1505,0.4757,0.7267,57.0,53.88,0.1,-12.18,2.88,-0.59,10.0,CRITICAL
2026-05-01 02:07:09,2451,0.1666,0.3666,0.72,57.0,54.76,0.133,-4.94,2.42,-0.98,10.0,CRITICAL
2026-05-01 02:07:09,2452,0.1718,0.3662,0.7133,57.0,55.24,0.167,-4.9,4.21,-2.14,10.0,CRITICAL
2026-05-01 02:07:09,2453,0.1871,0.2193,0.7067,57.0,55.15,0.2,-0.2,3.22,-1.19,10.0,CRITICAL
2026-05-01 02:07:09,2454,0.1986,0.2499,0.7467,57.0,54.95,0.233,-1.54,0.87,-0.2,10.0,CRITICAL
2026-05-01 02:07:09,2455,0.2207,0.3845,0.74,58.0,54.07,0.0,-2.23,0.58,-0.91,10.0,CRITICAL
2026-05-01 02:07:09,2456,0.2315,0.4003,0.7333,58.0,53.27,0.0,-1.17,-0.7,-0.58,10.0,CRITICAL
2026-05-01 02:07:09,2457,0.254,0.2249,0.7267,58.0,52.53,0.0,2.42,-0.26,0.64,10.0,CRITICAL
2026-05-01 02:07:09,2458,0.2348,0.2,0.72,58.0,51.84,0.0,2.79,-0.78,0.09,10.0,CRITICAL
2026-05-01 02:07:09,2459,0.2697,0.1333,0.7133,58.0,51.22,0.0,31.37,-7.67,-2.45,10.0,CRITICAL
2026-05-01 02:07:09,2460,0.2431,0.2083,0.7067,58.0,50.64,0.0,32.48,-10.5,-1.27,10.0,MEDIUM
2026-05-01 02:07:09,2461,0.2549,0.1522,0.7,58.0,50.11,0.0,33.67,-9.72,-1.5,10.0,MEDIUM
2026-05-01 02:07:09,2462,0.2335,0.1063,0.6933,58.0,49.62,0.0,40.11,-9.81,-0.87,10.0,MEDIUM
2026-05-01 02:07:09,2463,0.2384,0.1041,0.6867,58.0,49.17,0.0,39.35,-9.59,-0.99,10.0,MEDIUM
2026-05-01 02:07:10,2464,0.2369,0.1064,0.68,58.0,48.76,0.0,37.95,-10.08,-3.21,10.0,MEDIUM
2026-05-01 02:07:10,2465,0.2386,0.0868,0.6733,58.0,48.38,0.0,38.41,-11.64,-4.93,10.0,MEDIUM
2026-05-01 02:07:10,2466,0.2643,0.0435,0.6667,58.0,48.03,0.0,37.27,-13.44,-2.45,10.0,MEDIUM
2026-05-01 02:07:10,2467,0.2553,0.0889,0.66,58.0,47.7,0.0,35.15,-13.24,-1.86,10.0,MEDIUM
2026-05-01 02:07:10,2468,0.2194,0.0455,0.6533,58.0,47.41,0.0,33.31,-9.49,-1.42,10.0,MEDIUM
2026-05-01 02:07:10,2469,0.2373,0.0444,0.6467,58.0,47.13,0.0,35.75,-9.73,-1.64,10.0,MEDIUM
2026-05-01 02:07:10,2470,0.242,0.0625,0.64,58.0,46.88,0.0,37.05,-9.32,-0.68,10.0,MEDIUM
2026-05-01 02:07:10,2471,0.2148,0.0625,0.6333,58.0,46.77,0.033,38.01,-7.24,-1.33,10.0,MEDIUM
2026-05-01 02:07:10,2472,0.2295,0.0625,0.6267,58.0,46.55,0.0,38.26,-6.78,-1.44,10.0,MEDIUM
2026-05-01 02:07:10,2473,0.2293,0.0213,0.62,58.0,46.35,0.0,37.92,-8.92,-0.89,10.0,MEDIUM
2026-05-01 02:07:10,2474,0.2246,0.0625,0.6133,58.0,46.16,0.0,38.01,-9.32,-1.97,10.0,MEDIUM
2026-05-01 02:07:10,2475,0.2118,0.0784,0.6067,58.0,46.15,0.033,44.44,-8.44,-3.27,10.0,MEDIUM
2026-05-01 02:07:10,2476,0.2148,0.06,0.6,58.0,46.17,0.067,45.2,-8.74,-3.37,10.0,MEDIUM
2026-05-01 02:07:10,2477,0.1721,0.1064,0.5933,58.0,49.15,0.1,41.32,-7.85,-2.03,10.0,MEDIUM
2026-05-01 02:07:10,2478,0.2012,0.125,0.5867,58.0,49.48,0.133,39.6,-8.84,-2.52,10.0,MEDIUM
2026-05-01 02:07:10,2479,0.234,0.0799,0.58,59.0,49.04,0.0,40.31,-7.42,-3.44,10.0,MEDIUM
2026-05-01 02:07:10,2480,0.2454,0.0896,0.5733,59.0,48.64,0.0,36.64,-9.81,0.94,10.0,MEDIUM
2026-05-01 02:07:10,2481,0.2284,0.1041,0.5667,59.0,48.27,0.0,38.54,-9.15,-0.24,10.0,MEDIUM
2026-05-01 02:07:10,2482,0.2239,0.0612,0.56,59.0,47.93,0.0,37.7,-10.75,-1.05,10.0,MEDIUM
2026-05-01 02:07:10,2483,0.2432,0.0435,0.5533,59.0,47.61,0.0,36.53,-11.35,-1.53,10.0,MEDIUM
2026-05-01 02:07:10,2484,0.2052,0.0625,0.5467,59.0,47.58,0.033,38.95,-10.89,-1.09,10.0,MEDIUM
2026-05-01 02:07:10,2485,0.2016,0.0227,0.54,59.0,47.94,0.067,38.93,-10.87,-1.8,10.0,MEDIUM
2026-05-01 02:07:10,2486,0.1997,0.0625,0.5333,59.0,48.54,0.1,34.88,-11.78,-1.41,10.0,MEDIUM
2026-05-01 02:07:10,2487,0.1962,0.0213,0.5267,59.0,49.4,0.133,36.48,-10.05,-1.72,10.0,MEDIUM
2026-05-01 02:07:10,2488,0.2021,0.0426,0.52,59.0,49.83,0.167,38.02,-10.69,-2.03,10.0,MEDIUM
2026-05-01 02:07:10,2489,0.1857,0.0408,0.5133,59.0,51.4,0.2,38.12,-11.04,-1.29,10.0,MEDIUM
2026-05-01 02:07:10,2490,0.1718,0.0625,0.5533,59.0,53.55,0.233,37.22,-9.94,-2.5,10.0,MEDIUM
2026-05-01 02:07:10,2491,0.2196,0.0833,0.5467,60.0,52.79,0.0,34.12,-11.73,-2.49,10.0,MEDIUM
2026-05-01 02:07:10,2492,0.205,0.102,0.54,60.0,52.35,0.033,35.52,-11.26,-2.63,10.0,MEDIUM
2026-05-01 02:07:10,2493,0.1907,0.0222,0.5333,60.0,52.21,0.067,38.73,-11.63,-2.1,10.0,MEDIUM
2026-05-01 02:07:11,2494,0.2079,0.0301,0.5267,60.0,51.89,0.1,39.12,-11.84,-1.5,10.0,MEDIUM
2026-05-01 02:07:11,2495,0.1944,0.025,0.52,60.0,51.84,0.133,37.8,-11.03,-2.77,10.0,MEDIUM
2026-05-01 02:07:11,2496,0.2109,0.1006,0.5133,60.0,51.62,0.167,26.75,-15.31,-1.94,10.0,MEDIUM
2026-05-01 02:07:11,2497,0.1921,0.1578,0.5067,60.0,52.15,0.2,22.63,-13.96,-1.91,10.0,MEDIUM
2026-05-01 02:07:11,2498,0.2241,0.2286,0.5,61.0,51.5,0.0,2.07,-7.76,1.88,10.0,MEDIUM
2026-05-01 02:07:11,2499,0.2196,0.2161,0.4933,61.0,50.9,0.0,21.75,-20.66,-1.32,10.0,MEDIUM
2026-05-01 02:07:11,2500,0.2814,0.1351,0.4867,61.0,50.35,0.0,4.77,-0.03,-0.58,10.0,MEDIUM
2026-05-01 02:07:11,2501,0.2933,0.1388,0.48,61.0,49.84,0.0,2.34,1.5,2.63,10.0,MEDIUM
2026-05-01 02:07:11,2502,0.2631,0.3869,0.4733,61.0,49.37,0.0,-1.35,-6.71,1.73,10.0,MEDIUM
2026-05-01 02:07:11,2503,0.2387,0.4373,0.4667,61.0,48.94,0.0,-1.33,-7.54,2.19,10.0,MEDIUM
2026-05-01 02:07:11,2504,0.2662,0.4118,0.46,61.0,48.55,0.0,-0.24,-7.13,3.12,10.0,MEDIUM
2026-05-01 02:07:11,2505,0.3228,0.344,0.4533,61.0,48.18,0.0,-1.48,-8.88,3.73,10.0,MEDIUM
2026-05-01 02:07:11,2506,0.3461,0.3219,0.4467,61.0,47.85,0.0,-0.85,-10.16,2.43,10.0,MEDIUM
2026-05-01 02:07:11,2507,0.3063,0.3951,0.44,61.0,47.54,0.0,-0.3,-11.06,3.01,10.0,MEDIUM
2026-05-01 02:07:11,2508,0.3313,0.3542,0.4333,61.0,47.26,0.0,0.39,-9.07,3.13,10.0,MEDIUM
2026-05-01 02:07:11,2509,0.2621,0.3141,0.4267,61.0,47.0,0.0,1.66,-5.82,1.54,10.0,MEDIUM
2026-05-01 02:07:11,2510,0.2484,0.3635,0.42,61.0,46.76,0.0,2.92,-5.07,1.26,10.0,MEDIUM
2026-05-01 02:07:11,2511,0.244,0.1714,0.4133,61.0,46.54,0.0,5.41,-4.51,1.94,10.0,MEDIUM
2026-05-01 02:07:11,2512,0.2439,0.2019,0.4067,61.0,46.33,0.0,18.07,-21.14,-2.17,10.0,MEDIUM
2026-05-01 02:07:11,2513,0.2657,0.0903,0.4,61.0,46.15,0.0,21.66,-17.47,0.93,10.0,MEDIUM
2026-05-01 02:07:11,2514,0.2887,0.0833,0.3933,61.0,45.92,0.0,21.7,-17.54,-0.76,10.0,MEDIUM
2026-05-01 02:07:11,2515,0.2842,0.1875,0.3867,61.0,45.66,0.0,18.17,-16.32,-1.54,10.0,MEDIUM
2026-05-01 02:07:11,2516,0.2788,0.15,0.38,61.0,45.37,0.0,19.29,-19.88,-1.57,10.0,MEDIUM
2026-05-01 02:07:11,2517,0.2979,0.0587,0.3733,61.0,45.05,0.0,12.28,-14.77,2.44,10.0,MEDIUM
2026-05-01 02:07:11,2518,0.2828,0.1333,0.3667,61.0,44.7,0.0,11.32,-23.31,0.19,10.0,MEDIUM
2026-05-01 02:07:11,2519,0.3142,0.1515,0.36,61.0,44.32,0.0,11.64,-24.76,-1.12,10.0,MEDIUM
2026-05-01 02:07:11,2520,0.2884,0.0526,0.3533,61.0,43.92,0.0,20.79,-17.13,-1.54,10.0,MEDIUM
2026-05-01 02:07:11,2521,0.2855,0.0832,0.3467,61.0,43.5,0.0,23.35,-15.91,-1.58,10.0,MEDIUM
2026-05-01 02:07:11,2522,0.3131,0.1428,0.34,61.0,43.06,0.0,20.3,-11.47,-0.61,10.0,MEDIUM
2026-05-01 02:07:11,2523,0.324,0.1176,0.3333,61.0,42.6,0.0,21.08,-12.23,-0.91,10.0,MEDIUM
2026-05-01 02:07:12,2524,0.3005,0.0416,0.3267,61.0,42.13,0.0,16.1,-12.48,0.72,10.0,MEDIUM
2026-05-01 02:07:12,2525,0.316,0.0556,0.32,61.0,41.64,0.0,19.5,-15.05,-1.01,10.0,MEDIUM
2026-05-01 02:07:12,2526,0.3075,0.0571,0.3133,61.0,41.13,0.0,17.87,-13.96,-0.01,10.0,MEDIUM
2026-05-01 02:07:12,2527,0.2746,0.2161,0.3067,61.0,40.62,0.0,19.63,-13.96,-0.78,10.0,MEDIUM
2026-05-01 02:07:12,2528,0.3191,0.1666,0.3,61.0,40.09,0.0,18.38,-13.59,-1.12,10.0,MEDIUM
2026-05-01 02:07:12,2529,0.3085,0.0256,0.2933,61.0,39.55,0.0,25.94,-12.64,0.56,10.0,MEDIUM
2026-05-01 02:07:12,2530,0.3032,0.05,0.2867,61.0,39.0,0.0,25.56,-14.27,0.16,10.0,MEDIUM
2026-05-01 02:07:12,2531,0.2543,0.0526,0.28,61.0,38.44,0.0,21.26,-14.92,-2.39,10.0,MEDIUM
2026-05-01 02:07:12,2532,0.2109,0.054,0.2733,61.0,38.05,0.033,20.96,-15.69,-2.16,10.0,MEDIUM
2026-05-01 02:07:12,2533,0.1987,0.0571,0.2667,61.0,37.87,0.067,22.13,-13.66,-2.42,10.0,MEDIUM
2026-05-01 02:07:12,2534,0.2298,0.0833,0.26,62.0,37.24,0.0,26.49,-17.33,-0.16,10.0,MEDIUM
2026-05-01 02:07:12,2535,0.2193,0.0832,0.2533,62.0,36.61,0.0,24.21,-17.02,0.39,10.0,MEDIUM
2026-05-01 02:07:12,2536,0.1502,0.075,0.2467,62.0,38.48,0.033,28.2,-14.82,1.05,10.0,MEDIUM
2026-05-01 02:07:12,2537,0.1865,0.075,0.24,62.0,38.23,0.067,27.47,-15.5,0.27,10.0,MEDIUM
2026-05-01 02:07:12,2538,0.1641,0.1521,0.2333,62.0,38.67,0.1,3.9,-2.52,1.69,10.0,MEDIUM
2026-05-01 02:07:12,2539,0.1732,0.1316,0.2267,62.0,38.61,0.133,4.53,-3.07,2.61,10.0,MEDIUM
2026-05-01 02:07:12,2540,0.1919,0.2045,0.22,62.0,38.28,0.167,29.38,-17.3,-1.07,10.0,MEDIUM
2026-05-01 02:07:12,2541,0.2372,0.1415,0.2133,63.0,37.24,0.0,31.64,-17.22,-2.59,10.0,MEDIUM
2026-05-01 02:07:12,2542,0.2336,0.1185,0.2067,63.0,36.24,0.0,25.17,-22.25,-1.58,10.0,MEDIUM
2026-05-01 02:07:12,2543,0.2266,0.2447,0.2,63.0,35.26,0.0,0.08,-9.39,3.48,10.0,MEDIUM
2026-05-01 02:07:12,2544,0.2117,0.2907,0.1933,63.0,34.47,0.033,4.01,-3.15,1.86,10.0,MEDIUM
2026-05-01 02:07:12,2545,0.2071,0.0751,0.1867,63.0,33.81,0.067,26.59,-17.67,2.25,10.0,MEDIUM
2026-05-01 02:07:12,2546,0.2355,0.0487,0.14,64.0,32.55,0.0,22.52,-17.21,1.44,10.0,MEDIUM
2026-05-01 02:07:12,2547,0.1667,0.0908,0.14,64.0,32.21,0.033,28.47,-18.53,0.9,10.0,MEDIUM
2026-05-01 02:07:12,2548,0.1757,0.0465,0.14,64.0,31.82,0.067,26.6,-20.48,0.39,10.0,MEDIUM
2026-05-01 02:07:12,2549,0.1833,0.0353,0.14,64.0,31.4,0.1,20.79,-23.09,1.79,10.0,MEDIUM
2026-05-01 02:07:12,2550,0.1976,0.0344,0.14,64.0,30.87,0.133,5.47,-5.79,4.51,10.0,MEDIUM
2026-05-01 02:07:12,2551,0.238,0.0269,0.14,65.0,29.84,0.0,22.79,-25.81,0.85,10.0,MEDIUM
2026-05-01 02:07:12,2552,0.2432,0.0526,0.14,65.0,28.89,0.0,21.91,-25.89,0.01,10.0,MEDIUM
2026-05-01 02:07:12,2553,0.2249,0.0539,0.14,65.0,28.02,0.0,21.83,-28.28,1.12,10.0,MEDIUM
2026-05-01 02:07:13,2554,0.2289,0.0604,0.14,65.0,27.22,0.0,11.36,-7.27,5.53,10.0,MEDIUM
2026-05-01 02:07:13,2555,0.2339,0.1141,0.14,65.0,26.48,0.0,30.66,-24.01,-1.73,10.0,MEDIUM
2026-05-01 02:07:13,2556,0.237,0.1712,0.14,65.0,25.8,0.0,34.89,-16.81,2.79,10.0,MEDIUM
2026-05-01 02:07:13,2557,0.2692,0.0,0.14,65.0,25.18,0.0,30.8,-22.7,1.17,10.0,MEDIUM
2026-05-01 02:07:13,2558,0.2436,0.0,0.14,65.0,24.61,0.0,27.95,-24.46,1.86,10.0,MEDIUM
2026-05-01 02:07:13,2559,0.2546,0.0393,0.14,65.0,24.08,0.0,23.17,-20.59,-0.19,10.0,MEDIUM
2026-05-01 02:07:13,2560,0.2085,0.0249,0.14,65.0,23.8,0.033,26.18,-19.57,1.16,10.0,MEDIUM
2026-05-01 02:07:13,2561,0.2008,0.0,0.14,65.0,23.72,0.067,29.01,-17.79,1.72,10.0,MEDIUM
2026-05-01 02:07:13,2562,0.1682,0.0485,0.14,65.0,25.71,0.1,30.04,-15.03,3.32,10.0,MEDIUM
2026-05-01 02:07:13,2563,0.2416,0.0,0.14,66.0,25.09,0.0,16.14,-32.59,7.58,10.0,MEDIUM
2026-05-01 02:07:13,2564,0.218,0.026,0.14,66.0,24.6,0.033,21.96,-28.12,5.43,10.0,MEDIUM
2026-05-01 02:07:13,2565,0.2277,0.0,0.14,66.0,24.07,0.0,33.36,-25.11,3.41,10.0,MEDIUM
2026-05-01 02:07:13,2566,0.2563,0.0253,0.14,66.0,23.58,0.0,20.13,-27.18,6.14,10.0,MEDIUM
2026-05-01 02:07:13,2567,0.2661,0.0255,0.14,66.0,23.14,0.0,27.32,-29.89,1.44,10.0,MEDIUM
2026-05-01 02:07:13,2568,0.2305,0.0242,0.0933,66.0,22.41,0.0,31.3,-19.48,3.51,10.0,MEDIUM
2026-05-01 02:07:13,2569,0.2694,0.0243,0.0933,66.0,21.73,0.0,30.75,-21.74,0.8,10.0,MEDIUM
2026-05-01 02:07:13,2570,0.2195,0.0,0.0933,66.0,21.12,0.0,29.87,-26.92,-0.85,10.0,MEDIUM
2026-05-01 02:07:13,2571,0.2174,0.0263,0.0933,66.0,20.63,0.033,29.52,-28.48,-1.48,10.0,MEDIUM
2026-05-01 02:07:13,2572,0.2117,0.032,0.0933,66.0,20.32,0.067,37.76,-21.73,1.04,10.0,MEDIUM
2026-05-01 02:07:14,2573,0.2576,0.0239,0.0933,67.0,19.82,0.0,34.94,-19.32,6.47,10.0,MEDIUM
2026-05-01 02:07:14,2574,0.2254,0.0,0.0933,67.0,19.35,0.0,35.81,-20.38,5.4,10.0,MEDIUM
2026-05-01 02:07:14,2575,0.2092,0.0,0.0933,67.0,19.12,0.033,30.1,-19.47,5.22,10.0,MEDIUM
2026-05-01 02:07:14,2576,0.2456,0.0255,0.0933,67.0,18.71,0.0,27.32,-23.6,4.46,10.0,MEDIUM
2026-05-01 02:07:14,2577,0.2454,0.0255,0.0933,67.0,18.34,0.0,28.2,-14.29,5.0,10.0,MEDIUM
2026-05-01 02:07:14,2578,0.2275,0.0746,0.0933,67.0,17.99,0.0,32.27,-14.67,4.57,10.0,MEDIUM
2026-05-01 02:07:14,2579,0.2667,0.0,0.0933,67.0,17.67,0.0,29.6,-18.53,1.34,10.0,MEDIUM
2026-05-01 02:07:14,2580,0.2237,0.0256,0.0933,67.0,17.38,0.0,27.42,-15.04,1.01,10.0,MEDIUM
2026-05-01 02:07:14,2581,0.2288,0.0249,0.0933,67.0,17.11,0.0,27.5,-14.2,1.76,10.0,MEDIUM
2026-05-01 02:07:14,2582,0.1784,0.0232,0.0933,67.0,18.87,0.033,27.36,-14.95,3.0,10.0,MEDIUM
2026-05-01 02:07:14,2583,0.198,0.0,0.0933,67.0,19.01,0.067,28.76,-15.26,3.62,10.0,MEDIUM
2026-05-01 02:07:14,2584,0.2045,0.0256,0.0933,67.0,18.99,0.1,26.8,-14.35,1.61,10.0,MEDIUM
2026-05-01 02:07:14,2585,0.1876,0.0,0.0933,67.0,20.24,0.133,30.17,-16.22,0.85,10.0,MEDIUM
2026-05-01 02:07:14,2586,0.2244,0.0256,0.0933,68.0,19.74,0.0,30.32,-17.81,1.07,10.0,MEDIUM
2026-05-01 02:07:14,2587,0.2123,0.0244,0.0933,68.0,19.44,0.033,25.11,-17.96,1.47,10.0,MEDIUM
2026-05-01 02:07:14,2588,0.222,0.0499,0.0933,68.0,19.01,0.0,10.29,-0.13,3.23,10.0,MEDIUM
2026-05-01 02:07:14,2589,0.234,0.0362,0.0933,68.0,18.61,0.0,20.61,-21.16,4.34,10.0,MEDIUM
2026-05-01 02:07:14,2590,0.2261,0.0256,0.0933,68.0,18.24,0.0,21.9,-17.89,3.55,10.0,MEDIUM
2026-05-01 02:07:14,2591,0.1881,0.0544,0.0933,68.0,18.98,0.033,15.76,-21.12,2.14,10.0,MEDIUM
2026-05-01 02:07:14,2592,0.2248,0.0499,0.0933,68.0,18.59,0.0,14.45,-21.36,2.81,10.0,MEDIUM
2026-05-01 02:07:14,2593,0.2272,0.0237,0.0933,68.0,18.22,0.0,21.24,-19.58,6.0,10.0,MEDIUM
2026-05-01 02:07:14,2594,0.2467,0.0249,0.0933,68.0,17.88,0.0,13.96,-22.51,5.22,10.0,MEDIUM
2026-05-01 02:07:14,2595,0.2128,0.0262,0.0933,68.0,17.72,0.033,2.64,-0.72,5.46,10.0,MEDIUM
2026-05-01 02:07:14,2596,0.2028,0.0249,0.0933,68.0,17.96,0.067,19.95,-21.9,3.55,10.0,MEDIUM
2026-05-01 02:07:14,2597,0.2173,0.0342,0.0933,68.0,17.84,0.1,23.78,-21.0,2.68,10.0,MEDIUM
2026-05-01 02:07:14,2598,0.205,0.0221,0.0467,68.0,18.38,0.133,33.27,-21.75,2.13,10.0,MEDIUM
2026-05-01 02:07:14,2599,0.2017,0.0226,0.0467,68.0,19.19,0.167,31.69,-23.17,2.32,10.0,MEDIUM
2026-05-01 02:07:14,2600,0.1959,0.0226,0.0467,68.0,20.33,0.2,29.48,-21.01,2.67,10.0,MEDIUM
2026-05-01 02:07:14,2601,0.1873,0.0221,0.0933,68.0,21.86,0.233,29.32,-20.67,1.82,10.0,MEDIUM
2026-05-01 02:07:15,2602,0.2236,0.0243,0.0933,69.0,21.24,0.0,32.71,-18.68,2.54,10.0,MEDIUM
2026-05-01 02:07:15,2603,0.1959,0.0238,0.0933,69.0,21.05,0.033,31.84,-18.96,-0.66,10.0,MEDIUM
2026-05-01 02:07:15,2604,0.1746,0.0,0.0933,69.0,21.92,0.067,33.95,-19.99,-0.51,10.0,MEDIUM
2026-05-01 02:07:15,2605,0.2069,0.0362,0.0933,69.0,21.64,0.1,19.12,-2.39,2.99,10.0,MEDIUM
2026-05-01 02:07:15,2606,0.1873,0.0,0.0933,69.0,21.98,0.133,35.44,-19.02,-0.48,10.0,MEDIUM
2026-05-01 02:07:15,2607,0.2055,0.0238,0.0933,69.0,21.82,0.167,37.08,-17.16,-0.34,10.0,MEDIUM
2026-05-01 02:07:15,2608,0.19,0.0,0.0933,69.0,22.42,0.2,37.5,-17.19,-0.88,10.0,MEDIUM
2026-05-01 02:07:15,2609,0.2199,0.0,0.0933,70.0,21.75,0.0,28.88,-21.13,0.79,10.0,OK
2026-05-01 02:07:15,2610,0.1883,0.025,0.0933,70.0,21.63,0.033,22.42,-20.37,2.16,10.0,OK
2026-05-01 02:07:15,2611,0.221,0.0244,0.0933,70.0,21.02,0.0,35.81,-16.71,0.7,10.0,OK
2026-05-01 02:07:15,2612,0.1962,0.0244,0.0933,70.0,20.85,0.033,35.94,-20.18,-0.93,10.0,OK
2026-05-01 02:07:15,2613,0.1759,0.0,0.0933,70.0,21.71,0.067,35.08,-18.38,0.4,10.0,OK
2026-05-01 02:07:15,2614,0.1976,0.0249,0.0933,70.0,21.57,0.1,32.13,-20.29,0.39,10.0,OK
2026-05-01 02:07:15,2615,0.2081,0.0,0.0933,70.0,21.36,0.133,29.4,-20.5,2.71,10.0,OK
2026-05-01 02:07:15,2616,0.2133,0.0,0.0933,70.0,21.13,0.167,30.88,-16.89,1.27,10.0,OK
2026-05-01 02:07:15,2617,0.1963,0.0335,0.0933,70.0,21.57,0.2,30.27,-17.0,2.08,10.0,OK
2026-05-01 02:07:15,2618,0.1923,0.0249,0.14,70.0,23.75,0.233,34.27,-18.92,0.35,10.0,OK
2026-05-01 02:07:15,2619,0.2031,0.0244,0.1467,70.0,24.96,0.267,34.27,-18.8,0.98,10.0,OK
2026-05-01 02:07:15,2620,0.157,0.0238,0.1533,70.0,29.17,0.3,35.14,-18.06,-0.88,10.0,OK
2026-05-01 02:07:15,2621,0.1813,0.0337,0.16,70.0,30.83,0.333,37.76,-18.37,-2.03,10.0,OK
2026-05-01 02:07:15,2622,0.2208,0.0,0.16,71.0,29.97,0.0,33.75,-17.55,3.26,10.0,OK
2026-05-01 02:07:15,2623,0.191,0.0232,0.16,71.0,29.64,0.033,33.04,-16.37,3.84,10.0,OK
2026-05-01 02:07:15,2624,0.2187,0.0361,0.16,71.0,28.98,0.067,31.71,-20.49,2.34,10.0,OK
2026-05-01 02:07:15,2625,0.2283,0.0,0.16,72.0,28.27,0.0,25.82,-21.24,2.63,10.0,OK
2026-05-01 02:07:15,2626,0.2263,0.0353,0.16,72.0,27.6,0.0,23.03,-20.1,3.06,10.0,OK
2026-05-01 02:07:15,2627,0.2064,0.0,0.16,72.0,27.24,0.033,28.62,-18.94,3.28,10.0,OK
2026-05-01 02:07:15,2628,0.1943,0.0,0.16,72.0,27.14,0.067,26.3,-21.21,1.74,10.0,OK
2026-05-01 02:07:15,2629,0.2442,0.0,0.16,73.0,26.57,0.0,29.42,-21.18,0.08,10.0,OK
2026-05-01 02:07:15,2630,0.2036,0.0232,0.16,73.0,26.32,0.033,32.23,-20.15,1.47,10.0,OK
2026-05-01 02:07:15,2631,0.2277,0.0362,0.16,73.0,25.82,0.0,33.17,-21.66,2.34,10.0,OK
2026-05-01 02:07:16,2632,0.1995,0.0,0.16,73.0,25.7,0.033,33.84,-18.45,-0.14,10.0,OK
2026-05-01 02:07:16,2633,0.1786,0.0,0.16,73.0,26.78,0.067,33.47,-17.34,0.79,10.0,OK
2026-05-01 02:07:16,2634,0.1744,0.0,0.1133,73.0,26.69,0.1,29.29,-18.04,1.51,10.0,OK
2026-05-01 02:07:16,2635,0.1793,0.0,0.1133,73.0,26.59,0.133,29.66,-16.98,1.78,10.0,OK
2026-05-01 02:07:16,2636,0.1814,0.0237,0.1133,73.0,26.52,0.167,33.17,-17.95,2.26,10.0,OK
2026-05-01 02:07:16,2637,0.1708,0.0243,0.1133,73.0,27.17,0.2,30.55,-17.78,2.52,10.0,OK
2026-05-01 02:07:16,2638,0.1907,0.0343,0.16,73.0,28.2,0.233,31.52,-19.28,1.2,10.0,OK
2026-05-01 02:07:16,2639,0.2055,0.0,0.1667,73.0,28.39,0.267,32.92,-18.56,-0.11,10.0,OK
2026-05-01 02:07:16,2640,0.1928,0.0243,0.1733,73.0,29.81,0.3,15.49,-2.37,3.41,10.0,OK
2026-05-01 02:07:16,2641,0.1998,0.0,0.18,73.0,30.77,0.333,25.36,-19.38,0.31,10.0,OK
2026-05-01 02:07:16,2642,0.205,0.0362,0.1867,73.0,31.54,0.367,26.98,-20.2,-1.78,10.0,OK
2026-05-01 02:07:16,2643,0.2104,0.0244,0.1933,73.0,32.17,0.4,33.46,-18.18,-0.2,10.0,OK
2026-05-01 02:07:16,2644,0.2194,0.0372,0.1933,74.0,31.46,0.0,29.82,-18.02,0.07,10.0,LOW
2026-05-01 02:07:16,2645,0.1937,0.0344,0.1933,74.0,31.24,0.033,31.07,-19.89,1.08,10.0,LOW
2026-05-01 02:07:16,2646,0.2255,0.0249,0.1933,74.0,30.61,0.0,29.61,-21.47,-0.27,10.0,LOW
2026-05-01 02:07:16,2647,0.191,0.0263,0.1933,74.0,30.49,0.033,30.77,-21.02,-1.17,10.0,LOW
2026-05-01 02:07:16,2648,0.1992,0.0,0.1933,74.0,30.32,0.067,25.93,-17.04,3.74,10.0,LOW
2026-05-01 02:07:16,2649,0.2685,0.0,0.1933,75.0,29.76,0.0,25.04,-20.48,2.65,10.0,LOW
2026-05-01 02:07:16,2650,0.2334,0.0,0.1933,75.0,29.25,0.0,26.51,-19.82,2.79,10.0,LOW
2026-05-01 02:07:16,2651,0.1806,0.0249,0.1933,75.0,29.89,0.033,11.27,-3.42,2.97,10.0,LOW
2026-05-01 02:07:16,2652,0.1797,0.0249,0.1933,75.0,30.61,0.067,25.96,-21.05,0.6,10.0,LOW
2026-05-01 02:07:16,2653,0.1928,0.0352,0.1933,75.0,30.58,0.1,25.37,-22.1,3.29,10.0,LOW
2026-05-01 02:07:16,2654,0.1928,0.0352,0.1933,75.0,30.71,0.133,24.72,-21.41,2.69,10.0,LOW
2026-05-01 02:07:16,2655,0.1826,0.0249,0.1933,75.0,31.69,0.167,13.41,1.06,3.4,10.0,LOW
2026-05-01 02:07:16,2656,0.1912,0.0,0.1933,75.0,32.02,0.2,32.71,-17.34,0.44,10.0,LOW
2026-05-01 02:07:16,2657,0.1779,0.025,0.24,75.0,34.97,0.233,32.67,-20.3,-0.56,10.0,LOW
2026-05-01 02:07:16,2658,0.1735,0.0237,0.2467,75.0,37.64,0.267,33.88,-20.3,-0.62,10.0,LOW
2026-05-01 02:07:16,2659,0.1998,0.0657,0.2533,75.0,38.18,0.3,6.02,-3.63,3.95,10.0,LOW
2026-05-01 02:07:16,2660,0.1922,0.0277,0.26,75.0,39.49,0.333,21.47,-22.57,1.22,10.0,LOW
2026-05-01 02:07:16,2661,0.222,0.0269,0.26,76.0,38.73,0.0,23.35,-20.69,0.46,10.0,LOW
2026-05-01 02:07:17,2662,0.2211,0.0256,0.26,76.0,38.03,0.0,34.43,-21.29,2.07,10.0,LOW
2026-05-01 02:07:17,2663,0.2373,0.0361,0.26,76.0,37.39,0.0,26.95,-22.32,3.5,10.0,LOW
2026-05-01 02:07:17,2664,0.204,0.0232,0.26,76.0,37.08,0.033,32.13,-17.81,2.01,10.0,LOW
2026-05-01 02:07:17,2665,0.189,0.0,0.26,76.0,37.06,0.067,31.84,-19.41,1.48,10.0,LOW
2026-05-01 02:07:17,2666,0.2055,0.0256,0.26,76.0,36.87,0.1,29.41,-23.13,0.47,10.0,LOW
2026-05-01 02:07:17,2667,0.1999,0.0256,0.26,76.0,36.82,0.133,31.98,-21.61,-0.43,10.0,LOW
2026-05-01 02:07:17,2668,0.2062,0.027,0.26,76.0,36.75,0.167,26.15,-20.02,0.52,10.0,LOW
2026-05-01 02:07:17,2669,0.1919,0.0249,0.26,76.0,37.6,0.2,22.31,-25.96,3.57,10.0,LOW
2026-05-01 02:07:17,2670,0.2151,0.0352,0.3067,76.0,38.55,0.233,23.77,-23.27,4.1,10.0,LOW
2026-05-01 02:07:17,2671,0.2337,0.0,0.3067,77.0,38.24,0.0,21.93,-23.82,2.01,10.0,LOW
2026-05-01 02:07:17,2672,0.2343,0.0256,0.3067,77.0,37.95,0.0,23.66,-22.76,1.9,10.0,LOW
2026-05-01 02:07:17,2673,0.2154,0.0352,0.3067,77.0,37.8,0.033,22.65,-21.42,2.66,10.0,LOW
2026-05-01 02:07:17,2674,0.1954,0.0,0.3067,77.0,38.72,0.067,25.9,-19.96,1.49,10.0,LOW
2026-05-01 02:07:17,2675,0.2162,0.0249,0.3067,77.0,38.6,0.1,27.6,-19.05,2.95,10.0,LOW
2026-05-01 02:07:17,2676,0.2098,0.0255,0.3067,77.0,38.81,0.133,31.4,-18.77,1.84,10.0,LOW
2026-05-01 02:07:17,2677,0.1991,0.0,0.3067,77.0,39.87,0.167,30.92,-18.43,1.44,10.0,LOW
2026-05-01 02:07:17,2678,0.1874,0.0243,0.3067,77.0,41.55,0.2,30.62,-20.38,0.57,10.0,LOW
2026-05-01 02:07:17,2679,0.1641,0.0243,0.3533,77.0,46.01,0.233,35.39,-18.98,-0.08,10.0,LOW
2026-05-01 02:07:17,2680,0.2089,0.0362,0.36,77.0,46.52,0.267,25.72,-20.18,1.32,10.0,LOW
2026-05-01 02:07:17,2681,0.2157,0.0262,0.3667,77.0,46.9,0.3,1.74,-2.1,7.41,10.0,LOW
2026-05-01 02:07:17,2682,0.1952,0.0263,0.3733,77.0,48.93,0.333,20.02,-23.27,2.01,10.0,LOW
2026-05-01 02:07:17,2683,0.1903,0.0238,0.38,77.0,51.05,0.367,35.82,-19.33,-1.07,10.0,LOW
2026-05-01 02:07:17,2684,0.2026,0.0328,0.3867,77.0,52.11,0.4,33.11,-20.82,-0.58,10.0,LOW
2026-05-01 02:07:17,2685,0.1757,0.0243,0.3933,77.0,55.01,0.433,15.97,-1.49,3.4,10.0,LOW
2026-05-01 02:07:17,2686,0.1927,0.0238,0.4,77.0,56.28,0.467,30.99,-20.95,0.51,10.0,LOW
2026-05-01 02:07:17,2687,0.1957,0.0243,0.4067,77.0,57.16,0.5,27.25,-20.92,1.37,10.0,LOW
2026-05-01 02:07:17,2688,0.177,0.0,0.4133,77.0,59.16,0.533,26.91,-19.45,2.68,10.0,LOW
2026-05-01 02:07:18,2689,0.2069,0.0,0.42,77.0,59.08,0.567,22.73,-20.78,3.24,10.0,LOW
2026-05-01 02:07:18,2690,0.1634,0.0249,0.4267,77.0,61.78,0.6,13.36,-0.23,3.62,10.0,LOW
2026-05-01 02:07:18,2691,0.1523,0.0,0.4333,77.0,64.48,0.633,14.84,0.87,3.63,10.0,LOW
2026-05-01 02:07:18,2692,0.1933,0.0,0.44,77.0,64.34,0.667,30.2,-20.34,0.38,10.0,LOW
2026-05-01 02:07:18,2693,0.1809,0.0,0.4467,77.0,64.82,0.7,28.84,-21.29,0.96,10.0,LOW
2026-05-01 02:07:18,2694,0.1976,0.025,0.4533,77.0,64.7,0.733,30.44,-19.32,-0.08,10.0,LOW
2026-05-01 02:07:18,2695,0.1895,0.0243,0.46,77.0,64.99,0.767,32.48,-18.72,0.41,10.0,LOW
2026-05-01 02:07:18,2696,0.1983,0.0262,0.4667,77.0,64.96,0.8,24.88,-23.73,0.92,10.0,LOW
2026-05-01 02:07:18,2697,0.1834,0.0256,0.4733,77.0,66.03,0.833,28.57,-21.26,-0.51,10.0,LOW
2026-05-01 02:07:18,2698,0.2253,0.0362,0.4733,77.0,64.27,0.0,28.04,-20.85,0.32,10.0,LOW
2026-05-01 02:07:18,2699,0.1956,0.0262,0.4733,76.0,63.05,0.033,28.17,-21.69,2.37,10.0,LOW
2026-05-01 02:07:18,2700,0.2014,0.0,0.4733,76.0,61.9,0.067,24.65,-22.45,2.39,10.0,LOW
2026-05-01 02:07:18,2701,0.1957,0.0,0.4733,76.0,60.98,0.1,23.21,-22.28,2.3,10.0,LOW
2026-05-01 02:07:18,2702,0.198,0.0243,0.4733,76.0,60.15,0.133,23.01,-22.01,2.93,10.0,LOW
2026-05-01 02:07:18,2703,0.2117,0.0352,0.4733,76.0,59.25,0.167,17.38,-19.96,4.81,10.0,LOW
2026-05-01 02:07:18,2704,0.2167,0.0362,0.4733,76.0,58.4,0.2,26.76,-20.53,3.12,10.0,LOW
2026-05-01 02:07:18,2705,0.188,0.0573,0.52,76.0,58.1,0.233,9.28,-3.86,2.19,10.0,LOW
2026-05-01 02:07:18,2706,0.1639,0.0342,0.5267,76.0,58.66,0.267,8.51,-1.79,5.5,10.0,LOW
2026-05-01 02:07:18,2707,0.2238,0.0,0.5267,77.0,57.48,0.0,21.36,-24.53,0.85,10.0,LOW
2026-05-01 02:07:18,2708,0.2352,0.027,0.5267,77.0,56.41,0.0,23.37,-23.79,-0.29,10.0,LOW
2026-05-01 02:07:18,2709,0.2085,0.0344,0.5267,77.0,55.63,0.033,31.0,-21.6,0.72,10.0,LOW
2026-05-01 02:07:18,2710,0.2195,0.0243,0.5267,77.0,54.7,0.0,29.31,-20.99,1.43,10.0,LOW
2026-05-01 02:07:18,2711,0.1869,0.0499,0.5267,77.0,54.37,0.033,24.98,-19.58,1.68,10.0,LOW
2026-05-01 02:07:18,2712,0.1958,0.0344,0.5267,77.0,53.99,0.067,28.7,-20.84,0.22,10.0,LOW
2026-05-01 02:07:18,2713,0.1908,0.025,0.5267,77.0,53.78,0.1,28.56,-20.73,-1.09,10.0,LOW
2026-05-01 02:07:18,2714,0.1569,0.0,0.5267,77.0,55.32,0.133,22.45,-19.91,0.62,10.0,LOW
2026-05-01 02:07:18,2715,0.1664,0.0256,0.5267,77.0,55.95,0.167,22.44,-19.31,-0.06,10.0,LOW
2026-05-01 02:07:18,2716,0.1936,0.0362,0.5267,77.0,55.71,0.2,26.54,-23.07,0.92,10.0,LOW
2026-05-01 02:07:18,2717,0.2117,0.0263,0.5733,77.0,55.27,0.233,21.54,-22.94,2.41,10.0,LOW
2026-05-01 02:07:18,2718,0.2108,0.025,0.58,77.0,54.94,0.267,29.87,-19.76,-0.81,10.0,LOW
2026-05-01 02:07:19,2719,0.212,0.0499,0.5867,77.0,54.67,0.3,31.18,-21.39,-0.09,10.0,LOW
2026-05-01 02:07:19,2720,0.208,0.0,0.5933,77.0,54.54,0.333,31.96,-21.11,0.12,10.0,LOW
2026-05-01 02:07:19,2721,0.2297,0.0256,0.5933,78.0,53.7,0.0,24.46,-23.7,0.83,10.0,LOW
2026-05-01 02:07:19,2722,0.2293,0.0256,0.5933,78.0,52.92,0.0,22.83,-22.81,1.81,10.0,MEDIUM
2026-05-01 02:07:19,2723,0.166,0.0232,0.5933,78.0,53.45,0.033,33.61,-19.84,2.87,10.0,MEDIUM
2026-05-01 02:07:19,2724,0.1788,0.0237,0.5933,78.0,53.39,0.067,29.12,-21.93,2.45,10.0,MEDIUM
2026-05-01 02:07:19,2725,0.1924,0.025,0.5933,78.0,53.2,0.1,29.08,-18.82,-2.9,10.0,MEDIUM
2026-05-01 02:07:19,2726,0.2028,0.0256,0.5933,78.0,52.93,0.133,27.78,-21.8,-3.06,10.0,MEDIUM
2026-05-01 02:07:19,2727,0.2194,0.0,0.5933,79.0,52.21,0.0,23.45,-23.29,4.68,10.0,MEDIUM
2026-05-01 02:07:19,2728,0.236,0.0,0.5933,79.0,51.56,0.0,15.06,-26.42,5.28,10.0,MEDIUM
2026-05-01 02:07:19,2729,0.2047,0.0,0.5933,78.0,51.22,0.033,25.99,-19.28,1.36,10.0,MEDIUM
2026-05-01 02:07:19,2730,0.2119,0.025,0.5933,78.0,50.86,0.067,33.36,-19.41,0.3,10.0,MEDIUM
2026-05-01 02:07:19,2731,0.158,0.0,0.5933,78.0,53.11,0.1,27.92,-22.5,1.67,10.0,MEDIUM
2026-05-01 02:07:19,2732,0.2005,0.0344,0.5933,78.0,52.87,0.133,25.29,-23.72,0.29,10.0,MEDIUM
2026-05-01 02:07:19,2733,0.1923,0.0243,0.5933,78.0,52.84,0.167,25.75,-22.62,0.49,10.0,MEDIUM
2026-05-01 02:07:19,2734,0.1514,0.0344,0.5933,78.0,55.55,0.2,9.42,0.96,2.94,10.0,MEDIUM
2026-05-01 02:07:19,2735,0.1543,0.0362,0.64,78.0,57.37,0.233,18.62,-23.79,1.34,10.0,MEDIUM
2026-05-01 02:07:19,2736,0.1711,0.0,0.6467,78.0,57.72,0.267,15.44,-20.83,2.78,10.0,MEDIUM
2026-05-01 02:07:19,2737,0.1969,0.0,0.6533,78.0,57.46,0.3,19.54,-24.28,1.47,10.0,MEDIUM
2026-05-01 02:07:19,2738,0.2404,0.0,0.6533,79.0,56.38,0.0,12.21,-25.37,4.18,10.0,MEDIUM
2026-05-01 02:07:19,2739,0.1906,0.0256,0.6533,79.0,55.86,0.033,-2.67,-0.35,7.4,10.0,MEDIUM
2026-05-01 02:07:19,2740,0.1818,0.0352,0.6533,79.0,55.57,0.067,-8.81,-0.04,7.92,10.0,MEDIUM
2026-05-01 02:07:19,2741,0.1782,0.0249,0.6533,79.0,55.41,0.1,8.44,-23.87,3.39,10.0,MEDIUM
2026-05-01 02:07:19,2742,0.214,0.0249,0.6533,79.0,54.8,0.133,8.4,-20.23,3.86,10.0,MEDIUM
2026-05-01 02:07:19,2743,0.2331,0.0249,0.6533,80.0,53.94,0.0,4.94,-23.49,5.33,10.0,MEDIUM
2026-05-01 02:07:19,2744,0.2062,0.0243,0.6533,80.0,53.39,0.033,8.78,-23.87,3.2,10.0,MEDIUM
2026-05-01 02:07:19,2745,0.1984,0.0243,0.6067,80.0,53.05,0.067,7.18,-24.57,4.09,10.0,MEDIUM
2026-05-01 02:07:19,2746,0.1817,0.0526,0.6067,80.0,53.04,0.1,3.13,-23.18,3.71,10.0,MEDIUM
2026-05-01 02:07:19,2747,0.1858,0.0588,0.6067,80.0,53.03,0.133,-8.96,-0.57,5.73,10.0,MEDIUM
2026-05-01 02:07:20,2748,0.1799,0.0499,0.6067,80.0,53.61,0.167,-0.41,-3.79,3.8,10.0,MEDIUM
2026-05-01 02:07:20,2749,0.1994,0.0249,0.6067,80.0,53.46,0.2,-3.66,-3.86,7.3,10.0,MEDIUM
2026-05-01 02:07:20,2750,0.199,0.0351,0.6533,79.0,53.39,0.233,-8.32,-3.12,8.21,10.0,MEDIUM
2026-05-01 02:07:20,2751,0.1896,0.0249,0.66,79.0,53.95,0.267,-4.24,-4.23,5.54,10.0,MEDIUM
2026-05-01 02:07:20,2752,0.1931,0.0,0.6667,79.0,54.34,0.3,-1.4,-4.01,5.6,10.0,MEDIUM
2026-05-01 02:07:20,2753,0.2039,0.0256,0.6733,78.0,54.3,0.333,-0.19,-27.01,6.0,10.0,MEDIUM
2026-05-01 02:07:20,2754,0.2187,0.0262,0.68,78.0,54.1,0.367,-13.03,-3.13,9.97,10.0,MEDIUM
2026-05-01 02:07:20,2755,0.1966,0.0238,0.6867,78.0,54.95,0.4,13.57,-21.59,0.3,10.0,MEDIUM
2026-05-01 02:07:20,2756,0.2332,0.0587,0.6867,79.0,54.07,0.0,6.07,-27.63,4.87,10.0,MEDIUM
2026-05-01 02:07:20,2757,0.2369,0.0511,0.6867,79.0,53.27,0.0,4.31,-27.17,4.9,10.0,MEDIUM
2026-05-01 02:07:20,2758,0.2172,0.0746,0.6867,79.0,52.61,0.033,-1.56,-1.15,6.01,10.0,MEDIUM
2026-05-01 02:07:20,2759,0.2432,0.0788,0.6867,79.0,51.92,0.0,8.22,-24.48,2.86,10.0,MEDIUM
2026-05-01 02:07:20,2760,0.2238,0.0588,0.6867,79.0,51.29,0.0,-1.88,-1.98,4.21,10.0,MEDIUM
2026-05-01 02:07:20,2761,0.2148,0.0909,0.6867,79.0,50.82,0.033,0.23,-3.36,4.04,10.0,MEDIUM
2026-05-01 02:07:20,2762,0.193,0.0353,0.68,79.0,50.77,0.067,-2.64,0.02,3.88,10.0,MEDIUM
2026-05-01 02:07:20,2763,0.1722,0.0337,0.6733,79.0,52.14,0.1,3.78,0.26,2.93,10.0,MEDIUM
2026-05-01 02:07:20,2764,0.1467,0.0487,0.6667,79.0,54.9,0.133,-2.2,3.71,4.38,10.0,MEDIUM
2026-05-01 02:07:20,2765,0.1979,0.133,0.62,79.0,54.62,0.167,-4.47,32.62,2.81,10.0,MEDIUM
2026-05-01 02:07:20,2766,0.2449,0.1587,0.62,80.0,53.77,0.0,5.31,22.33,6.96,10.0,MEDIUM
2026-05-01 02:07:20,2767,0.2163,0.2246,0.62,80.0,53.08,0.033,3.19,34.33,4.54,10.0,MEDIUM
2026-05-01 02:07:20,2768,0.2466,0.182,0.62,80.0,52.36,0.0,14.29,22.48,10.33,10.0,MEDIUM
2026-05-01 02:07:20,2769,0.2415,0.2852,0.62,80.0,51.69,0.0,-7.59,34.76,1.25,10.0,MEDIUM
2026-05-01 02:07:20,2770,0.261,0.1403,0.62,80.0,51.07,0.0,-5.22,34.03,3.3,10.0,MEDIUM
2026-05-01 02:07:20,2771,0.273,0.2425,0.62,80.0,50.51,0.0,11.02,27.2,8.87,10.0,MEDIUM
2026-05-01 02:07:21,2772,0.2557,0.1547,0.62,80.0,49.99,0.0,10.76,26.91,9.47,10.0,MEDIUM
2026-05-01 02:07:21,2773,0.2344,0.1672,0.62,80.0,49.51,0.0,11.68,25.9,9.25,10.0,MEDIUM
2026-05-01 02:07:21,2774,0.2275,0.1071,0.62,80.0,49.07,0.0,1.3,38.88,2.05,10.0,MEDIUM
2026-05-01 02:07:21,2775,0.234,0.0804,0.62,80.0,48.66,0.0,-0.36,38.56,2.85,10.0,MEDIUM
2026-05-01 02:07:21,2776,0.2504,0.041,0.62,80.0,48.29,0.0,7.25,26.48,10.75,10.0,MEDIUM
2026-05-01 02:07:21,2777,0.1821,0.1387,0.62,80.0,49.4,0.033,-17.74,39.01,-5.98,10.0,MEDIUM
2026-05-01 02:07:21,2778,0.2324,0.1574,0.62,80.0,48.97,0.0,-5.02,37.73,-0.89,10.0,MEDIUM
2026-05-01 02:07:21,2779,0.2387,0.1706,0.62,80.0,48.57,0.0,12.14,24.13,10.34,10.0,MEDIUM
2026-05-01 02:07:21,2780,0.2166,0.1952,0.62,79.0,48.3,0.033,0.22,35.79,0.77,10.0,MEDIUM
2026-05-01 02:07:21,2781,0.2731,0.117,0.62,79.0,47.96,0.0,-2.87,38.52,0.42,10.0,MEDIUM
2026-05-01 02:07:21,2782,0.2527,0.083,0.6133,79.0,47.64,0.0,-3.29,37.25,0.2,10.0,MEDIUM
2026-05-01 02:07:21,2783,0.2652,0.083,0.6067,79.0,47.35,0.0,-3.8,38.06,-0.24,10.0,MEDIUM
2026-05-01 02:07:21,2784,0.3027,0.0381,0.6,79.0,47.08,0.0,9.39,28.88,5.98,10.0,MEDIUM
2026-05-01 02:07:21,2785,0.2731,0.0539,0.5933,79.0,46.83,0.0,7.39,28.16,5.53,10.0,MEDIUM
2026-05-01 02:07:21,2786,0.2758,0.0569,0.5867,79.0,46.61,0.0,5.88,30.48,6.72,10.0,MEDIUM
2026-05-01 02:07:21,2787,0.2138,0.1081,0.54,79.0,46.53,0.033,-17.33,35.65,-5.77,10.0,MEDIUM
2026-05-01 02:07:21,2788,0.2399,0.081,0.54,79.0,46.33,0.0,-6.29,38.59,-2.65,10.0,MEDIUM
2026-05-01 02:07:21,2789,0.1535,0.19,0.54,79.0,49.96,0.033,-4.16,37.65,-0.06,10.0,MEDIUM
2026-05-01 02:07:21,2790,0.2584,0.0525,0.54,79.0,49.48,0.0,10.83,21.42,5.97,10.0,MEDIUM
2026-05-01 02:07:21,2791,0.2168,0.0512,0.54,79.0,49.13,0.033,11.79,18.93,5.59,10.0,MEDIUM
2026-05-01 02:07:21,2792,0.1906,0.0,0.54,79.0,49.65,0.067,13.13,9.61,5.42,10.0,MEDIUM
2026-05-01 02:07:21,2793,0.1792,0.0217,0.54,79.0,50.97,0.1,37.84,-2.5,0.4,10.0,MEDIUM
2026-05-01 02:07:21,2794,0.1799,0.0,0.54,79.0,52.02,0.133,39.06,-3.18,0.23,10.0,MEDIUM
2026-05-01 02:07:21,2795,0.1618,0.0833,0.54,79.0,54.11,0.167,31.94,-5.43,-1.24,10.0,MEDIUM
2026-05-01 02:07:21,2796,0.1808,0.0638,0.54,79.0,54.49,0.2,29.28,-6.01,-2.13,10.0,MEDIUM
2026-05-01 02:07:21,2797,0.2127,0.1392,0.5867,79.0,54.14,0.233,27.82,-8.31,-4.07,10.0,MEDIUM
2026-05-01 02:07:22,2798,0.2201,0.0981,0.5867,80.0,53.33,0.0,28.86,-8.08,-3.21,10.0,MEDIUM
2026-05-01 02:07:22,2799,0.1852,0.0465,0.5867,80.0,53.14,0.033,32.34,-12.31,-4.88,10.0,MEDIUM
2026-05-01 02:07:22,2800,0.1737,0.0232,0.5867,80.0,53.33,0.067,33.42,-12.04,-4.46,10.0,MEDIUM
2026-05-01 02:07:22,2801,0.189,0.054,0.58,80.0,53.19,0.1,-1.92,1.25,-4.36,10.0,MEDIUM
2026-05-01 02:07:22,2802,0.1668,0.0262,0.5733,80.0,54.3,0.133,14.68,-14.84,-6.97,10.0,MEDIUM
2026-05-01 02:07:22,2803,0.166,0.0233,0.5667,80.0,55.32,0.167,8.1,4.64,0.32,10.0,MEDIUM
2026-05-01 02:07:22,2804,0.1807,0.0435,0.52,80.0,55.31,0.2,31.11,-9.51,-1.26,10.0,MEDIUM
2026-05-01 02:07:22,2805,0.185,0.0,0.5667,80.0,55.3,0.233,16.24,2.62,-0.82,10.0,MEDIUM
2026-05-01 02:07:22,2806,0.2168,0.0,0.5733,80.0,54.88,0.267,28.72,-11.55,-0.49,10.0,MEDIUM
2026-05-01 02:07:22,2807,0.204,0.0,0.58,80.0,54.73,0.3,29.06,-10.59,-0.28,10.0,MEDIUM
2026-05-01 02:07:22,2808,0.1592,0.0222,0.5867,80.0,57.26,0.333,34.58,-11.09,0.03,10.0,MEDIUM
2026-05-01 02:07:22,2809,0.1791,0.0,0.5933,79.0,57.87,0.367,32.81,-11.62,-0.99,10.0,MEDIUM
2026-05-01 02:07:22,2810,0.1535,0.0652,0.6,79.0,60.16,0.4,-2.7,5.24,1.33,10.0,MEDIUM
2026-05-01 02:07:22,2811,0.1417,0.0435,0.6067,79.0,62.64,0.433,34.82,-11.57,0.58,10.0,MEDIUM
2026-05-01 02:07:22,2812,0.1894,0.0,0.6133,79.0,62.36,0.467,35.13,-12.93,1.09,10.0,MEDIUM
2026-05-01 02:07:22,2813,0.1987,0.0222,0.62,79.0,62.03,0.5,5.48,2.67,0.33,10.0,MEDIUM
2026-05-01 02:07:22,2814,0.1742,0.0,0.58,79.0,62.52,0.533,34.0,-13.97,-2.09,10.0,MEDIUM
2026-05-01 02:07:22,2815,0.201,0.0,0.5867,79.0,62.25,0.567,27.73,-12.87,2.2,10.0,MEDIUM
2026-05-01 02:07:22,2816,0.2047,0.0307,0.5933,79.0,62.01,0.6,-17.27,3.88,2.96,10.0,MEDIUM
2026-05-01 02:07:22,2817,0.1769,0.0212,0.6,79.0,63.06,0.633,35.79,-8.68,3.74,10.0,MEDIUM
2026-05-01 02:07:22,2818,0.2163,0.0307,0.6067,79.0,62.7,0.667,30.94,-9.23,2.32,10.0,MEDIUM
2026-05-01 02:07:22,2819,0.1959,0.0238,0.6133,79.0,62.79,0.7,-6.12,3.1,2.04,10.0,MEDIUM
2026-05-01 02:07:22,2820,0.1998,0.0244,0.62,79.0,62.84,0.733,-1.99,4.0,2.25,10.0,MEDIUM
2026-05-01 02:07:22,2821,0.1861,0.0488,0.6267,79.0,64.0,0.767,-8.35,4.07,0.16,10.0,MEDIUM
2026-05-01 02:07:22,2822,0.1461,0.0,0.6333,79.0,67.55,0.8,-8.67,-0.43,2.16,10.0,MEDIUM
2026-05-01 02:07:22,2823,0.2045,0.0372,0.6333,79.0,67.28,0.833,31.62,-14.72,-1.49,10.0,MEDIUM
2026-05-01 02:07:22,2824,0.1759,0.0244,0.6333,79.0,68.27,0.867,34.97,-14.19,-1.2,10.0,MEDIUM
2026-05-01 02:07:22,2825,0.1671,0.0769,0.6333,79.0,69.72,0.9,37.45,-11.16,-1.71,10.0,MEDIUM
2026-05-01 02:07:22,2826,0.1719,0.0976,0.6333,79.0,70.59,0.933,40.57,-11.42,-2.35,10.0,MEDIUM
2026-05-01 02:07:23,2827,0.2288,0.0286,0.6267,79.0,68.47,0.0,22.06,-17.07,-1.84,10.0,MEDIUM
2026-05-01 02:07:23,2828,0.2001,0.0,0.62,79.0,66.84,0.033,24.87,-19.97,-1.61,10.0,MEDIUM
2026-05-01 02:07:23,2829,0.2338,0.0238,0.6133,78.0,65.02,0.0,31.6,-19.17,-0.57,10.0,MEDIUM
2026-05-01 02:07:23,2830,0.2535,0.025,0.6067,78.0,63.34,0.0,30.13,-18.74,-1.14,10.0,MEDIUM
2026-05-01 02:07:23,2831,0.2441,0.0256,0.6,78.0,61.79,0.0,29.72,-18.48,-1.35,10.0,MEDIUM
2026-05-01 02:07:23,2832,0.249,0.0256,0.5933,78.0,60.37,0.0,28.37,-18.45,-0.15,10.0,MEDIUM
2026-05-01 02:07:23,2833,0.1724,0.0243,0.5867,78.0,59.8,0.033,34.55,-11.47,1.05,10.0,MEDIUM
2026-05-01 02:07:23,2834,0.2493,0.0263,0.58,78.0,58.53,0.0,24.66,-18.81,-0.86,10.0,MEDIUM
2026-05-01 02:07:23,2835,0.2552,0.025,0.5733,78.0,57.37,0.0,28.08,-17.95,0.72,10.0,MEDIUM
2026-05-01 02:07:23,2836,0.2433,0.0,0.5667,78.0,56.3,0.0,25.71,-17.42,0.37,10.0,MEDIUM
2026-05-01 02:07:23,2837,0.2537,0.0,0.56,78.0,55.32,0.0,24.71,-19.85,0.07,10.0,MEDIUM
2026-05-01 02:07:23,2838,0.2392,0.0263,0.5533,78.0,54.41,0.0,27.85,-14.85,-1.13,10.0,MEDIUM
2026-05-01 02:07:23,2839,0.2233,0.0,0.5467,77.0,53.58,0.0,24.55,-20.24,-0.75,10.0,MEDIUM
2026-05-01 02:07:23,2840,0.1994,0.0277,0.54,77.0,53.16,0.033,24.78,-20.28,-0.53,10.0,MEDIUM
2026-05-01 02:07:23,2841,0.2212,0.0,0.4933,77.0,52.42,0.0,36.15,-18.73,-1.15,10.0,MEDIUM
2026-05-01 02:07:23,2842,0.2068,0.0237,0.4933,77.0,51.99,0.033,36.74,-18.22,-0.77,10.0,MEDIUM
2026-05-01 02:07:23,2843,0.2453,0.027,0.4933,77.0,51.35,0.0,30.41,-17.56,-0.27,10.0,MEDIUM
2026-05-01 02:07:23,2844,0.2485,0.0,0.4933,77.0,50.76,0.0,29.72,-16.95,-0.7,10.0,MEDIUM
2026-05-01 02:07:23,2845,0.2341,0.0558,0.4933,77.0,50.22,0.0,29.05,-20.68,-0.81,10.0,MEDIUM
2026-05-01 02:07:23,2846,0.2486,0.0372,0.4933,76.0,49.72,0.0,28.14,-19.64,-0.51,10.0,MEDIUM
2026-05-01 02:07:23,2847,0.236,0.027,0.4933,76.0,49.26,0.0,35.39,-15.42,-2.51,10.0,MEDIUM
2026-05-01 02:07:23,2848,0.1738,0.0,0.4933,76.0,50.56,0.033,28.28,-16.63,0.08,10.0,MEDIUM
2026-05-01 02:07:23,2849,0.2105,0.0278,0.4867,76.0,50.28,0.067,27.75,-22.5,-0.53,10.0,MEDIUM
2026-05-01 02:07:23,2850,0.2122,0.0,0.44,75.0,50.05,0.1,3.36,-9.18,9.16,10.0,MEDIUM
2026-05-01 02:07:23,2851,0.2109,0.0,0.44,75.0,49.91,0.133,20.56,-26.86,2.98,10.0,MEDIUM
2026-05-01 02:07:25,2852,0.2392,0.0554,0.44,76.0,49.43,0.0,-9.48,23.16,-6.39,10.0,MEDIUM
2026-05-01 02:07:25,2853,0.2886,0.0407,0.44,76.0,49.0,0.0,19.66,-12.41,-3.84,10.0,MEDIUM
2026-05-01 02:07:26,2854,0.2388,0.0611,0.44,75.0,48.6,0.0,-8.97,16.03,-4.19,10.0,MEDIUM
2026-05-01 02:07:26,2855,0.2093,0.0631,0.44,75.0,48.43,0.033,12.31,-18.98,-4.03,10.0,MEDIUM
2026-05-01 02:07:26,2856,0.2147,0.0384,0.44,75.0,48.26,0.067,23.83,-12.12,1.86,10.0,MEDIUM
2026-05-01 02:07:26,2857,0.2102,0.0909,0.44,75.0,48.21,0.1,1.55,20.44,-1.25,10.0,MEDIUM
2026-05-01 02:07:26,2858,0.2505,0.0213,0.44,76.0,47.88,0.0,14.17,-26.45,-1.95,10.0,MEDIUM
2026-05-01 02:07:26,2859,0.1953,0.16,0.44,76.0,48.29,0.033,-0.21,19.41,0.71,10.0,MEDIUM
2026-05-01 02:07:26,2860,0.1935,0.0632,0.44,76.0,48.92,0.067,-21.3,11.61,1.4,10.0,MEDIUM
2026-05-01 02:07:26,2861,0.2381,0.0851,0.4333,76.0,48.53,0.0,15.43,-21.39,-0.43,10.0,MEDIUM
2026-05-01 02:07:26,2862,0.2463,0.0425,0.4267,76.0,48.16,0.0,-4.73,12.93,-0.28,10.0,MEDIUM
2026-05-01 02:07:26,2863,0.1641,0.0543,0.42,76.0,50.47,0.033,-19.95,6.68,2.3,10.0,MEDIUM
2026-05-01 02:07:28,2864,0.2334,0.0276,0.3733,76.0,49.74,0.0,21.68,-20.93,4.58,10.0,MEDIUM
2026-05-01 02:07:28,2865,0.2652,0.0208,0.3733,76.0,49.06,0.0,24.12,-19.51,4.13,10.0,MEDIUM
2026-05-01 02:07:28,2866,0.2321,0.0687,0.3733,76.0,48.45,0.0,18.17,-30.9,-0.54,10.0,MEDIUM
2026-05-01 02:07:29,2867,0.2185,0.0476,0.3733,76.0,47.94,0.033,20.99,-32.12,-1.66,10.0,MEDIUM
2026-05-01 02:07:29,2868,0.2512,0.0476,0.3733,76.0,47.41,0.0,1.28,2.14,2.78,10.0,MEDIUM
2026-05-01 02:07:29,2869,0.2868,0.0465,0.3733,76.0,46.93,0.0,10.86,-35.64,-3.58,10.0,MEDIUM
2026-05-01 02:07:29,2870,0.2402,0.0455,0.3733,75.0,46.48,0.0,-2.69,-0.9,0.9,10.0,MEDIUM
2026-05-01 02:07:29,2871,0.2295,0.0465,0.3733,75.0,46.07,0.0,-4.52,1.43,0.07,10.0,MEDIUM
2026-05-01 02:07:29,2872,0.239,0.0213,0.3733,75.0,45.69,0.0,-4.23,2.37,1.45,10.0,MEDIUM
2026-05-01 02:07:29,2873,0.2996,0.0295,0.3733,75.0,45.34,0.0,4.81,-33.8,-0.65,10.0,MEDIUM
2026-05-01 02:07:29,2874,0.2267,0.0816,0.3733,75.0,45.02,0.0,1.99,4.55,2.63,10.0,MEDIUM
2026-05-01 02:07:29,2875,0.237,0.0612,0.3733,75.0,44.73,0.0,8.75,-27.07,0.76,10.0,MEDIUM
2026-05-01 02:07:29,2876,0.2708,0.1333,0.3733,75.0,44.45,0.0,-3.32,0.38,3.32,10.0,MEDIUM
2026-05-01 02:07:29,2877,0.2776,0.0638,0.3733,74.0,44.2,0.0,13.53,-28.23,-0.11,10.0,MEDIUM
2026-05-01 02:07:29,2878,0.271,0.0417,0.3733,74.0,43.97,0.0,13.88,-24.84,-0.61,10.0,MEDIUM
2026-05-01 02:07:29,2879,0.2453,0.0858,0.3667,74.0,43.71,0.0,12.61,-19.42,2.95,10.0,MEDIUM
2026-05-01 02:07:29,2880,0.2755,0.0833,0.36,74.0,43.41,0.0,14.92,-22.24,0.39,10.0,MEDIUM
2026-05-01 02:07:30,2881,0.2332,0.0832,0.3133,74.0,42.77,0.0,-2.32,9.92,-26.23,10.0,MEDIUM
2026-05-01 02:07:30,2882,0.2784,0.0416,0.3133,74.0,42.17,0.0,4.9,16.3,-26.81,10.0,MEDIUM
2026-05-01 02:07:30,2883,0.2732,0.0293,0.3133,74.0,41.63,0.0,6.66,10.7,-21.62,10.0,MEDIUM
2026-05-01 02:07:30,2884,0.2436,0.0,0.3133,74.0,41.12,0.0,14.41,6.47,-21.22,10.0,MEDIUM
2026-05-01 02:07:30,2885,0.2816,0.0789,0.3133,73.0,40.66,0.0,0.9,6.81,-24.29,10.0,MEDIUM
2026-05-01 02:07:30,2886,0.2704,0.0282,0.3133,73.0,40.23,0.0,-1.19,7.26,-24.12,10.0,MEDIUM
2026-05-01 02:07:30,2887,0.2553,0.0,0.3133,73.0,39.84,0.0,7.57,7.33,-24.87,10.0,MEDIUM
2026-05-01 02:07:30,2888,0.2554,0.0254,0.3133,73.0,39.48,0.0,-3.11,7.37,-25.71,10.0,MEDIUM
2026-05-01 02:07:30,2889,0.2347,0.0269,0.3133,73.0,39.15,0.0,-7.54,7.16,-26.2,10.0,MEDIUM
2026-05-01 02:07:30,2890,0.2456,0.0591,0.3133,73.0,38.84,0.0,4.88,8.56,-21.0,10.0,MEDIUM
2026-05-01 02:07:30,2891,0.2749,0.0575,0.3133,73.0,38.56,0.0,16.93,5.58,-18.87,10.0,MEDIUM
2026-05-01 02:07:31,2892,0.2759,0.0418,0.3133,73.0,38.3,0.0,16.69,7.3,-20.86,10.0,MEDIUM
2026-05-01 02:07:31,2893,0.2836,0.0275,0.3133,73.0,38.07,0.0,14.66,7.54,-22.35,10.0,MEDIUM
2026-05-01 02:07:31,2894,0.2646,0.1219,0.3067,72.0,37.79,0.0,16.79,30.25,-14.48,10.0,MEDIUM
2026-05-01 02:07:31,2895,0.2102,0.1032,0.3,72.0,37.68,0.033,16.23,0.13,-18.65,10.0,MEDIUM
2026-05-01 02:07:31,2896,0.2125,0.0557,0.2933,72.0,37.54,0.067,14.85,0.96,-20.35,10.0,MEDIUM
2026-05-01 02:07:31,2897,0.1882,0.0593,0.2867,72.0,38.55,0.1,-0.05,17.65,-23.3,10.0,MEDIUM
2026-05-01 02:07:31,2898,0.2329,0.056,0.28,72.0,38.03,0.0,0.77,21.18,-21.96,10.0,MEDIUM
2026-05-01 02:07:31,2899,0.2331,0.0542,0.2333,72.0,37.17,0.0,11.16,-5.02,-23.64,10.0,MEDIUM
2026-05-01 02:07:31,2900,0.2283,0.0547,0.2333,72.0,36.38,0.0,13.47,-3.67,-23.48,9.97,MEDIUM
2026-05-01 02:07:31,2901,0.2844,0.0395,0.2333,72.0,35.65,0.0,-9.33,18.54,-31.76,9.96,MEDIUM
2026-05-01 02:07:31,2902,0.2824,0.0404,0.2333,72.0,34.98,0.0,-7.9,21.98,-32.9,9.94,MEDIUM
2026-05-01 02:07:31,2903,0.1952,0.0408,0.2333,72.0,34.77,0.033,-10.52,16.46,-36.38,9.89,MEDIUM
2026-05-01 02:07:31,2904,0.2246,0.0418,0.2333,72.0,34.16,0.0,-9.01,16.04,-36.53,9.81,MEDIUM
2026-05-01 02:07:31,2905,0.226,0.0425,0.2333,72.0,33.59,0.0,-11.66,18.9,-36.61,9.7,MEDIUM
2026-05-01 02:07:31,2906,0.2602,0.0425,0.2333,72.0,33.05,0.0,-8.14,22.51,-36.03,9.57,MEDIUM
2026-05-01 02:07:31,2907,0.2408,0.0784,0.2333,72.0,32.55,0.0,-7.45,15.1,-36.77,9.43,MEDIUM
2026-05-01 02:07:31,2908,0.1993,0.0767,0.2333,72.0,32.42,0.033,-4.26,17.38,-36.49,9.27,MEDIUM
2026-05-01 02:07:31,2909,0.2266,0.1056,0.2333,72.0,31.94,0.0,-1.69,20.47,-35.65,9.1,MEDIUM
2026-05-01 02:07:31,2910,0.1595,0.0694,0.2333,72.0,34.01,0.033,17.3,16.46,-37.38,8.91,MEDIUM
2026-05-01 02:07:32,2911,0.185,0.0665,0.2333,72.0,33.98,0.067,11.08,15.96,-37.63,8.73,MEDIUM
2026-05-01 02:07:32,2912,0.2331,0.0404,0.2333,73.0,33.33,0.0,-5.43,15.46,-38.46,8.53,MEDIUM
2026-05-01 02:07:32,2913,0.1937,0.0439,0.2333,73.0,33.15,0.033,-6.45,15.98,-39.72,8.33,MEDIUM
2026-05-01 02:07:32,2914,0.2042,0.0585,0.2333,73.0,32.86,0.067,0.9,15.74,-39.85,8.1,MEDIUM
2026-05-01 02:07:32,2915,0.2167,0.0406,0.2333,73.0,32.45,0.1,0.98,17.86,-40.55,7.87,MEDIUM
2026-05-01 02:07:32,2916,0.2103,0.0406,0.2333,73.0,32.21,0.133,2.85,18.62,-40.86,7.64,MEDIUM
2026-05-01 02:07:32,2917,0.185,0.0251,0.2333,73.0,33.0,0.167,-6.87,14.55,-41.72,7.4,MEDIUM
2026-05-01 02:07:32,2918,0.221,0.0,0.2333,74.0,32.32,0.0,-8.33,19.37,-41.44,7.16,MEDIUM
2026-05-01 02:07:32,2919,0.1975,0.0644,0.2333,74.0,32.05,0.033,0.47,17.04,-43.12,6.91,MEDIUM
2026-05-01 02:07:32,2920,0.2214,0.063,0.2333,74.0,31.4,0.0,1.42,19.04,-41.7,6.66,MEDIUM
2026-05-01 02:07:32,2921,0.2147,0.0306,0.2333,74.0,30.91,0.033,-6.74,18.39,-42.32,6.44,LOW
2026-05-01 02:07:32,2922,0.2315,0.0423,0.2333,74.0,30.32,0.0,-4.38,19.72,-42.69,6.2,LOW
2026-05-01 02:07:32,2923,0.2494,0.0685,0.2333,74.0,29.76,0.0,-3.7,21.17,-43.33,5.96,LOW
2026-05-01 02:07:32,2924,0.2308,0.0399,0.2333,74.0,29.22,0.0,-5.45,18.28,-43.19,5.72,LOW
2026-05-01 02:07:32,2925,0.2614,0.063,0.2333,74.0,28.71,0.0,0.29,20.7,-43.29,5.45,LOW
2026-05-01 02:07:32,2926,0.2479,0.03,0.2333,74.0,28.21,0.0,-9.58,17.32,-44.93,5.19,LOW
2026-05-01 02:07:32,2927,0.2107,0.03,0.2333,74.0,27.92,0.033,-6.87,17.3,-44.95,4.91,LOW
2026-05-01 02:07:32,2928,0.2733,0.0294,0.2333,74.0,27.44,0.0,-1.45,25.51,-42.13,4.63,LOW
2026-05-01 02:07:32,2929,0.2552,0.0415,0.2333,74.0,26.98,0.0,0.14,24.27,-41.84,4.35,LOW
2026-05-01 02:07:32,2930,0.2564,0.0434,0.2333,74.0,26.53,0.0,-11.12,17.44,-45.74,4.06,LOW
2026-05-01 02:07:32,2931,0.196,0.083,0.2333,74.0,26.49,0.033,-7.17,21.84,-44.04,3.78,LOW
2026-05-01 02:07:32,2932,0.2139,0.0815,0.2333,74.0,26.23,0.067,-0.39,23.38,-42.92,3.5,LOW
2026-05-01 02:07:32,2933,0.2155,0.03,0.2333,74.0,26.0,0.1,-5.95,18.22,-43.58,3.22,LOW
2026-05-01 02:07:32,2934,0.2284,0.0434,0.2333,75.0,25.54,0.0,-9.63,17.18,-44.78,2.96,LOW
2026-05-01 02:07:32,2935,0.2377,0.0425,0.2333,75.0,25.1,0.0,-3.88,25.87,-45.24,2.73,LOW
2026-05-01 02:07:32,2936,0.2303,0.0701,0.2333,75.0,24.68,0.0,-5.18,25.09,-44.83,2.51,LOW
2026-05-01 02:07:32,2937,0.2307,0.0416,0.2333,75.0,24.28,0.0,-13.69,19.62,-46.49,2.31,LOW
2026-05-01 02:07:32,2938,0.2362,0.0416,0.2333,75.0,23.89,0.0,-11.39,20.06,-45.57,2.12,LOW
2026-05-01 02:07:32,2939,0.2589,0.0453,0.2333,75.0,23.52,0.0,-6.97,21.39,-43.57,1.95,LOW
2026-05-01 02:07:32,2940,0.2456,0.0866,0.2333,75.0,23.17,0.0,-7.16,20.69,-43.36,1.8,LOW
2026-05-01 02:07:33,2941,0.2707,0.087,0.1867,75.0,22.46,0.0,-11.62,18.51,-47.41,1.65,LOW
2026-05-01 02:07:33,2942,0.2142,0.0433,0.1867,75.0,21.93,0.033,-5.75,25.57,-43.86,1.52,LOW
2026-05-01 02:07:33,2943,0.2379,0.0685,0.1867,75.0,21.3,0.0,-3.98,22.16,-43.4,1.4,LOW
2026-05-01 02:07:33,2944,0.2399,0.0673,0.1867,75.0,20.71,0.0,0.67,21.64,-44.79,1.29,LOW
2026-05-01 02:07:33,2945,0.2521,0.0307,0.1867,75.0,20.17,0.0,2.59,23.03,-43.95,1.18,LOW
2026-05-01 02:07:33,2946,0.2317,0.0434,0.1867,75.0,19.65,0.0,-3.04,23.43,-45.95,1.09,LOW
2026-05-01 02:07:33,2947,0.2243,0.0718,0.1867,75.0,19.17,0.0,-2.22,21.66,-46.57,1.0,LOW
2026-05-01 02:07:33,2948,0.2254,0.0866,0.1867,75.0,18.73,0.0,-0.76,20.81,-42.87,0.92,LOW
2026-05-01 02:07:33,2949,0.2198,0.0815,0.18,75.0,18.26,0.0,-0.59,20.1,-43.2,0.85,LOW
2026-05-01 02:07:33,2950,0.2248,0.0701,0.1733,75.0,17.77,0.0,4.05,21.57,-43.36,0.78,LOW
2026-05-01 02:07:33,2951,0.2536,0.0288,0.1667,75.0,17.25,0.0,2.04,19.75,-43.6,0.72,LOW
2026-05-01 02:07:33,2952,0.2735,0.0407,0.16,75.0,16.73,0.0,2.92,20.19,-44.45,0.66,LOW
2026-05-01 02:07:33,2953,0.2006,0.0,0.1533,74.0,16.51,0.033,-1.03,20.69,-40.26,0.61,LOW
2026-05-01 02:07:33,2954,0.2211,0.0275,0.1467,74.0,15.93,0.0,4.38,20.89,-38.44,0.56,LOW
2026-05-01 02:07:33,2955,0.2324,0.0397,0.14,74.0,15.34,0.0,0.13,17.61,-39.84,0.51,LOW
2026-05-01 02:07:33,2956,0.2258,0.0292,0.1333,74.0,14.73,0.0,0.02,17.73,-40.11,0.47,LOW
2026-05-01 02:07:33,2957,0.2559,0.03,0.1267,74.0,14.12,0.0,5.27,23.07,-40.87,0.44,LOW
2026-05-01 02:07:33,2958,0.2454,0.0314,0.12,73.0,13.51,0.0,-0.42,21.07,-42.67,0.4,LOW
2026-05-01 02:07:33,2959,0.2151,0.0301,0.1133,73.0,13.0,0.033,-6.46,15.96,-45.9,0.37,LOW
2026-05-01 02:07:33,2960,0.2197,0.0645,0.1067,73.0,12.36,0.0,-8.7,17.02,-47.18,0.34,LOW
2026-05-01 02:07:33,2961,0.2111,0.0851,0.1,73.0,11.89,0.033,-8.5,17.07,-47.39,0.31,LOW
2026-05-01 02:07:33,2962,0.2348,0.0425,0.0933,73.0,11.28,0.0,-6.72,21.63,-44.66,0.29,LOW
2026-05-01 02:07:33,2963,0.2435,0.03,0.0867,73.0,10.72,0.0,-5.04,22.19,-44.46,0.26,LOW
2026-05-01 02:07:33,2964,0.2409,0.0328,0.08,73.0,10.2,0.0,-1.71,24.36,-43.31,0.24,LOW
2026-05-01 02:07:33,2965,0.2297,0.0321,0.0733,73.0,9.72,0.0,-1.07,23.85,-44.56,0.22,LOW
2026-05-01 02:07:33,2966,0.2369,0.0433,0.0667,73.0,9.28,0.0,-6.33,18.8,-44.03,0.21,LOW
2026-05-01 02:07:33,2967,0.2001,0.0687,0.06,73.0,9.21,0.033,-9.17,19.07,-45.11,0.19,LOW
2026-05-01 02:07:33,2968,0.1913,0.0673,0.0533,73.0,9.72,0.067,-10.74,17.88,-46.77,0.17,LOW
2026-05-01 02:07:33,2969,0.2299,0.0307,0.0467,74.0,9.28,0.0,-1.2,25.83,-45.58,0.16,LOW
2026-05-01 02:07:33,2970,0.2294,0.0294,0.0,74.0,8.87,0.0,-0.47,23.39,-45.06,0.15,LOW
2026-05-01 02:07:34,2971,0.2253,0.0434,0.0,73.0,8.49,0.0,-8.8,22.38,-45.57,0.14,LOW
2026-05-01 02:07:34,2972,0.2034,0.0889,0.0,73.0,8.43,0.033,-8.75,22.98,-46.6,0.12,LOW
2026-05-01 02:07:34,2973,0.2332,0.0687,0.0,73.0,8.08,0.0,-10.24,17.48,-48.62,0.11,LOW
2026-05-01 02:07:34,2974,0.2613,0.0909,0.0,73.0,7.76,0.0,-8.19,20.83,-48.09,0.11,LOW
2026-05-01 02:07:34,2975,0.2267,0.0301,0.0,73.0,7.47,0.0,-11.32,18.65,-49.55,0.1,LOW
2026-05-01 02:07:34,2976,0.2529,0.0425,0.0,73.0,7.2,0.0,-7.95,17.48,-49.39,0.09,LOW
2026-05-01 02:07:34,2977,0.2742,0.0,0.0,73.0,6.95,0.0,-2.45,23.11,-43.94,0.08,LOW
2026-05-01 02:07:34,2978,0.2551,0.04,0.0,73.0,6.72,0.0,-1.89,19.84,-47.12,0.08,LOW
2026-05-01 02:07:34,2979,0.2498,0.0289,0.0,73.0,6.51,0.0,-6.11,21.48,-46.73,0.07,LOW
2026-05-01 02:07:34,2980,0.223,0.0444,0.0,73.0,6.31,0.0,-2.48,22.59,-45.35,0.06,LOW
2026-05-01 02:07:34,2981,0.2155,0.0434,0.0,73.0,6.24,0.033,-4.11,21.49,-45.52,0.06,LOW
2026-05-01 02:07:34,2982,0.2629,0.03,0.0,73.0,6.07,0.0,6.0,21.86,-42.58,0.05,LOW
2026-05-01 02:07:34,2983,0.2552,0.0307,0.0,73.0,5.91,0.0,5.79,23.76,-43.17,0.05,LOW
2026-05-01 02:07:34,2984,0.231,0.0301,0.0,73.0,5.76,0.0,-5.35,20.92,-46.29,0.05,LOW
2026-05-01 02:07:34,2985,0.231,0.0301,0.0,73.0,5.62,0.0,-7.44,21.18,-46.86,0.04,LOW
2026-05-01 02:07:34,2986,0.1958,0.0289,0.0,73.0,6.81,0.033,1.04,21.33,-45.48,0.04,LOW
2026-05-01 02:07:34,2987,0.2252,0.0408,0.0,73.0,6.58,0.0,-1.15,19.5,-45.9,0.04,OK
2026-05-01 02:07:34,2988,0.1979,0.0301,0.0,73.0,7.3,0.033,-4.45,18.57,-45.43,0.03,OK
2026-05-01 02:07:34,2989,0.2129,0.0294,0.0,73.0,7.24,0.067,-4.45,20.79,-44.69,0.03,OK
2026-05-01 02:07:34,2990,0.2297,0.03,0.0,74.0,6.98,0.0,-4.63,20.02,-44.26,0.03,OK
2026-05-01 02:07:34,2991,0.2348,0.0658,0.0,74.0,6.75,0.0,-1.65,23.0,-45.51,0.03,OK
2026-05-01 02:07:34,2992,0.2022,0.083,0.0,74.0,7.12,0.033,-0.58,24.55,-44.73,0.02,OK
2026-05-01 02:07:34,2993,0.2444,0.0658,0.0,74.0,6.87,0.0,1.9,25.9,-44.92,0.02,OK
2026-05-01 02:07:34,2994,0.2067,0.0671,0.0,74.0,6.92,0.033,5.61,16.62,-42.42,0.02,OK
2026-05-01 02:07:34,2995,0.2253,0.0406,0.0,74.0,6.69,0.0,-0.77,18.51,-41.66,0.02,OK
2026-05-01 02:07:34,2996,0.2079,0.0433,0.0,74.0,6.72,0.033,1.55,16.66,-42.84,0.02,OK
2026-05-01 02:07:34,2997,0.2203,0.03,0.0,74.0,6.51,0.0,-0.76,17.76,-43.96,0.02,OK
2026-05-01 02:07:34,2998,0.2246,0.0383,0.0,74.0,6.31,0.0,2.88,17.89,-43.04,0.01,OK
2026-05-01 02:07:34,2999,0.2253,0.039,0.0,74.0,6.12,0.0,6.57,20.09,-41.98,0.01,OK
2026-05-01 02:07:34,3000,0.2172,0.0356,0.0,74.0,6.04,0.033,12.03,10.01,-41.35,0.01,OK
2026-05-01 02:07:35,3001,0.2412,0.0257,0.0,74.0,5.88,0.0,15.09,10.16,-41.65,0.01,OK
2026-05-01 02:07:35,3002,0.2257,0.0272,0.0,74.0,5.73,0.0,5.73,16.89,-46.77,0.06,OK
2026-05-01 02:07:35,3003,0.2529,0.0272,0.0,74.0,5.6,0.0,14.31,10.7,-44.27,0.12,OK
2026-05-01 02:07:35,3004,0.2202,0.037,0.0,74.0,5.49,0.0,13.55,11.33,-44.65,0.22,OK
2026-05-01 02:07:35,3005,0.2497,0.0673,0.0,74.0,5.4,0.0,0.44,21.93,-45.63,0.29,OK
2026-05-01 02:07:35,3006,0.2308,0.0703,0.0,74.0,5.31,0.0,-1.39,24.3,-47.22,0.34,OK
2026-05-01 02:07:35,3007,0.2414,0.0295,0.0,74.0,5.24,0.0,-2.12,22.68,-47.15,0.38,OK
2026-05-01 02:07:35,3008,0.2661,0.0,0.0,74.0,5.17,0.0,-4.69,24.97,-47.45,0.38,OK
2026-05-01 02:07:35,3009,0.232,0.03,0.0,74.0,5.11,0.0,0.93,26.47,-42.91,0.38,OK
2026-05-01 02:07:35,3010,0.2461,0.0415,0.0,74.0,5.05,0.0,4.09,23.93,-42.35,0.37,OK
2026-05-01 02:07:35,3011,0.2302,0.0,0.0,73.0,4.99,0.0,6.66,24.15,-40.29,0.37,OK
2026-05-01 02:07:35,3012,0.2505,0.0,0.0,73.0,4.94,0.0,9.53,11.06,-38.21,0.38,OK
2026-05-01 02:07:35,3013,0.1979,0.0415,0.0,73.0,6.36,0.033,-4.24,21.87,-43.33,0.4,OK
2026-05-01 02:07:35,3014,0.2379,0.1079,0.0,73.0,6.2,0.0,1.43,27.26,-41.99,0.43,OK
2026-05-01 02:07:35,3015,0.2304,0.083,0.0,73.0,6.06,0.0,-0.13,25.75,-42.34,0.46,OK
2026-05-01 02:07:35,3016,0.2515,0.1174,0.0,73.0,5.94,0.0,-3.25,18.06,-44.33,0.51,OK
2026-05-01 02:07:35,3017,0.1919,0.1472,0.0,73.0,7.45,0.033,-4.73,19.22,-46.03,0.57,OK
2026-05-01 02:07:35,3018,0.2305,0.0,0.0,73.0,7.22,0.0,-3.83,19.57,-45.56,0.63,OK
2026-05-01 02:07:35,3019,0.2404,0.0289,0.0,73.0,7.02,0.0,-3.56,23.26,-46.24,0.65,OK
2026-05-01 02:07:35,3020,0.232,0.0408,0.0,73.0,6.83,0.0,-3.76,21.8,-46.28,0.68,OK
2026-05-01 02:07:35,3021,0.2663,0.0417,0.0,73.0,6.66,0.0,-2.29,23.16,-46.2,0.68,OK
2026-05-01 02:07:35,3022,0.2289,0.0632,0.0,73.0,6.5,0.0,-8.0,20.66,-47.05,0.71,OK
2026-05-01 02:07:35,3023,0.2533,0.0417,0.0,73.0,6.36,0.0,-5.36,21.93,-46.95,0.73,OK
2026-05-01 02:07:35,3024,0.221,0.0289,0.0,73.0,6.23,0.0,-6.58,24.36,-46.34,0.75,OK
2026-05-01 02:07:35,3025,0.221,0.0283,0.0,73.0,6.11,0.0,-5.11,23.11,-45.69,0.75,OK
2026-05-01 02:07:35,3026,0.2524,0.037,0.0,73.0,6.0,0.0,-2.42,23.06,-44.61,0.74,OK
2026-05-01 02:07:35,3027,0.2682,0.0,0.0,73.0,5.9,0.0,-2.04,23.22,-43.05,0.74,OK
2026-05-01 02:07:35,3028,0.2612,0.0282,0.0,73.0,5.81,0.0,-4.03,22.7,-43.17,0.74,OK
2026-05-01 02:07:35,3029,0.252,0.0354,0.0,73.0,5.72,0.0,14.01,13.14,-36.98,0.76,OK
2026-05-01 02:07:35,3030,0.2751,0.0357,0.0,73.0,5.65,0.0,16.42,13.86,-34.15,0.79,OK
2026-05-01 02:07:36,3031,0.2574,0.0372,0.0,73.0,5.58,0.0,15.88,16.69,-35.86,0.84,OK
2026-05-01 02:07:36,3032,0.2631,0.0374,0.0,73.0,5.53,0.0,4.22,30.44,-39.36,0.87,OK
2026-05-01 02:07:36,3033,0.2162,0.0327,0.0,73.0,5.74,0.033,12.43,10.11,-34.73,0.9,OK
2026-05-01 02:07:36,3034,0.2141,0.0658,0.0,73.0,6.28,0.067,4.41,20.9,-38.43,0.96,OK
2026-05-01 02:07:36,3035,0.2899,0.0338,0.0,74.0,6.18,0.0,14.78,11.18,-33.07,1.01,OK
2026-05-01 02:07:36,3036,0.2082,0.0318,0.0,74.0,6.75,0.033,12.87,8.28,-31.41,1.1,OK
2026-05-01 02:07:36,3037,0.2383,0.0225,0.0,74.0,6.62,0.0,13.0,9.76,-30.19,1.17,OK
2026-05-01 02:07:36,3038,0.3037,0.0641,0.0,74.0,6.51,0.0,15.99,11.3,-31.06,1.25,OK
2026-05-01 02:07:36,3039,0.277,0.0855,0.0,74.0,6.42,0.0,14.34,12.5,-30.44,1.35,OK
2026-05-01 02:07:36,3040,0.2495,0.0209,0.0,74.0,6.34,0.0,20.81,1.48,-28.16,1.45,OK
2026-05-01 02:07:36,3041,0.2442,0.0198,0.0,74.0,6.28,0.0,18.39,5.18,-27.19,1.57,OK
2026-05-01 02:07:36,3042,0.2578,0.0555,0.0,74.0,6.23,0.0,22.91,4.73,-27.01,1.7,OK
2026-05-01 02:07:36,3043,0.2402,0.0586,0.0,74.0,6.2,0.0,21.0,4.08,-25.8,1.82,OK
2026-05-01 02:07:36,3044,0.2452,0.0293,0.0,74.0,6.18,0.0,24.03,4.74,-25.49,1.9,OK
2026-05-01 02:07:36,3045,0.2707,0.0446,0.0,73.0,6.15,0.0,17.97,3.38,-24.42,1.9,OK
2026-05-01 02:07:36,3046,0.2634,0.028,0.0,73.0,6.13,0.0,21.11,1.72,-23.22,1.88,OK
2026-05-01 02:07:36,3047,0.2644,0.0307,0.0,73.0,6.11,0.0,14.73,8.55,-23.72,1.85,OK
2026-05-01 02:07:36,3048,0.2434,0.0282,0.0,73.0,6.08,0.0,14.32,6.07,-22.31,1.8,OK
2026-05-01 02:07:36,3049,0.2809,0.0,0.0,73.0,6.06,0.0,19.58,1.48,-24.83,1.75,OK
2026-05-01 02:07:36,3050,0.2744,0.0626,0.0,73.0,6.03,0.0,11.57,5.56,-24.98,1.69,OK
2026-05-01 02:07:36,3051,0.2583,0.04,0.0,73.0,6.0,0.0,19.0,3.61,-24.69,1.62,OK
2026-05-01 02:07:36,3052,0.1963,0.0249,0.0,73.0,7.55,0.033,10.23,25.5,-25.93,1.56,OK
2026-05-01 02:07:36,3053,0.2259,0.0257,0.0,73.0,7.39,0.0,11.64,3.19,-25.74,1.5,OK
2026-05-01 02:07:36,3054,0.2132,0.0828,0.0,73.0,7.38,0.033,14.64,-3.23,-22.93,1.44,OK
2026-05-01 02:07:36,3055,0.2297,0.0384,0.0,73.0,7.22,0.0,17.28,-3.22,-22.6,1.36,OK
2026-05-01 02:07:36,3056,0.2071,0.0255,0.0,73.0,7.56,0.033,11.09,21.11,-22.86,1.29,OK
2026-05-01 02:07:36,3057,0.2252,0.0259,0.0,73.0,7.37,0.0,14.2,25.21,-22.86,1.22,OK
2026-05-01 02:07:36,3058,0.2607,0.0405,0.0,73.0,7.19,0.0,12.76,-0.75,-21.78,1.14,OK
2026-05-01 02:07:36,3059,0.2464,0.0387,0.0,73.0,7.02,0.0,12.91,-0.36,-21.68,1.05,OK
2026-05-01 02:07:36,3060,0.2467,0.026,0.0,73.0,6.86,0.0,11.51,-2.27,-19.15,0.96,OK
2026-05-01 02:07:37,3061,0.2341,0.0591,0.0,73.0,6.7,0.0,17.28,27.22,-18.3,0.89,OK
2026-05-01 02:07:37,3062,0.2239,0.0564,0.0,73.0,6.55,0.0,11.24,-0.36,-13.79,0.82,OK
2026-05-01 02:07:37,3063,0.2255,0.0569,0.0,73.0,6.4,0.0,28.53,-4.56,-6.81,0.75,OK
2026-05-01 02:07:37,3064,0.2379,0.0549,0.0,73.0,6.27,0.0,27.71,-6.66,-8.31,0.69,OK
2026-05-01 02:07:37,3065,0.2084,0.0417,0.0,73.0,6.63,0.033,21.93,-5.96,-6.31,0.64,OK
2026-05-01 02:07:37,3066,0.2385,0.0391,0.0,73.0,6.47,0.0,18.98,-13.79,-2.73,0.58,OK
2026-05-01 02:07:37,3067,0.241,0.0576,0.0,73.0,6.31,0.0,18.67,-13.31,-3.5,0.54,OK
2026-05-01 02:07:37,3068,0.2129,0.0644,0.0,73.0,6.33,0.033,23.01,-15.81,-2.66,0.49,OK
2026-05-01 02:07:37,3069,0.1895,0.04,0.0,73.0,8.06,0.067,17.55,-14.19,-1.31,0.46,OK
2026-05-01 02:07:37,3070,0.241,0.0213,0.0,74.0,7.77,0.0,17.4,-9.92,-1.85,0.42,OK
2026-05-01 02:07:37,3071,0.2145,0.0426,0.0,74.0,7.62,0.033,22.17,-5.61,-0.55,0.39,OK
2026-05-01 02:07:37,3072,0.2254,0.0217,0.0,74.0,7.36,0.0,20.48,-5.7,-0.12,0.35,OK
2026-05-01 02:07:37,3073,0.2297,0.0454,0.0,73.0,7.12,0.0,20.47,-4.69,-3.06,0.33,OK
2026-05-01 02:07:37,3074,0.2298,0.0232,0.0,73.0,6.89,0.0,20.64,-5.16,-2.6,0.3,OK
2026-05-01 02:07:37,3075,0.1922,0.0227,0.0,73.0,7.94,0.033,23.51,-0.73,-2.16,0.28,OK
2026-05-01 02:07:37,3076,0.2031,0.0475,0.0,73.0,8.17,0.067,18.72,-1.41,-1.71,0.25,OK
2026-05-01 02:07:37,3077,0.2318,0.0713,0.0,74.0,7.85,0.0,-1.19,-0.65,-2.41,0.23,OK
2026-05-01 02:07:37,3078,0.2182,0.0476,0.0,74.0,7.63,0.033,-1.53,0.24,-2.92,0.21,OK
2026-05-01 02:07:37,3079,0.2366,0.0217,0.0,74.0,7.36,0.0,17.88,-4.02,-2.38,0.2,OK
2026-05-01 02:07:37,3080,0.2387,0.0226,0.0,74.0,7.1,0.0,-1.08,-4.11,-3.15,0.18,OK
2026-05-01 02:07:37,3081,0.2568,0.0464,0.0,74.0,6.87,0.0,-1.64,-0.76,-3.77,0.17,OK
2026-05-01 02:07:37,3082,0.2453,0.0238,0.0,74.0,6.65,0.0,6.34,-5.17,-2.52,0.15,OK
2026-05-01 02:07:37,3083,0.2402,0.0,0.0,74.0,6.45,0.0,9.55,-2.82,-4.06,0.14,OK
2026-05-01 02:07:37,3084,0.2317,0.0681,0.0,74.0,6.27,0.0,14.69,-2.58,-1.26,0.13,OK
2026-05-01 02:07:38,3085,0.2457,0.0681,0.0,74.0,6.09,0.0,-1.55,-1.77,-0.64,0.12,OK
2026-05-01 02:07:38,3086,0.211,0.0232,0.0,74.0,6.17,0.033,20.48,-2.55,-2.53,0.11,OK
2026-05-01 02:07:38,3087,0.2152,0.0232,0.0,74.0,6.19,0.067,27.64,3.47,-0.65,0.1,OK
2026-05-01 02:07:38,3088,0.2356,0.0455,0.0,75.0,6.02,0.0,17.71,-2.74,-0.51,0.09,OK
2026-05-01 02:07:38,3089,0.2074,0.0731,0.0,75.0,6.34,0.033,17.31,-6.82,-1.04,0.09,OK
2026-05-01 02:07:38,3090,0.256,0.0244,0.0,75.0,6.16,0.0,27.75,-2.61,-3.09,0.08,OK
2026-05-01 02:07:38,3091,0.2033,0.0488,0.0,75.0,6.69,0.033,17.83,-4.94,-2.13,0.07,OK
2026-05-01 02:07:38,3092,0.2583,0.0474,0.0,75.0,6.48,0.0,6.91,-4.97,-3.8,0.07,OK
2026-05-01 02:07:38,3093,0.2703,0.0769,0.0,75.0,6.29,0.0,21.73,-3.69,-3.73,0.06,OK
2026-05-01 02:07:38,3094,0.2212,0.0227,0.0,75.0,6.11,0.0,22.29,-4.04,-4.01,0.06,OK
2026-05-01 02:07:38,3095,0.2289,0.0935,0.0,75.0,5.94,0.0,23.38,-1.02,-3.97,0.05,OK
2026-05-01 02:07:38,3096,0.2404,0.0243,0.0,75.0,5.79,0.0,28.43,-3.48,-5.13,0.05,OK
2026-05-01 02:07:38,3097,0.2633,0.068,0.0,75.0,5.65,0.0,26.28,-1.5,-2.86,0.04,OK
2026-05-01 02:07:38,3098,0.2555,0.0475,0.0,75.0,5.52,0.0,20.83,-2.27,-3.64,0.04,OK
2026-05-01 02:07:38,3099,0.2232,0.0531,0.0,75.0,5.4,0.0,20.62,-2.11,-4.74,0.04,OK
2026-05-01 02:07:38,3100,0.2323,0.0453,0.0,75.0,5.3,0.0,21.28,-1.43,-4.64,0.03,OK
2026-05-01 02:07:38,3101,0.2596,0.0237,0.0,75.0,5.19,0.0,20.16,-1.66,-4.07,0.03,OK
2026-05-01 02:07:38,3102,0.2433,0.0232,0.0,75.0,5.1,0.0,21.55,-2.48,-3.13,0.03,OK
2026-05-01 02:07:38,3103,0.2437,0.0545,0.0,75.0,5.01,0.0,-0.75,1.77,-2.58,0.03,OK
2026-05-01 02:07:38,3104,0.2486,0.0476,0.0,75.0,4.94,0.0,16.65,-2.99,-1.43,0.02,OK
2026-05-01 02:07:38,3105,0.2335,0.0487,0.0,75.0,4.86,0.0,-1.26,-2.07,-1.33,0.02,OK
2026-05-01 02:07:38,3106,0.2078,0.0531,0.0,75.0,5.54,0.033,-4.48,0.19,-3.03,0.02,OK
2026-05-01 02:07:38,3107,0.2408,0.0474,0.0,75.0,5.42,0.0,15.91,-0.76,-3.51,0.02,OK
2026-05-01 02:07:38,3108,0.2421,0.0511,0.0,75.0,5.31,0.0,1.78,0.6,-4.33,0.02,OK
2026-05-01 02:07:38,3109,0.2658,0.0485,0.0,75.0,5.2,0.0,19.19,-0.61,-3.57,0.02,OK
2026-05-01 02:07:38,3110,0.2121,0.0544,0.0,75.0,5.48,0.033,26.1,0.37,-2.88,0.01,OK
2026-05-01 02:07:38,3111,0.2121,0.0487,0.0,75.0,5.91,0.067,7.75,1.16,-3.51,0.01,OK
2026-05-01 02:07:38,3112,0.203,0.0866,0.0,75.0,7.02,0.1,27.84,-2.01,-4.1,0.01,OK
2026-05-01 02:07:39,3113,0.2217,0.0327,0.0,76.0,6.77,0.0,22.08,-0.47,-3.35,0.01,OK
2026-05-01 02:07:39,3114,0.226,0.0463,0.0,76.0,6.55,0.0,26.23,0.09,-3.71,0.01,OK
2026-05-01 02:07:39,3115,0.2218,0.0453,0.0,76.0,6.35,0.0,27.96,-4.23,-4.11,0.01,OK
2026-05-01 02:07:39,3116,0.2309,0.0453,0.0,76.0,6.16,0.0,23.94,-3.11,-4.01,0.01,OK
2026-05-01 02:07:39,3117,0.2314,0.0476,0.0,76.0,5.99,0.0,26.48,-1.41,-2.75,0.01,OK
2026-05-01 02:07:39,3118,0.2396,0.0321,0.0,76.0,5.83,0.0,26.81,-2.13,-2.95,0.01,OK
2026-05-01 02:07:39,3119,0.2181,0.0256,0.0,76.0,5.76,0.033,22.48,-1.62,-3.0,0.01,OK
2026-05-01 02:07:39,3120,0.2436,0.0474,0.0,76.0,5.62,0.0,24.18,-0.8,-4.23,0.01,OK
2026-05-01 02:07:39,3121,0.2606,0.0531,0.0,76.0,5.49,0.0,23.88,-1.06,-4.1,0.01,OK
2026-05-01 02:07:39,3122,0.2331,0.0217,0.0,76.0,5.37,0.0,28.97,-4.12,-3.0,0.01,OK
2026-05-01 02:07:39,3123,0.2653,0.0,0.0,76.0,5.26,0.0,27.21,-2.17,-2.8,0.01,OK
2026-05-01 02:07:39,3124,0.2236,0.0464,0.0,76.0,5.16,0.0,25.33,-1.76,-3.75,0.0,OK
2026-05-01 02:07:39,3125,0.2359,0.0453,0.0,76.0,5.07,0.0,25.33,-1.76,-3.75,0.0,OK
2026-05-01 02:07:39,3126,0.2631,0.0476,0.0,76.0,4.98,0.0,25.99,-1.82,-3.39,0.0,OK
2026-05-01 02:07:39,3127,0.2696,0.0476,0.0,76.0,4.9,0.0,24.23,-1.95,-3.41,0.0,OK
2026-05-01 02:07:39,3128,0.2426,0.0545,0.0,76.0,4.83,0.0,20.3,-2.25,-3.22,0.0,OK
2026-05-01 02:07:39,3129,0.1942,0.0249,0.0,76.0,6.38,0.033,21.27,-3.34,-4.84,0.0,OK
2026-05-01 02:07:39,3130,0.1664,0.0256,0.0,76.0,9.41,0.067,20.32,-3.0,-4.64,0.0,OK
2026-05-01 02:07:39,3131,0.1888,0.0487,0.0,76.0,10.19,0.1,21.45,-1.94,-3.21,0.0,OK
2026-05-01 02:07:39,3132,0.1917,0.0475,0.0,76.0,10.76,0.133,18.96,-3.1,-3.61,0.0,OK
2026-05-01 02:07:39,3133,0.2093,0.0243,0.0,76.0,10.65,0.167,2.04,0.36,-4.0,0.0,OK
2026-05-01 02:07:39,3134,0.2031,0.0344,0.0,76.0,10.82,0.2,21.44,-1.09,-3.39,0.0,OK
2026-05-01 02:07:39,3135,0.2033,0.0697,0.0467,76.0,11.17,0.233,-1.17,-2.39,-2.15,0.0,OK
2026-05-01 02:07:39,3136,0.212,0.0454,0.0533,76.0,11.15,0.267,21.7,-1.84,-2.98,0.0,OK
2026-05-01 02:07:39,3137,0.2215,0.0465,0.0533,77.0,10.58,0.0,20.97,-4.05,-3.55,0.0,OK
2026-05-01 02:07:39,3138,0.2093,0.0696,0.0533,77.0,10.25,0.033,15.62,-3.17,-3.01,0.0,OK
2026-05-01 02:07:39,3139,0.2005,0.0696,0.0533,77.0,10.14,0.067,17.06,-2.39,-2.12,0.0,OK
2026-05-01 02:07:39,3140,0.2216,0.0237,0.0533,78.0,9.65,0.0,20.52,-0.37,-3.06,0.0,OK
2026-05-01 02:07:39,3141,0.2135,0.0336,0.0533,78.0,9.33,0.033,22.55,-0.98,-3.89,0.0,OK
2026-05-01 02:07:39,3142,0.2472,0.0464,0.0533,78.0,8.91,0.0,22.13,-3.9,-3.3,0.0,OK
2026-05-01 02:07:40,3143,0.2672,0.0453,0.0533,78.0,8.51,0.0,20.59,-3.03,-3.33,0.0,OK
2026-05-01 02:07:40,3144,0.2215,0.0476,0.0533,78.0,8.15,0.0,20.55,-2.83,-3.48,0.0,OK
2026-05-01 02:07:40,3145,0.2285,0.0545,0.0533,78.0,7.82,0.0,19.92,-3.51,-3.92,0.0,OK
2026-05-01 02:07:40,3146,0.2171,0.0464,0.0533,78.0,7.6,0.033,24.41,-1.47,-3.57,0.0,OK
2026-05-01 02:07:40,3147,0.2261,0.0464,0.0533,78.0,7.31,0.0,24.09,-1.76,-3.44,0.0,OK
2026-05-01 02:07:40,3148,0.2216,0.0453,0.0533,78.0,7.05,0.0,26.11,-2.84,-3.55,0.0,OK
2026-05-01 02:07:40,3149,0.2216,0.0508,0.0533,78.0,6.81,0.0,25.45,-2.32,-3.48,0.0,OK
2026-05-01 02:07:40,3150,0.2316,0.0487,0.0533,78.0,6.58,0.0,19.81,-3.5,-2.74,0.0,OK
2026-05-01 02:07:40,3151,0.215,0.0336,0.0533,78.0,6.49,0.033,22.09,-3.73,-2.68,0.0,OK
2026-05-01 02:07:40,3152,0.2309,0.0238,0.0533,78.0,6.29,0.0,24.02,-3.74,-2.54,0.0,OK
2026-05-01 02:07:40,3153,0.2312,0.0487,0.0533,78.0,6.11,0.0,22.48,-3.82,-4.05,0.0,OK
2026-05-01 02:07:40,3154,0.2237,0.0476,0.0533,78.0,5.94,0.0,21.56,-4.49,-4.12,0.0,OK
2026-05-01 02:07:40,3155,0.2216,0.0681,0.0533,78.0,5.79,0.0,22.6,-2.0,-2.65,0.0,OK
2026-05-01 02:07:40,3156,0.2171,0.0681,0.0533,78.0,5.73,0.033,22.88,-1.74,-2.79,0.0,OK
2026-05-01 02:07:40,3157,0.2006,0.0507,0.0533,78.0,6.81,0.067,24.08,-2.15,-2.64,0.0,OK
2026-05-01 02:07:40,3158,0.2173,0.0507,0.0533,78.0,6.78,0.1,24.8,-4.0,-3.79,0.0,OK
2026-05-01 02:07:40,3159,0.2269,0.0464,0.0533,79.0,6.55,0.0,23.75,-3.02,-3.67,0.0,OK
2026-05-01 02:07:40,3160,0.2459,0.0232,0.0533,79.0,6.35,0.0,19.72,-3.43,-1.9,0.0,OK
2026-05-01 02:07:40,3161,0.2434,0.0465,0.0533,79.0,6.16,0.0,19.66,-2.89,-1.58,0.0,OK
2026-05-01 02:07:40,3162,0.2359,0.0244,0.0533,79.0,5.99,0.0,21.75,-2.91,-2.61,0.0,OK
2026-05-01 02:07:40,3163,0.2527,0.0249,0.0533,79.0,5.83,0.0,3.36,-3.56,-2.57,0.0,OK
2026-05-01 02:07:40,3164,0.2237,0.0453,0.0533,79.0,5.68,0.0,22.94,-3.89,-3.99,0.0,OK
2026-05-01 02:07:40,3165,0.2122,0.0238,0.0533,79.0,5.79,0.033,22.79,-5.48,-3.16,0.0,OK
2026-05-01 02:07:40,3166,0.2192,0.0238,0.0533,79.0,5.76,0.067,22.84,-5.62,-3.19,0.02,OK
2026-05-01 02:07:40,3167,0.2166,0.0507,0.0533,79.0,6.08,0.1,24.67,-3.47,-4.16,0.09,OK
2026-05-01 02:07:40,3168,0.2242,0.0507,0.0533,80.0,5.92,0.0,24.71,-3.37,-4.16,0.14,OK
2026-05-01 02:07:40,3169,0.2154,0.0487,0.0533,79.0,5.9,0.033,18.54,-4.71,-3.03,0.23,OK
2026-05-01 02:07:40,3170,0.2223,0.0499,0.0533,79.0,5.77,0.0,19.55,-4.75,-2.74,0.33,OK
2026-05-01 02:07:40,3171,0.2136,0.0328,0.0533,79.0,5.91,0.033,24.77,-2.25,-3.42,0.45,OK
2026-05-01 02:07:40,3172,0.194,0.0328,0.0533,79.0,7.54,0.067,25.13,-2.36,-3.23,0.56,OK
2026-05-01 02:07:41,3173,0.2166,0.0487,0.0533,79.0,7.52,0.1,21.6,-3.31,-4.11,0.71,OK
2026-05-01 02:07:41,3174,0.1851,0.0476,0.0533,79.0,9.75,0.133,18.61,-5.98,-3.78,0.88,OK
2026-05-01 02:07:41,3175,0.1959,0.0476,0.0533,79.0,10.78,0.167,1.07,-3.79,-2.23,0.93,OK
2026-05-01 02:07:41,3176,0.1986,0.0464,0.0533,79.0,11.54,0.2,22.85,-5.25,-3.02,1.0,OK
2026-05-01 02:07:41,3177,0.1788,0.0454,0.1,79.0,13.58,0.233,25.14,-6.24,-3.25,1.09,OK
2026-05-01 02:07:41,3178,0.1718,0.0572,0.1067,79.0,15.83,0.267,1.87,-3.31,-3.46,1.09,OK
2026-05-01 02:07:41,3179,0.1697,0.0572,0.1133,79.0,17.92,0.3,20.79,-4.44,-4.62,1.12,OK
2026-05-01 02:07:41,3180,0.1888,0.0465,0.12,79.0,18.52,0.333,17.64,-5.82,-3.78,1.11,OK
2026-05-01 02:07:41,3181,0.1937,0.0476,0.1267,79.0,19.07,0.367,19.71,-4.34,-3.07,1.08,OK
2026-05-01 02:07:41,3182,0.1992,0.0232,0.1333,79.0,19.56,0.4,27.67,-3.55,-4.3,1.08,OK
2026-05-01 02:07:41,3183,0.2125,0.0232,0.14,79.0,19.55,0.433,26.92,-3.69,-4.59,1.07,OK
2026-05-01 02:07:41,3184,0.1885,0.0531,0.1467,79.0,21.52,0.467,23.75,-5.93,-4.76,1.12,OK
2026-05-01 02:07:41,3185,0.2103,0.0531,0.1533,79.0,21.91,0.5,23.75,-5.93,-4.76,1.18,OK
2026-05-01 02:07:41,3186,0.1942,0.0465,0.16,79.0,23.7,0.533,23.67,-7.27,-4.14,1.27,OK
2026-05-01 02:07:41,3187,0.1942,0.0475,0.1667,79.0,25.39,0.567,24.95,-5.3,-4.54,1.4,OK
2026-05-01 02:07:41,3188,0.1943,0.0464,0.1733,79.0,26.99,0.6,23.14,-4.67,-3.76,1.48,OK
2026-05-01 02:07:41,3189,0.1757,0.0519,0.18,79.0,29.74,0.633,24.12,-4.48,-4.3,1.61,OK
2026-05-01 02:07:41,3190,0.1805,0.0464,0.1867,79.0,31.74,0.667,24.09,-4.61,-4.32,1.71,OK
2026-05-01 02:07:41,3191,0.1945,0.0232,0.1933,78.0,32.67,0.7,26.51,-6.31,-4.19,1.85,OK
2026-05-01 02:07:41,3192,0.1858,0.0,0.2,78.0,34.36,0.733,24.58,-6.59,-4.14,1.99,OK
2026-05-01 02:07:41,3193,0.1987,0.0476,0.2067,78.0,35.16,0.767,22.14,-3.51,-2.93,2.13,OK
2026-05-01 02:07:41,3194,0.2149,0.0476,0.2133,78.0,35.16,0.8,22.19,-3.88,-2.75,2.25,OK
2026-05-01 02:07:41,3195,0.1754,0.0238,0.22,78.0,38.2,0.833,20.86,-6.45,-3.72,2.35,OK
2026-05-01 02:07:41,3196,0.1999,0.0487,0.2267,77.0,39.16,0.867,22.22,-5.13,-3.74,2.55,OK
2026-05-01 02:07:41,3197,0.1992,0.0345,0.2333,77.0,40.35,0.9,21.64,-5.83,-4.49,2.69,OK
2026-05-01 02:07:41,3198,0.1983,0.0464,0.24,77.0,41.72,0.933,26.8,-6.68,-4.55,2.85,OK
2026-05-01 02:07:41,3199,0.1984,0.0237,0.2467,76.0,43.13,0.967,25.43,-5.78,-3.56,2.99,OK
2026-05-01 02:07:41,3200,0.1785,0.0232,0.2533,76.0,45.85,1.0,23.14,-4.81,-3.3,3.14,OK
2026-05-01 02:07:41,3201,0.1829,0.0227,0.26,76.0,47.86,1.033,23.58,-3.59,-3.36,3.28,OK
2026-05-01 02:07:41,3202,0.1811,0.0321,0.2667,76.0,49.83,1.067,19.16,-7.61,-3.19,3.45,OK
2026-05-01 02:07:42,3203,0.1856,0.0238,0.2733,76.0,51.36,1.1,19.56,-6.44,-4.24,3.64,OK
2026-05-01 02:07:42,3204,0.1723,0.0475,0.28,76.0,53.73,1.133,21.07,-6.24,-4.43,3.77,OK
2026-05-01 02:07:42,3205,0.1885,0.0232,0.2867,76.0,54.77,1.167,23.18,-6.24,-4.3,3.93,OK
2026-05-01 02:07:42,3206,0.1955,0.0232,0.2933,76.0,55.53,1.2,24.5,-5.17,-4.46,4.07,OK
2026-05-01 02:07:42,3207,0.1717,0.0238,0.3,76.0,58.07,1.233,23.71,-4.4,-3.37,4.22,OK
2026-05-01 02:07:42,3208,0.1816,0.0519,0.3067,76.0,59.61,1.267,25.8,-4.8,-2.8,4.35,OK
2026-05-01 02:07:42,3209,0.2102,0.0487,0.3133,76.0,59.55,1.3,24.18,-6.16,-3.66,4.5,OK
2026-05-01 02:07:42,3210,0.1816,0.0453,0.32,76.0,61.66,1.333,26.31,-3.96,-4.37,4.71,OK
2026-05-01 02:07:42,3211,0.1753,0.0453,0.3267,76.0,63.99,1.367,24.06,-5.12,-4.67,4.94,OK
2026-05-01 02:07:42,3212,0.2089,0.0475,0.3333,76.0,63.97,1.4,25.04,-5.29,-4.8,5.13,OK
2026-05-01 02:07:42,3213,0.1988,0.0237,0.34,76.0,65.1,1.433,23.02,-5.77,-4.82,5.38,OK
2026-05-01 02:07:42,3214,0.2048,0.0476,0.3467,76.0,65.95,1.467,17.18,-8.17,-3.76,5.44,OK
2026-05-01 02:07:42,3215,0.2103,0.0519,0.3533,76.0,66.67,1.5,22.53,-7.13,-3.76,5.55,OK
2026-05-01 02:07:42,3216,0.2093,0.0227,0.36,76.0,67.72,1.533,26.17,-4.25,-4.7,5.68,OK
2026-05-01 02:07:42,3217,0.1784,0.0443,0.3667,76.0,70.89,1.567,26.95,-4.96,-5.01,5.75,OK
2026-05-01 02:07:42,3218,0.1802,0.0243,0.3733,76.0,73.31,1.6,7.57,-3.68,-4.31,5.76,OK
2026-05-01 02:07:42,3219,0.1717,0.0237,0.38,76.0,75.91,1.633,25.59,-3.75,-4.43,5.77,OK
2026-05-01 02:07:42,3220,0.2146,0.0464,0.3867,76.0,75.79,1.667,25.09,-5.33,-5.1,5.86,HIGH
2026-05-01 02:07:42,3221,0.2029,0.0453,0.3933,76.0,76.54,1.7,26.61,-4.46,-4.46,5.94,HIGH
2026-05-01 02:07:42,3222,0.2165,0.0475,0.4,76.0,76.69,1.733,23.41,-6.96,-4.26,6.08,HIGH
2026-05-01 02:07:42,3223,0.2195,0.0237,0.4,76.0,73.78,0.0,26.24,-2.41,-5.15,6.29,HIGH
2026-05-01 02:07:42,3224,0.2035,0.0243,0.4,76.0,71.4,0.033,26.28,-3.57,-5.46,6.5,HIGH
2026-05-01 02:07:42,3225,0.1842,0.0665,0.4,76.0,69.57,0.067,24.94,-6.16,-4.32,6.68,HIGH
2026-05-01 02:07:42,3226,0.1838,0.0444,0.4,76.0,67.95,0.1,23.63,-7.93,-4.85,6.78,HIGH
2026-05-01 02:07:42,3227,0.1849,0.0232,0.4,76.0,66.51,0.133,25.07,-6.22,-6.17,6.94,HIGH
2026-05-01 02:07:42,3228,0.1851,0.0475,0.4,76.0,65.25,0.167,23.61,-5.21,-4.82,7.07,HIGH
2026-05-01 02:07:42,3229,0.204,0.0232,0.4,76.0,63.89,0.2,25.51,-5.39,-5.54,7.25,HIGH
2026-05-01 02:07:42,3230,0.1887,0.0232,0.4467,76.0,62.93,0.233,25.17,-6.14,-5.98,7.42,HIGH
2026-05-01 02:07:42,3231,0.18,0.0474,0.4533,76.0,62.25,0.267,24.47,-5.51,-5.5,7.6,HIGH
2026-05-01 02:07:42,3232,0.1824,0.0237,0.46,76.0,61.65,0.3,22.6,-6.39,-5.67,7.76,HIGH
2026-05-01 02:07:43,3233,0.1987,0.0928,0.4667,76.0,60.92,0.333,24.27,-7.15,-5.83,7.85,HIGH
2026-05-01 02:07:43,3234,0.1897,0.0336,0.4733,76.0,60.46,0.367,26.12,-6.31,-4.34,8.03,HIGH
2026-05-01 02:07:43,3235,0.1936,0.0465,0.48,76.0,60.03,0.4,26.33,-7.06,-5.2,8.08,HIGH
2026-05-01 02:07:43,3236,0.2004,0.0531,0.4867,76.0,59.61,0.433,24.41,-6.64,-6.07,8.2,HIGH
2026-05-01 02:07:43,3237,0.1819,0.0474,0.4933,76.0,59.55,0.467,24.41,-6.64,-6.07,8.27,HIGH
2026-05-01 02:07:43,3238,0.1897,0.0463,0.5,76.0,59.45,0.5,25.2,-3.34,-4.95,8.38,HIGH
2026-05-01 02:07:43,3239,0.1981,0.0237,0.5067,76.0,59.3,0.533,23.56,-3.48,-4.76,8.49,HIGH
2026-05-01 02:07:43,3240,0.2007,0.0499,0.5133,76.0,59.18,0.567,20.96,-5.55,-4.14,8.56,HIGH
2026-05-01 02:07:43,3241,0.2434,0.0327,0.5133,77.0,57.86,0.0,26.23,-6.74,-5.76,8.75,HIGH
2026-05-01 02:07:43,3242,0.2613,0.0475,0.5133,77.0,56.67,0.0,24.19,-5.54,-5.13,8.88,HIGH
2026-05-01 02:07:43,3243,0.2169,0.0443,0.5133,77.0,55.66,0.033,27.65,-3.69,-5.2,9.04,HIGH
2026-05-01 02:07:43,3244,0.226,0.0453,0.5133,77.0,54.67,0.0,25.41,-3.54,-4.87,9.2,HIGH
2026-05-01 02:07:43,3245,0.2534,0.0487,0.5133,77.0,53.76,0.0,22.05,-5.64,-5.32,9.38,HIGH
2026-05-01 02:07:43,3246,0.242,0.0485,0.5133,77.0,52.95,0.0,22.26,-4.67,-5.33,9.53,HIGH
2026-05-01 02:07:43,3247,0.2199,0.0544,0.5133,77.0,52.2,0.0,23.52,-3.95,-4.39,9.65,HIGH
2026-05-01 02:07:43,3248,0.2316,0.0544,0.5133,77.0,51.52,0.0,22.41,-6.72,-5.09,9.74,HIGH
2026-05-01 02:07:43,3249,0.2424,0.0487,0.5133,77.0,50.91,0.0,21.12,-6.39,-4.62,9.8,HIGH
2026-05-01 02:07:43,3250,0.2312,0.0454,0.5133,77.0,50.34,0.0,23.69,-3.13,-3.47,9.85,HIGH
2026-05-01 02:07:43,3251,0.2329,0.0454,0.5133,77.0,49.83,0.0,24.66,-2.22,-2.92,9.89,HIGH
2026-05-01 02:07:43,3252,0.237,0.0244,0.5133,77.0,49.35,0.0,22.85,-5.42,-4.43,9.92,HIGH
2026-05-01 02:07:43,3253,0.2262,0.0345,0.5133,77.0,48.92,0.0,22.83,-6.25,-4.17,9.94,HIGH
2026-05-01 02:07:43,3254,0.226,0.0681,0.5133,77.0,48.52,0.0,24.21,-5.23,-4.49,9.95,HIGH
2026-05-01 02:07:43,3255,0.2265,0.0697,0.5133,77.0,48.16,0.0,22.68,-6.59,-4.79,9.96,HIGH
2026-05-01 02:07:43,3256,0.2394,0.0475,0.5133,77.0,47.82,0.0,23.2,-7.59,-5.48,9.97,HIGH
2026-05-01 02:07:43,3257,0.2365,0.0487,0.5133,77.0,47.52,0.0,21.15,-8.17,-5.45,9.98,HIGH
2026-05-01 02:07:43,3258,0.2426,0.0788,0.5133,77.0,47.23,0.0,21.41,-6.06,-5.23,9.99,HIGH
2026-05-01 02:07:43,3259,0.2367,0.0232,0.5133,77.0,46.97,0.0,24.36,-4.95,-5.22,9.99,HIGH
2026-05-01 02:07:43,3260,0.231,0.0243,0.5133,77.0,46.74,0.0,22.0,-6.82,-4.69,9.99,HIGH
2026-05-01 02:07:43,3261,0.2384,0.0496,0.5133,77.0,46.52,0.0,22.51,-5.51,-5.23,9.99,HIGH
2026-05-01 02:07:43,3262,0.2282,0.0443,0.5133,77.0,46.31,0.0,25.41,-5.43,-5.46,10.0,HIGH
2026-05-01 02:07:44,3263,0.2185,0.0476,0.5133,77.0,46.19,0.033,23.82,-5.79,-4.83,10.0,HIGH
2026-05-01 02:07:44,3264,0.2268,0.0329,0.5133,77.0,46.02,0.0,25.85,-5.73,-4.66,10.0,HIGH
2026-05-01 02:07:44,3265,0.2104,0.0243,0.5133,77.0,46.12,0.033,21.58,-5.18,-4.66,10.0,HIGH
2026-05-01 02:07:44,3266,0.2287,0.0243,0.5133,77.0,45.95,0.0,23.94,-4.67,-4.65,10.0,HIGH
2026-05-01 02:07:44,3267,0.2146,0.0476,0.5133,77.0,45.92,0.033,21.39,-8.38,-4.72,10.0,HIGH
2026-05-01 02:07:44,3268,0.2148,0.0464,0.5133,77.0,46.02,0.067,24.19,-7.0,-5.08,10.0,HIGH
2026-05-01 02:07:44,3269,0.2406,0.0336,0.5133,78.0,45.86,0.0,20.67,-4.8,-5.1,10.0,HIGH
2026-05-01 02:07:44,3270,0.2268,0.0487,0.5133,78.0,45.71,0.0,20.93,-7.06,-4.72,10.0,HIGH
2026-05-01 02:07:44,3271,0.2287,0.0544,0.5133,78.0,45.57,0.0,4.48,-6.4,-3.32,10.0,HIGH
2026-05-01 02:07:44,3272,0.24,0.0453,0.5133,78.0,45.45,0.0,26.09,-5.97,-4.24,10.0,HIGH
2026-05-01 02:07:44,3273,0.2307,0.0453,0.5133,78.0,45.33,0.0,26.05,-5.71,-4.2,10.0,HIGH
2026-05-01 02:07:44,3274,0.2208,0.0227,0.5133,78.0,45.22,0.0,24.27,-3.07,-3.22,10.0,HIGH
2026-05-01 02:07:44,3275,0.2259,0.0232,0.5133,78.0,45.13,0.0,23.7,-2.44,-3.83,10.0,HIGH
2026-05-01 02:07:44,3276,0.2362,0.0238,0.5133,78.0,45.04,0.0,18.5,-2.93,-3.57,10.0,MEDIUM
2026-05-01 02:07:44,3277,0.2472,0.0232,0.5133,78.0,44.95,0.0,23.02,-1.61,-3.68,10.0,MEDIUM
2026-05-01 02:07:44,3278,0.2478,0.0443,0.5133,78.0,44.88,0.0,22.56,-7.01,-5.12,10.0,MEDIUM
2026-05-01 02:07:44,3279,0.2169,0.0232,0.5067,78.0,44.96,0.033,21.96,-4.41,-4.06,10.0,MEDIUM
2026-05-01 02:07:44,3280,0.2448,0.0499,0.46,78.0,44.88,0.0,3.07,-4.8,-3.14,10.0,MEDIUM
2026-05-01 02:07:44,3281,0.2269,0.0519,0.46,78.0,44.81,0.0,24.44,-3.33,-3.73,10.0,MEDIUM
2026-05-01 02:07:44,3282,0.2308,0.0232,0.46,78.0,44.75,0.0,22.45,-4.71,-4.24,10.0,MEDIUM
2026-05-01 02:07:44,3283,0.2354,0.0227,0.46,78.0,44.69,0.0,26.4,-6.79,-4.4,10.0,MEDIUM
2026-05-01 02:07:44,3284,0.235,0.0465,0.46,78.0,44.63,0.0,25.88,-6.37,-4.34,10.0,MEDIUM
2026-05-01 02:07:44,3285,0.2387,0.0465,0.46,78.0,44.58,0.0,25.89,-5.48,-3.27,10.0,MEDIUM
2026-05-01 02:07:44,3286,0.2422,0.0232,0.46,78.0,44.54,0.0,19.67,-4.95,-4.09,10.0,MEDIUM
2026-05-01 02:07:44,3287,0.232,0.0464,0.46,78.0,44.49,0.0,19.92,-3.59,-4.3,10.0,MEDIUM
2026-05-01 02:07:44,3288,0.2552,0.0232,0.46,78.0,44.45,0.0,22.11,-5.1,-4.55,10.0,MEDIUM
2026-05-01 02:07:44,3289,0.2236,0.0464,0.46,78.0,44.42,0.0,22.04,-5.7,-5.1,10.0,MEDIUM
2026-05-01 02:07:44,3290,0.2735,0.0454,0.46,78.0,44.38,0.0,21.18,-8.38,-3.43,10.0,MEDIUM
2026-05-01 02:07:44,3291,0.2698,0.0465,0.46,78.0,44.35,0.0,19.64,-6.99,-3.31,10.0,MEDIUM
2026-05-01 02:07:44,3292,0.2442,0.0232,0.46,78.0,44.33,0.0,22.22,-3.59,-3.94,10.0,MEDIUM
2026-05-01 02:07:44,3293,0.2397,0.0465,0.46,78.0,44.3,0.0,24.71,-5.7,-4.19,10.0,MEDIUM
2026-05-01 02:07:45,3294,0.2479,0.0464,0.46,78.0,44.28,0.0,24.76,-5.4,-4.51,10.0,MEDIUM
2026-05-01 02:07:45,3295,0.2446,0.0519,0.46,78.0,44.25,0.0,23.79,-4.53,-3.73,10.0,MEDIUM
2026-05-01 02:07:45,3296,0.2548,0.0519,0.46,78.0,44.23,0.0,23.79,-4.53,-3.73,10.0,MEDIUM
2026-05-01 02:07:45,3297,0.2381,0.0244,0.46,78.0,44.21,0.0,23.54,-6.31,-4.33,10.0,MEDIUM
2026-05-01 02:07:45,3298,0.2472,0.0244,0.46,78.0,44.2,0.0,22.91,-5.25,-4.41,10.0,MEDIUM
2026-05-01 02:07:45,3299,0.2355,0.0232,0.46,78.0,44.18,0.0,24.0,-4.26,-4.56,10.0,MEDIUM
2026-05-01 02:07:45,3300,0.235,0.0487,0.46,78.0,44.17,0.0,24.0,-4.26,-4.56,10.0,MEDIUM
2026-05-01 02:07:45,3301,0.2196,0.0232,0.46,78.0,44.15,0.0,22.36,-5.32,-4.56,10.0,MEDIUM
2026-05-01 02:07:45,3302,0.2298,0.0232,0.46,78.0,44.14,0.0,24.4,-4.14,-4.34,10.0,MEDIUM
2026-05-01 02:07:45,3303,0.2698,0.0243,0.46,78.0,44.13,0.0,20.08,-5.47,-4.29,10.0,MEDIUM
2026-05-01 02:07:45,3304,0.2908,0.0243,0.46,78.0,44.12,0.0,21.4,-5.58,-4.21,10.0,MEDIUM
2026-05-01 02:07:45,3305,0.2424,0.0243,0.46,78.0,44.11,0.0,26.63,-5.54,-5.6,10.0,MEDIUM
2026-05-01 02:07:45,3306,0.239,0.0545,0.46,78.0,44.1,0.0,24.34,-5.6,-3.96,10.0,MEDIUM
2026-05-01 02:07:45,3307,0.2552,0.0487,0.46,78.0,44.09,0.0,23.89,-3.43,-3.52,10.0,MEDIUM
2026-05-01 02:07:45,3308,0.2395,0.0321,0.46,78.0,44.09,0.0,29.23,-4.54,-4.54,10.0,MEDIUM
2026-05-01 02:07:45,3309,0.2307,0.0222,0.46,78.0,44.08,0.0,28.13,-5.73,-4.78,10.0,MEDIUM
2026-05-01 02:07:45,3310,0.2595,0.0475,0.46,78.0,44.07,0.0,23.48,-4.43,-4.54,10.0,MEDIUM
2026-05-01 02:07:45,3311,0.2539,0.0475,0.46,78.0,44.07,0.0,26.72,-4.4,-4.86,10.0,MEDIUM
2026-05-01 02:07:45,3312,0.2171,0.0232,0.46,78.0,44.42,0.033,21.49,-5.59,-3.2,10.0,MEDIUM
2026-05-01 02:07:45,3313,0.2432,0.0476,0.46,78.0,44.39,0.0,23.32,-4.73,-2.89,10.0,MEDIUM
2026-05-01 02:07:45,3314,0.2743,0.0475,0.46,78.0,44.36,0.0,27.54,-3.25,-5.26,10.0,MEDIUM
2026-05-01 02:07:45,3315,0.2541,0.133,0.46,78.0,44.33,0.0,27.31,-5.53,-5.0,10.0,MEDIUM
2026-05-01 02:07:45,3316,0.2529,0.068,0.46,78.0,44.3,0.0,28.86,-5.54,-5.04,10.0,MEDIUM
2026-05-01 02:07:45,3317,0.2618,0.0476,0.46,78.0,44.28,0.0,19.08,-4.11,-3.71,10.0,MEDIUM
2026-05-01 02:07:45,3318,0.2619,0.0336,0.46,78.0,44.26,0.0,21.67,-4.15,-4.03,10.0,MEDIUM
2026-05-01 02:07:45,3319,0.2625,0.0499,0.46,78.0,44.24,0.0,21.07,-2.3,-4.38,10.0,MEDIUM
2026-05-01 02:07:45,3320,0.26,0.0487,0.46,78.0,44.22,0.0,22.03,-2.24,-4.55,10.0,MEDIUM
2026-05-01 02:07:45,3321,0.2086,0.073,0.4533,78.0,45.06,0.033,24.77,-3.74,-3.66,10.0,MEDIUM
2026-05-01 02:07:45,3322,0.2021,0.0487,0.4467,78.0,46.27,0.067,23.88,-4.1,-3.85,10.0,MEDIUM
2026-05-01 02:07:46,3323,0.2387,0.0463,0.44,79.0,46.09,0.0,26.32,-4.69,-5.1,10.0,MEDIUM
2026-05-01 02:07:46,3324,0.2004,0.0243,0.4333,79.0,46.8,0.033,22.49,-3.54,-5.08,10.0,MEDIUM
2026-05-01 02:07:46,3325,0.2099,0.0243,0.4267,79.0,46.9,0.067,22.66,-3.18,-5.19,10.0,MEDIUM
2026-05-01 02:07:46,3326,0.2361,0.0544,0.42,80.0,46.67,0.0,19.3,-4.44,-4.14,10.0,MEDIUM
2026-05-01 02:07:46,3327,0.2545,0.053,0.4133,80.0,46.46,0.0,20.78,-3.87,-4.18,10.0,MEDIUM
2026-05-01 02:07:46,3328,0.2675,0.0238,0.4067,80.0,46.26,0.0,24.96,-4.67,-4.36,10.0,MEDIUM
2026-05-01 02:07:46,3329,0.2484,0.0476,0.4,80.0,46.08,0.0,24.53,-5.35,-4.91,10.0,MEDIUM
2026-05-01 02:07:46,3330,0.2582,0.0475,0.3933,80.0,45.86,0.0,21.64,-5.22,-4.44,10.0,MEDIUM
2026-05-01 02:07:46,3331,0.237,0.0237,0.3867,80.0,45.6,0.0,24.78,-5.9,-4.83,10.0,MEDIUM
2026-05-01 02:07:46,3332,0.2257,0.0243,0.38,80.0,45.32,0.0,22.74,-6.1,-4.93,10.0,MEDIUM
2026-05-01 02:07:46,3333,0.2485,0.0475,0.3733,80.0,45.0,0.0,24.52,-4.43,-4.66,10.0,MEDIUM
2026-05-01 02:07:46,3334,0.2485,0.0487,0.3667,80.0,44.65,0.0,22.29,-6.13,-5.17,10.0,MEDIUM
2026-05-01 02:07:46,3335,0.2584,0.0464,0.36,79.0,44.28,0.0,21.77,-6.51,-4.5,10.0,MEDIUM
2026-05-01 02:07:46,3336,0.2581,0.0519,0.3533,79.0,43.88,0.0,23.51,-5.23,-4.41,10.0,MEDIUM
2026-05-01 02:07:46,3337,0.2434,0.073,0.3467,79.0,43.47,0.0,22.51,-4.86,-4.81,10.0,MEDIUM
2026-05-01 02:07:46,3338,0.2635,0.0475,0.34,79.0,43.03,0.0,22.43,-5.48,-4.6,10.0,MEDIUM
2026-05-01 02:07:46,3339,0.2387,0.0237,0.3333,79.0,42.57,0.0,24.69,-3.56,-4.43,10.0,MEDIUM
2026-05-01 02:07:46,3340,0.2113,0.0531,0.3267,79.0,42.27,0.033,22.17,-4.46,-4.27,10.0,MEDIUM
2026-05-01 02:07:46,3341,0.224,0.0237,0.32,78.0,41.77,0.0,21.5,-6.26,-5.31,10.0,MEDIUM
2026-05-01 02:07:46,3342,0.2401,0.0485,0.3133,78.0,41.26,0.0,22.85,-5.49,-4.81,10.0,MEDIUM
2026-05-01 02:07:46,3343,0.2301,0.0499,0.3067,78.0,40.73,0.0,22.85,-5.49,-4.81,10.0,MEDIUM
2026-05-01 02:07:46,3344,0.2394,0.0474,0.3,78.0,40.19,0.0,25.58,-3.18,-5.23,10.0,MEDIUM
2026-05-01 02:07:46,3345,0.2296,0.0474,0.2933,78.0,39.64,0.0,25.51,-3.85,-5.59,10.0,MEDIUM
2026-05-01 02:07:46,3346,0.2343,0.0464,0.2867,78.0,39.08,0.0,23.99,-4.64,-5.02,10.0,MEDIUM
2026-05-01 02:07:46,3347,0.2305,0.0475,0.28,78.0,38.52,0.0,23.38,-5.39,-4.62,10.0,MEDIUM
2026-05-01 02:07:46,3348,0.2219,0.0475,0.2733,78.0,37.94,0.0,22.33,-6.8,-4.73,10.0,MEDIUM
2026-05-01 02:07:46,3349,0.2265,0.0695,0.2667,78.0,37.36,0.0,23.99,-5.34,-5.12,10.0,MEDIUM
2026-05-01 02:07:46,3350,0.2235,0.0485,0.26,78.0,36.77,0.0,19.52,-4.81,-5.87,10.0,MEDIUM
2026-05-01 02:07:46,3351,0.2264,0.0485,0.2533,78.0,36.18,0.0,19.67,-5.05,-5.67,10.0,MEDIUM
2026-05-01 02:07:46,3352,0.2148,0.0464,0.2467,78.0,35.7,0.033,24.12,-2.91,-4.47,10.0,MEDIUM
2026-05-01 02:07:47,3353,0.2217,0.0226,0.24,78.0,35.08,0.0,23.7,0.75,-3.87,10.0,MEDIUM
2026-05-01 02:07:47,3354,0.2309,0.0221,0.2333,78.0,34.46,0.0,23.74,0.37,-3.7,10.0,MEDIUM
2026-05-01 02:07:47,3355,0.2314,0.0217,0.2267,78.0,33.84,0.0,23.36,2.42,-0.87,10.0,MEDIUM
2026-05-01 02:07:47,3356,0.238,0.0444,0.22,77.0,33.21,0.0,19.84,4.88,-0.88,10.0,MEDIUM
2026-05-01 02:07:47,3357,0.2441,0.0,0.2133,77.0,32.58,0.0,10.09,16.72,0.72,10.0,MEDIUM
2026-05-01 02:07:47,3358,0.2707,0.0238,0.2067,77.0,31.95,0.0,14.98,15.55,1.18,10.0,MEDIUM
2026-05-01 02:07:47,3359,0.2716,0.0465,0.2,77.0,31.31,0.0,6.75,25.55,2.12,10.0,MEDIUM
2026-05-01 02:07:47,3360,0.2884,0.025,0.1933,77.0,30.67,0.0,7.43,29.16,3.34,10.0,MEDIUM
2026-05-01 02:07:47,3361,0.2971,0.0476,0.1867,77.0,30.03,0.0,11.02,28.88,4.16,10.0,MEDIUM
2026-05-01 02:07:47,3362,0.3135,0.025,0.18,77.0,29.39,0.0,5.79,31.02,1.68,10.0,MEDIUM
2026-05-01 02:07:47,3363,0.2916,0.0244,0.1733,77.0,28.74,0.0,7.11,30.31,2.92,10.0,MEDIUM
2026-05-01 02:07:47,3364,0.2797,0.0263,0.1667,77.0,28.1,0.0,2.83,35.83,1.06,10.0,MEDIUM
2026-05-01 02:07:47,3365,0.3026,0.0513,0.16,77.0,27.45,0.0,3.82,35.95,2.13,10.0,MEDIUM
2026-05-01 02:07:47,3366,0.2808,0.05,0.1133,77.0,26.48,0.0,4.39,35.48,0.51,10.0,MEDIUM
2026-05-01 02:07:47,3367,0.2756,0.0588,0.1133,77.0,25.59,0.0,-8.42,29.59,-7.33,10.0,MEDIUM
2026-05-01 02:07:47,3368,0.2515,0.0811,0.1133,77.0,24.77,0.0,-10.37,30.39,-6.92,10.0,MEDIUM
2026-05-01 02:07:47,3369,0.315,0.0856,0.1133,77.0,24.01,0.0,-7.6,30.85,-7.87,10.0,MEDIUM
2026-05-01 02:07:47,3370,0.3261,0.0832,0.1133,77.0,23.32,0.0,-7.21,32.11,-7.64,10.0,MEDIUM
2026-05-01 02:07:47,3371,0.2407,0.0499,0.1133,76.0,22.68,0.0,-9.12,27.47,-6.75,10.0,MEDIUM
2026-05-01 02:07:47,3372,0.2342,0.0512,0.1133,76.0,22.09,0.0,-8.4,27.47,-6.05,10.0,MEDIUM
2026-05-01 02:07:47,3373,0.188,0.0454,0.1133,76.0,22.06,0.033,0.96,31.86,0.05,10.0,MEDIUM
2026-05-01 02:07:47,3374,0.1762,0.0232,0.1067,76.0,22.71,0.067,1.33,29.43,-0.22,10.0,MEDIUM
2026-05-01 02:07:47,3375,0.2074,0.0444,0.1,76.0,22.35,0.1,6.47,21.44,-0.33,10.0,MEDIUM
2026-05-01 02:07:47,3376,0.2112,0.0444,0.0933,76.0,22.03,0.133,6.69,19.56,-0.7,10.0,MEDIUM
2026-05-01 02:07:47,3377,0.1837,0.0474,0.0867,76.0,22.71,0.167,1.67,6.92,-5.86,10.0,MEDIUM
2026-05-01 02:07:47,3378,0.2306,0.0473,0.08,77.0,22.01,0.0,-1.5,2.98,-7.78,10.0,MEDIUM
2026-05-01 02:07:47,3379,0.2241,0.0529,0.0733,77.0,21.37,0.0,-0.09,4.41,-6.96,10.0,MEDIUM
2026-05-01 02:07:47,3380,0.1875,0.0473,0.0667,77.0,21.3,0.033,17.06,4.8,-4.87,10.0,MEDIUM
2026-05-01 02:07:47,3381,0.1963,0.0236,0.06,77.0,21.16,0.067,-0.67,3.53,-5.96,10.0,MEDIUM
2026-05-01 02:07:47,3382,0.2127,0.0474,0.0533,77.0,20.85,0.1,-0.54,2.02,-6.16,10.0,MEDIUM
2026-05-01 02:07:48,3383,0.1903,0.053,0.0467,77.0,21.28,0.133,-1.81,2.84,-5.71,10.0,MEDIUM
2026-05-01 02:07:48,3384,0.2175,0.0498,0.0,76.0,21.01,0.167,16.72,1.39,-5.98,10.0,MEDIUM
2026-05-01 02:07:48,3385,0.2274,0.0485,0.0,77.0,20.45,0.0,19.33,0.28,-5.77,10.0,MEDIUM
2026-05-01 02:07:48,3386,0.2362,0.0231,0.0,77.0,19.93,0.0,22.16,-0.06,-6.7,10.0,MEDIUM
2026-05-01 02:07:48,3387,0.2407,0.0236,0.0,77.0,19.46,0.0,3.49,-1.4,-6.94,10.0,MEDIUM
2026-05-01 02:07:48,3388,0.2227,0.0236,0.0,77.0,19.02,0.0,-4.19,0.79,-5.93,10.0,MEDIUM
2026-05-01 02:07:48,3389,0.2047,0.0232,0.0,77.0,18.88,0.033,-2.36,0.46,-6.01,10.0,MEDIUM
2026-05-01 02:07:48,3390,0.2208,0.032,0.0,77.0,18.49,0.0,5.27,-0.64,-4.61,10.0,MEDIUM
2026-05-01 02:07:48,3391,0.2378,0.0236,0.0,77.0,18.13,0.0,19.41,-1.27,-5.35,10.0,MEDIUM
2026-05-01 02:07:48,3392,0.2469,0.053,0.0,77.0,17.8,0.0,21.17,-0.4,-5.28,10.0,MEDIUM
2026-05-01 02:07:48,3393,0.2269,0.0236,0.0,77.0,17.5,0.0,3.58,-1.87,-6.05,10.0,MEDIUM
2026-05-01 02:07:48,3394,0.2324,0.0232,0.0,77.0,17.22,0.0,21.55,-3.04,-6.71,10.0,MEDIUM
2026-05-01 02:07:48,3395,0.2225,0.0744,0.0,77.0,16.96,0.0,1.39,-3.37,-5.35,10.0,MEDIUM
2026-05-01 02:07:48,3396,0.2225,0.0498,0.0,77.0,16.72,0.0,1.02,-3.44,-5.3,10.0,MEDIUM
2026-05-01 02:07:48,3397,0.2363,0.0484,0.0,77.0,16.51,0.0,22.32,0.56,-5.89,10.0,MEDIUM
2026-05-01 02:07:48,3398,0.2225,0.0462,0.0,77.0,16.31,0.0,19.64,-1.23,-5.33,10.0,MEDIUM
2026-05-01 02:07:48,3399,0.2232,0.0473,0.0,77.0,16.12,0.0,20.13,-0.2,-5.85,10.0,MEDIUM
2026-05-01 02:07:48,3400,0.2186,0.0499,0.0,77.0,16.02,0.033,-2.11,1.99,-4.61,10.0,MEDIUM
2026-05-01 02:07:48,3401,0.2289,0.0498,0.0,76.0,15.85,0.0,15.34,-1.84,-4.33,10.0,MEDIUM
2026-05-01 02:07:48,3402,0.2052,0.0977,0.0,76.0,16.35,0.033,-3.85,0.16,-5.68,10.0,MEDIUM
2026-05-01 02:07:48,3403,0.208,0.1235,0.0,76.0,16.73,0.067,-4.52,0.06,-5.79,10.0,MEDIUM
2026-05-01 02:07:48,3404,0.2268,0.2151,0.0,77.0,16.51,0.0,-4.97,-0.99,-4.72,10.0,MEDIUM
2026-05-01 02:07:48,3405,0.2184,0.2275,0.0,77.0,16.38,0.033,-4.1,1.33,-5.28,10.0,MEDIUM
2026-05-01 02:07:48,3406,0.2228,0.2854,0.0,77.0,16.19,0.0,-5.97,0.99,-4.92,10.0,MEDIUM
2026-05-01 02:07:48,3407,0.203,0.0908,0.0,77.0,16.7,0.033,-2.2,1.23,-3.03,10.0,MEDIUM
2026-05-01 02:07:48,3408,0.2167,0.0665,0.0,77.0,16.63,0.067,-0.72,1.19,-3.85,10.0,MEDIUM
2026-05-01 02:07:48,3409,0.2598,0.0709,0.0,78.0,16.42,0.0,20.9,-1.04,-6.44,10.0,MEDIUM
2026-05-01 02:07:48,3410,0.2465,0.0726,0.0,78.0,16.23,0.0,20.2,-0.47,-6.25,10.0,MEDIUM
2026-05-01 02:07:48,3411,0.2556,0.0648,0.0,78.0,16.05,0.0,24.82,-1.81,-6.3,10.0,MEDIUM
2026-05-01 02:07:48,3412,0.2548,0.0422,0.0,78.0,15.89,0.0,22.83,-1.74,-6.3,10.0,MEDIUM
2026-05-01 02:07:49,3413,0.2598,0.1601,0.0,78.0,15.74,0.0,24.79,0.2,-5.91,10.0,MEDIUM
2026-05-01 02:07:49,3414,0.2318,0.045,0.0,78.0,15.6,0.0,14.92,-3.11,-7.08,10.0,OK
2026-05-01 02:07:49,3415,0.2233,0.0431,0.0,78.0,15.47,0.0,21.88,-1.46,-6.67,10.0,OK
2026-05-01 02:07:49,3416,0.2065,0.0422,0.0,78.0,16.01,0.033,25.98,-9.88,-9.1,10.0,OK
2026-05-01 02:07:49,3417,0.2033,0.0608,0.0,78.0,16.82,0.067,27.45,-11.57,-9.8,10.0,OK
2026-05-01 02:07:49,3418,0.2307,0.043,0.0,79.0,16.59,0.0,24.05,-9.86,-9.61,10.0,OK
2026-05-01 02:07:49,3419,0.2301,0.0214,0.0,79.0,16.38,0.0,26.74,-9.19,-10.54,10.0,OK
2026-05-01 02:07:49,3420,0.1769,0.0432,0.0,79.0,18.5,0.033,25.67,-6.22,-7.29,10.0,OK
2026-05-01 02:07:49,3421,0.2127,0.0698,0.0,79.0,18.34,0.067,24.33,-7.81,-8.01,10.0,OK
2026-05-01 02:07:49,3422,0.2306,0.043,0.0,80.0,18.0,0.0,24.63,-6.2,-9.31,10.0,OK
2026-05-01 02:07:49,3423,0.2259,0.0441,0.0,80.0,17.68,0.0,26.94,-6.26,-9.62,10.0,OK
2026-05-01 02:07:49,3424,0.2046,0.0211,0.0,80.0,17.65,0.033,25.14,-3.48,-7.92,10.0,OK
2026-05-01 02:07:49,3425,0.2125,0.0471,0.0,80.0,17.57,0.067,26.39,-3.58,-8.11,10.0,OK
2026-05-01 02:07:49,3426,0.1985,0.0206,0.0,80.0,18.38,0.1,26.36,-4.72,-8.87,10.0,OK
2026-05-01 02:07:49,3427,0.1889,0.021,0.0,80.0,19.76,0.133,28.79,0.54,-8.07,10.0,OK
2026-05-01 02:07:49,3428,0.1893,0.021,0.0,80.0,20.88,0.167,26.8,0.63,-7.84,10.0,OK
2026-05-01 02:07:49,3429,0.1976,0.0471,0.0,80.0,21.32,0.2,26.16,1.35,-7.39,10.0,OK
2026-05-01 02:07:49,3430,0.1942,0.0504,0.0467,80.0,22.07,0.233,24.77,0.2,-8.18,10.0,OK
2026-05-01 02:07:49,3431,0.1492,0.0311,0.0533,80.0,25.68,0.267,21.62,4.71,-6.56,10.0,OK
2026-05-01 02:07:49,3432,0.1636,0.0224,0.06,80.0,27.35,0.3,21.35,4.11,-6.63,10.0,OK
2026-05-01 02:07:49,3433,0.1551,0.0221,0.0667,80.0,29.22,0.333,17.49,-0.22,-6.67,10.0,OK
2026-05-01 02:07:49,3434,0.1422,0.0326,0.0733,80.0,31.51,0.367,-6.34,-0.01,-7.32,10.0,OK
2026-05-01 02:07:49,3435,0.1673,0.0224,0.08,80.0,31.63,0.4,25.39,0.34,-10.48,10.0,OK
2026-05-01 02:07:49,3436,0.1802,0.0219,0.0867,80.0,31.52,0.433,28.97,0.34,-8.76,10.0,OK
2026-05-01 02:07:49,3437,0.2021,0.0214,0.0933,80.0,31.15,0.467,11.57,0.51,-8.44,10.0,OK
2026-05-01 02:07:49,3438,0.2071,0.0239,0.1,80.0,30.8,0.5,7.06,-2.93,-9.61,10.0,OK
2026-05-01 02:07:49,3439,0.1979,0.0331,0.1067,80.0,30.71,0.533,4.69,-0.64,-9.47,10.0,OK
2026-05-01 02:07:49,3440,0.2178,0.0322,0.1133,80.0,30.45,0.567,5.44,-3.69,-8.84,10.0,OK
2026-05-01 02:07:49,3441,0.225,0.0233,0.1133,81.0,29.24,0.0,4.5,-3.06,-9.03,10.0,OK
2026-05-01 02:07:49,3442,0.1983,0.0481,0.1133,81.0,28.49,0.033,10.23,0.31,-8.67,10.0,OK
2026-05-01 02:07:50,3443,0.2252,0.0317,0.1133,80.0,27.44,0.0,29.8,0.64,-8.89,10.0,OK
2026-05-01 02:07:50,3444,0.2394,0.0317,0.1133,80.0,26.47,0.0,29.81,-1.3,-9.3,10.0,OK
2026-05-01 02:07:50,3445,0.2701,0.023,0.1133,80.0,25.58,0.0,24.62,1.25,-8.02,10.0,OK
2026-05-01 02:07:50,3446,0.2818,0.0481,0.1133,80.0,24.76,0.0,21.04,0.83,-7.74,10.0,OK
2026-05-01 02:07:50,3447,0.2421,0.0743,0.1133,80.0,24.01,0.0,22.58,-0.4,-9.05,10.0,OK
2026-05-01 02:07:50,3448,0.2435,0.0705,0.1133,80.0,23.31,0.0,24.23,0.06,-8.89,10.0,OK
2026-05-01 02:07:50,3449,0.2676,0.0,0.1133,80.0,22.67,0.0,22.99,-2.54,-8.44,10.0,OK
2026-05-01 02:07:50,3450,0.2748,0.0322,0.1133,80.0,22.09,0.0,24.66,2.12,-9.46,10.0,OK
2026-05-01 02:07:50,3451,0.2595,0.0315,0.1133,80.0,21.55,0.0,27.3,1.35,-10.12,10.0,OK
2026-05-01 02:07:50,3452,0.2786,0.0223,0.1133,80.0,21.05,0.0,28.35,-0.99,-9.23,10.0,OK
2026-05-01 02:07:50,3453,0.2951,0.0224,0.1133,80.0,20.59,0.0,28.29,-1.84,-9.82,10.0,OK
2026-05-01 02:07:50,3454,0.2722,0.049,0.1133,80.0,20.17,0.0,22.13,-5.43,-11.08,10.0,OK
2026-05-01 02:07:50,3455,0.268,0.0245,0.1133,80.0,19.78,0.0,25.68,-3.67,-10.08,10.0,OK
2026-05-01 02:07:50,3456,0.2699,0.0325,0.1133,80.0,19.43,0.0,27.98,-1.18,-9.55,10.0,OK
2026-05-01 02:07:50,3457,0.2765,0.0224,0.1133,80.0,19.1,0.0,27.1,-0.45,-9.02,10.0,OK
2026-05-01 02:07:50,3458,0.2595,0.0224,0.1133,80.0,18.8,0.0,26.77,2.01,-9.47,10.0,OK
2026-05-01 02:07:50,3459,0.2706,0.0234,0.1133,80.0,18.52,0.0,25.44,-0.09,-9.37,10.0,OK
2026-05-01 02:07:50,3460,0.2956,0.0246,0.1133,80.0,18.27,0.0,27.11,-6.15,-10.29,10.0,OK
2026-05-01 02:07:50,3461,0.2998,0.0483,0.1133,80.0,18.03,0.0,26.92,-6.88,-10.48,10.0,OK
2026-05-01 02:07:50,3462,0.2648,0.0493,0.1133,80.0,17.82,0.0,24.66,-2.7,-8.04,10.0,OK
2026-05-01 02:07:50,3463,0.2788,0.0236,0.1133,80.0,17.62,0.0,17.48,-1.2,-7.97,10.0,OK
2026-05-01 02:07:50,3464,0.2791,0.0236,0.1133,80.0,17.44,0.0,21.98,-1.21,-8.32,10.0,OK
2026-05-01 02:07:50,3465,0.2611,0.0247,0.1133,80.0,17.27,0.0,2.26,-3.07,-7.39,10.0,OK
2026-05-01 02:07:50,3466,0.2608,0.0493,0.1133,80.0,17.11,0.0,3.57,-4.18,-7.53,10.0,OK
2026-05-01 02:07:50,3467,0.2745,0.0236,0.1133,80.0,16.97,0.0,20.05,-4.25,-8.44,10.0,OK
2026-05-01 02:07:50,3468,0.2967,0.0471,0.1133,80.0,16.84,0.0,18.85,-4.55,-8.26,10.0,OK
2026-05-01 02:07:50,3469,0.2778,0.0253,0.1133,80.0,16.72,0.0,14.28,-8.5,-9.66,10.0,OK
2026-05-01 02:07:50,3470,0.2742,0.0253,0.1133,80.0,16.61,0.0,16.35,-4.86,-8.69,10.0,OK
2026-05-01 02:07:50,3471,0.2677,0.0494,0.1133,80.0,16.51,0.0,-1.31,-3.41,-7.31,10.0,OK
2026-05-01 02:07:50,3472,0.2614,0.0241,0.1133,80.0,16.41,0.0,-0.03,-5.27,-7.97,10.0,OK
2026-05-01 02:07:50,3473,0.2546,0.054,0.1133,80.0,16.33,0.0,-2.09,-2.58,-6.21,10.0,OK
2026-05-01 02:07:51,3474,0.2448,0.047,0.1133,80.0,16.25,0.0,-11.18,-3.41,-7.79,10.0,OK
2026-05-01 02:07:51,3475,0.2529,0.0525,0.1133,80.0,16.17,0.0,-6.93,-3.39,-7.76,10.0,OK
2026-05-01 02:07:51,3476,0.2626,0.0484,0.1133,80.0,16.11,0.0,-6.32,-3.33,-7.04,10.0,OK
2026-05-01 02:07:51,3477,0.2536,0.0247,0.1133,80.0,16.04,0.0,-6.77,-3.48,-7.21,10.0,OK
2026-05-01 02:07:51,3478,0.2812,0.0471,0.1133,80.0,15.99,0.0,16.37,0.1,-7.25,10.0,OK
2026-05-01 02:07:51,3479,0.2591,0.0473,0.1133,80.0,15.94,0.0,12.9,0.81,-6.99,10.0,OK
2026-05-01 02:07:51,3480,0.2491,0.0709,0.1133,80.0,15.89,0.0,-5.65,-2.4,-7.85,10.0,OK
2026-05-01 02:07:51,3481,0.2408,0.0473,0.1133,80.0,15.84,0.0,13.55,0.2,-6.29,10.0,OK
2026-05-01 02:07:51,3482,0.2158,0.0707,0.1133,80.0,16.13,0.033,-6.82,1.22,-7.94,10.0,OK
2026-05-01 02:07:51,3483,0.2762,0.0461,0.1133,80.0,16.06,0.0,-1.26,-4.73,-6.82,10.0,OK
2026-05-01 02:07:51,3484,0.2833,0.0333,0.1133,80.0,16.01,0.0,1.13,-6.83,-7.23,10.0,OK
2026-05-01 02:07:51,3485,0.2688,0.0242,0.1133,80.0,15.95,0.0,19.16,-4.28,-7.18,10.0,OK
2026-05-01 02:07:51,3486,0.2818,0.0541,0.1133,80.0,15.9,0.0,0.09,-4.3,-6.55,10.0,OK
2026-05-01 02:07:51,3487,0.2406,0.0507,0.1133,80.0,15.86,0.0,16.77,-4.8,-8.41,10.0,OK
2026-05-01 02:07:51,3488,0.2424,0.05,0.1133,80.0,15.82,0.0,0.28,-1.53,-8.47,10.0,OK
2026-05-01 02:07:51,3489,0.2525,0.0224,0.1133,80.0,15.78,0.0,-0.0,-1.98,-8.39,10.0,OK
2026-05-01 02:07:51,3490,0.2159,0.0242,0.1133,80.0,16.08,0.033,20.0,-1.11,-6.42,10.0,OK
2026-05-01 02:07:51,3491,0.2337,0.0474,0.1133,80.0,16.02,0.0,19.8,-0.93,-6.45,10.0,OK
2026-05-01 02:07:51,3492,0.2648,0.0553,0.1133,80.0,15.96,0.0,3.48,-3.92,-8.48,10.0,OK
2026-05-01 02:07:51,3493,0.2728,0.0494,0.1133,80.0,15.91,0.0,3.76,-6.01,-7.8,10.0,OK
2026-05-01 02:07:51,3494,0.2774,0.0693,0.1133,80.0,15.86,0.0,3.65,-3.39,-5.64,10.0,OK
2026-05-01 02:07:51,3495,0.2958,0.0693,0.1133,80.0,15.82,0.0,14.27,-4.95,-5.86,10.0,OK
2026-05-01 02:07:51,3496,0.2509,0.0507,0.1133,80.0,15.78,0.0,-0.47,-6.05,-6.44,10.0,OK
2026-05-01 02:07:51,3497,0.2686,0.026,0.1133,80.0,15.75,0.0,15.72,-8.19,-8.3,9.98,OK
2026-05-01 02:07:51,3498,0.2611,0.0237,0.1133,80.0,15.71,0.0,-1.14,-3.96,-5.03,9.96,OK
2026-05-01 02:07:51,3499,0.2746,0.0,0.1133,80.0,15.67,0.0,27.03,-2.87,-5.74,9.95,OK
2026-05-01 02:07:51,3500,0.305,0.0231,0.1133,80.0,15.64,0.0,26.01,-2.75,-5.87,9.96,OK
2026-05-01 02:07:51,3501,0.2779,0.0221,0.1133,80.0,15.62,0.0,24.88,-3.53,-7.36,9.97,OK
2026-05-01 02:07:51,3502,0.276,0.0453,0.1133,80.0,15.59,0.0,24.41,-4.53,-7.23,9.98,OK
2026-05-01 02:07:52,3503,0.2577,0.045,0.1133,80.0,15.57,0.0,20.66,-3.75,-8.02,9.98,OK
2026-05-01 02:07:52,3504,0.257,0.0462,0.1133,80.0,15.55,0.0,21.04,-4.35,-8.18,9.99,OK
2026-05-01 02:07:52,3505,0.2883,0.0231,0.1133,80.0,15.53,0.0,23.26,-6.37,-6.88,9.99,OK
2026-05-01 02:07:52,3506,0.295,0.0226,0.1133,80.0,15.52,0.0,22.0,-4.77,-6.22,9.99,OK
2026-05-01 02:07:52,3507,0.2978,0.0318,0.1133,80.0,15.5,0.0,12.95,-4.3,-7.1,9.99,OK
2026-05-01 02:07:52,3508,0.276,0.0226,0.1133,80.0,15.49,0.0,-3.37,-0.55,-5.57,10.0,OK
2026-05-01 02:07:52,3509,0.2663,0.0483,0.1133,80.0,15.47,0.0,-1.49,-5.91,-7.21,10.0,OK
2026-05-01 02:07:52,3510,0.2038,0.0691,0.1133,80.0,16.65,0.033,-9.26,-0.45,-6.85,9.99,OK
2026-05-01 02:07:52,3511,0.2172,0.045,0.1133,80.0,16.79,0.067,-9.25,-0.38,-6.96,9.93,OK
2026-05-01 02:07:52,3512,0.2173,0.0844,0.1133,80.0,17.09,0.1,-8.08,-4.56,-7.6,9.87,OK
2026-05-01 02:07:52,3513,0.2082,0.0507,0.1133,80.0,18.08,0.133,-3.64,-3.73,-7.79,9.76,OK
2026-05-01 02:07:52,3514,0.1902,0.0462,0.1133,80.0,20.07,0.167,-1.22,-7.25,-6.2,9.65,OK
2026-05-01 02:07:52,3515,0.1904,0.0461,0.1133,79.0,21.55,0.2,-2.3,-7.99,-6.62,9.52,OK
2026-05-01 02:07:52,3516,0.2039,0.0225,0.16,79.0,23.48,0.233,-0.73,-5.26,-6.44,9.38,OK
2026-05-01 02:07:52,3517,0.222,0.023,0.16,80.0,23.14,0.0,-1.89,-7.08,-6.55,9.23,OK
2026-05-01 02:07:52,3518,0.2164,0.0236,0.16,80.0,22.91,0.033,-8.88,-1.66,-7.27,9.05,OK
2026-05-01 02:07:52,3519,0.1907,0.0241,0.16,80.0,23.81,0.067,2.89,-9.19,-7.63,8.88,OK
2026-05-01 02:07:52,3520,0.1999,0.0471,0.16,80.0,23.98,0.1,1.41,-8.05,-7.76,8.69,OK
2026-05-01 02:07:52,3521,0.2184,0.0242,0.16,80.0,23.78,0.133,0.85,-6.16,-6.3,8.5,OK
2026-05-01 02:07:52,3522,0.2214,0.0484,0.16,81.0,23.34,0.0,-5.72,-2.51,-6.57,8.31,OK
2026-05-01 02:07:52,3523,0.2066,0.0515,0.16,81.0,23.16,0.033,12.72,-8.05,-9.08,8.11,OK
2026-05-01 02:07:52,3524,0.2143,0.0471,0.16,81.0,22.92,0.067,-1.86,-7.11,-6.51,7.88,OK
2026-05-01 02:07:52,3525,0.231,0.0483,0.16,82.0,22.5,0.0,-2.87,-6.51,-7.49,7.66,OK
2026-05-01 02:07:52,3526,0.2238,0.0442,0.16,82.0,22.1,0.0,-3.15,-5.88,-4.81,7.44,OK
2026-05-01 02:07:52,3527,0.2191,0.0462,0.16,82.0,21.76,0.033,-1.23,-6.5,-5.69,7.22,OK
2026-05-01 02:07:52,3528,0.1983,0.0327,0.16,82.0,21.92,0.067,6.92,-8.04,-5.3,6.98,OK
2026-05-01 02:07:52,3529,0.2084,0.0463,0.16,82.0,21.83,0.1,23.47,-6.83,-7.47,6.77,OK
2026-05-01 02:07:52,3530,0.1875,0.0,0.16,82.0,23.0,0.133,26.56,-6.12,-6.87,6.58,OK
2026-05-01 02:07:52,3531,0.1878,0.0231,0.16,82.0,23.93,0.167,24.2,-7.66,-6.61,6.41,OK
2026-05-01 02:07:52,3532,0.2124,0.0342,0.16,82.0,23.75,0.2,24.32,-7.5,-7.46,6.28,OK
2026-05-01 02:07:53,3533,0.2002,0.0,0.2067,82.0,25.65,0.233,22.59,-8.47,-7.14,6.16,OK
2026-05-01 02:07:53,3534,0.2003,0.0226,0.2133,82.0,27.34,0.267,28.56,-7.56,-6.76,6.07,OK
2026-05-01 02:07:53,3535,0.2444,0.0226,0.2133,83.0,26.86,0.0,31.09,-5.12,-6.24,6.01,OK
2026-05-01 02:07:53,3536,0.2354,0.0,0.2133,83.0,26.41,0.0,31.43,-4.39,-6.5,5.97,OK
2026-05-01 02:07:53,3537,0.1973,0.0433,0.2133,83.0,26.38,0.033,28.6,-7.53,-6.76,5.95,OK
2026-05-01 02:07:53,3538,0.2093,0.0226,0.2133,83.0,26.23,0.067,23.53,-9.16,-7.16,5.94,OK
2026-05-01 02:07:53,3539,0.1829,0.0,0.2133,83.0,27.55,0.1,32.29,-4.83,-6.97,5.96,OK
2026-05-01 02:07:53,3540,0.1903,0.0,0.2133,83.0,28.19,0.133,30.79,-5.69,-6.89,5.96,OK
2026-05-01 02:07:53,3541,0.2207,0.0342,0.2133,84.0,27.64,0.0,27.42,-4.17,-8.01,6.01,OK
2026-05-01 02:07:53,3542,0.1875,0.0242,0.2133,84.0,27.72,0.033,26.12,-5.39,-8.1,6.06,OK
2026-05-01 02:07:53,3543,0.2042,0.0461,0.2133,84.0,27.55,0.067,23.6,-3.98,-7.61,6.17,OK
2026-05-01 02:07:53,3544,0.207,0.0326,0.2133,84.0,27.42,0.1,22.72,-3.61,-7.55,6.28,OK
2026-05-01 02:07:53,3545,0.2144,0.0473,0.2133,84.0,27.26,0.133,22.28,-3.99,-7.83,6.4,OK
2026-05-01 02:07:53,3546,0.2209,0.024,0.2133,85.0,26.84,0.0,18.97,-3.27,-9.12,6.57,OK
2026-05-01 02:07:53,3547,0.2177,0.0551,0.2133,85.0,26.53,0.033,18.46,-2.98,-8.99,6.76,OK
2026-05-01 02:07:53,3548,0.2087,0.0459,0.2133,85.0,26.45,0.067,17.61,-1.57,-8.71,6.81,OK
2026-05-01 02:07:53,3549,0.2089,0.0527,0.2133,85.0,26.42,0.1,16.16,-0.76,-8.52,6.78,OK
2026-05-01 02:07:53,3550,0.1768,0.0236,0.2133,85.0,28.58,0.133,6.1,-7.49,-8.55,6.74,OK
2026-05-01 02:07:53,3551,0.1863,0.0235,0.2133,85.0,29.61,0.167,0.64,-6.73,-8.5,6.66,OK
2026-05-01 02:07:53,3552,0.2029,0.023,0.2133,85.0,29.56,0.2,13.88,-8.8,-9.81,6.57,OK
2026-05-01 02:07:53,3553,0.2127,0.023,0.26,85.0,30.61,0.233,17.15,-6.81,-9.64,6.46,OK
2026-05-01 02:07:53,3554,0.216,0.0457,0.2667,85.0,31.53,0.267,19.79,-6.67,-10.56,6.38,OK
2026-05-01 02:07:53,3555,0.2302,0.0481,0.2667,85.0,31.16,0.0,15.43,-4.61,-10.26,6.3,OK
2026-05-01 02:07:53,3556,0.2358,0.0483,0.2667,85.0,30.82,0.0,15.6,-4.39,-9.76,6.17,OK
2026-05-01 02:07:53,3557,0.2025,0.0721,0.2667,85.0,30.79,0.033,-1.61,-7.55,-8.14,6.04,LOW
2026-05-01 02:07:53,3558,0.2244,0.0481,0.2667,85.0,30.45,0.0,15.45,-5.68,-10.2,5.89,LOW
2026-05-01 02:07:53,3559,0.172,0.024,0.2667,85.0,32.29,0.033,1.72,-9.6,-8.98,5.73,LOW
2026-05-01 02:07:53,3560,0.1766,0.0,0.2667,85.0,33.38,0.067,1.28,-7.63,-8.85,5.56,LOW
2026-05-01 02:07:53,3561,0.2166,0.0457,0.2667,85.0,33.0,0.1,-2.0,-7.34,-8.51,5.38,LOW
2026-05-01 02:07:54,3562,0.1992,0.0235,0.2667,85.0,32.94,0.133,0.66,-4.57,-8.9,5.21,LOW
2026-05-01 02:07:54,3563,0.2033,0.0235,0.2667,85.0,32.88,0.167,2.95,-6.45,-8.63,5.02,LOW
2026-05-01 02:07:54,3564,0.217,0.047,0.2667,85.0,32.66,0.2,23.17,-0.53,-10.14,4.86,LOW
2026-05-01 02:07:54,3565,0.1955,0.047,0.3133,85.0,34.97,0.233,21.92,-0.96,-9.83,4.7,LOW
2026-05-01 02:07:54,3566,0.1923,0.0234,0.32,84.0,37.1,0.267,1.37,-3.09,-9.61,4.55,LOW
2026-05-01 02:07:54,3567,0.1821,0.0234,0.3267,84.0,39.55,0.3,1.23,-3.22,-9.84,4.38,LOW
2026-05-01 02:07:54,3568,0.2066,0.0245,0.3333,84.0,40.01,0.333,16.79,1.1,-10.09,4.21,LOW
2026-05-01 02:07:54,3569,0.1987,0.0245,0.34,84.0,41.22,0.367,15.72,-2.59,-11.14,4.02,LOW
2026-05-01 02:07:54,3570,0.2147,0.0535,0.3467,84.0,41.4,0.4,20.87,-3.61,-12.09,3.87,LOW
2026-05-01 02:07:54,3571,0.2065,0.0246,0.3533,84.0,42.47,0.433,3.71,-9.7,-10.19,3.7,LOW
2026-05-01 02:07:54,3572,0.2116,0.049,0.36,84.0,43.25,0.467,5.49,-9.49,-10.2,3.53,LOW
2026-05-01 02:07:54,3573,0.1941,0.0223,0.3667,84.0,45.31,0.5,23.07,-1.36,-10.71,3.38,LOW
2026-05-01 02:07:54,3574,0.1972,0.0316,0.3667,84.0,46.65,0.533,23.72,-2.57,-10.77,3.25,LOW
2026-05-01 02:07:54,3575,0.2187,0.0229,0.3667,84.0,46.58,0.567,15.95,-4.27,-11.8,3.12,LOW
2026-05-01 02:07:54,3576,0.2237,0.0233,0.36,85.0,45.49,0.0,17.02,-3.74,-11.5,2.96,LOW
2026-05-01 02:07:54,3577,0.1984,0.0252,0.3533,85.0,44.78,0.033,22.13,-2.86,-10.38,2.83,LOW
2026-05-01 02:07:54,3578,0.2285,0.0564,0.3467,85.0,43.71,0.0,19.97,-3.39,-10.48,2.72,LOW
2026-05-01 02:07:54,3579,0.1923,0.0348,0.34,85.0,43.11,0.033,4.7,-7.23,-9.59,2.59,LOW
2026-05-01 02:07:54,3580,0.1849,0.0538,0.3333,85.0,42.66,0.067,5.16,-6.55,-9.79,2.44,LOW
2026-05-01 02:07:54,3581,0.2241,0.0489,0.3267,86.0,41.56,0.0,22.82,-0.5,-10.46,2.32,LOW
2026-05-01 02:07:54,3582,0.2197,0.0502,0.32,86.0,40.49,0.0,0.73,-6.77,-10.5,2.2,LOW
2026-05-01 02:07:54,3583,0.2099,0.0479,0.3133,86.0,39.64,0.033,18.88,-2.72,-11.59,2.1,LOW
2026-05-01 02:07:54,3584,0.2116,0.0698,0.2667,86.0,38.51,0.067,-1.48,-6.88,-11.45,1.98,LOW
2026-05-01 02:07:54,3585,0.1941,0.0736,0.2667,86.0,37.76,0.1,-2.17,-6.58,-11.74,1.84,LOW
2026-05-01 02:07:54,3586,0.2397,0.0243,0.2667,87.0,36.53,0.0,3.49,-6.06,-12.23,1.69,LOW
2026-05-01 02:07:54,3587,0.2296,0.0243,0.2667,87.0,35.38,0.0,3.49,-6.06,-12.23,1.55,LOW
2026-05-01 02:07:54,3588,0.2196,0.0234,0.2667,87.0,34.32,0.0,20.0,-2.64,-11.92,1.43,LOW
2026-05-01 02:07:54,3589,0.2011,0.0239,0.2667,87.0,33.65,0.033,20.43,-3.13,-12.22,1.32,LOW
2026-05-01 02:07:54,3590,0.2284,0.0548,0.2667,87.0,32.71,0.0,6.28,-1.66,-11.04,1.21,LOW
2026-05-01 02:07:54,3591,0.2233,0.0347,0.2667,87.0,31.84,0.0,5.57,-2.07,-11.37,1.11,LOW
2026-05-01 02:07:54,3592,0.2142,0.034,0.2667,87.0,31.15,0.033,22.63,4.47,-8.55,1.02,LOW
2026-05-01 02:07:55,3593,0.2005,0.024,0.2667,87.0,30.78,0.067,26.63,8.41,-8.05,0.94,LOW
2026-05-01 02:07:55,3594,0.2273,0.0239,0.2667,88.0,30.04,0.0,25.8,7.4,-8.58,0.87,LOW
2026-05-01 02:07:55,3595,0.2148,0.0247,0.2667,88.0,29.47,0.033,25.64,6.16,-6.52,0.8,LOW
2026-05-01 02:07:55,3596,0.2191,0.0247,0.2667,88.0,28.94,0.067,25.78,6.2,-5.93,0.74,LOW
2026-05-01 02:07:55,3597,0.2057,0.0319,0.2667,88.0,28.7,0.1,28.9,1.54,-5.86,0.69,LOW
2026-05-01 02:07:55,3598,0.1934,0.0231,0.2667,88.0,28.75,0.133,29.43,2.73,-5.68,0.66,LOW
2026-05-01 02:07:55,3599,0.2102,0.0439,0.2667,88.0,28.57,0.167,27.33,-1.02,-7.3,0.65,LOW
2026-05-01 02:07:55,3600,0.2066,0.0473,0.2667,88.0,28.51,0.2,25.58,-3.64,-7.13,0.67,LOW
2026-05-01 02:07:55,3601,0.2324,0.0484,0.2667,89.0,27.94,0.0,25.55,-2.96,-6.78,0.7,LOW
2026-05-01 02:07:55,3602,0.2077,0.0232,0.2667,89.0,27.64,0.033,24.72,-3.03,-5.82,0.78,LOW
2026-05-01 02:07:55,3603,0.2298,0.0474,0.2667,89.0,27.15,0.0,23.69,-1.33,-5.37,0.87,LOW
2026-05-01 02:07:55,3604,0.2145,0.0237,0.2667,89.0,26.83,0.033,20.44,-4.2,-4.86,0.97,LOW
2026-05-01 02:07:55,3605,0.2204,0.0485,0.2667,89.0,26.43,0.0,19.05,-4.05,-4.98,1.08,LOW
2026-05-01 02:07:55,3606,0.2325,0.0334,0.2667,89.0,26.06,0.0,25.31,-4.57,-7.35,1.2,LOW
2026-05-01 02:07:55,3607,0.2035,0.0443,0.2667,89.0,26.02,0.033,22.97,-4.98,-4.77,1.36,LOW
2026-05-01 02:07:55,3608,0.2028,0.0463,0.2667,89.0,26.22,0.067,23.25,-4.73,-5.36,1.52,LOW
2026-05-01 02:07:55,3609,0.2229,0.0248,0.2667,90.0,25.9,0.0,2.3,-4.57,-5.59,1.57,LOW
2026-05-01 02:07:55,3610,0.2369,0.036,0.2667,90.0,25.61,0.0,4.71,-3.6,-5.86,1.56,LOW
2026-05-01 02:07:55,3611,0.2196,0.0475,0.2667,90.0,25.34,0.0,19.4,-4.11,-5.01,1.56,LOW
2026-05-01 02:07:55,3612,0.1948,0.0518,0.2667,90.0,26.06,0.033,18.6,-4.48,-5.7,1.58,LOW
2026-05-01 02:07:55,3613,0.2376,0.0462,0.2667,90.0,25.75,0.0,26.17,-3.75,-6.31,1.59,LOW
2026-05-01 02:07:55,3614,0.2235,0.0463,0.2667,90.0,25.47,0.0,26.09,-4.4,-6.65,1.59,LOW
2026-05-01 02:07:55,3615,0.2181,0.053,0.2667,90.0,25.29,0.033,25.44,-3.04,-5.47,1.64,LOW
2026-05-01 02:07:55,3616,0.1993,0.0474,0.2667,90.0,26.03,0.067,25.21,-5.41,-6.04,1.71,LOW
2026-05-01 02:07:55,3617,0.2369,0.0243,0.2667,91.0,25.75,0.0,23.02,-4.06,-7.07,1.82,LOW
2026-05-01 02:07:55,3618,0.2045,0.0216,0.2667,91.0,25.79,0.033,-0.29,-5.66,-4.67,1.84,LOW
2026-05-01 02:07:55,3619,0.1939,0.0217,0.2667,91.0,26.77,0.067,22.11,-6.46,-6.72,1.9,LOW
2026-05-01 02:07:55,3620,0.2229,0.0463,0.2667,92.0,26.44,0.0,23.61,-3.41,-5.97,1.97,LOW
2026-05-01 02:07:55,3621,0.2264,0.0463,0.2667,92.0,26.15,0.0,25.92,-4.08,-6.07,2.07,LOW
2026-05-01 02:07:55,3622,0.2168,0.0326,0.2667,92.0,25.97,0.033,26.2,-4.98,-8.47,2.18,LOW
2026-05-01 02:07:56,3623,0.2269,0.0325,0.2667,92.0,25.73,0.0,26.52,-5.08,-8.97,2.26,LOW
2026-05-01 02:07:56,3624,0.2395,0.0462,0.2667,92.0,25.51,0.0,26.53,-4.98,-7.18,2.36,LOW
2026-05-01 02:07:56,3625,0.2347,0.0226,0.2667,92.0,25.32,0.0,27.92,-5.68,-8.2,2.46,LOW
2026-05-01 02:07:56,3626,0.1982,0.0432,0.2667,92.0,26.18,0.033,29.02,-5.02,-6.9,2.58,LOW
2026-05-01 02:07:56,3627,0.2268,0.0221,0.2667,92.0,25.96,0.0,29.62,-3.47,-6.45,2.71,LOW
2026-05-01 02:07:56,3628,0.2478,0.0212,0.2667,92.0,25.76,0.0,33.9,-4.13,-7.37,2.84,LOW
2026-05-01 02:07:56,3629,0.2373,0.0216,0.2667,92.0,25.6,0.0,31.71,-6.43,-7.7,2.98,LOW
2026-05-01 02:07:56,3630,0.2149,0.0226,0.2667,92.0,25.57,0.033,33.42,-4.4,-8.05,3.08,LOW
2026-05-01 02:07:56,3631,0.2191,0.0225,0.2667,92.0,25.55,0.067,32.11,-2.86,-8.39,3.23,LOW
2026-05-01 02:07:56,3632,0.2336,0.045,0.2667,93.0,25.42,0.0,31.0,-4.31,-8.53,3.32,LOW
2026-05-01 02:07:56,3633,0.2409,0.0482,0.2667,93.0,25.32,0.0,34.87,-1.45,-7.52,3.45,LOW
2026-05-01 02:07:56,3634,0.2195,0.0216,0.2667,93.0,25.23,0.0,36.31,-1.26,-8.04,3.59,LOW
2026-05-01 02:07:56,3635,0.2164,0.0225,0.2667,93.0,25.37,0.033,35.74,-2.22,-7.66,3.74,LOW
2026-05-01 02:07:56,3636,0.2246,0.0319,0.2667,93.0,25.3,0.0,37.15,-2.14,-7.73,3.89,LOW
2026-05-01 02:07:56,3637,0.2193,0.0215,0.2667,93.0,25.25,0.0,38.53,-2.02,-8.86,3.99,LOW
2026-05-01 02:07:56,3638,0.2028,0.0216,0.2667,93.0,26.39,0.033,37.77,-3.7,-9.11,4.15,LOW
2026-05-01 02:07:56,3639,0.2137,0.0215,0.2667,93.0,26.73,0.067,39.57,-1.17,-9.15,4.28,LOW
2026-05-01 02:07:56,3640,0.2458,0.022,0.2667,94.0,26.6,0.0,40.46,-2.74,-9.23,4.44,LOW
2026-05-01 02:07:56,3641,0.2323,0.022,0.2667,94.0,26.49,0.0,39.75,-2.33,-8.62,4.58,LOW
2026-05-01 02:07:56,3642,0.234,0.0211,0.2667,94.0,26.4,0.0,40.52,-3.62,-9.11,4.7,LOW
2026-05-01 02:07:56,3643,0.2306,0.0216,0.2667,94.0,26.33,0.0,40.3,-2.75,-8.33,4.9,LOW
2026-05-01 02:07:56,3644,0.2497,0.0431,0.2667,94.0,26.29,0.0,40.32,-2.66,-7.77,5.14,LOW
2026-05-01 02:07:56,3645,0.271,0.0,0.2667,94.0,26.27,0.0,45.06,-2.05,-9.56,5.38,LOW
2026-05-01 02:07:56,3646,0.261,0.0201,0.2667,94.0,26.27,0.0,45.51,-2.77,-9.72,5.6,LOW
2026-05-01 02:07:56,3647,0.2506,0.0,0.2667,94.0,26.34,0.0,42.62,-0.65,-7.04,5.81,LOW
2026-05-01 02:07:56,3648,0.2438,0.0,0.2667,94.0,26.43,0.0,43.65,-1.34,-7.0,5.93,LOW
2026-05-01 02:07:56,3649,0.2742,0.0207,0.2667,94.0,26.54,0.0,44.02,0.07,-8.23,6.08,LOW
2026-05-01 02:07:56,3650,0.2635,0.0404,0.2667,94.0,26.66,0.0,44.93,-0.61,-9.06,6.23,LOW
2026-05-01 02:07:56,3651,0.2639,0.0,0.2667,94.0,26.8,0.0,44.49,-1.45,-8.6,6.38,LOW
2026-05-01 02:07:56,3652,0.2472,0.0,0.2667,94.0,26.94,0.0,44.09,-1.23,-8.54,6.55,LOW
2026-05-01 02:07:57,3653,0.2663,0.0,0.2667,94.0,27.1,0.0,44.65,-1.32,-6.45,6.71,LOW
2026-05-01 02:07:57,3654,0.2953,0.0,0.2667,94.0,27.27,0.0,41.89,0.29,-5.57,6.94,LOW
2026-05-01 02:07:57,3655,0.2906,0.0,0.2667,94.0,27.46,0.0,39.91,-0.6,-5.69,7.15,LOW
2026-05-01 02:07:57,3656,0.2719,0.0,0.2667,94.0,27.65,0.0,42.29,-0.49,-5.38,7.32,LOW
2026-05-01 02:07:57,3657,0.2759,0.0,0.2667,94.0,27.82,0.0,42.06,0.04,-4.26,7.48,LOW
2026-05-01 02:07:57,3658,0.2415,0.0226,0.2667,94.0,27.99,0.0,40.92,-1.28,-6.23,7.64,LOW
2026-05-01 02:07:57,3659,0.2399,0.0216,0.2667,94.0,28.16,0.0,42.21,-2.71,-6.5,7.8,LOW
2026-05-01 02:07:57,3660,0.2217,0.0221,0.22,94.0,27.82,0.0,43.66,-1.02,-7.57,7.99,LOW
2026-05-01 02:07:57,3661,0.2137,0.0,0.22,94.0,27.66,0.033,45.68,-1.95,-8.29,8.09,LOW
2026-05-01 02:07:57,3662,0.22,0.0,0.22,94.0,27.39,0.0,43.8,-4.91,-10.62,8.32,LOW
2026-05-01 02:07:57,3663,0.2367,0.0236,0.22,94.0,27.16,0.0,42.77,-4.81,-9.76,8.46,LOW
2026-05-01 02:07:57,3664,0.2709,0.0474,0.22,94.0,26.94,0.0,41.23,-4.02,-5.34,8.47,LOW
2026-05-01 02:07:57,3665,0.232,0.0,0.22,94.0,26.75,0.0,41.59,-7.78,-8.04,8.54,LOW
2026-05-01 02:08:01,3666,0.2382,0.043,0.22,94.0,26.58,0.0,28.4,-9.2,-2.25,8.57,LOW
2026-05-01 02:08:01,3667,0.2664,0.0,0.22,94.0,26.43,0.0,29.02,-14.83,-5.51,8.77,LOW
2026-05-01 02:08:01,3668,0.2073,0.0204,0.22,94.0,26.94,0.033,31.68,-12.98,-5.72,8.99,LOW
2026-05-01 02:08:01,3669,0.2636,0.0866,0.22,94.0,26.79,0.0,30.79,-13.11,-6.19,9.1,LOW
2026-05-01 02:08:01,3670,0.2242,0.0416,0.22,94.0,26.66,0.0,30.46,-11.45,-3.42,9.2,LOW
2026-05-01 02:08:01,3671,0.2428,0.104,0.22,94.0,26.56,0.0,33.1,-6.21,-3.81,9.32,LOW
2026-05-01 02:08:01,3672,0.2396,0.0217,0.22,94.0,26.46,0.0,24.88,-8.3,-3.48,9.43,LOW
2026-05-01 02:08:01,3673,0.2156,0.0217,0.22,94.0,26.61,0.033,18.87,-11.35,-2.12,9.53,LOW
2026-05-01 02:08:01,3674,0.2432,0.0307,0.22,94.0,26.53,0.0,18.09,-10.84,-1.84,9.59,LOW
2026-05-01 02:08:01,3675,0.1914,0.0232,0.22,94.0,28.23,0.033,-4.08,6.84,-1.11,9.6,LOW
2026-05-01 02:08:01,3676,0.2163,0.0682,0.22,94.0,28.17,0.067,20.91,-7.64,1.13,9.64,LOW
2026-05-01 02:08:01,3677,0.3018,0.025,0.2133,95.0,27.92,0.0,12.53,4.77,0.63,9.62,LOW
2026-05-01 02:08:01,3678,0.2558,0.0217,0.1667,95.0,27.3,0.0,19.49,-5.2,2.73,9.61,LOW
2026-05-01 02:08:01,3679,0.2431,0.0476,0.1667,95.0,26.74,0.0,16.58,-6.45,0.62,9.64,LOW
2026-05-01 02:08:01,3680,0.2376,0.0227,0.1667,95.0,26.24,0.0,26.04,-7.97,-1.34,9.73,LOW
2026-05-01 02:08:01,3681,0.2639,0.025,0.1667,95.0,25.77,0.0,18.19,-13.25,-2.38,9.8,LOW
2026-05-01 02:08:01,3682,0.2131,0.0222,0.1667,95.0,25.5,0.033,23.39,-7.6,-0.87,9.85,LOW
2026-05-01 02:08:01,3683,0.2426,0.0465,0.1667,95.0,25.1,0.0,19.56,-8.92,-1.28,9.89,LOW
2026-05-01 02:08:01,3684,0.2787,0.0244,0.1667,95.0,24.74,0.0,17.4,-9.65,-1.81,9.91,LOW
2026-05-01 02:08:01,3685,0.2221,0.0868,0.1667,95.0,24.41,0.0,32.48,-9.66,-4.71,9.94,LOW
2026-05-01 02:08:01,3686,0.2128,0.0444,0.1667,95.0,24.26,0.033,22.01,-12.0,-1.85,9.95,LOW
2026-05-01 02:08:01,3687,0.2198,0.0222,0.1667,95.0,23.97,0.0,23.42,-10.94,-0.59,9.96,LOW
2026-05-01 02:08:01,3688,0.1996,0.0488,0.1667,95.0,24.3,0.033,19.03,-8.05,-2.01,9.97,LOW
2026-05-01 02:08:01,3689,0.2011,0.05,0.1667,95.0,24.66,0.067,-0.1,2.59,-1.37,9.98,LOW
2026-05-01 02:08:01,3690,0.22,0.0,0.1667,96.0,24.34,0.0,10.04,0.27,-3.98,9.98,LOW
2026-05-01 02:08:01,3691,0.2458,0.0749,0.1667,96.0,24.05,0.0,6.38,-1.41,-2.11,9.99,LOW
2026-05-01 02:08:01,3692,0.2235,0.0,0.1667,96.0,23.78,0.0,21.04,-9.97,-0.09,9.99,LOW
2026-05-01 02:08:02,3693,0.2614,0.0,0.1667,96.0,23.53,0.0,21.51,-11.33,-2.89,9.99,LOW
2026-05-01 02:08:02,3694,0.2591,0.0,0.1667,96.0,23.3,0.0,23.41,-12.47,-3.32,10.0,LOW
2026-05-01 02:08:02,3695,0.2277,0.0487,0.1667,96.0,23.09,0.0,21.75,-8.38,-3.93,10.0,LOW
2026-05-01 02:08:02,3696,0.2424,0.0269,0.1667,96.0,22.89,0.0,22.2,-13.39,-4.46,10.0,LOW
2026-05-01 02:08:02,3697,0.2363,0.025,0.16,96.0,22.66,0.0,18.67,-10.55,-2.93,10.0,LOW
2026-05-01 02:08:02,3698,0.2449,0.05,0.1133,96.0,22.08,0.0,16.65,-10.64,-2.41,10.0,LOW
2026-05-01 02:08:02,3699,0.2294,0.0476,0.1133,96.0,21.54,0.0,21.82,-8.84,-1.88,10.0,LOW
2026-05-01 02:08:02,3700,0.2431,0.0233,0.1133,96.0,21.04,0.0,20.65,-7.34,-1.09,10.0,LOW
2026-05-01 02:08:02,3701,0.2214,0.0488,0.1133,96.0,20.58,0.0,18.82,-11.25,-2.88,10.0,LOW
2026-05-01 02:08:02,3702,0.2179,0.0488,0.1133,96.0,20.24,0.033,19.07,-10.87,-2.61,10.0,LOW
2026-05-01 02:08:02,3703,0.2536,0.025,0.1133,96.0,19.85,0.0,20.52,-8.68,-1.46,10.0,LOW
2026-05-01 02:08:02,3704,0.2408,0.0244,0.1133,96.0,19.48,0.0,21.54,-10.72,-3.48,10.0,LOW
2026-05-01 02:08:02,3705,0.2493,0.0238,0.1133,96.0,19.15,0.0,22.25,-11.09,-3.76,10.0,LOW
2026-05-01 02:08:02,3706,0.2435,0.027,0.1133,96.0,18.85,0.0,19.11,-10.38,-2.45,10.0,LOW
2026-05-01 02:08:02,3707,0.2226,0.027,0.1133,96.0,18.57,0.0,6.97,1.67,-1.26,10.0,LOW
2026-05-01 02:08:02,3708,0.2363,0.0244,0.1133,96.0,18.31,0.0,18.62,-11.22,-1.74,10.0,LOW
2026-05-01 02:08:02,3709,0.2363,0.0476,0.1067,96.0,18.02,0.0,20.07,-10.93,-2.1,10.0,LOW
2026-05-01 02:08:02,3710,0.2445,0.0238,0.1,96.0,17.69,0.0,21.14,-12.71,-3.96,10.0,LOW
2026-05-01 02:08:02,3711,0.2626,0.0,0.0933,96.0,17.4,0.0,24.88,-12.99,-4.41,10.0,LOW
2026-05-01 02:08:02,3712,0.2441,0.0,0.0867,96.0,17.13,0.0,23.68,-10.68,-3.62,10.0,LOW
2026-05-01 02:08:02,3713,0.248,0.0256,0.08,96.0,16.88,0.0,4.55,0.92,-0.03,10.0,LOW
2026-05-01 02:08:02,3714,0.252,0.025,0.0733,96.0,16.65,0.0,5.33,0.67,-0.31,10.0,LOW
2026-05-01 02:08:02,3715,0.2549,0.0238,0.0667,96.0,16.44,0.0,27.06,-6.05,-1.04,10.0,LOW
2026-05-01 02:08:02,3716,0.2496,0.0232,0.06,96.0,16.24,0.0,26.82,-5.41,-1.89,10.0,LOW
2026-05-01 02:08:02,3717,0.2647,0.0263,0.0533,96.0,16.06,0.0,18.13,-8.77,-2.14,10.0,LOW
2026-05-01 02:08:02,3718,0.2726,0.0526,0.0467,96.0,15.9,0.0,16.11,-9.29,-2.2,10.0,LOW
2026-05-01 02:08:02,3719,0.2761,0.025,0.0,96.0,15.74,0.0,23.99,-8.87,-3.87,10.0,LOW
2026-05-01 02:08:02,3720,0.275,0.025,0.0,96.0,15.61,0.0,22.41,-11.01,-3.67,10.0,LOW
2026-05-01 02:08:02,3721,0.2591,0.0476,0.0,96.0,15.48,0.0,21.74,-10.65,-4.16,10.0,LOW
2026-05-01 02:08:03,3722,0.2608,0.0487,0.0,96.0,15.36,0.0,25.74,-13.21,-4.83,10.0,LOW
2026-05-01 02:08:03,3723,0.2428,0.0244,0.0,96.0,15.25,0.0,22.09,-8.93,-2.75,10.0,LOW
2026-05-01 02:08:03,3724,0.2462,0.0558,0.0,96.0,15.15,0.0,6.68,0.81,-2.59,10.0,LOW
2026-05-01 02:08:03,3725,0.2403,0.0512,0.0,96.0,15.06,0.0,7.34,0.66,-2.53,10.0,LOW
2026-05-01 02:08:03,3726,0.2525,0.0249,0.0,96.0,14.97,0.0,22.17,-12.34,-6.21,10.0,LOW
2026-05-01 02:08:03,3727,0.2195,0.0256,0.0,96.0,14.9,0.0,22.04,-11.24,-5.18,10.0,LOW
2026-05-01 02:08:03,3728,0.2427,0.0244,0.0,96.0,14.82,0.0,21.99,-9.89,-2.1,10.0,LOW
2026-05-01 02:08:03,3729,0.2431,0.05,0.0,96.0,14.76,0.0,22.04,-8.8,-1.54,10.0,LOW
2026-05-01 02:08:03,3730,0.2552,0.0499,0.0,96.0,14.7,0.0,18.41,-6.46,-1.84,10.0,OK
2026-05-01 02:08:03,3731,0.2567,0.0487,0.0,96.0,14.64,0.0,17.45,-6.18,-0.97,10.0,OK
2026-05-01 02:08:03,3732,0.1946,0.0487,0.0,96.0,16.23,0.033,20.1,-11.03,-4.85,10.0,OK
2026-05-01 02:08:03,3733,0.1932,0.0243,0.0,96.0,17.6,0.067,19.93,-12.69,-5.81,10.0,OK
2026-05-01 02:08:03,3734,0.229,0.0238,0.0,97.0,17.31,0.0,19.9,-9.69,-2.17,10.0,OK
2026-05-01 02:08:03,3735,0.2655,0.0263,0.0,97.0,17.05,0.0,18.29,-9.96,-2.9,10.0,OK
2026-05-01 02:08:03,3736,0.2582,0.0263,0.0,97.0,16.8,0.0,17.14,-8.91,-2.11,10.0,OK
2026-05-01 02:08:03,3737,0.2288,0.0256,0.0,97.0,16.58,0.0,17.5,-11.12,-2.94,10.0,OK
2026-05-01 02:08:03,3738,0.2274,0.0362,0.0,97.0,16.37,0.0,18.69,-12.41,-2.97,10.0,OK
2026-05-01 02:08:03,3739,0.261,0.0244,0.0,97.0,16.18,0.0,17.42,-10.96,-1.95,10.0,OK
2026-05-01 02:08:03,3740,0.2531,0.0238,0.0,97.0,16.01,0.0,15.63,-10.47,-1.65,10.0,OK
2026-05-01 02:08:03,3741,0.2526,0.0788,0.0,97.0,15.85,0.0,5.98,2.38,-1.56,10.0,OK
2026-05-01 02:08:03,3742,0.237,0.0526,0.0,97.0,15.7,0.0,20.49,-13.61,-3.5,10.0,OK
2026-05-01 02:08:03,3743,0.2509,0.0263,0.0,97.0,15.56,0.0,22.0,-13.51,-3.62,10.0,OK
2026-05-01 02:08:03,3744,0.2435,0.0256,0.0,97.0,15.44,0.0,17.56,-13.17,-2.04,10.0,OK
2026-05-01 02:08:03,3745,0.2471,0.0256,0.0,97.0,15.32,0.0,19.91,-12.39,-2.55,10.0,OK
2026-05-01 02:08:03,3746,0.2314,0.0487,0.0,97.0,15.22,0.0,5.73,-1.07,-1.6,10.0,OK
2026-05-01 02:08:03,3747,0.2484,0.05,0.0,97.0,15.12,0.0,18.78,-11.64,-2.73,10.0,OK
2026-05-01 02:08:03,3748,0.2408,0.0526,0.0,97.0,15.03,0.0,20.96,-11.98,-2.61,10.0,OK
2026-05-01 02:08:03,3749,0.2439,0.0244,0.0,97.0,14.95,0.0,22.18,-14.17,-3.08,10.0,OK
2026-05-01 02:08:03,3750,0.2343,0.0238,0.0,97.0,14.87,0.0,21.59,-12.13,-2.11,10.0,OK
2026-05-01 02:08:04,3751,0.2298,0.0526,0.0,97.0,14.8,0.0,15.86,-9.38,-2.0,10.0,OK
2026-05-01 02:08:04,3752,0.2329,0.0526,0.0,97.0,14.74,0.0,14.77,-8.76,-0.83,10.0,OK
2026-05-01 02:08:04,3753,0.2264,0.0256,0.0,97.0,14.68,0.0,24.69,-10.89,-3.82,10.0,OK
2026-05-01 02:08:04,3754,0.2468,0.0256,0.0,97.0,14.63,0.0,23.15,-10.81,-3.59,10.0,OK
2026-05-01 02:08:04,3755,0.2505,0.0263,0.0,97.0,14.58,0.0,17.94,-11.72,-2.79,10.0,OK
2026-05-01 02:08:04,3756,0.2361,0.0512,0.0,97.0,14.53,0.0,20.84,-11.56,-3.43,10.0,OK
2026-05-01 02:08:04,3757,0.2237,0.0476,0.0,97.0,14.49,0.0,22.34,-11.01,-1.46,10.0,OK
2026-05-01 02:08:04,3758,0.2365,0.0476,0.0,97.0,14.45,0.0,18.89,-10.2,-1.26,10.0,OK
2026-05-01 02:08:04,3759,0.2153,0.0263,0.0,97.0,14.78,0.033,19.24,-11.44,-3.66,10.0,OK
2026-05-01 02:08:04,3760,0.2457,0.054,0.0,97.0,14.72,0.0,18.47,-13.24,-3.94,10.0,OK
2026-05-01 02:08:04,3761,0.2612,0.0256,0.0,97.0,14.66,0.0,20.44,-12.55,-4.17,10.0,OK
2026-05-01 02:08:04,3762,0.2405,0.025,0.0,97.0,14.61,0.0,19.07,-12.05,-2.13,10.0,OK
2026-05-01 02:08:04,3763,0.2386,0.05,0.0,97.0,14.56,0.0,20.73,-10.74,-2.06,10.0,OK
2026-05-01 02:08:04,3764,0.2244,0.025,0.0,97.0,14.52,0.0,22.94,-11.38,-2.74,10.0,OK
2026-05-01 02:08:04,3765,0.234,0.0256,0.0,97.0,14.48,0.0,19.26,-11.77,-1.68,10.0,OK
2026-05-01 02:08:04,3766,0.2528,0.0511,0.0,97.0,14.44,0.0,5.84,-1.55,-2.66,10.0,OK
2026-05-01 02:08:04,3767,0.2479,0.0526,0.0,97.0,14.4,0.0,7.92,-3.07,-2.61,10.0,OK
2026-05-01 02:08:04,3768,0.2663,0.0244,0.0,97.0,14.37,0.0,23.81,-15.08,-2.58,10.0,OK
2026-05-01 02:08:04,3769,0.2567,0.0244,0.0,97.0,14.34,0.0,22.86,-13.5,-2.45,10.0,OK
2026-05-01 02:08:04,3770,0.2145,0.05,0.0,97.0,14.77,0.033,19.64,-11.11,-2.58,10.0,OK
2026-05-01 02:08:04,3771,0.2291,0.0512,0.0,97.0,14.71,0.0,18.92,-12.39,-3.77,10.0,OK
2026-05-01 02:08:04,3772,0.2341,0.0512,0.0,97.0,14.65,0.0,20.0,-11.69,-2.5,10.0,OK
2026-05-01 02:08:04,3773,0.249,0.0488,0.0,97.0,14.6,0.0,20.04,-10.23,-2.4,10.0,OK
2026-05-01 02:08:04,3774,0.2359,0.0488,0.0,97.0,14.55,0.0,18.42,-10.87,-1.46,10.0,OK
2026-05-01 02:08:04,3775,0.2181,0.0512,0.0,97.0,14.68,0.033,4.08,-0.09,-1.25,10.0,OK
2026-05-01 02:08:04,3776,0.2389,0.0362,0.0,97.0,14.62,0.0,18.44,-10.97,-1.85,10.0,OK
2026-05-01 02:08:04,3777,0.2146,0.0487,0.0,97.0,14.94,0.033,18.47,-10.48,-3.19,10.0,OK
2026-05-01 02:08:04,3778,0.2598,0.0256,0.0,97.0,14.86,0.0,18.27,-10.68,-2.13,10.0,OK
2026-05-01 02:08:04,3779,0.2716,0.0362,0.0,97.0,14.8,0.0,5.1,-0.09,-1.16,10.0,OK
2026-05-01 02:08:04,3780,0.2348,0.0243,0.0,97.0,14.73,0.0,21.02,-9.14,-3.87,10.0,OK
2026-05-01 02:08:04,3781,0.2264,0.0249,0.0,97.0,14.67,0.0,6.35,2.75,-3.77,10.0,OK
2026-05-01 02:08:05,3782,0.2082,0.0788,0.0,97.0,15.38,0.033,-0.58,1.78,-2.43,10.0,OK
2026-05-01 02:08:05,3783,0.213,0.054,0.0,97.0,15.78,0.067,3.16,1.57,-2.16,10.0,OK
2026-05-01 02:08:05,3784,0.2254,0.0572,0.0,98.0,15.64,0.0,22.08,-8.08,-4.13,10.0,OK
2026-05-01 02:08:05,3785,0.26,0.0499,0.0,98.0,15.51,0.0,21.26,-7.43,-3.55,10.0,OK
2026-05-01 02:08:05,3786,0.2376,0.0476,0.0,98.0,15.39,0.0,22.04,-5.12,-2.2,10.0,OK
2026-05-01 02:08:05,3787,0.2393,0.0499,0.0,97.0,15.28,0.0,22.84,-7.71,-3.09,10.0,OK
2026-05-01 02:08:05,3788,0.2237,0.0499,0.0,97.0,15.18,0.0,23.51,-9.41,-3.43,10.0,OK
2026-05-01 02:08:05,3789,0.2073,0.0353,0.0,97.0,15.77,0.033,22.31,-8.29,-4.71,10.0,OK
2026-05-01 02:08:05,3790,0.2239,0.0249,0.0,97.0,15.63,0.0,22.1,-10.42,-4.73,10.0,OK
2026-05-01 02:08:05,3791,0.2383,0.0,0.0,97.0,15.5,0.0,24.4,-10.07,-2.37,10.0,OK
2026-05-01 02:08:05,3792,0.2671,0.025,0.0,97.0,15.38,0.0,21.61,-9.59,-2.64,10.0,OK
2026-05-01 02:08:05,3793,0.2482,0.0256,0.0,97.0,15.27,0.0,17.02,-11.1,-3.82,10.0,OK
2026-05-01 02:08:05,3794,0.2277,0.0256,0.0,97.0,15.16,0.0,17.14,-9.24,-3.29,10.0,OK
2026-05-01 02:08:05,3795,0.2237,0.0249,0.0,97.0,15.07,0.0,18.82,-9.23,-4.5,10.0,OK
2026-05-01 02:08:05,3796,0.2471,0.0238,0.0,97.0,14.99,0.0,25.7,-9.17,-3.26,10.0,OK
2026-05-01 02:08:05,3797,0.2609,0.025,0.0,97.0,14.91,0.0,23.3,-8.15,-2.78,10.0,OK
2026-05-01 02:08:05,3798,0.2547,0.0476,0.0,97.0,14.83,0.0,21.4,-8.74,-3.13,10.0,OK
2026-05-01 02:08:05,3799,0.2314,0.0238,0.0,97.0,14.77,0.0,22.31,-8.18,-2.51,10.0,OK
2026-05-01 02:08:05,3800,0.2977,0.0512,0.0,97.0,14.71,0.0,20.28,-7.4,-3.76,10.0,OK
2026-05-01 02:08:05,3801,0.2874,0.0256,0.0,97.0,14.65,0.0,18.79,-8.65,-3.85,10.0,OK
2026-05-01 02:08:05,3802,0.2467,0.0262,0.0,97.0,14.6,0.0,18.22,-9.41,-4.32,10.0,OK
2026-05-01 02:08:05,3803,0.2666,0.0499,0.0,97.0,14.55,0.0,20.8,-10.87,-4.65,10.0,OK
2026-05-01 02:08:05,3804,0.2289,0.0526,0.0,97.0,14.51,0.0,6.75,-2.4,-0.85,10.0,OK
2026-05-01 02:08:05,3805,0.2269,0.05,0.0,97.0,14.47,0.0,8.5,1.6,-1.43,10.0,OK
2026-05-01 02:08:05,3806,0.2498,0.0748,0.0,97.0,14.43,0.0,21.67,-6.7,-2.93,10.0,OK
2026-05-01 02:08:05,3807,0.2434,0.0526,0.0,97.0,14.39,0.0,19.47,-12.24,-3.1,10.0,OK
2026-05-01 02:08:05,3808,0.2335,0.0263,0.0,97.0,14.36,0.0,19.34,-13.56,-2.84,10.0,OK
2026-05-01 02:08:05,3809,0.2337,0.0269,0.0,97.0,14.33,0.0,21.75,-8.65,-3.51,10.0,OK
2026-05-01 02:08:05,3810,0.2327,0.0262,0.0,97.0,14.31,0.0,20.39,-9.4,-4.0,10.0,OK
2026-05-01 02:08:05,3811,0.2428,0.0362,0.0,97.0,14.28,0.0,18.66,-11.13,-2.74,10.0,OK
2026-05-01 02:08:06,3812,0.2473,0.025,0.0,97.0,14.26,0.0,19.94,-10.1,-1.96,10.0,OK
2026-05-01 02:08:06,3813,0.2696,0.0256,0.0,97.0,14.24,0.0,19.54,-7.16,-2.85,10.0,OK
2026-05-01 02:08:06,3814,0.2446,0.0511,0.0,97.0,14.22,0.0,18.82,-7.18,-3.17,10.0,OK
2026-05-01 02:08:06,3815,0.2581,0.0512,0.0,97.0,14.2,0.0,21.29,-6.9,-3.56,10.0,OK
2026-05-01 02:08:06,3816,0.2265,0.0256,0.0,97.0,14.19,0.0,18.17,-11.68,-2.72,10.0,OK
2026-05-01 02:08:06,3817,0.2267,0.0512,0.0,97.0,14.17,0.0,18.31,-9.5,-2.86,10.0,OK
2026-05-01 02:08:06,3818,0.2744,0.0487,0.0,97.0,14.16,0.0,23.74,-8.51,-3.02,10.0,OK
2026-05-01 02:08:06,3819,0.2744,0.025,0.0,97.0,14.14,0.0,22.53,-9.01,-3.37,10.0,OK
2026-05-01 02:08:06,3820,0.2675,0.027,0.0,97.0,14.13,0.0,23.18,-11.62,-3.48,10.0,OK
2026-05-01 02:08:06,3821,0.2748,0.0526,0.0,96.0,14.12,0.0,23.94,-11.35,-3.12,10.0,OK
2026-05-01 02:08:06,3822,0.2479,0.0526,0.0,96.0,14.11,0.0,17.53,-8.97,-3.1,10.0,OK
2026-05-01 02:08:06,3823,0.2847,0.0256,0.0,96.0,14.1,0.0,24.78,-9.5,-4.2,10.0,OK
2026-05-01 02:08:06,3824,0.285,0.0263,0.0,96.0,14.1,0.0,23.24,-11.23,-4.17,10.0,OK
2026-05-01 02:08:06,3825,0.2727,0.0488,0.0,96.0,14.09,0.0,25.14,-12.71,-3.6,10.0,OK
2026-05-01 02:08:06,3826,0.2732,0.05,0.0,96.0,14.08,0.0,25.85,-10.32,-3.14,10.0,OK
2026-05-01 02:08:06,3827,0.3167,0.0588,0.0,96.0,14.07,0.0,19.93,-13.47,-3.96,10.0,OK
2026-05-01 02:08:06,3828,0.3003,0.0526,0.0,96.0,14.07,0.0,21.91,-12.84,-3.53,10.0,OK
2026-05-01 02:08:06,3829,0.2837,0.0263,0.0,96.0,14.06,0.0,22.4,-9.13,-3.27,10.0,OK
2026-05-01 02:08:06,3830,0.2881,0.0262,0.0,96.0,14.06,0.0,20.83,-6.78,-2.96,10.0,OK
2026-05-01 02:08:06,3831,0.2787,0.0256,0.0,96.0,14.05,0.0,21.11,-6.0,-1.58,10.0,OK
2026-05-01 02:08:06,3832,0.3113,0.0499,0.0,96.0,14.05,0.0,22.17,-10.41,-5.67,10.0,OK
2026-05-01 02:08:06,3833,0.2991,0.0255,0.0,96.0,14.05,0.0,20.6,-10.54,-5.15,10.0,OK
2026-05-01 02:08:06,3834,0.2663,0.0588,0.0,96.0,14.04,0.0,9.38,0.81,-3.08,10.0,OK
2026-05-01 02:08:06,3835,0.2659,0.0525,0.0,96.0,14.04,0.0,19.61,-10.26,-3.29,10.0,OK
2026-05-01 02:08:06,3836,0.2881,0.0,0.0,96.0,14.04,0.0,25.89,-9.2,-3.27,10.0,OK
2026-05-01 02:08:06,3837,0.2706,0.0,0.0,96.0,14.03,0.0,25.89,-9.2,-3.27,10.0,OK
2026-05-01 02:08:06,3838,0.3011,0.0,0.0,96.0,14.03,0.0,23.08,-9.51,-3.18,10.0,OK
2026-05-01 02:08:06,3839,0.2759,0.0238,0.0,96.0,14.03,0.0,23.12,-7.8,-2.29,10.0,OK
2026-05-01 02:08:06,3840,0.3062,0.025,0.0,96.0,14.03,0.0,21.75,-10.55,-2.57,10.0,OK
2026-05-01 02:08:06,3841,0.307,0.0263,0.0,96.0,14.02,0.0,22.84,-9.28,-3.67,10.0,OK
2026-05-01 02:08:07,3842,0.3034,0.0511,0.0,96.0,14.02,0.0,19.92,-9.57,-3.71,10.0,OK
2026-05-01 02:08:07,3843,0.2823,0.0,0.0,96.0,14.02,0.0,23.93,-10.08,-4.94,10.0,OK
2026-05-01 02:08:07,3844,0.2586,0.0256,0.0,96.0,14.02,0.0,21.05,-10.67,-5.29,10.0,OK
2026-05-01 02:08:07,3845,0.2751,0.0,0.0,96.0,14.02,0.0,21.77,-12.01,-4.72,10.0,OK
2026-05-01 02:08:07,3846,0.3128,0.0256,0.0,96.0,14.02,0.0,22.08,-12.71,-4.4,10.0,OK
2026-05-01 02:08:07,3847,0.2739,0.0371,0.0,96.0,14.01,0.0,25.77,-7.24,-3.41,10.0,OK
2026-05-01 02:08:07,3848,0.2847,0.0371,0.0,96.0,14.01,0.0,24.4,-6.31,-3.85,10.0,OK
2026-05-01 02:08:07,3849,0.2933,0.025,0.0,96.0,14.01,0.0,21.07,-13.93,-2.2,10.0,OK
2026-05-01 02:08:07,3850,0.2826,0.0244,0.0,96.0,14.01,0.0,21.17,-13.99,-2.48,10.0,OK
2026-05-01 02:08:07,3851,0.284,0.0243,0.0,96.0,14.01,0.0,24.14,-11.27,-5.23,10.0,OK
2026-05-01 02:08:07,3852,0.2863,0.0237,0.0,96.0,14.01,0.0,25.95,-10.46,-5.52,10.0,OK
2026-05-01 02:08:07,3853,0.3039,0.0,0.0,96.0,14.01,0.0,20.33,-10.14,-0.8,10.0,OK
2026-05-01 02:08:07,3854,0.2661,0.0238,0.0,96.0,14.01,0.0,21.63,-8.17,-2.91,10.0,OK
2026-05-01 02:08:07,3855,0.2951,0.0345,0.0,96.0,14.01,0.0,20.61,-9.45,-2.99,10.0,OK
2026-05-01 02:08:07,3856,0.2868,0.0487,0.0,96.0,14.01,0.0,24.25,-6.27,-4.7,10.0,OK
2026-05-01 02:08:07,3857,0.2582,0.0237,0.0,96.0,14.01,0.0,26.03,-8.38,-5.09,10.0,OK
2026-05-01 02:08:07,3858,0.285,0.0277,0.0,96.0,14.01,0.0,21.1,-11.77,-4.91,10.0,OK
2026-05-01 02:08:07,3859,0.2675,0.0554,0.0,96.0,14.01,0.0,20.18,-10.69,-4.49,10.0,OK
2026-05-01 02:08:07,3860,0.2569,0.0499,0.0,96.0,14.0,0.0,22.36,-11.38,-4.84,10.0,OK
2026-05-01 02:08:07,3861,0.2868,0.0499,0.0,96.0,14.0,0.0,22.29,-5.55,-3.75,10.0,OK
2026-05-01 02:08:07,3862,0.2803,0.0,0.0,96.0,14.0,0.0,11.17,4.89,-3.34,10.0,OK
2026-05-01 02:08:07,3863,0.2933,0.025,0.0,96.0,14.0,0.0,27.01,-6.4,-2.43,10.0,OK
2026-05-01 02:08:07,3864,0.276,0.0558,0.0,96.0,14.0,0.0,24.51,-8.98,-3.98,10.0,OK
2026-05-01 02:08:07,3865,0.2818,0.0263,0.0,96.0,14.0,0.0,18.47,-8.36,-2.79,10.0,OK
2026-05-01 02:08:07,3866,0.2914,0.0263,0.0,96.0,14.0,0.0,19.58,-5.44,-2.12,10.0,OK
2026-05-01 02:08:07,3867,0.2553,0.0237,0.0,96.0,14.0,0.0,25.12,-7.15,-4.17,10.0,OK
2026-05-01 02:08:07,3868,0.2843,0.025,0.0,96.0,14.0,0.0,17.91,-10.87,-3.34,10.0,OK
2026-05-01 02:08:07,3869,0.2843,0.0256,0.0,96.0,14.0,0.0,17.54,-12.0,-2.95,10.0,OK
2026-05-01 02:08:07,3870,0.274,0.0256,0.0,96.0,14.0,0.0,22.52,-6.49,-2.19,10.0,OK
2026-05-01 02:08:07,3871,0.2979,0.0372,0.0,96.0,14.0,0.0,21.89,-6.24,-2.15,10.0,OK
2026-05-01 02:08:08,3872,0.2676,0.0,0.0,96.0,14.0,0.0,23.2,-7.7,-3.44,10.0,OK
2026-05-01 02:08:08,3873,0.2552,0.025,0.0,96.0,14.0,0.0,24.91,-4.45,-2.9,10.0,OK
2026-05-01 02:08:08,3874,0.2716,0.0256,0.0,96.0,14.0,0.0,17.41,-8.71,-2.43,10.0,OK
2026-05-01 02:08:08,3875,0.2676,0.025,0.0,96.0,14.0,0.0,20.85,-6.88,-2.2,10.0,OK
2026-05-01 02:08:08,3876,0.3024,0.0362,0.0,96.0,14.0,0.0,18.8,-9.51,-4.0,10.0,OK
2026-05-01 02:08:08,3877,0.2732,0.0511,0.0,96.0,14.0,0.0,16.84,-9.53,-4.09,10.0,OK
2026-05-01 02:08:08,3878,0.2664,0.025,0.0,96.0,14.0,0.0,21.67,-8.61,-2.44,10.0,OK
2026-05-01 02:08:08,3879,0.2851,0.0238,0.0,96.0,14.0,0.0,21.62,-6.12,-2.1,10.0,OK
2026-05-01 02:08:08,3880,0.2731,0.0345,0.0,96.0,14.0,0.0,20.87,-6.71,-2.93,10.0,OK
2026-05-01 02:08:08,3881,0.2611,0.025,0.0,96.0,14.0,0.0,22.61,-5.74,-0.19,10.0,OK
2026-05-01 02:08:08,3882,0.263,0.0263,0.0,96.0,14.0,0.0,21.05,-6.52,-0.92,10.0,OK
2026-05-01 02:08:08,3883,0.2542,0.025,0.0,96.0,14.0,0.0,27.21,-8.42,-2.64,10.0,OK
2026-05-01 02:08:08,3884,0.2709,0.0512,0.0,96.0,14.0,0.0,25.72,-9.49,-2.58,10.0,OK
2026-05-01 02:08:08,3885,0.2927,0.0,0.0,96.0,14.0,0.0,31.73,-5.57,-0.32,10.0,OK
2026-05-01 02:08:08,3886,0.2766,0.0,0.0,96.0,14.0,0.0,32.16,-4.5,-0.31,10.0,OK
2026-05-01 02:08:08,3887,0.2703,0.0238,0.0,96.0,14.0,0.0,29.64,-6.04,-1.82,10.0,OK
2026-05-01 02:08:08,3888,0.2737,0.0,0.0,96.0,14.0,0.0,28.19,-6.33,-2.64,10.0,OK
2026-05-01 02:08:08,3889,0.2844,0.0232,0.0,96.0,14.0,0.0,28.19,-8.06,-1.75,10.0,OK
2026-05-01 02:08:08,3890,0.2765,0.025,0.0,96.0,14.0,0.0,26.4,-9.63,-2.75,10.0,OK
2026-05-01 02:08:08,3891,0.2734,0.0263,0.0,96.0,14.0,0.0,27.05,-8.63,-2.17,10.0,OK
2026-05-01 02:08:08,3892,0.2801,0.025,0.0,96.0,14.0,0.0,23.49,-7.99,-2.51,10.0,OK
2026-05-01 02:08:08,3893,0.2769,0.0362,0.0,96.0,14.0,0.0,24.09,-9.74,-1.88,10.0,OK
2026-05-01 02:08:08,3894,0.2502,0.0487,0.0,96.0,14.0,0.0,21.44,-7.56,-3.4,10.0,OK
2026-05-01 02:08:08,3895,0.2564,0.0353,0.0,96.0,14.0,0.0,20.34,-8.08,-2.74,10.0,OK
2026-05-01 02:08:08,3896,0.2236,0.0371,0.0,96.0,14.0,0.0,24.24,-8.03,-3.8,10.0,OK
2026-05-01 02:08:08,3897,0.251,0.0512,0.0,95.0,14.0,0.0,23.44,-10.07,-4.02,10.0,OK
2026-05-01 02:08:08,3898,0.2657,0.0237,0.0,95.0,14.0,0.0,25.37,-6.07,-3.39,10.0,OK
2026-05-01 02:08:08,3899,0.2848,0.0,0.0,95.0,14.0,0.0,24.33,-10.17,-4.6,10.0,OK
2026-05-01 02:08:08,3900,0.2572,0.025,0.0,95.0,14.0,0.0,25.14,-9.01,-4.4,10.0,OK
2026-05-01 02:08:08,3901,0.2816,0.0256,0.0,95.0,14.0,0.0,25.2,-10.14,-2.36,10.0,OK
2026-05-01 02:08:09,3902,0.2516,0.025,0.0,94.0,14.0,0.0,24.75,-10.47,-2.55,10.0,OK
2026-05-01 02:08:09,3903,0.2822,0.0238,0.0,94.0,14.0,0.0,28.67,-5.47,-3.05,10.0,OK
2026-05-01 02:08:09,3904,0.2747,0.0232,0.0,94.0,14.0,0.0,27.73,-7.07,-3.56,10.0,OK
2026-05-01 02:08:09,3905,0.2195,0.05,0.0,94.0,14.0,0.0,26.16,-7.46,-2.96,10.0,OK
2026-05-01 02:08:09,3906,0.245,0.0263,0.0,94.0,14.0,0.0,21.37,-7.13,-2.44,10.0,OK
2026-05-01 02:08:09,3907,0.2565,0.0263,0.0,94.0,14.0,0.0,22.57,-8.13,-2.87,10.0,OK
2026-05-01 02:08:09,3908,0.237,0.0512,0.0,94.0,14.0,0.0,20.6,-9.27,-3.73,10.0,OK
2026-05-01 02:08:09,3909,0.2299,0.054,0.0,93.0,14.0,0.0,20.23,-9.12,-3.96,10.0,OK
2026-05-01 02:08:09,3910,0.2394,0.0336,0.0,93.0,14.0,0.0,22.08,-8.82,-4.03,10.0,OK
2026-05-01 02:08:09,3911,0.2647,0.0499,0.0,93.0,14.0,0.0,21.54,-8.51,-4.47,10.0,OK
2026-05-01 02:08:09,3912,0.2421,0.0572,0.0,92.0,14.0,0.0,21.21,-5.33,-3.16,10.0,OK
2026-05-01 02:08:09,3913,0.2491,0.0499,0.0,92.0,14.0,0.0,8.73,1.43,-3.82,10.0,OK
2026-05-01 02:08:09,3914,0.2353,0.0487,0.0,92.0,14.0,0.0,24.72,-7.67,-3.66,10.0,OK
2026-05-01 02:08:09,3915,0.2652,0.0487,0.0,92.0,14.0,0.0,18.51,-9.45,-2.96,10.0,OK
2026-05-01 02:08:09,3916,0.2652,0.0487,0.0,92.0,14.0,0.0,18.51,-9.45,-2.96,10.0,OK
2026-05-01 02:08:09,3917,0.2308,0.0476,0.0,92.0,14.0,0.0,25.1,-6.75,-3.28,10.0,OK
2026-05-01 02:08:09,3918,0.2371,0.0696,0.0,92.0,14.0,0.0,26.09,-6.71,-3.61,10.0,OK
2026-05-01 02:08:09,3919,0.2678,0.0512,0.0,92.0,14.0,0.0,20.61,-9.55,-3.46,10.0,OK
2026-05-01 02:08:09,3920,0.267,0.025,0.0,92.0,14.0,0.0,22.39,-6.99,-3.07,10.0,OK
2026-05-01 02:08:09,3921,0.2308,0.0512,0.0,92.0,14.0,0.0,21.75,-7.9,-3.73,10.0,OK
2026-05-01 02:08:09,3922,0.2382,0.0499,0.0,92.0,14.0,0.0,21.26,-8.78,-4.09,10.0,OK
2026-05-01 02:08:09,3923,0.2338,0.0353,0.0,92.0,14.0,0.0,22.16,-5.76,-3.78,10.0,OK
2026-05-01 02:08:09,3924,0.2334,0.0256,0.0,92.0,14.0,0.0,21.21,-6.73,-3.69,10.0,OK
2026-05-01 02:08:09,3925,0.2371,0.05,0.0,92.0,14.0,0.0,22.42,-9.66,-2.4,10.0,OK
2026-05-01 02:08:09,3926,0.2511,0.0256,0.0,91.0,14.0,0.0,23.48,-6.84,-2.0,10.0,OK
2026-05-01 02:08:09,3927,0.2357,0.0487,0.0,91.0,14.0,0.0,20.78,-8.87,-3.51,10.0,OK
2026-05-01 02:08:09,3928,0.2523,0.0256,0.0,91.0,14.0,0.0,24.18,-7.47,-2.79,10.0,OK
2026-05-01 02:08:09,3929,0.2718,0.0526,0.0,90.0,14.0,0.0,22.65,-6.99,-2.06,10.0,OK
2026-05-01 02:08:09,3930,0.2453,0.0244,0.0,90.0,14.0,0.0,21.66,-6.8,-3.65,10.0,OK
2026-05-01 02:08:09,3931,0.2364,0.0344,0.0,90.0,14.0,0.0,23.34,-7.25,-3.4,10.0,OK
2026-05-01 02:08:10,3932,0.2504,0.0558,0.0,90.0,14.0,0.0,20.16,-7.63,-2.82,10.0,OK
2026-05-01 02:08:10,3933,0.2338,0.0499,0.0,90.0,14.0,0.0,20.66,-8.19,-2.46,10.0,OK
2026-05-01 02:08:10,3934,0.2482,0.0244,0.0,90.0,14.0,0.0,22.71,-8.72,-2.32,10.0,OK
2026-05-01 02:08:10,3935,0.2561,0.0238,0.0,90.0,14.0,0.0,24.24,-10.43,-2.75,10.0,OK
2026-05-01 02:08:10,3936,0.2643,0.0353,0.0,89.0,14.0,0.0,24.2,-6.61,-1.37,10.0,OK
2026-05-01 02:08:10,3937,0.2545,0.0558,0.0,89.0,14.0,0.0,20.64,-8.23,-2.44,10.0,OK
2026-05-01 02:08:10,3938,0.2609,0.0487,0.0,89.0,14.0,0.0,22.21,-8.7,-3.6,10.0,OK
2026-05-01 02:08:10,3939,0.2601,0.025,0.0,89.0,14.0,0.0,22.02,-7.51,-3.11,10.0,OK
2026-05-01 02:08:10,3940,0.2559,0.05,0.0,88.0,14.0,0.0,21.73,-7.43,-3.3,10.0,OK
2026-05-01 02:08:10,3941,0.2244,0.0499,0.0,88.0,14.0,0.0,23.08,-9.33,-4.98,10.0,OK
2026-05-01 02:08:10,3942,0.2288,0.0243,0.0,88.0,14.0,0.0,25.66,-10.5,-5.11,10.0,OK
2026-05-01 02:08:10,3943,0.2196,0.0526,0.0,88.0,14.0,0.0,9.78,2.31,-3.43,10.0,OK
2026-05-01 02:08:10,3944,0.2331,0.0487,0.0,87.0,14.0,0.0,25.17,-6.32,-4.16,10.0,OK
2026-05-01 02:08:10,3945,0.2334,0.0499,0.0,87.0,14.0,0.0,24.96,-5.86,-4.29,10.0,OK
2026-05-01 02:08:10,3946,0.2688,0.0,0.0,87.0,14.0,0.0,26.84,-11.88,-4.66,10.0,OK
2026-05-01 02:08:10,3947,0.2599,0.0,0.0,87.0,14.0,0.0,27.15,-10.14,-3.97,10.0,OK
2026-05-01 02:08:10,3948,0.2557,0.0238,0.0,87.0,14.0,0.0,22.58,-8.29,-1.84,10.0,OK
2026-05-01 02:08:10,3949,0.2552,0.0,0.0,87.0,14.0,0.0,23.17,-8.54,-1.83,10.0,OK
2026-05-01 02:08:10,3950,0.2744,0.025,0.0,87.0,14.0,0.0,27.53,-8.51,-3.57,10.0,OK
2026-05-01 02:08:10,3951,0.2588,0.0244,0.0,87.0,14.0,0.0,26.49,-7.72,-2.29,10.0,OK
2026-05-01 02:08:10,3952,0.2499,0.0238,0.0,87.0,14.0,0.0,28.57,-8.36,-2.39,10.0,OK
2026-05-01 02:08:10,3953,0.241,0.0244,0.0,87.0,14.0,0.0,26.47,-7.97,-2.01,10.0,OK
2026-05-01 02:08:10,3954,0.2419,0.025,0.0,87.0,14.0,0.0,26.8,-6.99,-2.19,10.0,OK
2026-05-01 02:08:10,3955,0.2735,0.0238,0.0,87.0,14.0,0.0,26.87,-10.36,-3.85,10.0,OK
2026-05-01 02:08:10,3956,0.2653,0.0244,0.0,87.0,14.0,0.0,26.76,-10.3,-3.35,10.0,OK
2026-05-01 02:08:10,3957,0.2681,0.025,0.0,87.0,14.0,0.0,25.1,-5.81,-2.57,10.0,OK
2026-05-01 02:08:10,3958,0.2515,0.0,0.0,87.0,14.0,0.0,25.99,-4.03,-1.73,10.0,OK
2026-05-01 02:08:10,3959,0.25,0.0249,0.0,87.0,14.0,0.0,27.21,-11.46,-4.94,10.0,OK
2026-05-01 02:08:10,3960,0.2454,0.0256,0.0,87.0,14.0,0.0,24.68,-13.47,-5.67,10.0,OK
2026-05-01 02:08:10,3961,0.2738,0.0249,0.0,87.0,14.0,0.0,25.27,-9.31,-3.03,10.0,OK
2026-05-01 02:08:11,3962,0.2822,0.025,0.0,87.0,14.0,0.0,25.71,-7.17,-2.36,10.0,OK
2026-05-01 02:08:11,3963,0.2825,0.05,0.0,87.0,14.0,0.0,26.92,-9.44,-3.27,10.0,OK
2026-05-01 02:08:11,3964,0.2887,0.0,0.0,87.0,14.0,0.0,29.81,-8.26,-1.42,10.0,OK
2026-05-01 02:08:11,3965,0.305,0.0,0.0,87.0,14.0,0.0,32.13,-9.47,-2.62,10.0,OK
2026-05-01 02:08:11,3966,0.3149,0.0512,0.0,87.0,14.0,0.0,27.59,-9.47,-3.46,10.0,OK
2026-05-01 02:08:11,3967,0.2986,0.0353,0.0,87.0,14.0,0.0,28.56,-9.93,-3.5,10.0,OK
2026-05-01 02:08:11,3968,0.236,0.0232,0.0,87.0,14.0,0.0,24.23,-5.74,-2.77,10.0,OK
2026-05-01 02:08:11,3969,0.2625,0.0237,0.0,87.0,14.0,0.0,24.31,-4.1,-3.44,10.0,OK
2026-05-01 02:08:11,3970,0.2542,0.0475,0.0,87.0,14.0,0.0,26.05,-10.1,-4.03,10.0,OK
2026-05-01 02:08:11,3971,0.2626,0.0249,0.0,87.0,14.0,0.0,23.73,-9.41,-4.08,10.0,OK
2026-05-01 02:08:11,3972,0.2273,0.0464,0.0,87.0,14.0,0.0,21.91,-9.86,-5.55,10.0,OK
2026-05-01 02:08:11,3973,0.2465,0.0453,0.0,87.0,14.0,0.0,15.75,-9.76,-3.29,10.0,OK
2026-05-01 02:08:11,3974,0.2514,0.0232,0.0,87.0,14.0,0.0,18.62,-8.32,-3.75,10.0,OK
2026-05-01 02:08:11,3975,0.2638,0.1023,0.0,87.0,14.0,0.0,0.62,3.65,-3.59,10.0,OK
2026-05-01 02:08:11,3976,0.2505,0.0997,0.0,87.0,14.0,0.0,1.34,6.08,-3.73,10.0,OK
2026-05-01 02:08:11,3977,0.2489,0.0454,0.0,87.0,14.0,0.0,14.52,-11.29,-3.11,10.0,OK
2026-05-01 02:08:11,3978,0.2609,0.0232,0.0,86.0,14.0,0.0,14.83,-8.82,-3.03,10.0,OK
2026-05-01 02:08:11,3979,0.2722,0.0,0.0,86.0,14.0,0.0,14.65,-8.3,-1.31,10.0,OK
2026-05-01 02:08:11,3980,0.2876,0.0213,0.0,86.0,14.0,0.0,13.17,-8.31,-1.72,10.0,OK
2026-05-01 02:08:11,3981,0.2933,0.0399,0.0,86.0,14.0,0.0,15.1,-7.67,-3.21,10.0,OK
2026-05-01 02:08:11,3982,0.2838,0.0566,0.0,86.0,14.0,0.0,16.78,-6.4,-1.81,10.0,OK
2026-05-01 02:08:11,3983,0.2875,0.0588,0.0,86.0,14.0,0.0,17.48,-5.66,-2.2,10.0,OK
2026-05-01 02:08:11,3984,0.3024,0.0438,0.0,86.0,14.0,0.0,14.78,-8.52,-2.23,10.0,OK
2026-05-01 02:08:11,3985,0.3198,0.0384,0.0,86.0,14.0,0.0,13.83,-6.11,-2.06,10.0,OK
2026-05-01 02:08:11,3986,0.2847,0.0384,0.0,86.0,14.0,0.0,8.2,8.34,-0.86,10.0,OK
2026-05-01 02:08:11,3987,0.312,0.0377,0.0,86.0,14.0,0.0,17.76,-6.59,-0.53,10.0,OK
2026-05-01 02:08:11,3988,0.3123,0.0182,0.0,86.0,14.0,0.0,21.55,-6.43,-0.8,10.0,OK
2026-05-01 02:08:11,3989,0.3263,0.0536,0.0,86.0,14.0,0.0,19.69,-5.23,-0.44,10.0,OK
2026-05-01 02:08:11,3990,0.3278,0.0351,0.0,85.0,14.0,0.0,24.1,-5.04,-1.11,10.0,OK
2026-05-01 02:08:11,3991,0.3263,0.0182,0.0,85.0,14.0,0.0,21.51,-8.62,-0.99,10.0,OK
2026-05-01 02:08:12,3992,0.3095,0.0357,0.0,85.0,14.0,0.0,20.19,-7.04,-0.19,10.0,OK
2026-05-01 02:08:12,3993,0.324,0.0339,0.0,85.0,14.0,0.0,20.85,-8.53,-1.69,10.0,OK
2026-05-01 02:08:12,3994,0.325,0.0345,0.0,85.0,14.0,0.0,24.84,-9.45,-1.57,10.0,OK
2026-05-01 02:08:12,3995,0.3365,0.0339,0.0,85.0,14.0,0.0,23.87,-8.51,-0.41,10.0,OK
2026-05-01 02:08:12,3996,0.3596,0.0339,0.0,84.0,14.0,0.0,22.65,-8.49,-0.91,10.0,OK
2026-05-01 02:08:12,3997,0.3231,0.0161,0.0,84.0,14.0,0.0,25.3,-6.05,-0.67,10.0,OK
2026-05-01 02:08:12,3998,0.3266,0.0161,0.0,84.0,14.0,0.0,26.27,-9.08,-1.3,10.0,OK
2026-05-01 02:08:12,3999,0.3257,0.0333,0.0,84.0,14.0,0.0,25.83,-9.37,-0.74,10.0,OK
2026-05-01 02:08:12,4000,0.3392,0.0492,0.0,84.0,14.0,0.0,23.97,-7.88,-0.88,10.0,OK
2026-05-01 02:08:12,4001,0.339,0.051,0.0,84.0,14.0,0.0,25.41,-7.82,-0.18,10.0,OK
2026-05-01 02:08:12,4002,0.3252,0.0317,0.0,84.0,14.0,0.0,24.25,-8.5,-0.59,10.0,OK
2026-05-01 02:08:12,4003,0.3533,0.0312,0.0,84.0,14.0,0.0,25.52,-8.74,-0.73,10.0,OK
2026-05-01 02:08:12,4004,0.3478,0.0232,0.0,84.0,14.0,0.0,27.08,-7.85,-1.26,10.0,OK
2026-05-01 02:08:12,4005,0.3517,0.0328,0.0,84.0,14.0,0.0,27.34,-7.71,-1.06,10.0,OK
2026-05-01 02:08:12,4006,0.3279,0.0232,0.0,84.0,14.0,0.0,25.41,-8.63,-0.42,10.0,OK
2026-05-01 02:08:12,4007,0.326,0.0156,0.0,84.0,14.0,0.0,27.09,-8.82,-0.31,10.0,OK
2026-05-01 02:08:12,4008,0.3505,0.0159,0.0,84.0,14.0,0.0,29.5,-6.58,-0.51,10.0,OK
2026-05-01 02:08:12,4009,0.3536,0.0159,0.0,84.0,14.0,0.0,30.57,-7.56,-0.98,10.0,OK
2026-05-01 02:08:12,4010,0.3359,0.0317,0.0,84.0,14.0,0.0,30.96,-7.87,-0.83,10.0,OK
2026-05-01 02:08:12,4011,0.3496,0.0164,0.0,84.0,14.0,0.0,29.87,-8.64,-1.32,10.0,OK
2026-05-01 02:08:12,4012,0.3509,0.0159,0.0,84.0,14.0,0.0,31.46,-8.0,-0.82,10.0,OK
2026-05-01 02:08:12,4013,0.3234,0.0,0.0,84.0,14.0,0.0,30.97,-8.12,-2.09,10.0,OK
2026-05-01 02:08:12,4014,0.3198,0.0159,0.0,84.0,14.0,0.0,31.63,-6.84,-1.87,10.0,OK
2026-05-01 02:08:12,4015,0.3304,0.0161,0.0,84.0,14.0,0.0,28.29,-10.22,-0.63,10.0,OK
2026-05-01 02:08:12,4016,0.3317,0.0156,0.0,84.0,14.0,0.0,29.79,-9.65,-0.21,10.0,OK
2026-05-01 02:08:12,4017,0.3367,0.0159,0.0,84.0,14.0,0.0,28.26,-7.51,-0.99,10.0,OK
2026-05-01 02:08:12,4018,0.3483,0.0218,0.0,84.0,14.0,0.0,29.84,-9.66,-1.65,10.0,OK
2026-05-01 02:08:12,4019,0.3475,0.0317,0.0,84.0,14.0,0.0,28.82,-9.43,-1.43,10.0,OK
2026-05-01 02:08:12,4020,0.338,0.0159,0.0,84.0,14.0,0.0,28.95,-6.59,-1.15,10.0,OK
2026-05-01 02:08:12,4021,0.3305,0.0156,0.0,84.0,14.0,0.0,29.74,-6.64,-1.48,10.0,OK
2026-05-01 02:08:13,4022,0.3197,0.0349,0.0,84.0,14.0,0.0,29.7,-10.92,-1.92,10.0,OK
2026-05-01 02:08:13,4023,0.3111,0.0312,0.0,84.0,14.0,0.0,30.37,-9.22,-0.77,10.0,OK
2026-05-01 02:08:13,4024,0.3413,0.0156,0.0,84.0,14.0,0.0,31.07,-10.46,-1.1,10.0,OK
2026-05-01 02:08:13,4025,0.3055,0.024,0.0,84.0,14.0,0.0,29.86,-6.7,-1.3,10.0,OK
2026-05-01 02:08:13,4026,0.3247,0.0167,0.0,84.0,14.0,0.0,29.32,-7.99,-1.4,10.0,OK
2026-05-01 02:08:13,4027,0.2237,0.0,0.0,84.0,14.0,0.0,28.83,-10.72,-2.36,10.0,OK
2026-05-01 02:08:13,4028,0.2299,0.0,0.0,84.0,14.0,0.0,30.05,-10.18,-2.91,10.0,OK
2026-05-01 02:08:13,4029,0.2325,0.0167,0.0,84.0,14.0,0.0,30.6,-10.32,-3.0,10.0,OK
2026-05-01 02:08:13,4030,0.2467,0.0164,0.0,84.0,14.0,0.0,31.09,-11.15,-2.73,10.0,OK
2026-05-01 02:08:13,4031,0.266,0.0344,0.0,84.0,14.0,0.0,29.69,-11.29,-3.83,10.0,OK
2026-05-01 02:08:13,4032,0.2609,0.0339,0.0,84.0,14.0,0.0,29.54,-12.56,-4.63,10.0,OK
2026-05-01 02:08:13,4033,0.2262,0.0164,0.0,84.0,14.0,0.0,30.95,-11.55,-3.55,10.0,OK
2026-05-01 02:08:13,4034,0.2314,0.0333,0.0,84.0,14.0,0.0,29.69,-9.99,-3.01,10.0,OK
2026-05-01 02:08:13,4035,0.2386,0.0239,0.0,84.0,14.0,0.0,32.83,-10.18,-3.03,10.0,OK
2026-05-01 02:08:13,4036,0.2348,0.0236,0.0,84.0,14.0,0.0,29.75,-11.09,-3.05,10.0,OK
2026-05-01 02:08:13,4037,0.2234,0.0167,0.0,84.0,14.0,0.0,30.53,-10.4,-3.51,10.0,OK
2026-05-01 02:08:13,4038,0.2181,0.0161,0.0,84.0,14.31,0.033,31.75,-11.69,-3.23,10.0,OK
2026-05-01 02:08:13,4039,0.2447,0.0164,0.0,84.0,14.29,0.0,31.99,-11.35,-4.19,10.0,OK
2026-05-01 02:08:13,4040,0.2371,0.0,0.0,84.0,14.27,0.0,33.5,-9.79,-2.96,10.0,OK
2026-05-01 02:08:13,4041,0.2389,0.0161,0.0,84.0,14.25,0.0,33.31,-9.05,-2.77,10.0,OK
2026-05-01 02:08:13,4042,0.2145,0.0164,0.0,84.0,14.7,0.033,31.33,-9.43,-1.87,10.0,OK
2026-05-01 02:08:13,4043,0.2157,0.0167,0.0,84.0,15.17,0.067,30.92,-9.23,-1.38,10.0,OK
2026-05-01 02:08:13,4044,0.233,0.0164,0.0,85.0,15.08,0.0,29.77,-9.86,-1.94,10.0,OK
2026-05-01 02:08:13,4045,0.2391,0.0161,0.0,85.0,14.99,0.0,30.44,-10.18,-2.43,10.0,OK
2026-05-01 02:08:13,4046,0.2259,0.0333,0.0,85.0,14.91,0.0,29.8,-11.78,-3.64,10.0,OK
2026-05-01 02:08:13,4047,0.2405,0.0166,0.0,85.0,14.84,0.0,29.8,-9.67,-3.87,10.0,OK
2026-05-01 02:08:13,4048,0.2142,0.0333,0.0,85.0,15.11,0.033,32.15,-10.68,-4.51,10.0,OK
2026-05-01 02:08:13,4049,0.2178,0.0508,0.0,85.0,15.3,0.067,29.82,-12.02,-3.98,10.0,OK
2026-05-01 02:08:13,4050,0.2325,0.0499,0.0,86.0,15.2,0.0,30.98,-11.26,-3.84,10.0,OK
2026-05-01 02:08:13,4051,0.2378,0.0345,0.0,86.0,15.1,0.0,28.27,-9.9,-2.04,10.0,OK
2026-05-01 02:08:14,4052,0.2532,0.0236,0.0,86.0,15.02,0.0,29.66,-11.47,-2.29,10.0,OK
2026-05-01 02:08:14,4053,0.2144,0.0322,0.0,86.0,15.21,0.033,32.98,-8.73,-2.9,10.0,OK
2026-05-01 02:08:14,4054,0.2215,0.0379,0.0,86.0,15.11,0.0,30.86,-9.45,-2.36,10.0,OK
2026-05-01 02:08:14,4055,0.2409,0.0164,0.0,86.0,15.02,0.0,28.83,-9.23,-2.33,10.0,OK
2026-05-01 02:08:14,4056,0.2389,0.0379,0.0,86.0,14.94,0.0,31.62,-10.91,-4.13,10.0,OK
2026-05-01 02:08:14,4057,0.2408,0.0169,0.0,86.0,14.87,0.0,29.9,-11.55,-3.43,10.0,OK
2026-05-01 02:08:14,4058,0.2409,0.0339,0.0,86.0,14.8,0.0,30.61,-11.5,-3.17,10.0,OK
2026-05-01 02:08:14,4059,0.2258,0.0333,0.0,86.0,14.73,0.0,31.3,-10.82,-2.34,10.0,OK
2026-05-01 02:08:14,4060,0.2381,0.0161,0.0,86.0,14.67,0.0,32.57,-9.78,-1.84,10.0,OK
2026-05-01 02:08:14,4061,0.2254,0.0161,0.0,85.0,14.62,0.0,31.97,-9.33,-1.5,10.0,OK
2026-05-01 02:08:14,4062,0.2492,0.0,0.0,85.0,14.57,0.0,31.27,-9.23,-2.35,10.0,OK
2026-05-01 02:08:14,4063,0.2211,0.0323,0.0,85.0,14.53,0.0,31.5,-10.9,-2.66,10.0,OK
2026-05-01 02:08:14,4064,0.2418,0.0159,0.0,85.0,14.48,0.0,33.14,-11.04,-2.98,10.0,OK
2026-05-01 02:08:14,4065,0.2211,0.0333,0.0,85.0,14.44,0.0,31.89,-10.41,-1.97,10.0,OK
2026-05-01 02:08:14,4066,0.2081,0.0328,0.0,85.0,15.24,0.033,32.54,-8.63,-1.95,10.0,OK
2026-05-01 02:08:14,4067,0.2065,0.0379,0.0,85.0,16.11,0.067,24.78,-7.14,-2.04,10.0,OK
2026-05-01 02:08:14,4068,0.1934,0.0248,0.0,85.0,17.76,0.1,27.34,-10.77,-2.23,10.0,OK
2026-05-01 02:08:14,4069,0.2147,0.0164,0.0,84.0,17.75,0.133,28.48,-9.29,-2.1,10.0,OK
2026-05-01 02:08:14,4070,0.2411,0.0333,0.0,85.0,17.45,0.0,27.71,-8.45,-2.63,10.0,OK
2026-05-01 02:08:14,4071,0.2118,0.0,0.0,85.0,17.34,0.033,30.51,-10.27,-3.37,10.0,OK
2026-05-01 02:08:14,4072,0.2264,0.0169,0.0,85.0,17.07,0.0,28.66,-9.4,-1.81,10.0,OK
2026-05-01 02:08:14,4073,0.2297,0.0167,0.0,85.0,16.82,0.0,30.11,-8.52,-1.59,10.0,OK
2026-05-01 02:08:14,4074,0.2472,0.0236,0.0,85.0,16.6,0.0,31.34,-8.99,-1.75,10.0,OK
2026-05-01 02:08:14,4075,0.2502,0.0164,0.0,85.0,16.39,0.0,30.64,-8.72,-1.57,10.0,OK
2026-05-01 02:08:14,4076,0.2211,0.0161,0.0,85.0,16.2,0.0,34.07,-8.23,-3.39,10.0,OK
2026-05-01 02:08:14,4077,0.2384,0.0333,0.0,85.0,16.02,0.0,31.03,-8.36,-2.79,10.0,OK
2026-05-01 02:08:14,4078,0.2096,0.0172,0.0,85.0,16.18,0.033,31.55,-9.67,-4.64,10.0,OK
2026-05-01 02:08:14,4079,0.1983,0.0172,0.0,85.0,17.24,0.067,32.39,-9.49,-4.14,10.0,OK
2026-05-01 02:08:14,4080,0.2413,0.0357,0.0,86.0,16.98,0.0,32.92,-7.82,-3.31,10.0,OK
2026-05-01 02:08:14,4081,0.2537,0.035,0.0,86.0,16.74,0.0,33.0,-8.5,-3.78,10.0,OK
2026-05-01 02:08:15,4082,0.2098,0.0164,0.0,86.0,16.72,0.033,32.09,-8.13,-2.54,10.0,OK
2026-05-01 02:08:15,4083,0.2435,0.0327,0.0,86.0,16.5,0.0,35.91,-10.55,-3.77,10.0,OK
2026-05-01 02:08:15,4084,0.2493,0.0161,0.0,86.0,16.3,0.0,35.87,-10.13,-3.22,10.0,OK
2026-05-01 02:08:15,4085,0.2042,0.0,0.0,86.0,16.7,0.033,34.76,-8.77,-2.34,10.0,OK
2026-05-01 02:08:15,4086,0.2097,0.0159,0.0,86.0,16.85,0.067,32.97,-9.85,-2.28,10.0,OK
2026-05-01 02:08:15,4087,0.2405,0.0167,0.0,87.0,16.62,0.0,29.78,-8.02,-1.54,10.0,OK
2026-05-01 02:08:15,4088,0.2294,0.0161,0.0,87.0,16.41,0.0,32.49,-8.66,-1.8,10.0,OK
2026-05-01 02:08:15,4089,0.232,0.0328,0.0,87.0,16.22,0.0,29.69,-9.13,-1.23,10.0,OK
2026-05-01 02:08:15,4090,0.2411,0.0172,0.0,87.0,16.04,0.0,29.7,-9.43,-1.71,10.0,OK
2026-05-01 02:08:15,4091,0.2324,0.0317,0.0,87.0,15.88,0.0,29.84,-8.62,-1.58,10.0,OK
2026-05-01 02:08:15,4092,0.2352,0.0323,0.0,87.0,15.73,0.0,30.47,-9.44,-2.03,10.0,OK
2026-05-01 02:08:15,4093,0.2607,0.0339,0.0,87.0,15.59,0.0,30.23,-9.15,-2.05,10.0,OK
2026-05-01 02:08:15,4094,0.243,0.0167,0.0,87.0,15.46,0.0,32.18,-10.92,-2.08,10.0,OK
2026-05-01 02:08:15,4095,0.251,0.0339,0.0,87.0,15.34,0.0,31.42,-10.11,-2.56,10.0,OK
2026-05-01 02:08:15,4096,0.2654,0.0164,0.0,87.0,15.24,0.0,31.83,-7.83,-1.59,10.0,OK
2026-05-01 02:08:15,4097,0.2715,0.0167,0.0,87.0,15.14,0.0,30.89,-6.3,-1.22,10.0,OK
2026-05-01 02:08:15,4098,0.2786,0.0339,0.0,87.0,15.05,0.0,28.95,-8.03,-3.04,10.0,OK
2026-05-01 02:08:15,4099,0.2715,0.0235,0.0,87.0,14.96,0.0,28.82,-9.52,-3.59,10.0,OK
2026-05-01 02:08:15,4100,0.2523,0.0492,0.0,87.0,14.89,0.0,30.32,-9.47,-2.65,10.0,OK
2026-05-01 02:08:15,4101,0.2727,0.0333,0.0,87.0,14.82,0.0,27.49,-8.33,-1.07,10.0,OK
2026-05-01 02:08:15,4102,0.2798,0.0169,0.0,87.0,14.75,0.0,28.3,-9.54,-1.28,10.0,OK
2026-05-01 02:08:15,4103,0.2596,0.0339,0.0,87.0,14.69,0.0,25.99,-8.16,-1.69,10.0,OK
2026-05-01 02:08:15,4104,0.2637,0.0339,0.0,87.0,14.63,0.0,24.64,-9.74,-1.56,10.0,OK
2026-05-01 02:08:15,4105,0.2663,0.0323,0.0,87.0,14.58,0.0,28.7,-8.82,-1.09,10.0,OK
2026-05-01 02:08:15,4106,0.2579,0.0328,0.0,87.0,14.54,0.0,29.49,-8.26,-1.01,10.0,OK
2026-05-01 02:08:15,4107,0.2774,0.0172,0.0,87.0,14.49,0.0,24.51,-9.15,-1.09,10.0,OK
2026-05-01 02:08:15,4108,0.2782,0.0167,0.0,87.0,14.45,0.0,23.4,-11.24,-1.85,10.0,OK
2026-05-01 02:08:15,4109,0.2745,0.0169,0.0,87.0,14.42,0.0,24.6,-9.55,-1.97,10.0,OK
2026-05-01 02:08:15,4110,0.2893,0.0328,0.0,87.0,14.38,0.0,23.71,-10.38,-2.04,10.0,OK
2026-05-01 02:08:15,4111,0.2885,0.0339,0.0,87.0,14.35,0.0,23.88,-10.81,-2.86,10.0,OK
2026-05-01 02:08:16,4112,0.3042,0.0333,0.0,87.0,14.33,0.0,23.47,-10.14,-1.95,10.0,OK
2026-05-01 02:08:16,4113,0.2949,0.0535,0.0,87.0,14.3,0.0,26.28,-8.63,-1.8,10.0,OK
2026-05-01 02:08:16,4114,0.2371,0.0169,0.0,87.0,14.28,0.0,23.58,-19.27,-6.65,10.0,OK
2026-05-01 02:08:16,4115,0.2661,0.0344,0.0,87.0,14.25,0.0,27.69,-18.9,-6.41,10.0,OK
2026-05-01 02:08:16,4116,0.3221,0.0,0.0,87.0,14.23,0.0,10.74,-25.95,-4.98,10.0,OK
2026-05-01 02:08:16,4117,0.3363,0.0166,0.0,87.0,14.21,0.0,11.82,-26.76,-6.82,10.0,OK
2026-05-01 02:08:16,4118,0.3128,0.0525,0.0,87.0,14.2,0.0,-3.9,-10.46,-2.53,10.0,OK
2026-05-01 02:08:16,4119,0.2989,0.1106,0.0,87.0,14.18,0.0,-2.73,-15.48,-2.89,10.0,OK
2026-05-01 02:08:16,4120,0.2965,0.0959,0.0,87.0,14.17,0.0,0.17,-16.2,-3.51,10.0,OK
2026-05-01 02:08:16,4121,0.2568,0.0726,0.0,87.0,14.15,0.0,-8.24,-14.75,-1.21,10.0,OK
2026-05-01 02:08:16,4122,0.2681,0.0748,0.0,87.0,14.14,0.0,-9.25,-13.9,-1.63,10.0,OK
2026-05-01 02:08:16,4123,0.2354,0.1411,0.0,87.0,14.13,0.0,-6.25,-14.86,-3.36,10.0,OK
2026-05-01 02:08:16,4124,0.2688,0.145,0.0,87.0,14.12,0.0,-2.44,-17.63,-3.18,10.0,OK
2026-05-01 02:08:17,4125,0.2378,0.0267,0.0,87.0,14.11,0.0,24.09,37.75,4.42,10.0,OK
2026-05-01 02:08:17,4126,0.2636,0.0256,0.0,87.0,14.1,0.0,28.67,31.03,1.07,10.0,OK
2026-05-01 02:08:18,4127,0.245,0.0175,0.0,87.0,14.09,0.0,29.91,17.98,-5.12,10.0,OK
2026-05-01 02:08:18,4128,0.2235,0.0185,0.0,87.0,14.09,0.0,20.57,29.32,1.96,10.0,OK
2026-05-01 02:08:18,4129,0.2388,0.0247,0.0,87.0,14.08,0.0,26.93,7.09,-5.7,10.0,OK
2026-05-01 02:08:18,4130,0.2532,0.0,0.0,87.0,14.07,0.0,12.95,-12.0,-4.83,10.0,OK
2026-05-01 02:08:18,4131,0.259,0.0196,0.0,87.0,14.07,0.0,19.09,-25.6,-5.23,10.0,OK
2026-05-01 02:08:18,4132,0.2537,0.0212,0.0,87.0,14.06,0.0,18.67,-29.46,-6.06,10.0,OK
2026-05-01 02:08:18,4133,0.2309,0.0257,0.0,87.0,14.06,0.0,26.15,-18.09,-0.81,10.0,OK
2026-05-01 02:08:18,4134,0.2785,0.0204,0.0,87.0,14.05,0.0,34.21,-0.89,-1.6,10.0,OK
2026-05-01 02:08:18,4135,0.3308,0.0208,0.0,87.0,14.05,0.0,33.43,2.99,0.52,10.0,OK
2026-05-01 02:08:18,4136,0.3106,0.0425,0.0,87.0,14.04,0.0,31.9,-2.7,1.46,10.0,OK
2026-05-01 02:08:18,4137,0.279,0.0208,0.0,87.0,14.04,0.0,33.84,-2.06,3.28,10.0,OK
2026-05-01 02:08:18,4138,0.2646,0.0208,0.0,87.0,14.04,0.0,34.22,-3.76,2.03,10.0,OK
2026-05-01 02:08:18,4139,0.3164,0.0321,0.0,87.0,14.03,0.0,34.08,-1.71,3.56,10.0,OK
2026-05-01 02:08:18,4140,0.3221,0.0327,0.0,87.0,14.03,0.0,32.2,-6.7,3.71,10.0,OK
2026-05-01 02:08:18,4141,0.3066,0.0208,0.0,87.0,14.03,0.0,30.44,-2.03,3.78,10.0,OK
2026-05-01 02:08:18,4142,0.3168,0.0217,0.0,87.0,14.03,0.0,30.86,-1.58,4.55,10.0,OK
2026-05-01 02:08:18,4143,0.2572,0.0208,0.0,87.0,14.02,0.0,27.14,-3.83,4.56,10.0,OK
2026-05-01 02:08:18,4144,0.2718,0.0455,0.0,87.0,14.02,0.0,29.94,-0.8,4.43,10.0,OK
2026-05-01 02:08:18,4145,0.2868,0.0407,0.0,87.0,14.02,0.0,30.18,1.19,4.86,10.0,OK
2026-05-01 02:08:18,4146,0.3278,0.0226,0.0,87.0,14.02,0.0,28.93,-4.26,3.43,10.0,OK
2026-05-01 02:08:18,4147,0.3148,0.0222,0.0,87.0,14.02,0.0,29.47,-2.69,2.39,10.0,OK
2026-05-01 02:08:18,4148,0.2278,0.0243,0.0,87.0,14.02,0.0,26.34,-10.49,3.06,10.0,OK
2026-05-01 02:08:18,4149,0.3235,0.0241,0.0,87.0,14.01,0.0,27.14,-2.14,7.89,10.0,OK
2026-05-01 02:08:18,4150,0.2854,0.0212,0.0,87.0,14.01,0.0,24.42,2.23,3.79,10.0,OK
2026-05-01 02:08:18,4151,0.3237,0.0,0.0,87.0,14.01,0.0,25.36,-0.2,3.26,10.0,OK
2026-05-01 02:08:18,4152,0.2805,0.0204,0.0,87.0,14.01,0.0,21.92,2.18,2.57,10.0,OK
2026-05-01 02:08:18,4153,0.2762,0.0213,0.0,87.0,14.01,0.0,18.2,1.41,2.4,10.0,OK
2026-05-01 02:08:18,4154,0.273,0.0204,0.0,87.0,14.01,0.0,17.13,0.59,1.13,10.0,OK
2026-05-01 02:08:19,4155,0.3057,0.0213,0.0,87.0,14.01,0.0,17.52,3.09,2.06,10.0,OK
2026-05-01 02:08:19,4156,0.288,0.0208,0.0,87.0,14.01,0.0,20.87,3.09,1.92,10.0,OK
2026-05-01 02:08:19,4157,0.292,0.0222,0.0,87.0,14.01,0.0,20.5,0.69,0.66,10.0,OK
2026-05-01 02:08:19,4158,0.3071,0.0217,0.0,87.0,14.01,0.0,23.31,4.24,1.52,10.0,OK
2026-05-01 02:08:19,4159,0.3135,0.0238,0.0,87.0,14.01,0.0,23.15,5.16,2.11,10.0,OK
2026-05-01 02:08:19,4160,0.3241,0.0337,0.0,87.0,14.01,0.0,24.66,4.07,1.91,10.0,OK
2026-05-01 02:08:19,4161,0.3414,0.0232,0.0,87.0,14.01,0.0,26.43,8.94,2.03,10.0,OK
2026-05-01 02:08:19,4162,0.3301,0.0227,0.0,87.0,14.01,0.0,26.2,9.68,2.86,10.0,OK
2026-05-01 02:08:19,4163,0.2774,0.0217,0.0,87.0,14.0,0.0,20.29,6.56,0.58,10.0,OK
2026-05-01 02:08:19,4164,0.2919,0.0217,0.0,87.0,14.0,0.0,21.45,6.82,1.05,10.0,OK
2026-05-01 02:08:19,4165,0.2961,0.0233,0.0,87.0,14.0,0.0,20.1,4.5,1.02,10.0,OK
2026-05-01 02:08:19,4166,0.2835,0.0222,0.0,87.0,14.0,0.0,21.47,4.22,0.28,10.0,OK
2026-05-01 02:08:19,4167,0.282,0.0217,0.0,87.0,14.0,0.0,23.17,5.28,0.71,10.0,OK
2026-05-01 02:08:19,4168,0.3072,0.0238,0.0,87.0,14.0,0.0,24.08,5.03,2.08,10.0,OK
2026-05-01 02:08:19,4169,0.3015,0.0329,0.0,87.0,14.0,0.0,25.88,3.62,2.17,10.0,OK
2026-05-01 02:08:19,4170,0.2803,0.0,0.0,87.0,14.0,0.0,18.74,-0.46,1.28,10.0,OK
2026-05-01 02:08:19,4171,0.301,0.0222,0.0,87.0,14.0,0.0,19.6,1.77,1.79,10.0,OK
2026-05-01 02:08:19,4172,0.2806,0.0222,0.0,87.0,14.0,0.0,21.53,0.14,2.52,10.0,OK
2026-05-01 02:08:19,4173,0.2788,0.0212,0.0,87.0,14.0,0.0,23.36,-1.99,2.68,10.0,OK
2026-05-01 02:08:19,4174,0.2619,0.0212,0.0,87.0,14.0,0.0,22.29,-2.03,2.54,10.0,OK
2026-05-01 02:08:19,4175,0.2335,0.0217,0.0,87.0,14.0,0.0,21.04,-1.83,3.58,10.0,OK
2026-05-01 02:08:19,4176,0.2627,0.0443,0.0,87.0,14.0,0.0,21.75,-0.7,4.31,10.0,OK
2026-05-01 02:08:19,4177,0.1977,0.0,0.0,87.0,15.62,0.033,21.51,-0.33,4.03,10.0,OK
2026-05-01 02:08:19,4178,0.1866,0.0212,0.0,87.0,17.62,0.067,22.08,-1.01,3.51,10.0,OK
2026-05-01 02:08:19,4179,0.2177,0.0424,0.0,87.0,17.52,0.1,20.26,-2.21,3.89,10.0,OK
2026-05-01 02:08:19,4180,0.2243,0.0415,0.0,88.0,17.24,0.0,23.67,-3.34,3.57,10.0,OK
2026-05-01 02:08:19,4181,0.2257,0.0434,0.0,88.0,16.98,0.0,22.68,-3.83,3.27,10.0,OK
2026-05-01 02:08:19,4182,0.2418,0.0212,0.0,88.0,16.74,0.0,22.15,-0.94,4.21,10.0,OK
2026-05-01 02:08:19,4183,0.2464,0.03,0.0,88.0,16.52,0.0,20.29,-2.36,3.7,10.0,OK
2026-05-01 02:08:19,4184,0.2464,0.0217,0.0,88.0,16.32,0.0,17.66,-1.58,4.12,10.0,OK
2026-05-01 02:08:20,4185,0.2295,0.0212,0.0,88.0,16.14,0.0,20.88,-1.41,4.26,10.0,OK
2026-05-01 02:08:20,4186,0.2529,0.0217,0.0,88.0,15.96,0.0,18.37,-0.62,3.28,10.0,OK
2026-05-01 02:08:20,4187,0.242,0.0217,0.0,88.0,15.81,0.0,21.23,-0.87,3.52,10.0,OK
2026-05-01 02:08:20,4188,0.2343,0.0217,0.0,88.0,15.66,0.0,20.9,-0.33,3.59,10.0,OK
2026-05-01 02:08:20,4189,0.2534,0.0434,0.0,88.0,15.53,0.0,20.9,-0.33,3.59,10.0,OK
2026-05-01 02:08:20,4190,0.2547,0.0443,0.0,88.0,15.41,0.0,16.45,-0.79,4.43,10.0,OK
2026-05-01 02:08:20,4191,0.2557,0.0314,0.0,88.0,15.29,0.0,21.02,-3.46,3.58,10.0,OK
2026-05-01 02:08:20,4192,0.2428,0.0443,0.0,88.0,15.19,0.0,19.12,-1.19,4.26,10.0,OK
2026-05-01 02:08:20,4193,0.2593,0.0221,0.0,88.0,15.1,0.0,17.21,-0.87,4.26,10.0,OK
2026-05-01 02:08:20,4194,0.2617,0.0217,0.0,88.0,15.01,0.0,16.73,-2.65,3.75,10.0,OK
2026-05-01 02:08:20,4195,0.2622,0.0,0.0,88.0,14.93,0.0,17.62,-2.92,3.6,10.0,OK
2026-05-01 02:08:20,4196,0.2705,0.0307,0.0,88.0,14.85,0.0,17.88,-2.94,3.38,10.0,OK
2026-05-01 02:08:20,4197,0.2452,0.0222,0.0,88.0,14.79,0.0,16.16,-0.33,2.66,10.0,OK
2026-05-01 02:08:20,4198,0.2689,0.0227,0.0,88.0,14.72,0.0,15.38,-0.49,2.8,10.0,OK
2026-05-01 02:08:20,4199,0.2693,0.0217,0.0,88.0,14.66,0.0,19.66,-0.47,1.71,10.0,OK
2026-05-01 02:08:20,4200,0.2874,0.0227,0.0,88.0,14.61,0.0,19.42,1.36,2.6,10.0,OK
2026-05-01 02:08:20,4201,0.2657,0.0,0.0,88.0,14.56,0.0,-7.72,0.93,-0.38,10.0,OK
2026-05-01 02:08:20,4202,0.2926,0.0233,0.0,88.0,14.52,0.0,-7.02,2.15,0.44,10.0,OK
2026-05-01 02:08:20,4203,0.269,0.0,0.0,88.0,14.48,0.0,-15.38,-0.24,-2.24,10.0,OK
2026-05-01 02:08:20,4204,0.2456,0.0,0.0,88.0,14.44,0.0,-17.84,2.19,-2.94,10.0,OK
2026-05-01 02:08:20,4205,0.2371,0.0222,0.0,88.0,14.4,0.0,-17.15,3.17,-2.7,10.0,OK
2026-05-01 02:08:20,4206,0.2353,0.0227,0.0,88.0,14.37,0.0,-18.94,2.23,-3.08,10.0,OK
2026-05-01 02:08:20,4207,0.2318,0.0453,0.0,88.0,14.34,0.0,-20.53,2.64,-3.53,10.0,OK
2026-05-01 02:08:20,4208,0.2322,0.0237,0.0,88.0,14.31,0.0,-21.31,2.45,-4.01,10.0,OK
2026-05-01 02:08:20,4209,0.2466,0.0464,0.0,88.0,14.29,0.0,-22.11,2.34,-3.99,10.0,OK
2026-05-01 02:08:20,4210,0.2094,0.0227,0.0,88.0,15.06,0.033,-25.36,2.73,-2.94,10.0,OK
2026-05-01 02:08:20,4211,0.2185,0.0232,0.0,88.0,15.22,0.067,-24.06,1.83,-2.54,10.0,OK
2026-05-01 02:08:20,4212,0.232,0.0454,0.0,89.0,15.12,0.0,-23.62,1.97,-3.15,10.0,OK
2026-05-01 02:08:20,4213,0.2233,0.0232,0.0,88.0,15.03,0.0,-26.64,2.06,-1.67,10.0,OK
2026-05-01 02:08:20,4214,0.1903,0.0227,0.0,88.0,16.76,0.033,-26.97,2.24,-1.96,10.0,OK
2026-05-01 02:08:21,4215,0.2225,0.0465,0.0,88.0,16.54,0.0,-27.32,2.1,-1.59,10.0,OK
2026-05-01 02:08:21,4216,0.2138,0.0232,0.0,88.0,16.47,0.033,-27.68,1.96,-1.45,10.0,OK
2026-05-01 02:08:21,4217,0.2348,0.0222,0.0,88.0,16.28,0.0,-27.53,1.17,-1.3,10.0,OK
2026-05-01 02:08:21,4218,0.2371,0.0455,0.0,88.0,16.09,0.0,-27.47,1.31,-0.35,10.0,OK
2026-05-01 02:08:21,4219,0.223,0.0455,0.0,88.0,15.93,0.0,-28.38,0.58,-0.71,10.0,OK
2026-05-01 02:08:21,4220,0.212,0.0238,0.0,88.0,15.96,0.033,-29.29,1.67,-1.24,10.0,OK
2026-05-01 02:08:21,4221,0.2121,0.0238,0.0,88.0,16.21,0.067,-29.76,0.75,-0.48,10.0,OK
2026-05-01 02:08:21,4222,0.2287,0.0233,0.0,89.0,16.04,0.0,-32.11,1.14,-0.2,10.0,OK
2026-05-01 02:08:21,4223,0.2109,0.0337,0.0,89.0,16.1,0.033,-30.64,1.69,-0.72,10.0,OK
2026-05-01 02:08:21,4224,0.2019,0.0321,0.0,89.0,16.96,0.067,-32.63,2.07,-0.72,10.0,OK
2026-05-01 02:08:21,4225,0.1971,0.0227,0.0,89.0,18.07,0.1,-32.95,1.6,-0.69,10.0,OK
2026-05-01 02:08:21,4226,0.2173,0.0238,0.0,88.0,18.0,0.133,-33.84,-0.37,-0.86,10.0,OK
2026-05-01 02:08:21,4227,0.2229,0.0238,0.0,89.0,17.68,0.0,-33.43,-0.75,-0.49,10.0,OK
2026-05-01 02:08:21,4228,0.239,0.0227,0.0,89.0,17.38,0.0,-36.34,0.54,-1.26,10.0,OK
2026-05-01 02:08:21,4229,0.1964,0.0232,0.0,89.0,17.9,0.033,-34.14,0.24,-0.74,10.0,OK
2026-05-01 02:08:21,4230,0.1747,0.0227,0.0,89.0,19.86,0.067,-34.45,-0.77,-0.56,10.0,OK
2026-05-01 02:08:21,4231,0.2085,0.0,0.0,89.0,19.72,0.1,-33.66,0.12,0.03,10.0,OK
2026-05-01 02:08:21,4232,0.2042,0.0,0.0,89.0,19.71,0.133,-33.68,-0.48,0.02,10.0,OK
2026-05-01 02:08:21,4233,0.2234,0.0,0.0,90.0,19.25,0.0,-34.93,0.03,-0.49,10.0,OK
2026-05-01 02:08:21,4234,0.2092,0.0,0.0,90.0,19.03,0.033,-35.71,-0.72,-0.57,10.0,OK
2026-05-01 02:08:21,4235,0.1855,0.0232,0.0,89.0,19.91,0.067,-35.91,-1.35,-0.7,10.0,OK
2026-05-01 02:08:21,4236,0.2091,0.0,0.0,89.0,19.76,0.1,-36.88,0.21,-1.4,10.0,OK
2026-05-01 02:08:21,4237,0.2109,0.0238,0.0,89.0,19.64,0.133,-35.88,-0.32,-1.78,10.0,OK
2026-05-01 02:08:21,4238,0.2079,0.0337,0.0,89.0,19.63,0.167,-35.91,-0.54,-1.52,10.0,OK
2026-05-01 02:08:21,4239,0.1989,0.0227,0.0,89.0,20.43,0.2,-36.03,-0.63,-1.62,10.0,OK
2026-05-01 02:08:21,4240,0.2029,0.0,0.0467,89.0,20.94,0.233,-35.96,0.1,-1.15,10.0,OK
2026-05-01 02:08:21,4241,0.1992,0.0222,0.0533,89.0,21.75,0.267,-36.75,-0.39,-1.1,10.0,OK
2026-05-01 02:08:21,4242,0.1683,0.0,0.06,89.0,24.49,0.3,-36.29,0.69,-0.75,10.0,OK
2026-05-01 02:08:21,4243,0.1683,0.0217,0.0667,88.0,26.52,0.333,-36.28,0.27,-0.47,10.0,OK
2026-05-01 02:08:21,4244,0.1827,0.0329,0.0733,88.0,27.16,0.367,-35.63,-0.94,-1.84,10.0,OK
2026-05-01 02:08:22,4245,0.1751,0.0329,0.08,88.0,28.31,0.4,-36.16,-0.29,-1.36,10.0,OK
2026-05-01 02:08:22,4246,0.196,0.0244,0.0867,88.0,28.23,0.433,-35.59,-1.04,-1.36,10.0,OK
2026-05-01 02:08:22,4247,0.2001,0.0244,0.0933,88.0,28.16,0.467,-35.57,-0.56,-1.28,10.0,OK
2026-05-01 02:08:22,4248,0.199,0.0232,0.1,88.0,28.17,0.5,-36.03,-1.02,-1.23,10.0,OK
2026-05-01 02:08:22,4249,0.189,0.0232,0.1067,88.0,29.29,0.533,-36.2,0.1,-1.77,10.0,OK
2026-05-01 02:08:22,4250,0.1923,0.0,0.1133,88.0,30.29,0.567,-35.58,-0.16,-1.68,10.0,OK
2026-05-01 02:08:22,4251,0.2086,0.0227,0.12,88.0,30.38,0.6,-35.75,-0.4,-1.98,10.0,OK
2026-05-01 02:08:22,4252,0.2086,0.0227,0.1267,88.0,30.91,0.633,-36.04,-1.34,-1.81,10.0,OK
2026-05-01 02:08:22,4253,0.2102,0.0314,0.1333,88.0,31.63,0.667,-36.7,1.05,-1.89,10.0,OK
2026-05-01 02:08:22,4254,0.197,0.0217,0.14,88.0,33.42,0.7,-36.38,0.53,-2.02,10.0,OK
2026-05-01 02:08:22,4255,0.1742,0.0,0.1467,88.0,36.53,0.733,-35.04,0.48,-1.28,10.0,OK
2026-05-01 02:08:22,4256,0.1996,0.0227,0.1533,87.0,37.39,0.767,-35.11,-1.04,-1.22,10.0,OK
2026-05-01 02:08:22,4257,0.2091,0.0232,0.16,87.0,37.83,0.8,-35.57,-1.48,-0.93,10.0,OK
2026-05-01 02:08:22,4258,0.1796,0.0227,0.1667,87.0,40.48,0.833,-36.05,-1.07,-1.32,10.0,OK
2026-05-01 02:08:22,4259,0.1828,0.0227,0.1733,87.0,42.47,0.867,-35.26,-0.6,-1.35,10.0,OK
2026-05-01 02:08:22,4260,0.1774,0.0227,0.18,87.0,44.59,0.9,-35.93,-0.48,-1.1,10.0,OK
2026-05-01 02:08:22,4261,0.1839,0.0,0.1867,87.0,46.03,0.933,-35.62,-1.34,-1.19,10.0,OK
2026-05-01 02:08:22,4262,0.204,0.0227,0.1933,87.0,46.16,0.967,-35.0,-1.14,-1.57,10.0,OK
2026-05-01 02:08:22,4263,0.2094,0.0227,0.2,87.0,46.38,1.0,-34.97,-0.36,-1.97,10.0,OK
2026-05-01 02:08:22,4264,0.1658,0.0238,0.2067,87.0,49.79,1.033,-33.85,-0.6,-1.75,10.0,OK
2026-05-01 02:08:22,4265,0.1895,0.0,0.2133,87.0,50.96,1.067,-35.2,-1.04,-1.22,10.0,OK
2026-05-01 02:08:22,4266,0.1732,0.0,0.22,87.0,53.25,1.1,-34.6,-0.29,-1.62,10.0,OK
2026-05-01 02:08:22,4267,0.1955,0.0227,0.2267,87.0,53.79,1.133,-34.97,-0.27,-1.97,10.0,OK
2026-05-01 02:08:22,4268,0.2001,0.0222,0.2333,87.0,54.32,1.167,-34.64,-0.8,-1.95,10.0,OK
2026-05-01 02:08:22,4269,0.2102,0.0222,0.24,87.0,54.5,1.2,-33.79,-0.53,-1.27,10.0,OK
2026-05-01 02:08:22,4270,0.2037,0.0227,0.2467,87.0,55.51,1.233,-33.77,-1.03,-0.97,10.0,OK
2026-05-01 02:08:22,4271,0.2096,0.0,0.2533,87.0,56.27,1.267,-35.89,-0.35,-1.71,10.0,OK
2026-05-01 02:08:22,4272,0.2126,0.0,0.26,87.0,57.05,1.3,-36.37,-0.35,-1.72,10.0,OK
2026-05-01 02:08:22,4273,0.1747,0.0,0.2667,87.0,60.46,1.333,-36.63,-0.42,-1.11,10.0,OK
2026-05-01 02:08:22,4274,0.1917,0.0,0.2733,87.0,62.07,1.367,-36.58,-0.6,-1.5,10.0,OK
2026-05-01 02:08:23,4275,0.1828,0.0232,0.28,87.0,64.16,1.4,-36.44,-0.08,-1.68,10.0,OK
2026-05-01 02:08:23,4276,0.1782,0.0232,0.2867,87.0,66.29,1.433,-37.48,-0.6,-1.5,10.0,OK
2026-05-01 02:08:23,4277,0.189,0.0232,0.2933,87.0,67.46,1.467,-36.68,0.07,-1.13,10.0,OK
2026-05-01 02:08:23,4278,0.1921,0.0,0.3,87.0,68.51,1.5,-37.51,0.24,-0.63,10.0,OK
2026-05-01 02:08:23,4279,0.1859,0.0,0.3067,87.0,70.06,1.533,-37.15,-0.88,0.05,10.0,OK
2026-05-01 02:08:23,4280,0.2092,0.0232,0.3133,86.0,70.06,1.567,-38.06,-1.48,-1.08,10.0,OK
2026-05-01 02:08:23,4281,0.2122,0.0232,0.32,86.0,70.35,1.6,-38.38,-0.92,-1.32,10.0,OK
2026-05-01 02:08:23,4282,0.1856,0.0233,0.3267,86.0,72.71,1.633,-38.64,0.73,-0.87,10.0,OK
2026-05-01 02:08:23,4283,0.19,0.0329,0.3333,86.0,74.44,1.667,-37.67,0.34,-0.47,10.0,HIGH
2026-05-01 02:08:23,4284,0.2027,0.0337,0.34,86.0,75.24,1.7,-38.63,-0.82,-0.1,10.0,HIGH
2026-05-01 02:08:23,4285,0.2098,0.0238,0.3467,86.0,75.78,1.733,-38.62,-0.58,-0.58,10.0,HIGH
2026-05-01 02:08:23,4286,0.1822,0.0238,0.3533,86.0,78.37,1.767,-38.41,-0.43,-0.24,10.0,HIGH
2026-05-01 02:08:23,4287,0.1828,0.0,0.36,86.0,80.5,1.8,-37.89,-0.22,-0.51,10.0,HIGH
2026-05-01 02:08:23,4288,0.1858,0.0238,0.3667,86.0,82.17,1.833,-38.12,-0.19,-0.61,10.0,HIGH
2026-05-01 02:08:23,4289,0.1992,0.0337,0.3733,86.0,82.87,1.867,-40.28,-1.24,-0.71,10.0,HIGH
2026-05-01 02:08:23,4290,0.2019,0.0,0.38,86.0,83.64,1.9,-40.11,-1.28,-0.94,10.0,HIGH
2026-05-01 02:08:23,4291,0.1802,0.0233,0.3867,86.0,86.0,1.933,-37.19,0.78,0.27,10.0,HIGH
2026-05-01 02:08:23,4292,0.171,0.0476,0.3933,85.0,88.6,1.967,-37.92,-0.44,0.81,10.0,HIGH
2026-05-01 02:08:23,4293,0.1829,0.0233,0.4,85.0,90.01,2.0,-40.1,-1.41,-0.18,10.0,HIGH
2026-05-01 02:08:23,4294,0.1864,0.0233,0.4067,85.0,90.7,2.033,-38.99,-0.3,-0.49,10.0,HIGH
2026-05-01 02:08:23,4295,0.1834,0.0465,0.4133,85.0,91.35,2.067,-38.71,-0.67,-0.21,10.0,HIGH
2026-05-01 02:08:23,4296,0.1802,0.0238,0.42,85.0,91.97,2.1,-39.33,-0.81,-0.62,10.0,HIGH
2026-05-01 02:08:23,4297,0.1878,0.0238,0.4267,85.0,91.95,2.133,-39.79,-0.79,-0.74,10.0,HIGH
2026-05-01 02:08:23,4298,0.2004,0.0476,0.4333,85.0,91.75,2.167,-38.9,-0.32,-0.5,10.0,HIGH
2026-05-01 02:08:23,4299,0.1891,0.0238,0.44,84.0,91.73,2.2,-38.9,-0.32,-0.5,10.0,HIGH
2026-05-01 02:08:23,4300,0.1968,0.0244,0.4467,84.0,91.6,2.233,-38.01,0.59,-1.46,10.0,HIGH
2026-05-01 02:08:23,4301,0.2031,0.0233,0.4533,84.0,91.38,2.267,-40.85,-0.68,-1.13,10.0,HIGH
2026-05-01 02:08:23,4302,0.1936,0.0233,0.46,84.0,91.33,2.3,-40.67,-0.7,-1.52,10.0,HIGH
2026-05-01 02:08:23,4303,0.1869,0.0233,0.4667,84.0,91.53,2.333,-39.59,-0.58,-1.41,10.0,HIGH
2026-05-01 02:08:23,4304,0.1891,0.0238,0.4733,84.0,91.53,2.367,-40.08,-0.61,-0.51,10.0,HIGH
2026-05-01 02:08:24,4305,0.2032,0.0238,0.48,84.0,91.32,2.4,-39.79,-0.88,-0.93,10.0,CRITICAL
2026-05-01 02:08:24,4306,0.2055,0.0232,0.4867,84.0,91.09,2.433,-38.87,-1.83,-0.54,10.0,CRITICAL
2026-05-01 02:08:24,4307,0.1964,0.0,0.4933,84.0,91.02,2.467,-39.9,-0.32,-1.27,10.0,CRITICAL
2026-05-01 02:08:24,4308,0.1815,0.0,0.5,84.0,91.67,2.5,-39.89,-1.21,-1.22,10.0,CRITICAL
2026-05-01 02:08:24,4309,0.1833,0.0465,0.5067,84.0,91.97,2.533,-38.8,-0.87,-1.49,10.0,CRITICAL
2026-05-01 02:08:24,4310,0.2037,0.0465,0.5133,84.0,91.72,2.567,-38.62,-0.76,-0.58,10.0,CRITICAL
2026-05-01 02:08:24,4311,0.1674,0.025,0.52,84.0,93.03,2.6,-37.18,-0.05,-1.02,10.0,CRITICAL
2026-05-01 02:08:24,4312,0.1995,0.025,0.5267,84.0,92.75,2.633,-32.17,-0.13,-1.26,10.0,CRITICAL
2026-05-01 02:08:24,4313,0.1931,0.025,0.5333,84.0,92.59,2.667,-32.43,-1.39,-0.58,10.0,CRITICAL
2026-05-01 02:08:24,4314,0.2109,0.0244,0.54,84.0,92.19,2.7,-31.41,-0.88,-1.2,10.0,CRITICAL
2026-05-01 02:08:24,4315,0.2119,0.025,0.5467,84.0,91.8,2.733,-32.26,-0.26,-1.45,10.0,CRITICAL
2026-05-01 02:08:24,4316,0.1947,0.0244,0.5533,84.0,91.69,2.767,-27.17,1.02,-1.2,10.0,CRITICAL
2026-05-01 02:08:24,4317,0.2046,0.0244,0.56,84.0,91.45,2.8,-28.18,1.15,-0.8,10.0,CRITICAL
2026-05-01 02:08:24,4318,0.1528,0.0513,0.5667,84.0,93.79,2.833,-18.18,-0.29,-1.55,10.0,CRITICAL
2026-05-01 02:08:24,4319,0.2003,0.0256,0.5733,84.0,93.44,2.867,-16.72,0.26,-1.95,10.0,CRITICAL
2026-05-01 02:08:24,4320,0.1982,0.0,0.58,84.0,93.15,2.9,-11.6,2.18,-0.31,10.0,CRITICAL
2026-05-01 02:08:24,4321,0.2224,0.0238,0.58,84.0,89.22,0.0,-12.96,3.33,-1.01,10.0,CRITICAL
2026-05-01 02:08:24,4322,0.2311,0.0244,0.58,84.0,85.6,0.0,-5.98,1.61,-1.75,10.0,CRITICAL
2026-05-01 02:08:24,4323,0.2674,0.0513,0.58,84.0,82.27,0.0,0.32,3.2,-2.14,10.0,CRITICAL
2026-05-01 02:08:24,4324,0.2661,0.0244,0.58,84.0,79.21,0.0,0.71,4.33,-1.79,10.0,CRITICAL
2026-05-01 02:08:24,4325,0.2969,0.0232,0.58,84.0,76.39,0.0,26.59,3.57,0.87,10.0,CRITICAL
2026-05-01 02:08:24,4326,0.2793,0.0488,0.58,84.0,73.8,0.0,25.26,3.47,0.47,10.0,CRITICAL
2026-05-01 02:08:24,4327,0.3176,0.075,0.58,84.0,71.42,0.0,26.94,3.21,2.49,10.0,CRITICAL
2026-05-01 02:08:24,4328,0.312,0.0532,0.58,84.0,69.23,0.0,29.26,2.26,2.47,10.0,CRITICAL
2026-05-01 02:08:24,4329,0.3124,0.0232,0.58,84.0,67.21,0.0,35.41,2.32,2.55,10.0,CRITICAL
2026-05-01 02:08:24,4330,0.3258,0.0237,0.58,84.0,65.35,0.0,39.48,-0.11,4.31,10.0,CRITICAL
2026-05-01 02:08:24,4331,0.3321,0.0232,0.58,84.0,63.64,0.0,40.44,-1.2,4.04,10.0,CRITICAL
2026-05-01 02:08:24,4332,0.3076,0.0,0.58,84.0,62.07,0.0,43.88,-0.48,5.79,10.0,CRITICAL
2026-05-01 02:08:24,4333,0.3379,0.0243,0.58,84.0,60.63,0.0,43.89,0.79,5.35,10.0,CRITICAL
2026-05-01 02:08:25,4334,0.2873,0.0232,0.58,84.0,59.3,0.0,49.31,-0.79,5.26,10.0,CRITICAL
2026-05-01 02:08:25,4335,0.3163,0.0327,0.58,83.0,58.07,0.0,48.78,-0.55,5.6,10.0,CRITICAL
2026-05-01 02:08:25,4336,0.2922,0.0226,0.58,83.0,56.95,0.0,52.42,1.77,6.86,10.0,CRITICAL
2026-05-01 02:08:25,4337,0.301,0.0,0.58,83.0,55.91,0.0,53.21,2.59,6.25,10.0,CRITICAL
2026-05-01 02:08:25,4338,0.3078,0.0,0.58,83.0,54.96,0.0,55.87,-1.31,6.41,10.0,CRITICAL
2026-05-01 02:08:25,4339,0.3001,0.0,0.58,83.0,54.08,0.0,55.18,-0.62,6.08,10.0,CRITICAL
2026-05-01 02:08:25,4340,0.2901,0.0217,0.58,83.0,53.27,0.0,53.88,1.18,6.6,10.0,CRITICAL
2026-05-01 02:08:25,4341,0.3008,0.0208,0.58,83.0,52.53,0.0,60.47,-0.22,5.24,10.0,CRITICAL
2026-05-01 02:08:25,4342,0.3101,0.0415,0.58,82.0,51.85,0.0,60.46,-0.7,5.26,10.0,CRITICAL
2026-05-01 02:08:25,4343,0.3059,0.0,0.58,82.0,51.22,0.0,59.82,-1.31,4.95,10.0,CRITICAL
2026-05-01 02:08:25,4344,0.2938,0.0,0.58,82.0,50.64,0.0,59.29,-0.67,4.19,10.0,CRITICAL
2026-05-01 02:08:25,4345,0.2998,0.0,0.58,82.0,50.11,0.0,58.67,-0.97,5.65,10.0,CRITICAL
2026-05-01 02:08:25,4346,0.2956,0.0,0.58,82.0,49.62,0.0,58.59,0.24,6.35,10.0,CRITICAL
2026-05-01 02:08:25,4347,0.3101,0.0203,0.58,81.0,49.17,0.0,60.17,-1.63,5.51,10.0,CRITICAL
2026-05-01 02:08:25,4348,0.3006,0.0,0.58,81.0,48.76,0.0,59.48,-2.12,4.45,10.0,CRITICAL
2026-05-01 02:08:25,4349,0.2888,0.0,0.58,81.0,48.38,0.0,59.1,-1.2,4.14,10.0,CRITICAL
2026-05-01 02:08:25,4350,0.3206,0.0208,0.58,81.0,48.03,0.0,59.44,-3.19,3.86,10.0,CRITICAL
2026-05-01 02:08:25,4351,0.3089,0.0208,0.58,81.0,47.71,0.0,58.24,-3.25,3.41,10.0,CRITICAL
2026-05-01 02:08:25,4352,0.3067,0.0203,0.58,80.0,47.41,0.0,59.84,-2.44,4.24,10.0,CRITICAL
2026-05-01 02:08:25,4353,0.3027,0.0208,0.58,80.0,47.14,0.0,58.6,-2.9,3.52,10.0,CRITICAL
2026-05-01 02:08:25,4354,0.2914,0.0203,0.58,80.0,46.89,0.0,58.42,-2.81,5.33,10.0,CRITICAL
2026-05-01 02:08:25,4355,0.3118,0.0,0.58,80.0,46.66,0.0,58.15,-2.54,5.19,10.0,CRITICAL
2026-05-01 02:08:25,4356,0.2853,0.0307,0.58,80.0,46.44,0.0,56.81,-0.61,4.95,10.0,CRITICAL
2026-05-01 02:08:25,4357,0.3054,0.0208,0.58,80.0,46.25,0.0,58.15,-1.4,5.51,10.0,CRITICAL
2026-05-01 02:08:25,4358,0.309,0.0,0.58,80.0,46.07,0.0,54.43,-2.75,5.17,10.0,CRITICAL
2026-05-01 02:08:25,4359,0.3093,0.0,0.58,80.0,45.9,0.0,54.64,-3.05,5.29,10.0,CRITICAL
2026-05-01 02:08:25,4360,0.3233,0.0212,0.58,80.0,45.75,0.0,51.03,-1.73,4.88,10.0,CRITICAL
2026-05-01 02:08:25,4361,0.3099,0.0,0.58,80.0,45.61,0.0,53.27,-3.8,4.88,10.0,CRITICAL
2026-05-01 02:08:25,4362,0.3192,0.0,0.58,80.0,45.48,0.0,52.91,-2.69,4.77,10.0,CRITICAL
2026-05-01 02:08:25,4363,0.3294,0.0,0.58,80.0,45.36,0.0,49.03,-2.99,5.25,10.0,CRITICAL
2026-05-01 02:08:25,4364,0.3116,0.0227,0.58,79.0,45.25,0.0,50.2,-1.83,4.91,10.0,CRITICAL
2026-05-01 02:08:26,4365,0.3116,0.0221,0.58,79.0,45.15,0.0,50.1,-5.07,3.65,10.0,CRITICAL
2026-05-01 02:08:26,4366,0.3307,0.0217,0.58,79.0,45.06,0.0,49.94,-4.57,4.29,10.0,CRITICAL
2026-05-01 02:08:26,4367,0.3238,0.0,0.58,79.0,44.98,0.0,49.17,-3.58,5.36,10.0,CRITICAL
2026-05-01 02:08:26,4368,0.322,0.0,0.58,79.0,44.9,0.0,51.05,-3.07,5.39,10.0,CRITICAL
2026-05-01 02:08:26,4369,0.3161,0.0,0.58,79.0,44.83,0.0,50.58,-3.45,5.52,10.0,CRITICAL
2026-05-01 02:08:26,4370,0.3087,0.0,0.58,79.0,44.76,0.0,49.8,-4.51,4.91,10.0,CRITICAL
2026-05-01 02:08:26,4371,0.3014,0.0,0.58,79.0,44.7,0.0,50.56,-4.64,4.53,10.0,CRITICAL
2026-05-01 02:08:26,4372,0.3344,0.0,0.58,79.0,44.64,0.0,48.39,-3.58,4.81,10.0,CRITICAL
2026-05-01 02:08:26,4373,0.3116,0.0,0.58,79.0,44.59,0.0,49.14,-3.81,4.91,10.0,CRITICAL
2026-05-01 02:08:26,4374,0.3175,0.0,0.58,78.0,44.54,0.0,51.58,-2.79,5.15,10.0,CRITICAL
2026-05-01 02:08:26,4375,0.312,0.0222,0.58,78.0,44.5,0.0,47.51,-4.09,4.26,10.0,CRITICAL
2026-05-01 02:08:26,4376,0.3171,0.0,0.58,78.0,44.46,0.0,48.52,-3.55,4.54,10.0,CRITICAL
2026-05-01 02:08:26,4377,0.2986,0.0,0.58,78.0,44.42,0.0,50.96,-4.49,4.17,10.0,CRITICAL
2026-05-01 02:08:26,4378,0.3085,0.0,0.58,78.0,44.39,0.0,50.02,-4.48,4.49,10.0,CRITICAL
2026-05-01 02:08:26,4379,0.3004,0.0,0.58,78.0,44.36,0.0,49.74,-4.61,4.81,10.0,CRITICAL
2026-05-01 02:08:26,4380,0.3196,0.0216,0.58,78.0,44.33,0.0,49.07,-4.29,4.81,10.0,CRITICAL
2026-05-01 02:08:26,4381,0.3255,0.0,0.58,78.0,44.3,0.0,50.19,-4.81,4.97,10.0,CRITICAL
2026-05-01 02:08:26,4382,0.3136,0.0,0.58,78.0,44.28,0.0,50.26,-4.29,4.88,10.0,CRITICAL
2026-05-01 02:08:26,4383,0.3085,0.0,0.58,78.0,44.26,0.0,49.92,-4.96,5.8,10.0,CRITICAL
2026-05-01 02:08:26,4384,0.2995,0.0,0.5733,78.0,44.24,0.0,46.49,-3.45,4.36,10.0,CRITICAL
2026-05-01 02:08:26,4385,0.3061,0.0217,0.5667,78.0,44.22,0.0,45.93,-3.6,4.43,10.0,CRITICAL
2026-05-01 02:08:26,4386,0.3086,0.0227,0.56,78.0,44.2,0.0,43.59,-2.41,4.59,10.0,CRITICAL
2026-05-01 02:08:26,4387,0.3155,0.0,0.5533,77.0,44.18,0.0,42.18,-3.28,4.07,10.0,CRITICAL
2026-05-01 02:08:26,4388,0.3419,0.0,0.5467,77.0,44.17,0.0,40.2,-4.69,3.14,10.0,CRITICAL
2026-05-01 02:08:26,4389,0.3307,0.0226,0.54,77.0,44.16,0.0,38.25,-4.06,3.87,10.0,CRITICAL
2026-05-01 02:08:26,4390,0.3246,0.0227,0.5333,77.0,44.14,0.0,37.07,-2.12,3.3,10.0,CRITICAL
2026-05-01 02:08:26,4391,0.3076,0.0232,0.5267,77.0,44.13,0.0,34.38,-2.82,3.08,10.0,CRITICAL
2026-05-01 02:08:26,4392,0.3464,0.0227,0.52,77.0,44.12,0.0,31.15,-1.68,3.76,10.0,CRITICAL
2026-05-01 02:08:26,4393,0.3198,0.0,0.5133,77.0,44.11,0.0,31.16,-3.87,3.02,10.0,CRITICAL
2026-05-01 02:08:26,4394,0.3333,0.0227,0.5067,77.0,44.1,0.0,26.45,-3.51,2.97,10.0,CRITICAL
2026-05-01 02:08:27,4395,0.3486,0.0,0.5,77.0,44.09,0.0,28.17,-2.69,2.9,10.0,CRITICAL
2026-05-01 02:08:27,4396,0.3247,0.0227,0.4933,77.0,44.09,0.0,22.85,-1.36,2.42,10.0,CRITICAL
2026-05-01 02:08:27,4397,0.319,0.0232,0.4867,77.0,44.08,0.0,19.09,-2.41,2.48,10.0,CRITICAL
2026-05-01 02:08:27,4398,0.3175,0.0238,0.48,77.0,44.07,0.0,19.69,-1.32,2.29,10.0,CRITICAL
2026-05-01 02:08:27,4399,0.2754,0.0222,0.4733,77.0,44.07,0.0,21.53,-0.26,2.71,10.0,CRITICAL
2026-05-01 02:08:27,4400,0.2799,0.0222,0.4667,77.0,44.06,0.0,18.58,-2.65,1.9,10.0,CRITICAL
2026-05-01 02:08:27,4401,0.3078,0.0222,0.46,77.0,44.06,0.0,18.0,-2.96,1.68,10.0,CRITICAL
2026-05-01 02:08:27,4402,0.2842,0.0217,0.4533,77.0,44.05,0.0,19.21,-1.04,2.74,10.0,CRITICAL
2026-05-01 02:08:27,4403,0.2713,0.0222,0.4467,76.0,44.05,0.0,20.6,-0.6,1.78,10.0,CRITICAL
2026-05-01 02:08:27,4404,0.2906,0.0217,0.44,76.0,44.04,0.0,20.43,-2.49,1.74,10.0,CRITICAL
2026-05-01 02:08:27,4405,0.2112,0.0222,0.4333,76.0,44.79,0.033,19.79,-0.33,1.11,10.0,CRITICAL
2026-05-01 02:08:27,4406,0.2169,0.0321,0.4267,76.0,45.15,0.067,16.53,-0.44,0.63,10.0,CRITICAL
2026-05-01 02:08:27,4407,0.2246,0.0321,0.42,77.0,45.05,0.0,18.51,-0.67,0.65,10.0,CRITICAL
2026-05-01 02:08:27,4408,0.2474,0.0454,0.4133,77.0,44.97,0.0,19.36,-1.56,0.85,10.0,CRITICAL
2026-05-01 02:08:27,4409,0.2388,0.0227,0.4067,77.0,44.89,0.0,18.79,-2.62,1.06,10.0,CRITICAL
2026-05-01 02:08:27,4410,0.2846,0.0454,0.4,76.0,44.82,0.0,18.53,-4.05,1.52,10.0,CRITICAL
2026-05-01 02:08:27,4411,0.299,0.0454,0.3933,76.0,44.7,0.0,18.51,-2.06,1.53,10.0,CRITICAL
2026-05-01 02:08:27,4412,0.2889,0.0213,0.3867,76.0,44.54,0.0,19.81,-1.68,2.14,10.0,CRITICAL
2026-05-01 02:08:27,4413,0.2767,0.0217,0.38,76.0,44.34,0.0,19.09,-2.0,1.69,10.0,CRITICAL
2026-05-01 02:08:27,4414,0.273,0.0222,0.3733,76.0,44.1,0.0,20.34,-1.42,1.85,10.0,CRITICAL
2026-05-01 02:08:27,4415,0.2927,0.0444,0.3667,76.0,43.82,0.0,17.46,-1.56,1.02,10.0,CRITICAL
2026-05-01 02:08:27,4416,0.2691,0.0222,0.36,76.0,43.52,0.0,16.57,-2.96,1.09,10.0,CRITICAL
2026-05-01 02:08:27,4417,0.2736,0.0222,0.3533,76.0,43.18,0.0,16.59,-0.74,2.06,10.0,CRITICAL
2026-05-01 02:08:27,4418,0.2873,0.0314,0.3467,76.0,42.82,0.0,1.02,1.16,1.66,10.0,CRITICAL
2026-05-01 02:08:27,4419,0.2769,0.0217,0.34,76.0,42.43,0.0,17.98,-0.08,2.15,10.0,CRITICAL
2026-05-01 02:08:27,4420,0.2665,0.0,0.3333,76.0,42.03,0.0,19.04,0.21,1.62,10.0,CRITICAL
2026-05-01 02:08:27,4421,0.2741,0.0307,0.3267,76.0,41.6,0.0,19.72,-2.12,1.22,10.0,CRITICAL
2026-05-01 02:08:27,4422,0.2798,0.0232,0.32,76.0,41.15,0.0,18.28,-1.2,1.64,10.0,CRITICAL
2026-05-01 02:08:27,4423,0.2959,0.0227,0.3133,75.0,40.68,0.0,18.55,-0.09,1.91,10.0,CRITICAL
2026-05-01 02:08:27,4424,0.3011,0.0217,0.3067,75.0,40.2,0.0,18.49,-0.12,2.49,10.0,CRITICAL
2026-05-01 02:08:28,4425,0.2906,0.0217,0.3,75.0,39.71,0.0,16.6,0.24,2.12,10.0,CRITICAL
2026-05-01 02:08:28,4426,0.2407,0.0213,0.2933,74.0,39.2,0.0,20.42,-1.24,2.1,10.0,CRITICAL
2026-05-01 02:08:28,4427,0.2779,0.0213,0.2867,74.0,38.67,0.0,20.14,-0.74,2.58,10.0,CRITICAL
2026-05-01 02:08:28,4428,0.273,0.0222,0.28,74.0,38.14,0.0,17.65,-0.74,1.77,10.0,CRITICAL
2026-05-01 02:08:28,4429,0.2665,0.0222,0.2733,74.0,37.6,0.0,17.24,-1.23,1.68,10.0,CRITICAL
2026-05-01 02:08:28,4430,0.2691,0.0497,0.2667,73.0,37.04,0.0,-0.43,0.39,1.29,10.0,CRITICAL
2026-05-01 02:08:28,4431,0.2759,0.0444,0.26,73.0,36.48,0.0,17.85,-1.19,1.11,10.0,CRITICAL
2026-05-01 02:08:28,4432,0.2734,0.0217,0.2533,73.0,35.91,0.0,18.45,-2.14,1.34,10.0,CRITICAL
2026-05-01 02:08:28,4433,0.2659,0.0227,0.2467,73.0,35.33,0.0,17.86,-1.84,2.02,10.0,CRITICAL
2026-05-01 02:08:28,4434,0.2994,0.0454,0.24,73.0,34.74,0.0,15.7,-2.12,1.56,10.0,CRITICAL
2026-05-01 02:08:28,4435,0.2687,0.0444,0.2333,73.0,34.15,0.0,16.86,-1.28,1.1,10.0,CRITICAL
2026-05-01 02:08:28,4436,0.2695,0.0444,0.2267,73.0,33.55,0.0,14.65,-2.38,1.05,10.0,CRITICAL
2026-05-01 02:08:28,4437,0.271,0.0222,0.22,73.0,32.95,0.0,19.32,-1.19,1.3,10.0,CRITICAL
2026-05-01 02:08:28,4438,0.2749,0.0222,0.2133,73.0,32.34,0.0,17.85,-1.4,1.43,10.0,CRITICAL
2026-05-01 02:08:28,4439,0.2911,0.0314,0.2067,73.0,31.72,0.0,16.53,-1.69,0.84,10.0,CRITICAL
2026-05-01 02:08:28,4440,0.2862,0.0,0.2,73.0,31.11,0.0,16.82,-2.59,0.98,10.0,CRITICAL
2026-05-01 02:08:28,4441,0.274,0.0321,0.1933,73.0,30.48,0.0,18.21,-3.02,0.79,10.0,CRITICAL
2026-05-01 02:08:28,4442,0.2757,0.0,0.1867,73.0,29.86,0.0,18.62,-3.07,0.58,10.0,CRITICAL
2026-05-01 02:08:28,4443,0.2803,0.0217,0.18,73.0,29.23,0.0,18.7,-3.62,1.35,10.0,CRITICAL
2026-05-01 02:08:28,4444,0.301,0.0222,0.1733,73.0,28.6,0.0,16.04,-0.36,1.88,10.0,CRITICAL
2026-05-01 02:08:28,4445,0.2752,0.0222,0.1667,72.0,27.96,0.0,15.74,-1.53,2.01,10.0,CRITICAL
2026-05-01 02:08:28,4446,0.2805,0.0217,0.16,72.0,27.33,0.0,18.3,-2.0,1.56,10.0,CRITICAL
2026-05-01 02:08:28,4447,0.2691,0.0,0.1533,72.0,26.69,0.0,20.48,-2.1,1.71,10.0,CRITICAL
2026-05-01 02:08:28,4448,0.2795,0.0217,0.1467,72.0,26.05,0.0,18.4,-1.3,1.8,10.0,CRITICAL
2026-05-01 02:08:28,4449,0.2996,0.0314,0.14,72.0,25.4,0.0,18.46,-1.25,1.63,10.0,CRITICAL
2026-05-01 02:08:28,4450,0.2926,0.0454,0.1333,71.0,24.76,0.0,-1.46,1.65,2.2,10.0,CRITICAL
2026-05-01 02:08:28,4451,0.2974,0.0321,0.1267,71.0,24.11,0.0,16.91,-2.67,0.78,10.0,CRITICAL
2026-05-01 02:08:28,4452,0.3068,0.0222,0.12,71.0,23.46,0.0,18.56,-1.88,0.85,10.0,CRITICAL
2026-05-01 02:08:28,4453,0.2887,0.0454,0.1133,71.0,22.81,0.0,17.24,-3.4,0.72,10.0,CRITICAL
2026-05-01 02:08:28,4454,0.2978,0.0233,0.1067,71.0,22.16,0.0,14.78,-3.12,0.56,10.0,CRITICAL
2026-05-01 02:08:29,4455,0.3068,0.0227,0.1,71.0,21.51,0.0,18.88,-2.72,0.93,10.0,CRITICAL
2026-05-01 02:08:29,4456,0.308,0.0222,0.0933,71.0,20.91,0.0,19.79,-2.65,1.07,10.0,CRITICAL
2026-05-01 02:08:29,4457,0.275,0.0217,0.0867,71.0,20.35,0.0,0.36,0.81,1.72,10.0,CRITICAL
2026-05-01 02:08:29,4458,0.2758,0.0227,0.08,71.0,19.84,0.0,17.06,-2.15,1.23,10.0,CRITICAL
2026-05-01 02:08:29,4459,0.267,0.0454,0.0733,71.0,19.38,0.0,17.62,-2.15,1.41,10.0,CRITICAL
2026-05-01 02:08:29,4460,0.2619,0.0222,0.0667,71.0,18.95,0.0,17.77,-1.42,1.24,10.0,CRITICAL
2026-05-01 02:08:29,4461,0.2691,0.0217,0.06,71.0,18.55,0.0,17.58,-2.09,1.19,10.0,CRITICAL
2026-05-01 02:08:29,4462,0.2846,0.0321,0.0533,70.0,18.19,0.0,16.36,-2.19,1.05,10.0,CRITICAL
2026-05-01 02:08:29,4463,0.2854,0.0233,0.0467,70.0,17.85,0.0,16.94,-2.25,0.85,10.0,CRITICAL
2026-05-01 02:08:29,4464,0.2886,0.0321,0.0,70.0,17.54,0.0,18.67,-2.14,1.05,10.0,CRITICAL
2026-05-01 02:08:29,4465,0.2886,0.0227,0.0,70.0,17.26,0.0,19.05,-2.14,1.05,10.0,CRITICAL
2026-05-01 02:08:29,4466,0.2887,0.0222,0.0,70.0,17.0,0.0,20.34,-2.58,1.73,10.0,CRITICAL
2026-05-01 02:08:29,4467,0.299,0.0222,0.0,70.0,16.76,0.0,20.21,-0.79,1.92,10.0,CRITICAL
2026-05-01 02:08:29,4468,0.2736,0.0227,0.0,70.0,16.54,0.0,19.25,1.41,1.64,10.0,CRITICAL
2026-05-01 02:08:29,4469,0.2626,0.0217,0.0,70.0,16.34,0.0,18.07,-0.61,1.45,10.0,CRITICAL
2026-05-01 02:08:29,4470,0.2433,0.0217,0.0,70.0,16.15,0.0,18.07,-0.61,1.45,10.0,CRITICAL
2026-05-01 02:08:29,4471,0.1993,0.0217,0.0,70.0,16.91,0.033,19.28,-2.88,0.78,10.0,CRITICAL
2026-05-01 02:08:29,4472,0.1824,0.0222,0.0,69.0,18.74,0.067,17.64,-1.32,1.14,10.0,CRITICAL
2026-05-01 02:08:29,4473,0.1799,0.0222,0.0,69.0,20.32,0.1,17.72,-0.66,1.45,10.0,CRITICAL
2026-05-01 02:08:29,4474,0.1796,0.0222,0.0,69.0,21.62,0.133,19.93,-0.22,1.74,10.0,CRITICAL
2026-05-01 02:08:29,4475,0.2279,0.0435,0.0,70.0,21.01,0.0,19.21,-1.06,1.14,10.0,CRITICAL
2026-05-01 02:08:29,4476,0.2235,0.0217,0.0,70.0,20.45,0.0,17.54,-0.37,1.19,10.0,CRITICAL
2026-05-01 02:08:29,4477,0.2568,0.0476,0.0,70.0,19.93,0.0,14.27,-0.68,0.62,10.0,CRITICAL
2026-05-01 02:08:29,4478,0.2523,0.0476,0.0,70.0,19.46,0.0,15.99,-0.57,0.42,10.0,CRITICAL
2026-05-01 02:08:29,4479,0.2839,0.0227,0.0,70.0,19.02,0.0,18.72,-1.59,1.04,10.0,CRITICAL
2026-05-01 02:08:29,4480,0.2711,0.0222,0.0,70.0,18.62,0.0,17.9,-0.32,1.92,10.0,CRITICAL
2026-05-01 02:08:29,4481,0.2887,0.0222,0.0,70.0,18.25,0.0,18.17,-1.14,1.83,10.0,CRITICAL
2026-05-01 02:08:29,4482,0.2711,0.0227,0.0,70.0,17.91,0.0,19.48,0.34,1.71,10.0,CRITICAL
2026-05-01 02:08:29,4483,0.271,0.0314,0.0,70.0,17.6,0.0,19.08,-2.01,1.41,10.0,CRITICAL
2026-05-01 02:08:29,4484,0.2498,0.0217,0.0,70.0,17.31,0.0,20.23,0.11,2.5,10.0,CRITICAL
2026-05-01 02:08:30,4485,0.2644,0.0217,0.0,70.0,17.05,0.0,20.9,0.35,2.05,10.0,CRITICAL
2026-05-01 02:08:30,4486,0.2535,0.0222,0.0,70.0,16.8,0.0,19.44,0.58,1.69,10.0,CRITICAL
2026-05-01 02:08:30,4487,0.2598,0.0222,0.0,70.0,16.58,0.0,19.44,0.37,1.64,10.0,CRITICAL
2026-05-01 02:08:30,4488,0.301,0.0444,0.0,70.0,16.37,0.0,17.85,0.59,1.64,10.0,CRITICAL
2026-05-01 02:08:30,4489,0.2623,0.0,0.0,70.0,16.18,0.0,21.9,-1.38,1.99,10.0,CRITICAL
2026-05-01 02:08:30,4490,0.2582,0.0,0.0,70.0,16.01,0.0,20.89,-1.5,1.83,10.0,CRITICAL
2026-05-01 02:08:30,4491,0.2647,0.0329,0.0,70.0,15.85,0.0,18.55,-0.17,1.71,10.0,CRITICAL
2026-05-01 02:08:30,4492,0.2647,0.052,0.0,70.0,15.7,0.0,0.71,3.18,1.17,10.0,CRITICAL
2026-05-01 02:08:30,4493,0.2729,0.0213,0.0,70.0,15.56,0.0,18.7,-2.02,1.54,10.0,CRITICAL
2026-05-01 02:08:30,4494,0.2665,0.0217,0.0,70.0,15.44,0.0,18.67,-2.04,1.71,10.0,CRITICAL
2026-05-01 02:08:30,4495,0.2667,0.0227,0.0,70.0,15.32,0.0,18.86,-1.69,1.5,10.0,CRITICAL
2026-05-01 02:08:30,4496,0.262,0.0217,0.0,70.0,15.22,0.0,20.81,-2.55,1.71,10.0,CRITICAL
2026-05-01 02:08:30,4497,0.2638,0.0217,0.0,70.0,15.12,0.0,17.16,-0.7,2.06,10.0,OK
2026-05-01 02:08:30,4498,0.2804,0.0314,0.0,70.0,15.03,0.0,19.53,0.47,1.68,10.0,OK
2026-05-01 02:08:30,4499,0.2803,0.0222,0.0,70.0,14.95,0.0,18.76,0.8,1.63,10.0,OK
2026-05-01 02:08:30,4500,0.2652,0.0227,0.0,70.0,14.87,0.0,20.32,-0.84,1.07,10.0,OK
2026-05-01 02:08:30,4501,0.2626,0.0227,0.0,70.0,14.8,0.0,20.32,-0.84,1.07,10.0,OK
2026-05-01 02:08:30,4502,0.273,0.0222,0.0,70.0,14.74,0.0,19.01,-0.01,2.49,10.0,OK
2026-05-01 02:08:30,4503,0.2648,0.0227,0.0,70.0,14.68,0.0,18.05,0.09,1.95,10.0,OK
2026-05-01 02:08:30,4504,0.2734,0.0222,0.0,70.0,14.62,0.0,19.1,-1.43,1.3,10.0,OK
2026-05-01 02:08:30,4505,0.2798,0.0233,0.0,70.0,14.57,0.0,17.41,-1.46,1.12,10.0,OK
2026-05-01 02:08:30,4506,0.2803,0.0232,0.0,70.0,14.53,0.0,19.01,-1.99,0.83,10.0,OK
2026-05-01 02:08:30,4507,0.2746,0.0217,0.0,70.0,14.49,0.0,22.17,-2.66,1.71,10.0,OK
2026-05-01 02:08:30,4508,0.2748,0.0222,0.0,69.0,14.45,0.0,22.27,-2.5,1.56,10.0,OK
2026-05-01 02:08:30,4509,0.2689,0.0508,0.0,69.0,14.41,0.0,18.73,-2.2,0.69,10.0,OK
2026-05-01 02:08:30,4510,0.2717,0.0321,0.0,69.0,14.38,0.0,18.91,-2.77,0.57,10.0,OK
2026-05-01 02:08:30,4511,0.2727,0.0213,0.0,69.0,14.35,0.0,20.82,-2.12,1.53,10.0,OK
2026-05-01 02:08:30,4512,0.271,0.0435,0.0,69.0,14.32,0.0,20.5,-1.4,1.62,10.0,OK
2026-05-01 02:08:30,4513,0.275,0.0222,0.0,69.0,14.29,0.0,20.41,-3.09,1.27,10.0,OK
2026-05-01 02:08:30,4514,0.263,0.0222,0.0,69.0,14.27,0.0,20.41,-3.09,1.27,10.0,OK
2026-05-01 02:08:31,4515,0.2822,0.0454,0.0,69.0,14.25,0.0,19.79,-2.16,1.54,10.0,OK
2026-05-01 02:08:31,4516,0.258,0.0227,0.0,69.0,14.23,0.0,20.12,-2.5,1.86,10.0,OK
2026-05-01 02:08:31,4517,0.2715,0.0227,0.0,69.0,14.21,0.0,18.82,-2.4,1.6,10.0,OK
2026-05-01 02:08:31,4518,0.258,0.0217,0.0,69.0,14.19,0.0,21.04,-3.86,1.32,10.0,OK
2026-05-01 02:08:31,4519,0.2496,0.0217,0.0,69.0,14.18,0.0,21.09,-2.24,1.67,10.0,OK
2026-05-01 02:08:31,4520,0.28,0.0227,0.0,69.0,14.16,0.0,20.08,-2.52,1.87,10.0,OK
2026-05-01 02:08:31,4521,0.2818,0.0227,0.0,69.0,14.15,0.0,17.93,-3.71,1.67,10.0,OK
2026-05-01 02:08:31,4522,0.2711,0.0222,0.0,68.0,14.14,0.0,18.23,-2.7,1.56,10.0,OK
2026-05-01 02:08:31,4523,0.2702,0.0444,0.0,68.0,14.13,0.0,18.63,-2.49,1.36,10.0,OK
2026-05-01 02:08:31,4524,0.2834,0.0217,0.0,68.0,14.12,0.0,21.65,-2.14,1.21,10.0,OK
2026-05-01 02:08:31,4525,0.2666,0.0454,0.0,68.0,14.11,0.0,21.99,-0.05,2.01,10.0,OK
2026-05-01 02:08:31,4526,0.2774,0.0444,0.0,68.0,14.1,0.0,22.49,-1.29,1.6,10.0,OK
2026-05-01 02:08:31,4527,0.2665,0.0307,0.0,68.0,14.09,0.0,22.84,-2.08,2.11,10.0,OK
2026-05-01 02:08:31,4528,0.2665,0.0434,0.0,67.0,14.08,0.0,21.07,-3.66,1.76,10.0,OK
2026-05-01 02:08:31,4529,0.2731,0.0222,0.0,67.0,14.08,0.0,19.23,-0.4,1.4,10.0,OK
2026-05-01 02:08:31,4530,0.2817,0.0217,0.0,67.0,14.07,0.0,20.25,-0.36,1.55,10.0,OK
2026-05-01 02:08:31,4531,0.2819,0.0,0.0,67.0,14.07,0.0,22.98,-3.23,1.09,10.0,OK
2026-05-01 02:08:31,4532,0.2819,0.0,0.0,67.0,14.06,0.0,22.97,-3.48,0.61,10.0,OK
2026-05-01 02:08:31,4533,0.275,0.0217,0.0,67.0,14.06,0.0,20.93,-1.98,2.14,10.0,OK
2026-05-01 02:08:31,4534,0.2647,0.0217,0.0,67.0,14.05,0.0,20.35,-1.5,1.77,10.0,OK
2026-05-01 02:08:31,4535,0.2684,0.0217,0.0,67.0,14.05,0.0,20.18,-2.64,1.73,10.0,OK
2026-05-01 02:08:31,4536,0.3078,0.0222,0.0,67.0,14.04,0.0,20.62,-1.47,1.61,10.0,OK
2026-05-01 02:08:31,4537,0.3078,0.0222,0.0,67.0,14.04,0.0,20.62,-1.47,1.61,10.0,OK
2026-05-01 02:08:31,4538,0.2889,0.0217,0.0,67.0,14.04,0.0,22.4,-2.56,1.55,10.0,OK
2026-05-01 02:08:31,4539,0.2957,0.0217,0.0,66.0,14.03,0.0,21.26,-2.85,0.79,10.0,OK
2026-05-01 02:08:31,4540,0.2853,0.0222,0.0,66.0,14.03,0.0,20.28,-2.72,1.54,10.0,OK
2026-05-01 02:08:31,4541,0.2817,0.0682,0.0,66.0,14.03,0.0,17.73,-5.2,1.27,10.0,OK
2026-05-01 02:08:31,4542,0.2729,0.0682,0.0,66.0,14.03,0.0,17.84,-5.39,1.46,10.0,OK
2026-05-01 02:08:31,4543,0.2705,0.0488,0.0,66.0,14.02,0.0,14.9,-4.32,1.3,10.0,OK
2026-05-01 02:08:31,4544,0.2954,0.0697,0.0,65.0,14.02,0.0,15.97,-3.31,1.5,10.0,OK
2026-05-01 02:08:32,4545,0.2818,0.0444,0.0,65.0,14.02,0.0,19.01,-3.08,1.67,10.0,OK
2026-05-01 02:08:32,4546,0.2906,0.0444,0.0,65.0,14.02,0.0,16.96,-4.5,1.15,10.0,OK
2026-05-01 02:08:32,4547,0.277,0.0697,0.0,65.0,14.02,0.0,16.82,-3.74,1.08,10.0,OK
2026-05-01 02:08:32,4548,0.2903,0.0698,0.0,65.0,14.02,0.0,16.82,-3.74,1.08,10.0,OK
2026-05-01 02:08:32,4549,0.3064,0.0508,0.0,65.0,14.01,0.0,16.48,-2.93,1.75,10.0,OK
2026-05-01 02:08:32,4550,0.3064,0.0454,0.0,65.0,14.01,0.0,16.58,-3.82,1.66,10.0,OK
2026-05-01 02:08:32,4551,0.3112,0.0454,0.0,65.0,14.01,0.0,18.09,-1.63,1.7,10.0,OK
2026-05-01 02:08:32,4552,0.3012,0.0217,0.0,65.0,14.01,0.0,18.06,-7.24,1.13,10.0,OK
2026-05-01 02:08:32,4553,0.3012,0.0217,0.0,65.0,14.01,0.0,18.06,-7.24,1.13,10.0,OK
2026-05-01 02:08:32,4554,0.3153,0.0222,0.0,65.0,14.01,0.0,18.59,-4.87,0.26,10.0,OK
2026-05-01 02:08:32,4555,0.3166,0.0222,0.0,65.0,14.01,0.0,20.45,-4.21,0.89,10.0,OK
2026-05-01 02:08:32,4556,0.3064,0.0222,0.0,65.0,14.01,0.0,16.93,-6.86,0.67,10.0,OK
2026-05-01 02:08:32,4557,0.3152,0.0222,0.0,64.0,14.01,0.0,17.74,-5.38,0.7,10.0,OK
2026-05-01 02:08:32,4558,0.3227,0.0222,0.0,64.0,14.01,0.0,16.7,-6.17,1.82,10.0,OK
2026-05-01 02:08:32,4559,0.3408,0.0222,0.0,64.0,14.01,0.0,16.6,-5.14,1.57,10.0,OK
2026-05-01 02:08:32,4560,0.3187,0.0213,0.0,64.0,14.01,0.0,18.32,-5.94,1.07,10.0,OK
2026-05-01 02:08:32,4561,0.3012,0.0,0.0,64.0,14.01,0.0,18.24,-5.22,1.0,10.0,OK
2026-05-01 02:08:32,4562,0.3012,0.0,0.0,64.0,14.0,0.0,18.43,-7.25,1.1,10.0,OK
2026-05-01 02:08:32,4563,0.3106,0.0222,0.0,64.0,14.0,0.0,17.75,-5.88,1.29,10.0,OK
2026-05-01 02:08:32,4564,0.3122,0.0222,0.0,64.0,14.0,0.0,19.43,-5.59,1.28,10.0,OK
2026-05-01 02:08:32,4565,0.3026,0.0314,0.0,64.0,14.0,0.0,18.18,-5.93,0.14,10.0,OK
2026-05-01 02:08:32,4566,0.3027,0.0222,0.0,64.0,14.0,0.0,19.72,-5.77,0.35,10.0,OK
2026-05-01 02:08:32,4567,0.3042,0.0,0.0,63.0,14.0,0.0,19.72,-6.17,0.97,10.0,OK
2026-05-01 02:08:32,4568,0.3042,0.0222,0.0,63.0,14.0,0.0,18.04,-6.54,0.96,10.0,OK
2026-05-01 02:08:32,4569,0.3159,0.0217,0.0,63.0,14.0,0.0,17.89,-4.78,1.42,10.0,OK
2026-05-01 02:08:32,4570,0.3095,0.0435,0.0,63.0,14.0,0.0,17.4,-5.43,0.56,10.0,OK
2026-05-01 02:08:32,4571,0.308,0.0435,0.0,63.0,14.0,0.0,16.53,-5.51,0.45,10.0,OK
2026-05-01 02:08:32,4572,0.3228,0.0222,0.0,63.0,14.0,0.0,17.7,-2.92,1.59,10.0,OK
2026-05-01 02:08:32,4573,0.3204,0.0227,0.0,63.0,14.0,0.0,17.63,-2.92,1.4,10.0,OK
2026-05-01 02:08:32,4574,0.299,0.0217,0.0,63.0,14.0,0.0,16.85,-5.67,0.04,10.0,OK
2026-05-01 02:08:33,4575,0.301,0.0,0.0,63.0,14.0,0.0,18.22,-5.04,0.09,10.0,OK
2026-05-01 02:08:33,4576,0.3347,0.0222,0.0,63.0,14.0,0.0,17.02,-2.68,0.61,10.0,OK
2026-05-01 02:08:33,4577,0.3132,0.0222,0.0,63.0,14.0,0.0,18.94,-6.23,-0.34,10.0,OK
2026-05-01 02:08:33,4578,0.2992,0.0,0.0,63.0,14.0,0.0,18.94,-4.61,0.4,10.0,OK
2026-05-01 02:08:33,4579,0.3189,0.0227,0.0,63.0,14.0,0.0,18.14,-3.57,-0.0,10.0,OK
2026-05-01 02:08:33,4580,0.3149,0.0227,0.0,63.0,14.0,0.0,17.84,-4.52,0.08,10.0,OK
2026-05-01 02:08:33,4581,0.3032,0.0217,0.0,63.0,14.0,0.0,18.31,-5.49,0.65,10.0,OK
2026-05-01 02:08:33,4582,0.301,0.0217,0.0,63.0,14.0,0.0,19.29,-5.38,0.52,10.0,OK
2026-05-01 02:08:33,4583,0.3358,0.0227,0.0,63.0,14.0,0.0,17.56,-5.19,0.19,10.0,OK
2026-05-01 02:08:33,4584,0.3271,0.0329,0.0,63.0,14.0,0.0,15.93,-5.56,0.17,10.0,OK
2026-05-01 02:08:33,4585,0.3271,0.0227,0.0,63.0,14.0,0.0,17.36,-4.95,0.59,10.0,OK
2026-05-01 02:08:33,4586,0.3358,0.0435,0.0,63.0,14.0,0.0,17.36,-4.95,0.59,10.0,OK
2026-05-01 02:08:33,4587,0.315,0.0227,0.0,63.0,14.0,0.0,18.65,-2.83,0.48,10.0,OK
2026-05-01 02:08:33,4588,0.3113,0.0222,0.0,63.0,14.0,0.0,18.76,-5.06,-0.22,10.0,OK
2026-05-01 02:08:33,4589,0.3108,0.0314,0.0,63.0,14.0,0.0,19.07,-5.95,-0.12,10.0,OK
2026-05-01 02:08:33,4590,0.3067,0.0233,0.0,63.0,14.0,0.0,17.71,-2.37,-0.08,10.0,OK
2026-05-01 02:08:33,4591,0.3027,0.0227,0.0,63.0,14.0,0.0,17.77,-3.19,-0.34,10.0,OK
2026-05-01 02:08:33,4592,0.2994,0.0227,0.0,63.0,14.0,0.0,16.42,-3.93,-0.47,10.0,OK
2026-05-01 02:08:33,4593,0.2956,0.0227,0.0,63.0,14.0,0.0,16.65,-4.16,0.32,10.0,OK
2026-05-01 02:08:33,4594,0.3062,0.0222,0.0,63.0,14.0,0.0,18.64,-2.32,0.83,10.0,OK
2026-05-01 02:08:33,4595,0.3078,0.0217,0.0,63.0,14.0,0.0,20.3,-3.81,0.64,10.0,OK
2026-05-01 02:08:33,4596,0.3097,0.0307,0.0,63.0,14.0,0.0,18.98,-3.44,0.4,10.0,OK
2026-05-01 02:08:33,4597,0.3078,0.0217,0.0,63.0,14.0,0.0,19.98,-1.23,0.96,10.0,OK
2026-05-01 02:08:33,4598,0.3084,0.0435,0.0,63.0,14.0,0.0,16.0,-5.97,0.33,10.0,OK
2026-05-01 02:08:33,4599,0.2975,0.0444,0.0,62.0,14.0,0.0,16.19,-3.75,0.69,10.0,OK
2026-05-01 02:08:33,4600,0.3047,0.0213,0.0,62.0,14.0,0.0,17.93,-1.6,1.1,10.0,OK
2026-05-01 02:08:33,4601,0.289,0.0222,0.0,62.0,14.0,0.0,18.41,-3.09,0.58,10.0,OK
2026-05-01 02:08:33,4602,0.2821,0.0222,0.0,62.0,14.0,0.0,18.61,-4.99,-0.01,10.0,OK
2026-05-01 02:08:33,4603,0.3209,0.0508,0.0,62.0,14.0,0.0,18.46,-2.63,0.32,10.0,OK
2026-05-01 02:08:33,4604,0.31,0.0486,0.0,62.0,14.0,0.0,18.33,-3.0,-0.16,10.0,OK
2026-05-01 02:08:34,4605,0.3167,0.0321,0.0,62.0,14.0,0.0,20.51,-3.39,0.7,10.0,OK
2026-05-01 02:08:34,4606,0.3067,0.0321,0.0,62.0,14.0,0.0,18.87,-3.5,0.34,10.0,OK
2026-05-01 02:08:34,4607,0.3096,0.0222,0.0,62.0,14.0,0.0,19.59,-1.82,0.48,10.0,OK
2026-05-01 02:08:34,4608,0.3031,0.0232,0.0,62.0,14.0,0.0,18.36,-1.43,0.26,10.0,OK
2026-05-01 02:08:34,4609,0.2977,0.0227,0.0,62.0,14.0,0.0,18.48,-2.38,0.14,10.0,OK
2026-05-01 02:08:34,4610,0.2803,0.0222,0.0,62.0,14.0,0.0,17.31,-4.68,0.81,10.0,OK
2026-05-01 02:08:34,4611,0.2806,0.0222,0.0,62.0,14.0,0.0,17.22,-4.52,0.62,10.0,OK
2026-05-01 02:08:34,4612,0.3063,0.0227,0.0,62.0,14.0,0.0,17.67,-2.69,0.8,10.0,OK
2026-05-01 02:08:34,4613,0.3063,0.0227,0.0,62.0,14.0,0.0,17.67,-2.69,0.8,10.0,OK
2026-05-01 02:08:34,4614,0.3163,0.0444,0.0,62.0,14.0,0.0,17.95,-1.39,0.92,10.0,OK
2026-05-01 02:08:34,4615,0.294,0.0227,0.0,62.0,14.0,0.0,17.57,-3.63,-0.14,10.0,OK
2026-05-01 02:08:34,4616,0.3078,0.0321,0.0,62.0,14.0,0.0,17.67,-2.69,0.8,10.0,OK
2026-05-01 02:08:34,4617,0.3111,0.0444,0.0,62.0,14.0,0.0,17.58,-2.68,0.62,10.0,OK
2026-05-01 02:08:34,4618,0.3097,0.0486,0.0,62.0,14.0,0.0,17.73,-3.51,0.53,10.0,OK
2026-05-01 02:08:34,4619,0.3027,0.0435,0.0,62.0,14.0,0.0,17.65,-3.82,0.77,10.0,OK
2026-05-01 02:08:34,4620,0.2869,0.0217,0.0,62.0,14.0,0.0,17.21,-3.83,0.79,10.0,OK
2026-05-01 02:08:34,4621,0.3327,0.0227,0.0,62.0,14.0,0.0,16.63,-3.32,0.21,10.0,OK
2026-05-01 02:08:34,4622,0.3174,0.0227,0.0,62.0,14.0,0.0,16.6,-3.18,0.01,10.0,OK
2026-05-01 02:08:34,4623,0.3061,0.0444,0.0,62.0,14.0,0.0,17.46,-5.15,0.31,10.0,OK
2026-05-01 02:08:34,4624,0.3027,0.0222,0.0,62.0,14.0,0.0,17.31,-4.64,0.45,10.0,OK
2026-05-01 02:08:34,4625,0.3027,0.0222,0.0,62.0,14.0,0.0,17.31,-4.64,0.45,10.0,OK
2026-05-01 02:08:34,4626,0.3078,0.0222,0.0,62.0,14.0,0.0,18.36,-3.04,0.19,10.0,OK
2026-05-01 02:08:34,4627,0.3063,0.0222,0.0,62.0,14.0,0.0,19.16,-2.89,0.34,10.0,OK
2026-05-01 02:08:34,4628,0.3166,0.0222,0.0,62.0,14.0,0.0,19.63,-1.29,0.95,10.0,OK
2026-05-01 02:08:34,4629,0.3166,0.0222,0.0,62.0,14.0,0.0,19.63,-1.29,0.95,10.0,OK
2026-05-01 02:08:34,4630,0.3214,0.0232,0.0,62.0,14.0,0.0,15.47,-5.4,-0.13,10.0,OK
2026-05-01 02:08:34,4631,0.3204,0.0233,0.0,62.0,14.0,0.0,15.73,-4.36,-0.04,10.0,OK
2026-05-01 02:08:34,4632,0.3075,0.0222,0.0,62.0,14.0,0.0,20.5,-3.19,1.02,10.0,OK
2026-05-01 02:08:34,4633,0.3108,0.0307,0.0,62.0,14.0,0.0,20.05,-3.36,0.86,10.0,OK
2026-05-01 02:08:34,4634,0.312,0.0222,0.0,62.0,14.0,0.0,17.89,-1.43,1.5,10.0,OK
2026-05-01 02:08:35,4635,0.3062,0.0222,0.0,62.0,14.0,0.0,16.76,-1.49,1.29,10.0,OK
2026-05-01 02:08:35,4636,0.3112,0.0217,0.0,62.0,14.0,0.0,18.83,-5.69,0.8,10.0,OK
2026-05-01 02:08:35,4637,0.3025,0.0217,0.0,62.0,14.0,0.0,19.32,-5.36,0.5,10.0,OK
2026-05-01 02:08:35,4638,0.3127,0.0217,0.0,62.0,14.0,0.0,19.25,-5.17,0.36,10.0,OK
2026-05-01 02:08:35,4639,0.2992,0.0497,0.0,62.0,14.0,0.0,19.43,-3.39,0.54,10.0,OK
2026-05-01 02:08:35,4640,0.2992,0.0222,0.0,62.0,14.0,0.0,19.04,-4.4,0.41,10.0,OK
2026-05-01 02:08:35,4641,0.3047,0.0227,0.0,62.0,14.0,0.0,19.54,-2.56,0.64,10.0,OK
2026-05-01 02:08:35,4642,0.3341,0.0227,0.0,62.0,14.0,0.0,18.16,-0.46,1.04,10.0,OK
2026-05-01 02:08:35,4643,0.3112,0.0217,0.0,62.0,14.0,0.0,16.19,-3.09,0.98,10.0,OK
2026-05-01 02:08:35,4644,0.3078,0.0222,0.0,62.0,14.0,0.0,16.61,-3.76,1.08,10.0,OK
2026-05-01 02:08:35,4645,0.324,0.0321,0.0,62.0,14.0,0.0,16.18,-4.1,0.17,10.0,OK
2026-05-01 02:08:35,4646,0.3047,0.0455,0.0,62.0,14.0,0.0,17.18,-2.81,0.62,10.0,OK
2026-05-01 02:08:35,4647,0.3063,0.0227,0.0,62.0,14.0,0.0,18.92,-2.59,0.47,10.0,OK
2026-05-01 02:08:35,4648,0.3083,0.0227,0.0,62.0,14.0,0.0,16.56,-5.51,-0.2,10.0,OK
2026-05-01 02:08:35,4649,0.3069,0.0455,0.0,62.0,14.0,0.0,16.94,-5.63,-0.25,10.0,OK
2026-05-01 02:08:35,4650,0.3147,0.0508,0.0,62.0,14.0,0.0,19.34,-1.64,1.11,10.0,OK
2026-05-01 02:08:35,4651,0.3165,0.0227,0.0,62.0,14.0,0.0,19.36,-1.55,0.95,10.0,OK
2026-05-01 02:08:35,4652,0.3026,0.0232,0.0,62.0,14.0,0.0,17.84,-1.16,1.52,10.0,OK
2026-05-01 02:08:35,4653,0.3005,0.0307,0.0,61.0,14.0,0.0,18.44,-2.54,1.13,10.0,OK
2026-05-01 02:08:35,4654,0.301,0.0222,0.0,61.0,14.0,0.0,17.62,-2.64,0.99,10.0,OK
2026-05-01 02:08:35,4655,0.3232,0.0222,0.0,61.0,14.0,0.0,16.59,-1.19,1.32,10.0,OK
2026-05-01 02:08:35,4656,0.3047,0.0227,0.0,61.0,14.0,0.0,15.2,-4.37,0.27,10.0,OK
2026-05-01 02:08:35,4657,0.2566,0.0227,0.0,61.0,14.0,0.0,18.8,-2.56,0.65,10.0,OK
2026-05-01 02:08:35,4658,0.2726,0.0321,0.0,61.0,14.0,0.0,18.82,-2.3,0.48,10.0,OK
2026-05-01 02:08:35,4659,0.2003,0.0227,0.0,60.0,15.45,0.033,16.54,-5.13,0.89,10.0,OK
2026-05-01 02:08:35,4660,0.2524,0.0227,0.0,60.0,15.33,0.0,14.92,-4.1,0.55,10.0,OK
2026-05-01 02:08:35,4661,0.2523,0.0455,0.0,60.0,15.23,0.0,15.21,-4.78,0.25,10.0,OK
2026-05-01 02:08:35,4662,0.2736,0.0,0.0,59.0,15.13,0.0,16.35,-1.55,0.59,10.0,OK
2026-05-01 02:08:35,4663,0.2801,0.0227,0.0,59.0,15.04,0.0,17.68,-2.65,0.81,10.0,OK
2026-05-01 02:08:35,4664,0.2905,0.0455,0.0,59.0,14.96,0.0,17.4,-2.85,0.54,10.0,OK
2026-05-01 02:08:36,4665,0.2927,0.0455,0.0,59.0,14.88,0.0,-0.48,1.03,0.76,10.0,OK
2026-05-01 02:08:36,4666,0.2886,0.0508,0.0,59.0,14.81,0.0,18.4,-2.94,1.01,10.0,OK
2026-05-01 02:08:36,4667,0.2782,0.0321,0.0,59.0,14.74,0.0,18.79,-1.95,1.13,10.0,OK
2026-05-01 02:08:36,4668,0.2974,0.0213,0.0,59.0,14.68,0.0,20.91,-5.03,0.8,10.0,OK
2026-05-01 02:08:36,4669,0.2902,0.0213,0.0,59.0,14.63,0.0,20.82,-2.34,1.32,10.0,OK
2026-05-01 02:08:36,4670,0.3028,0.0444,0.0,59.0,14.58,0.0,15.73,-2.68,0.81,10.0,OK
2026-05-01 02:08:36,4671,0.3152,0.0508,0.0,59.0,14.53,0.0,15.98,-2.74,0.8,10.0,OK
2026-05-01 02:08:36,4672,0.2948,0.0222,0.0,59.0,14.49,0.0,16.98,-2.02,0.63,10.0,OK
2026-05-01 02:08:36,4673,0.31,0.0465,0.0,59.0,14.45,0.0,17.67,-3.71,0.2,10.0,OK
2026-05-01 02:08:36,4674,0.2992,0.0232,0.0,59.0,14.42,0.0,17.62,-3.15,0.01,10.0,OK
2026-05-01 02:08:36,4675,0.2992,0.0,0.0,59.0,14.38,0.0,19.13,-3.1,1.06,10.0,OK
2026-05-01 02:08:36,4676,0.2974,0.0213,0.0,59.0,14.35,0.0,19.17,-3.34,1.24,10.0,OK
2026-05-01 02:08:36,4677,0.302,0.0222,0.0,59.0,14.32,0.0,17.34,-4.72,0.37,10.0,OK
2026-05-01 02:08:36,4678,0.2885,0.0233,0.0,59.0,14.3,0.0,17.51,-4.07,1.02,10.0,OK
2026-05-01 02:08:36,4679,0.2839,0.0444,0.0,59.0,14.27,0.0,-2.18,-0.58,1.68,10.0,OK
2026-05-01 02:08:36,4680,0.2841,0.0455,0.0,59.0,14.25,0.0,16.75,-2.62,0.83,10.0,OK
2026-05-01 02:08:36,4681,0.2884,0.0222,0.0,59.0,14.23,0.0,17.31,-3.86,0.31,10.0,OK
2026-05-01 02:08:36,4682,0.2714,0.0222,0.0,59.0,14.21,0.0,16.51,-1.99,0.51,10.0,OK
2026-05-01 02:08:36,4683,0.2975,0.0227,0.0,59.0,14.2,0.0,16.97,-3.7,0.7,10.0,OK
2026-05-01 02:08:36,4684,0.2738,0.0314,0.0,59.0,14.18,0.0,14.65,-5.38,0.5,10.0,OK
2026-05-01 02:08:36,4685,0.284,0.0222,0.0,59.0,14.17,0.0,16.77,-3.31,0.6,10.0,OK
2026-05-01 02:08:36,4686,0.2872,0.0307,0.0,59.0,14.15,0.0,19.18,-2.87,0.17,10.0,OK
2026-05-01 02:08:36,4687,0.2762,0.0222,0.0,59.0,14.14,0.0,18.01,-1.34,1.11,10.0,OK
2026-05-01 02:08:36,4688,0.2888,0.0227,0.0,59.0,14.13,0.0,14.99,-2.05,1.59,10.0,OK
2026-05-01 02:08:36,4689,0.2943,0.0222,0.0,59.0,14.12,0.0,16.32,-4.79,1.19,10.0,OK
2026-05-01 02:08:36,4690,0.3264,0.0217,0.0,59.0,14.11,0.0,15.65,-3.3,0.79,10.0,OK
2026-05-01 02:08:36,4691,0.3357,0.0217,0.0,59.0,14.1,0.0,18.22,-4.71,0.9,10.0,OK
2026-05-01 02:08:36,4692,0.3119,0.0314,0.0,59.0,14.09,0.0,18.51,-1.82,1.44,10.0,OK
2026-05-01 02:08:36,4693,0.3062,0.0444,0.0,59.0,14.09,0.0,17.66,-3.46,0.55,10.0,OK
2026-05-01 02:08:36,4694,0.2995,0.0444,0.0,59.0,14.08,0.0,16.28,-3.63,0.67,10.0,OK
2026-05-01 02:08:37,4695,0.3078,0.0222,0.0,59.0,14.07,0.0,17.26,-3.46,0.56,10.0,OK
2026-05-01 02:08:37,4696,0.3047,0.0222,0.0,59.0,14.07,0.0,19.08,-3.23,0.58,10.0,OK
2026-05-01 02:08:37,4697,0.3192,0.0233,0.0,59.0,14.06,0.0,15.58,-5.24,0.48,10.0,OK
2026-05-01 02:08:37,4698,0.3011,0.0222,0.0,59.0,14.06,0.0,18.88,-2.46,0.66,10.0,OK
2026-05-01 02:08:37,4699,0.3201,0.0222,0.0,58.0,14.05,0.0,17.54,-1.61,0.93,10.0,OK
2026-05-01 02:08:37,4700,0.3117,0.0222,0.0,58.0,14.05,0.0,17.46,-3.19,0.71,10.0,OK
2026-05-01 02:08:37,4701,0.3061,0.0222,0.0,58.0,14.04,0.0,17.46,-3.19,0.71,10.0,OK
2026-05-01 02:08:37,4702,0.3031,0.0227,0.0,58.0,14.04,0.0,18.56,-1.76,1.45,10.0,OK
2026-05-01 02:08:37,4703,0.3113,0.0222,0.0,58.0,14.04,0.0,16.09,-2.05,1.27,10.0,OK
2026-05-01 02:08:37,4704,0.3152,0.0222,0.0,58.0,14.03,0.0,18.0,-3.5,0.7,10.0,OK
2026-05-01 02:08:37,4705,0.3327,0.0222,0.0,58.0,14.03,0.0,17.84,-2.57,0.81,10.0,OK
2026-05-01 02:08:37,4706,0.3436,0.0454,0.0,58.0,14.03,0.0,17.23,-0.93,1.6,10.0,OK
2026-05-01 02:08:37,4707,0.3364,0.0227,0.0,58.0,14.03,0.0,16.93,-3.32,1.0,9.99,OK
2026-05-01 02:08:37,4708,0.2947,0.0227,0.0,58.0,14.02,0.0,17.62,-3.06,0.54,9.97,OK
2026-05-01 02:08:37,4709,0.3078,0.0222,0.0,58.0,14.01,0.0,17.53,-2.43,1.19,9.94,OK
2026-05-01 02:08:37,4710,0.3186,0.0227,0.0,58.0,14.0,0.0,17.37,-3.16,0.53,9.88,OK
2026-05-01 02:08:37,4711,0.3063,0.0454,0.0,58.0,13.99,0.0,18.2,-1.16,1.09,9.86,OK
2026-05-01 02:08:37,4712,0.3063,0.0465,0.0,58.0,13.98,0.0,16.59,-1.66,1.04,9.83,OK
2026-05-01 02:08:37,4713,0.3083,0.0213,0.0,57.0,13.97,0.0,19.06,-2.89,0.86,9.81,OK
2026-05-01 02:08:37,4714,0.3172,0.0217,0.0,57.0,13.95,0.0,17.17,-2.43,1.14,9.73,OK
2026-05-01 02:08:37,4715,0.3042,0.0222,0.0,57.0,13.92,0.0,16.59,-3.01,1.53,9.65,OK
2026-05-01 02:08:37,4716,0.3151,0.0307,0.0,57.0,13.89,0.0,16.1,-2.9,1.33,9.54,OK
2026-05-01 02:08:37,4717,0.3026,0.0307,0.0,57.0,13.85,0.0,17.95,-2.34,1.02,9.42,OK
2026-05-01 02:08:37,4718,0.3094,0.0497,0.0,57.0,13.81,0.0,18.14,-1.42,1.3,9.32,OK
2026-05-01 02:08:37,4719,0.3063,0.0444,0.0,56.0,13.76,0.0,15.74,-1.73,0.9,9.21,OK
2026-05-01 02:08:37,4720,0.3068,0.0321,0.0,56.0,13.71,0.0,15.73,-1.32,0.31,9.1,OK
2026-05-01 02:08:37,4721,0.3064,0.0455,0.0,56.0,13.65,0.0,15.97,-0.25,0.86,8.94,OK
2026-05-01 02:08:37,4722,0.2994,0.0497,0.0,56.0,13.58,0.0,17.85,0.56,1.48,8.79,OK
2026-05-01 02:08:37,4723,0.3159,0.0222,0.0,56.0,13.5,0.0,17.8,-1.28,0.93,8.61,OK
2026-05-01 02:08:37,4724,0.3042,0.0222,0.0,56.0,13.41,0.0,16.07,-1.4,0.9,8.41,OK
2026-05-01 02:08:37,4725,0.2954,0.0222,0.0,56.0,13.32,0.0,16.07,-1.4,0.9,8.21,OK
2026-05-01 02:08:38,4726,0.3057,0.0444,0.0,56.0,13.21,0.0,17.46,-2.4,1.02,8.01,OK
2026-05-01 02:08:38,4727,0.2805,0.0222,0.0,56.0,13.1,0.0,17.87,-1.24,0.76,7.81,OK
2026-05-01 02:08:38,4728,0.2889,0.0222,0.0,56.0,12.98,0.0,17.87,-1.24,0.76,7.59,OK
2026-05-01 02:08:38,4729,0.3063,0.0217,0.0,56.0,12.85,0.0,16.3,-2.47,0.83,7.37,OK
2026-05-01 02:08:38,4730,0.3063,0.0307,0.0,56.0,12.71,0.0,16.3,-2.47,0.83,7.13,OK
2026-05-01 02:08:38,4731,0.2943,0.0222,0.0,56.0,12.57,0.0,13.23,-2.05,0.44,6.89,OK
2026-05-01 02:08:38,4732,0.3047,0.0217,0.0,56.0,12.41,0.0,14.91,-2.11,-0.1,6.65,OK
2026-05-01 02:08:38,4733,0.3168,0.0508,0.0,56.0,12.25,0.0,-1.09,1.1,0.61,6.41,OK
2026-05-01 02:08:38,4734,0.3168,0.0321,0.0,56.0,12.09,0.0,15.11,0.78,0.75,6.15,OK
2026-05-01 02:08:38,4735,0.3047,0.0227,0.0,55.0,11.91,0.0,14.86,-0.83,0.38,5.9,OK
2026-05-01 02:08:38,4736,0.3032,0.0227,0.0,55.0,11.73,0.0,16.34,-2.72,0.25,5.65,OK
2026-05-01 02:08:38,4737,0.3088,0.0227,0.0,55.0,11.54,0.0,16.4,-0.79,0.8,5.39,OK
2026-05-01 02:08:38,4738,0.3075,0.0222,0.0,55.0,11.35,0.0,15.84,0.1,0.77,5.13,OK
2026-05-01 02:08:38,4739,0.3168,0.0222,0.0,55.0,11.15,0.0,15.84,0.1,0.77,4.85,OK
2026-05-01 02:08:38,4740,0.3271,0.0227,0.0,55.0,10.94,0.0,15.19,-1.29,0.9,4.57,OK
2026-05-01 02:08:38,4741,0.3062,0.0227,0.0,55.0,10.73,0.0,16.91,-1.15,0.94,4.29,OK
2026-05-01 02:08:38,4742,0.3052,0.0465,0.0,55.0,10.51,0.0,14.06,-2.2,0.11,4.0,OK
2026-05-01 02:08:38,4743,0.3013,0.0508,0.0,55.0,10.29,0.0,14.3,-2.63,-0.37,3.71,OK
2026-05-01 02:08:38,4744,0.3077,0.0233,0.0,55.0,10.06,0.0,17.11,-1.83,0.46,3.42,OK
2026-05-01 02:08:38,4745,0.3064,0.0227,0.0,55.0,9.83,0.0,15.02,-3.63,-0.02,3.15,OK
2026-05-01 02:08:38,4746,0.31,0.0227,0.0,55.0,9.59,0.0,15.04,-1.26,0.35,2.89,OK
2026-05-01 02:08:38,4747,0.3047,0.0455,0.0,55.0,9.36,0.0,15.22,-0.01,1.09,2.66,OK
2026-05-01 02:08:38,4748,0.3067,0.0444,0.0,55.0,9.12,0.0,14.96,-0.59,0.82,2.45,OK
2026-05-01 02:08:38,4749,0.3068,0.0314,0.0,55.0,8.89,0.0,14.25,-0.01,0.54,2.25,OK
2026-05-01 02:08:38,4750,0.3049,0.0444,0.0,55.0,8.67,0.0,15.27,-0.28,0.21,2.07,OK
2026-05-01 02:08:38,4751,0.2786,0.0455,0.0,55.0,8.45,0.0,14.34,-1.22,-0.04,1.91,OK
2026-05-01 02:08:38,4752,0.28,0.0314,0.0,55.0,8.23,0.0,16.3,-1.41,-0.25,1.75,OK
2026-05-01 02:08:38,4753,0.3082,0.0307,0.0,55.0,8.02,0.0,16.5,-1.13,0.15,1.61,OK
2026-05-01 02:08:38,4754,0.3016,0.0307,0.0,55.0,7.82,0.0,17.01,-0.14,0.44,1.48,OK
2026-05-01 02:08:38,4755,0.2803,0.0217,0.0,55.0,7.62,0.0,17.21,-0.14,0.26,1.37,OK
2026-05-01 02:08:39,4756,0.2221,0.0227,0.0,55.0,7.43,0.0,14.41,-2.55,1.02,1.26,OK
2026-05-01 02:08:39,4757,0.2435,0.0321,0.0,55.0,7.25,0.0,14.46,-3.3,0.53,1.16,OK
2026-05-01 02:08:39,4758,0.2245,0.0227,0.0,55.0,7.08,0.0,15.33,-0.39,0.63,1.06,OK
2026-05-01 02:08:39,4759,0.2338,0.0227,0.0,55.0,6.91,0.0,15.68,-0.51,0.74,0.98,OK
2026-05-01 02:08:39,4760,0.2709,0.0488,0.0,55.0,6.75,0.0,-4.6,-0.88,0.11,0.9,OK
2026-05-01 02:08:39,4761,0.2799,0.0244,0.0,55.0,6.59,0.0,-4.25,0.81,-0.01,0.83,OK
2026-05-01 02:08:39,4762,0.2754,0.0465,0.0,55.0,6.45,0.0,-3.56,2.43,-0.39,0.76,OK
2026-05-01 02:08:39,4763,0.2744,0.0465,0.0,55.0,6.31,0.0,12.25,-0.11,0.5,0.7,OK
2026-05-01 02:08:39,4764,0.2875,0.0508,0.0,55.0,6.18,0.0,-4.04,1.23,-0.13,0.65,OK
2026-05-01 02:08:39,4765,0.308,0.0465,0.0,55.0,6.05,0.0,-4.5,1.23,-0.13,0.59,OK
2026-05-01 02:08:39,4766,0.2992,0.0465,0.0,55.0,5.93,0.0,-4.7,-0.44,0.17,0.55,OK
2026-05-01 02:08:39,4767,0.3068,0.0222,0.0,55.0,5.81,0.0,14.75,0.99,0.34,0.5,OK
2026-05-01 02:08:39,4768,0.2997,0.0227,0.0,55.0,5.71,0.0,14.42,-0.25,0.21,0.46,OK
2026-05-01 02:08:39,4769,0.298,0.0227,0.0,55.0,5.6,0.0,16.48,-1.99,0.13,0.43,OK
2026-05-01 02:08:39,4770,0.2963,0.0222,0.0,54.0,5.51,0.0,15.09,0.54,0.53,0.39,OK
2026-05-01 02:08:39,4771,0.3052,0.0444,0.0,54.0,5.42,0.0,-2.93,0.95,0.34,0.36,OK
2026-05-01 02:08:39,4772,0.3052,0.0222,0.0,54.0,5.33,0.0,14.93,-2.05,0.48,0.33,OK
2026-05-01 02:08:39,4773,0.3108,0.0217,0.0,54.0,5.25,0.0,15.43,-2.1,0.46,0.3,OK
2026-05-01 02:08:39,4774,0.3229,0.0465,0.0,54.0,5.17,0.0,-1.89,1.77,0.28,0.28,OK
2026-05-01 02:08:39,4775,0.3171,0.0454,0.0,54.0,5.1,0.0,-1.09,1.84,-0.03,0.26,OK
2026-05-01 02:08:39,4776,0.2977,0.0454,0.0,54.0,5.03,0.0,14.96,-3.57,-0.23,0.24,OK
2026-05-01 02:08:39,4777,0.2961,0.0465,0.0,54.0,4.96,0.0,14.82,-2.67,-0.16,0.22,OK
2026-05-01 02:08:39,4778,0.3049,0.0222,0.0,54.0,4.9,0.0,15.34,-2.38,-0.16,0.2,OK
2026-05-01 02:08:39,4779,0.2977,0.0222,0.0,54.0,4.84,0.0,14.88,-2.44,0.06,0.18,OK
2026-05-01 02:08:39,4780,0.3122,0.0329,0.0,54.0,4.79,0.0,15.21,0.04,0.27,0.17,OK
2026-05-01 02:08:39,4781,0.3049,0.0232,0.0,54.0,4.74,0.0,-4.02,1.73,-0.03,0.16,OK
2026-05-01 02:08:39,4782,0.3049,0.0233,0.0,54.0,4.69,0.0,-4.02,1.73,-0.03,0.14,OK
2026-05-01 02:08:39,4783,0.3171,0.0455,0.0,54.0,4.65,0.0,15.86,-1.32,0.46,0.13,OK
2026-05-01 02:08:39,4784,0.3229,0.0444,0.0,54.0,4.61,0.0,-3.53,1.22,0.53,0.12,OK
2026-05-01 02:08:40,4785,0.3133,0.0497,0.0,54.0,4.57,0.0,13.66,-1.36,0.23,0.11,OK
2026-05-01 02:08:40,4786,0.3044,0.0314,0.0,54.0,4.53,0.0,13.66,-1.36,0.23,0.1,OK
2026-05-01 02:08:40,4787,0.3047,0.0508,0.0,54.0,4.49,0.0,13.63,-0.9,0.05,0.09,OK
2026-05-01 02:08:40,4788,0.3052,0.0455,0.0,54.0,4.46,0.0,14.77,-1.86,0.1,0.09,OK
2026-05-01 02:08:40,4789,0.314,0.0476,0.0,54.0,4.43,0.0,-3.15,2.65,-0.29,0.08,OK
2026-05-01 02:08:40,4790,0.3155,0.0238,0.0,54.0,4.4,0.0,-3.24,0.7,0.03,0.07,OK
2026-05-01 02:08:40,4791,0.3049,0.0222,0.0,53.0,4.38,0.0,-3.18,1.17,0.13,0.07,OK
2026-05-01 02:08:40,4792,0.3052,0.0222,0.0,53.0,4.35,0.0,14.38,-3.18,0.49,0.06,OK
2026-05-01 02:08:40,4793,0.3108,0.0217,0.0,53.0,4.33,0.0,14.56,-3.52,0.49,0.06,OK
2026-05-01 02:08:40,4794,0.2698,0.0227,0.0,53.0,4.31,0.0,13.72,-1.07,0.37,0.05,OK
2026-05-01 02:08:40,4795,0.2906,0.0227,0.0,53.0,4.28,0.0,13.86,0.56,0.5,0.05,OK
2026-05-01 02:08:40,4796,0.198,0.0232,0.0,53.0,5.8,0.033,12.97,-0.73,-0.59,0.04,OK
2026-05-01 02:08:40,4797,0.2252,0.0227,0.0,53.0,5.66,0.0,-4.78,0.51,0.06,0.04,OK
2026-05-01 02:08:40,4798,0.2616,0.0435,0.0,53.0,5.53,0.0,16.22,-1.49,0.87,0.04,OK
2026-05-01 02:08:40,4799,0.2343,0.0222,0.0,53.0,5.41,0.0,-6.29,1.57,0.24,0.03,OK
2026-05-01 02:08:40,4800,0.2875,0.0227,0.0,53.0,5.3,0.0,16.2,0.51,0.54,0.03,OK
2026-05-01 02:08:40,4801,0.2963,0.0227,0.0,53.0,5.2,0.0,-3.58,0.66,-0.11,0.03,OK
2026-05-01 02:08:40,4802,0.2875,0.0329,0.0,53.0,5.11,0.0,-3.15,-1.21,-0.16,0.03,OK
2026-05-01 02:08:40,4803,0.2963,0.0222,0.0,53.0,5.02,0.0,16.77,1.64,0.63,0.02,OK
2026-05-01 02:08:40,4804,0.3244,0.0314,0.0,53.0,4.94,0.0,-3.1,2.18,0.08,0.02,OK
2026-05-01 02:08:40,4805,0.306,0.0222,0.0,53.0,4.87,0.0,14.64,0.78,0.06,0.02,OK
2026-05-01 02:08:40,4806,0.3154,0.0444,0.0,53.0,4.8,0.0,14.74,-0.18,-0.01,0.02,OK
2026-05-01 02:08:40,4807,0.3055,0.0227,0.0,53.0,4.74,0.0,15.58,-1.84,-0.63,0.02,OK
2026-05-01 02:08:40,4808,0.314,0.0321,0.0,53.0,4.68,0.0,14.97,-1.46,-0.27,0.02,OK
2026-05-01 02:08:40,4809,0.2963,0.0508,0.0,53.0,4.63,0.0,14.08,-0.93,0.51,0.02,OK
2026-05-01 02:08:40,4810,0.2997,0.0227,0.0,53.0,4.58,0.0,15.13,0.92,0.1,0.01,OK
2026-05-01 02:08:40,4811,0.3138,0.0227,0.0,53.0,4.53,0.0,14.78,0.72,0.11,0.01,OK
2026-05-01 02:08:40,4812,0.3171,0.0435,0.0,53.0,4.49,0.0,14.81,-2.87,0.24,0.01,OK
2026-05-01 02:08:40,4813,0.31,0.0307,0.0,53.0,4.45,0.0,14.78,-0.63,0.39,0.01,OK
2026-05-01 02:08:40,4814,0.2914,0.0227,0.0,53.0,4.42,0.0,14.78,-0.63,0.39,0.01,OK
2026-05-01 02:08:41,4815,0.274,0.0227,0.0,53.0,4.38,0.0,13.08,-0.74,0.36,0.01,OK
2026-05-01 02:08:41,4816,0.3138,0.0497,0.0,53.0,4.35,0.0,15.32,-1.27,-0.37,0.01,OK
2026-05-01 02:08:41,4817,0.3229,0.0435,0.0,53.0,4.33,0.0,14.88,-0.49,0.83,0.01,OK
2026-05-01 02:08:41,4818,0.3327,0.0222,0.0,53.0,4.3,0.0,14.89,-1.61,0.54,0.01,OK
2026-05-01 02:08:41,4819,0.2999,0.0321,0.0,53.0,4.28,0.0,15.39,-2.88,0.17,0.01,OK
2026-05-01 02:08:41,4820,0.3016,0.0321,0.0,53.0,4.26,0.0,15.1,-0.49,0.42,0.01,OK
2026-05-01 02:08:41,4821,0.3052,0.0532,0.0,53.0,4.24,0.0,-3.28,0.07,-0.19,0.01,OK
2026-05-01 02:08:41,4822,0.3049,0.0532,0.0,53.0,4.22,0.0,-2.04,0.24,-0.1,0.01,OK
2026-05-01 02:08:41,4823,0.314,0.0222,0.0,53.0,4.2,0.0,14.86,-1.97,0.13,0.0,OK
2026-05-01 02:08:41,4824,0.2891,0.0314,0.0,53.0,4.18,0.0,15.03,0.24,0.47,0.0,OK
2026-05-01 02:08:41,4825,0.2891,0.0213,0.0,53.0,4.17,0.0,14.95,-0.55,0.93,0.0,OK
2026-05-01 02:08:41,4826,0.3052,0.0301,0.0,53.0,4.16,0.0,14.8,-0.33,0.91,0.0,OK
2026-05-01 02:08:41,4827,0.3229,0.0455,0.0,53.0,4.14,0.0,-3.26,0.22,-0.09,0.0,OK
2026-05-01 02:08:41,4828,0.2999,0.0222,0.0,53.0,4.13,0.0,-2.66,2.45,0.92,0.0,OK
2026-05-01 02:08:41,4829,0.3059,0.0314,0.0,53.0,4.12,0.0,15.95,0.95,1.08,0.0,OK
2026-05-01 02:08:41,4830,0.3047,0.0217,0.0,53.0,4.11,0.0,16.96,-0.65,0.06,0.0,OK
2026-05-01 02:08:41,4831,0.3188,0.0217,0.0,53.0,4.1,0.0,14.2,-1.48,-0.39,0.0,OK
2026-05-01 02:08:41,4832,0.3157,0.0213,0.0,53.0,4.1,0.0,14.22,-2.0,0.43,0.0,OK
2026-05-01 02:08:41,4833,0.3068,0.0217,0.0,53.0,4.09,0.0,14.22,-2.0,0.43,0.0,OK
2026-05-01 02:08:41,4834,0.3052,0.0227,0.0,53.0,4.08,0.0,15.41,-1.37,-0.37,0.0,OK
2026-05-01 02:08:41,4835,0.3083,0.0227,0.0,53.0,4.08,0.0,15.22,0.91,0.1,0.0,OK
2026-05-01 02:08:41,4836,0.3155,0.0222,0.0,52.0,4.07,0.0,14.11,-0.85,0.35,0.0,OK
2026-05-01 02:08:41,4837,0.3147,0.0222,0.0,52.0,4.06,0.0,13.78,-3.1,0.21,0.0,OK
2026-05-01 02:08:41,4838,0.3049,0.0444,0.0,52.0,4.06,0.0,14.58,-0.03,0.54,0.0,OK
2026-05-01 02:08:41,4839,0.308,0.0217,0.0,52.0,4.05,0.0,16.32,0.62,1.02,0.0,OK
2026-05-01 02:08:41,4840,0.3085,0.0435,0.0,52.0,4.05,0.0,15.57,-2.11,0.4,0.0,OK
2026-05-01 02:08:41,4841,0.3154,0.0435,0.0,52.0,4.05,0.0,16.52,-2.38,-0.31,0.0,OK
2026-05-01 02:08:41,4842,0.3154,0.0217,0.0,52.0,4.04,0.0,14.81,-2.63,-0.33,0.0,OK
2026-05-01 02:08:41,4843,0.3049,0.052,0.0,52.0,4.04,0.0,-2.5,0.64,0.02,0.0,OK
2026-05-01 02:08:41,4844,0.306,0.0465,0.0,52.0,4.04,0.0,15.01,-2.47,0.05,0.0,OK
2026-05-01 02:08:42,4845,0.3155,0.0329,0.0,52.0,4.03,0.0,14.13,-0.46,-0.01,0.0,OK
2026-05-01 02:08:42,4846,0.315,0.0329,0.0,52.0,4.03,0.0,14.48,0.1,0.26,0.0,OK
2026-05-01 02:08:42,4847,0.3059,0.0222,0.0,52.0,4.03,0.0,19.55,-1.56,0.67,0.0,OK
2026-05-01 02:08:42,4848,0.3047,0.0222,0.0,52.0,4.03,0.0,14.77,-1.52,0.85,0.0,OK
2026-05-01 02:08:42,4849,0.3042,0.0444,0.0,52.0,4.02,0.0,-4.34,1.69,0.75,0.0,OK
2026-05-01 02:08:42,4850,0.3016,0.0227,0.0,52.0,4.02,0.0,14.86,-0.73,0.39,0.0,OK
2026-05-01 02:08:42,4851,0.2947,0.0455,0.0,52.0,4.02,0.0,-2.38,2.3,-0.06,0.0,OK
2026-05-01 02:08:42,4852,0.3234,0.0444,0.0,52.0,4.02,0.0,16.26,-1.09,0.15,0.0,OK
2026-05-01 02:08:42,4853,0.3252,0.0222,0.0,52.0,4.02,0.0,16.79,0.31,0.51,0.0,OK
2026-05-01 02:08:42,4854,0.3049,0.0321,0.0,52.0,4.02,0.0,15.41,-1.37,-0.37,0.0,OK
2026-05-01 02:08:42,4855,0.2862,0.0444,0.0,52.0,4.01,0.0,15.05,-0.12,0.23,0.0,OK
2026-05-01 02:08:42,4856,0.2961,0.0435,0.0,52.0,4.01,0.0,15.62,-3.02,-0.64,0.0,OK
2026-05-01 02:08:42,4857,0.2062,0.0222,0.0,52.0,5.09,0.033,13.26,-4.14,-1.0,0.0,OK
2026-05-01 02:08:42,4858,0.2162,0.0465,0.0,52.0,5.39,0.067,12.57,-3.26,-0.94,0.0,OK
2026-05-01 02:08:42,4859,0.2436,0.0222,0.0,53.0,5.28,0.0,-5.51,0.81,-0.17,0.0,OK
2026-05-01 02:08:42,4860,0.2343,0.0435,0.0,53.0,5.18,0.0,14.17,-2.63,-0.38,0.0,OK
2026-05-01 02:08:42,4861,0.2437,0.0455,0.0,53.0,5.08,0.0,-5.31,-0.6,0.02,0.0,OK
2026-05-01 02:08:42,4862,0.271,0.0455,0.0,53.0,5.0,0.0,-5.41,0.99,0.04,0.0,OK
2026-05-01 02:08:42,4863,0.2751,0.0321,0.0,53.0,4.92,0.0,-6.72,1.02,0.16,0.0,OK
2026-05-01 02:08:42,4864,0.2964,0.0444,0.0,53.0,4.84,0.0,-6.15,-0.35,0.79,0.0,OK
2026-05-01 02:08:42,4865,0.3109,0.0435,0.0,53.0,4.78,0.0,-6.33,-0.97,0.72,0.0,OK
2026-05-01 02:08:42,4866,0.279,0.0222,0.0,53.0,4.71,0.0,-6.32,0.13,0.63,0.0,OK
2026-05-01 02:08:42,4867,0.279,0.0222,0.0,53.0,4.66,0.0,-6.82,0.13,0.76,0.0,OK
2026-05-01 02:08:42,4868,0.2781,0.0444,0.0,53.0,4.6,0.0,-4.99,1.1,0.92,0.0,OK
2026-05-01 02:08:42,4869,0.2953,0.0444,0.0,53.0,4.56,0.0,-4.54,1.16,1.03,0.0,OK
2026-05-01 02:08:42,4870,0.2958,0.0465,0.0,53.0,4.51,0.0,-7.51,0.02,0.0,0.0,OK
2026-05-01 02:08:42,4871,0.2961,0.0455,0.0,52.0,4.47,0.0,-7.42,1.58,-0.32,0.0,OK
2026-05-01 02:08:42,4872,0.3019,0.0698,0.0,52.0,4.43,0.0,-6.83,1.75,0.31,0.0,OK
2026-05-01 02:08:42,4873,0.2875,0.0667,0.0,52.0,4.4,0.0,-7.03,1.21,0.48,0.0,OK
2026-05-01 02:08:42,4874,0.2875,0.0909,0.0,52.0,4.37,0.0,-6.56,-0.2,0.59,0.0,OK
2026-05-01 02:08:42,4875,0.2787,0.0909,0.0,52.0,4.34,0.0,-7.03,-0.43,0.82,0.0,OK
2026-05-01 02:08:43,4876,0.2837,0.0714,0.0,52.0,4.31,0.0,-6.87,-0.62,0.28,0.0,OK
2026-05-01 02:08:43,4877,0.2881,0.0714,0.0,52.0,4.29,0.0,-7.9,-0.01,0.26,0.0,OK
2026-05-01 02:08:43,4878,0.2922,0.0714,0.0,51.0,4.26,0.0,-7.58,-0.57,0.3,0.0,OK
2026-05-01 02:08:43,4879,0.1979,0.0769,0.0,51.0,5.78,0.033,-8.52,-1.4,0.39,0.0,OK
2026-05-01 02:08:43,4880,0.197,0.0769,0.0,51.0,7.06,0.067,-8.52,-1.4,0.39,0.0,OK
2026-05-01 02:08:43,4881,0.1813,0.125,0.0,51.0,9.15,0.1,-13.12,-3.61,1.02,0.0,OK
2026-05-01 02:08:43,4882,0.1625,0.1025,0.0,51.0,11.95,0.133,-12.71,-2.23,0.34,0.0,OK
2026-05-01 02:08:43,4883,0.1594,0.1282,0.0,51.0,14.21,0.167,-13.42,-2.3,0.36,0.0,OK
2026-05-01 02:08:43,4884,0.1584,0.1538,0.0,51.0,15.99,0.2,-12.85,-2.26,0.32,0.0,OK
2026-05-01 02:08:43,4885,0.2374,0.1628,0.0,52.0,15.03,0.0,-12.92,-0.14,0.87,0.0,OK
2026-05-01 02:08:43,4886,0.2466,0.2143,0.0,52.0,14.15,0.0,-10.6,-1.38,1.73,0.0,OK
2026-05-01 02:08:43,4887,0.2335,0.2045,0.0,52.0,13.34,0.0,-10.56,0.56,0.9,0.0,OK
2026-05-01 02:08:43,4888,0.2635,0.1628,0.0,52.0,12.59,0.0,-9.67,-2.57,1.02,0.0,OK
2026-05-01 02:08:43,4889,0.2678,0.1627,0.0,51.0,11.9,0.0,-9.46,0.21,0.82,0.0,OK
2026-05-01 02:08:43,4890,0.2656,0.1395,0.0,51.0,11.27,0.0,-10.78,0.42,1.33,0.0,OK
2026-05-01 02:08:43,4891,0.2601,0.1395,0.0,51.0,10.69,0.0,-10.87,-0.15,1.27,0.0,OK
2026-05-01 02:08:43,4892,0.2571,0.119,0.0,51.0,10.15,0.0,-10.94,1.28,0.59,0.0,OK
2026-05-01 02:08:43,4893,0.2457,0.2233,0.0,51.0,9.66,0.0,-9.63,1.76,0.86,0.0,OK
2026-05-01 02:08:43,4894,0.2792,0.2222,0.0,51.0,9.21,0.0,-9.45,1.23,1.04,0.0,OK
2026-05-01 02:08:43,4895,0.2469,0.1739,0.0,51.0,8.79,0.0,-10.22,1.93,1.09,0.0,OK
2026-05-01 02:08:43,4896,0.2697,0.1956,0.0,51.0,8.41,0.0,-9.71,1.75,0.77,0.0,OK
2026-05-01 02:08:43,4897,0.2799,0.1914,0.0,51.0,8.06,0.0,-9.5,-1.17,1.75,0.0,OK
2026-05-01 02:08:43,4898,0.2789,0.1914,0.0,51.0,7.73,0.0,-9.72,-0.26,1.32,0.0,OK
2026-05-01 02:08:43,4899,0.2559,0.2127,0.0,51.0,7.43,0.0,-9.9,-1.7,2.08,0.0,OK
2026-05-01 02:08:43,4900,0.2643,0.1458,0.0,51.0,7.16,0.0,-11.87,-0.59,1.67,0.0,OK
2026-05-01 02:08:43,4901,0.2877,0.1458,0.0,51.0,6.91,0.0,-9.96,-0.13,1.83,0.0,OK
2026-05-01 02:08:43,4902,0.2436,0.1428,0.0,51.0,6.67,0.0,-9.0,0.42,1.73,0.0,OK
2026-05-01 02:08:43,4903,0.2479,0.1428,0.0,51.0,6.46,0.0,-9.37,-0.93,1.75,0.0,OK
2026-05-01 02:08:43,4904,0.2739,0.1224,0.0,51.0,6.26,0.0,-7.91,-1.24,1.35,0.0,OK
2026-05-01 02:08:44,4905,0.2796,0.1224,0.0,51.0,6.08,0.0,-7.72,-0.36,1.28,0.0,OK
2026-05-01 02:08:44,4906,0.2799,0.1224,0.0,51.0,5.91,0.0,-6.6,-2.4,1.83,0.0,OK
2026-05-01 02:08:44,4907,0.2832,0.1428,0.0,51.0,5.76,0.0,-6.62,-2.76,1.71,0.0,OK
2026-05-01 02:08:44,4908,0.2654,0.12,0.0,51.0,5.62,0.0,-6.76,-1.19,1.71,0.0,OK
2026-05-01 02:08:44,4909,0.2743,0.1224,0.0,51.0,5.49,0.0,-7.27,-1.2,1.85,0.0,OK
2026-05-01 02:08:44,4910,0.265,0.1064,0.0,51.0,5.37,0.0,-8.7,-0.81,0.98,0.0,OK
2026-05-01 02:08:44,4911,0.274,0.1042,0.0,51.0,5.26,0.0,-8.7,-0.81,0.98,0.0,OK
2026-05-01 02:08:44,4912,0.251,0.12,0.0,51.0,5.16,0.0,-9.05,-0.3,1.58,0.0,OK
2026-05-01 02:08:44,4913,0.2706,0.0833,0.0,51.0,5.07,0.0,-5.27,-2.01,2.06,0.0,OK
2026-05-01 02:08:44,4914,0.2748,0.0833,0.0,50.0,4.98,0.0,-5.27,-1.92,1.74,0.0,OK
2026-05-01 02:08:44,4915,0.271,0.0417,0.0,50.0,4.9,0.0,-5.21,-1.87,1.21,0.0,OK
2026-05-01 02:08:44,4916,0.271,0.0417,0.0,50.0,4.83,0.0,-5.11,-1.53,1.38,0.0,OK
2026-05-01 02:08:44,4917,0.2743,0.04,0.0,50.0,4.77,0.0,16.31,-2.53,0.67,0.0,OK
2026-05-01 02:08:44,4918,0.2792,0.04,0.0,50.0,4.7,0.0,18.21,-2.34,0.88,0.0,OK
2026-05-01 02:08:44,4919,0.2699,0.0408,0.0,50.0,4.65,0.0,-6.08,-1.2,1.11,0.0,OK
2026-05-01 02:08:44,4920,0.2696,0.0408,0.0,50.0,4.6,0.0,-7.04,0.58,0.73,0.0,OK
2026-05-01 02:08:44,4921,0.2799,0.0417,0.0,50.0,4.55,0.0,13.34,-4.21,0.24,0.0,OK
2026-05-01 02:08:44,4922,0.2787,0.0612,0.0,50.0,4.5,0.0,-5.66,0.16,1.26,0.0,OK
2026-05-01 02:08:44,4923,0.2699,0.06,0.0,50.0,4.46,0.0,-5.66,0.16,1.26,0.0,OK
2026-05-01 02:08:44,4924,0.2692,0.0417,0.0,50.0,4.43,0.0,-3.24,-0.25,0.92,0.0,OK
2026-05-01 02:08:44,4925,0.2615,0.0426,0.0,50.0,4.39,0.0,-3.43,-0.13,0.86,0.0,OK
2026-05-01 02:08:44,4926,0.2473,0.02,0.0,50.0,4.36,0.0,-4.51,0.48,1.48,0.0,OK
2026-05-01 02:08:44,4927,0.2473,0.0196,0.0,50.0,4.33,0.0,18.82,-3.24,0.81,0.0,OK
2026-05-01 02:08:44,4928,0.2749,0.0417,0.0,50.0,4.31,0.0,-5.76,-0.94,1.35,0.0,OK
2026-05-01 02:08:44,4929,0.2742,0.0417,0.0,50.0,4.28,0.0,-5.68,0.63,1.05,0.0,OK
2026-05-01 02:08:44,4930,0.2472,0.0204,0.0,50.0,4.26,0.0,15.5,-4.48,0.39,0.0,OK
2026-05-01 02:08:44,4931,0.2799,0.0289,0.0,50.0,4.24,0.0,15.98,-3.48,0.78,0.0,OK
2026-05-01 02:08:44,4932,0.2799,0.02,0.0,50.0,4.22,0.0,16.73,-2.47,0.86,0.0,OK
2026-05-01 02:08:44,4933,0.2787,0.04,0.0,50.0,4.2,0.0,18.33,-0.46,0.86,0.0,OK
2026-05-01 02:08:44,4934,0.2782,0.02,0.0,50.0,4.19,0.0,16.16,-2.37,0.87,0.0,OK
2026-05-01 02:08:45,4935,0.2698,0.0417,0.0,50.0,4.17,0.0,-5.19,0.32,1.04,0.0,OK
2026-05-01 02:08:45,4936,0.2745,0.0417,0.0,50.0,4.16,0.0,-4.98,0.51,0.7,0.0,OK
2026-05-01 02:08:45,4937,0.2843,0.0408,0.0,50.0,4.14,0.0,18.0,-2.81,0.79,0.0,OK
2026-05-01 02:08:45,4938,0.2697,0.0204,0.0,49.0,4.13,0.0,15.45,-4.52,0.33,0.0,OK
2026-05-01 02:08:45,4939,0.2739,0.0408,0.0,49.0,4.12,0.0,-5.7,0.15,0.97,0.0,OK
2026-05-01 02:08:45,4940,0.2742,0.0204,0.0,49.0,4.11,0.0,16.97,-1.44,1.27,0.0,OK
2026-05-01 02:08:45,4941,0.2787,0.0408,0.0,48.0,4.1,0.0,-4.42,1.49,1.31,0.0,OK
2026-05-01 02:08:45,4942,0.2749,0.0476,0.0,48.0,4.1,0.0,-5.02,-0.83,1.17,0.0,OK
2026-05-01 02:08:45,4943,0.2699,0.0417,0.0,48.0,4.09,0.0,-4.87,-0.9,0.94,0.0,OK
2026-05-01 02:08:45,4944,0.2789,0.0425,0.0,48.0,4.08,0.0,17.28,-1.86,0.49,0.0,OK
2026-05-01 02:08:45,4945,0.2809,0.0417,0.0,48.0,4.07,0.0,17.27,-1.77,0.86,0.0,OK
2026-05-01 02:08:45,4946,0.2962,0.0204,0.0,48.0,4.07,0.0,-7.13,0.54,0.97,0.0,OK
2026-05-01 02:08:45,4947,0.2962,0.0204,0.0,48.0,4.06,0.0,-7.58,0.87,1.02,0.0,OK
2026-05-01 02:08:45,4948,0.2804,0.0408,0.0,48.0,4.06,0.0,-6.21,-0.5,1.87,0.0,OK
2026-05-01 02:08:45,4949,0.2781,0.0204,0.0,48.0,4.05,0.0,-5.99,-0.7,1.42,0.0,OK
2026-05-01 02:08:45,4950,0.3011,0.0204,0.0,48.0,4.05,0.0,-5.97,-0.21,1.21,0.0,OK
2026-05-01 02:08:45,4951,0.2784,0.0208,0.0,48.0,4.04,0.0,15.54,-2.36,0.21,0.0,OK
2026-05-01 02:08:45,4952,0.2878,0.0208,0.0,48.0,4.04,0.0,-4.39,0.13,0.64,0.0,OK
2026-05-01 02:08:45,4953,0.2702,0.02,0.0,48.0,4.04,0.0,16.4,-1.66,0.86,0.0,OK
2026-05-01 02:08:45,4954,0.2699,0.04,0.0,48.0,4.03,0.0,16.42,-0.38,1.18,0.0,OK
2026-05-01 02:08:45,4955,0.2749,0.0408,0.0,48.0,4.03,0.0,-6.72,-1.54,1.28,0.0,OK
2026-05-01 02:08:45,4956,0.2799,0.0417,0.0,48.0,4.03,0.0,15.42,-2.44,0.55,0.0,OK
2026-05-01 02:08:45,4957,0.2963,0.0426,0.0,48.0,4.03,0.0,-4.81,0.35,-0.07,0.0,OK
2026-05-01 02:08:45,4958,0.3053,0.0426,0.0,48.0,4.03,0.0,-5.46,-0.05,0.49,0.0,OK
2026-05-01 02:08:45,4959,0.3017,0.0208,0.0,48.0,4.02,0.0,14.35,-2.68,-0.01,0.0,OK
2026-05-01 02:08:45,4960,0.2787,0.04,0.0,47.0,4.02,0.0,16.03,-2.52,0.42,0.0,OK
2026-05-01 02:08:45,4961,0.2785,0.04,0.0,47.0,4.02,0.0,16.03,-2.52,0.42,0.0,OK
2026-05-01 02:08:45,4962,0.2875,0.0204,0.0,47.0,4.02,0.0,-3.31,0.22,0.18,0.0,OK
2026-05-01 02:08:45,4963,0.283,0.0204,0.0,47.0,4.02,0.0,-5.36,-0.39,0.12,0.0,OK
2026-05-01 02:08:45,4964,0.3047,0.0208,0.0,47.0,4.02,0.0,15.65,-2.34,0.08,0.0,OK
2026-05-01 02:08:45,4965,0.3052,0.0408,0.0,47.0,4.01,0.0,13.94,-2.4,0.08,0.0,OK
2026-05-01 02:08:46,4966,0.2963,0.0204,0.0,47.0,4.01,0.0,16.82,-1.73,0.36,0.0,OK
2026-05-01 02:08:46,4967,0.2837,0.0213,0.0,47.0,4.01,0.0,-6.9,1.56,0.32,0.0,OK
2026-05-01 02:08:46,4968,0.2928,0.0213,0.0,47.0,4.01,0.0,-6.9,1.56,0.32,0.0,OK
2026-05-01 02:08:46,4969,0.3014,0.0417,0.0,46.0,4.01,0.0,15.25,-3.34,-0.35,0.0,OK
2026-05-01 02:08:46,4970,0.302,0.0408,0.0,46.0,4.01,0.0,16.15,-3.2,-0.22,0.0,OK
2026-05-01 02:08:46,4971,0.2876,0.0417,0.0,46.0,4.01,0.0,16.03,-2.52,0.42,0.0,OK
2026-05-01 02:08:46,4972,0.2876,0.0417,0.0,46.0,4.01,0.0,-5.54,0.3,0.6,0.0,OK
2026-05-01 02:08:46,4973,0.3015,0.0417,0.0,46.0,4.01,0.0,14.26,0.46,0.97,0.0,OK
2026-05-01 02:08:46,4974,0.2784,0.0417,0.0,46.0,4.01,0.0,-8.07,-0.21,0.15,0.0,OK
2026-05-01 02:08:46,4975,0.2694,0.0426,0.0,46.0,4.01,0.0,-5.97,-0.16,0.1,0.0,OK
2026-05-01 02:08:46,4976,0.2786,0.0204,0.0,46.0,4.01,0.0,14.22,-0.78,0.9,0.0,OK
2026-05-01 02:08:46,4977,0.2963,0.04,0.0,46.0,4.01,0.0,-5.54,1.21,0.54,0.0,OK
2026-05-01 02:08:46,4978,0.2781,0.0408,0.0,46.0,4.0,0.0,-7.14,1.19,0.67,0.0,OK
2026-05-01 02:08:46,4979,0.2782,0.0408,0.0,46.0,4.0,0.0,-7.73,-0.56,0.69,0.0,OK
2026-05-01 02:08:46,4980,0.2787,0.0408,0.0,46.0,4.0,0.0,-5.68,-0.68,0.41,0.0,OK
2026-05-01 02:08:46,4981,0.2837,0.0408,0.0,46.0,4.0,0.0,-5.68,-0.68,0.41,0.0,OK
2026-05-01 02:08:46,4982,0.2869,0.0204,0.0,46.0,4.0,0.0,15.07,-2.6,0.3,0.0,OK
2026-05-01 02:08:46,4983,0.3,0.02,0.0,46.0,4.0,0.0,-5.64,-0.55,0.64,0.0,OK
2026-05-01 02:08:46,4984,0.2876,0.0417,0.0,46.0,4.0,0.0,-5.28,-0.64,0.65,0.0,OK
2026-05-01 02:08:46,4985,0.2931,0.0213,0.0,46.0,4.0,0.0,-4.27,-0.12,0.55,0.0,OK
2026-05-01 02:08:46,4986,0.2978,0.0408,0.0,46.0,4.0,0.0,17.21,-2.16,0.45,0.0,OK
2026-05-01 02:08:46,4987,0.2743,0.04,0.0,46.0,4.0,0.0,15.26,-2.73,0.09,0.0,OK
2026-05-01 02:08:46,4988,0.2749,0.0408,0.0,46.0,4.0,0.0,15.11,-1.94,0.15,0.0,OK
2026-05-01 02:08:46,4989,0.1696,0.0217,0.0,46.0,7.41,0.033,-7.17,-1.29,0.28,0.0,OK
2026-05-01 02:08:46,4990,0.1729,0.0213,0.0,46.0,9.66,0.067,-7.17,-0.87,0.39,0.0,OK
2026-05-01 02:08:46,4991,0.2071,0.0213,0.0,46.0,9.56,0.1,15.17,-2.79,-0.89,0.0,OK
2026-05-01 02:08:46,4992,0.2071,0.0213,0.0,46.0,9.51,0.133,-6.33,-0.51,-0.32,0.0,OK
2026-05-01 02:08:46,4993,0.2436,0.0208,0.0,47.0,9.07,0.0,-5.83,0.37,0.54,0.0,OK
2026-05-01 02:08:46,4994,0.2435,0.0417,0.0,47.0,8.67,0.0,16.14,-1.64,0.27,0.0,OK
2026-05-01 02:08:46,4995,0.256,0.0295,0.0,47.0,8.29,0.0,-4.96,0.48,-0.4,0.0,OK
2026-05-01 02:08:47,4996,0.2483,0.0417,0.0,47.0,7.95,0.0,-7.56,0.12,1.0,0.0,OK
2026-05-01 02:08:47,4997,0.2653,0.0204,0.0,47.0,7.63,0.0,-7.75,-0.26,1.15,0.0,OK
2026-05-01 02:08:47,4998,0.2702,0.0213,0.0,47.0,7.34,0.0,-8.0,-0.74,0.33,0.0,OK
2026-05-01 02:08:47,4999,0.2745,0.0417,0.0,47.0,7.07,0.0,-7.92,-0.34,0.49,0.0,OK
2026-05-01 02:08:47,5000,0.2745,0.0208,0.0,47.0,6.83,0.0,-5.04,1.07,0.48,0.0,OK
2026-05-01 02:08:47,5001,0.269,0.0204,0.0,47.0,6.6,0.0,-4.89,0.63,0.37,0.0,OK
2026-05-01 02:08:47,5002,0.2525,0.0408,0.0,47.0,6.39,0.0,12.75,-2.38,-0.13,0.0,OK
2026-05-01 02:08:47,5003,0.2518,0.0408,0.0,47.0,6.2,0.0,12.78,-2.34,0.1,0.0,OK
2026-05-01 02:08:47,5004,0.2751,0.0208,0.0,47.0,6.03,0.0,15.67,-4.23,0.1,0.0,OK
2026-05-01 02:08:47,5005,0.2748,0.0425,0.0,47.0,5.86,0.0,13.19,-2.04,0.32,0.0,OK
2026-05-01 02:08:47,5006,0.2737,0.0476,0.0,47.0,5.72,0.0,13.95,-0.89,0.19,0.0,OK
2026-05-01 02:08:47,5007,0.2784,0.0204,0.0,47.0,5.58,0.0,-7.12,0.33,0.74,0.0,OK
2026-05-01 02:08:47,5008,0.269,0.0204,0.0,47.0,5.45,0.0,-7.12,0.33,0.74,0.0,OK
2026-05-01 02:08:47,5009,0.2696,0.0213,0.0,47.0,5.34,0.0,-5.44,-0.95,0.23,0.0,OK
2026-05-01 02:08:47,5010,0.2956,0.0213,0.0,47.0,5.23,0.0,-4.86,-0.7,-0.01,0.0,OK
2026-05-01 02:08:47,5011,0.2746,0.0295,0.0,47.0,5.13,0.0,14.46,-0.85,0.38,0.0,OK
2026-05-01 02:08:47,5012,0.2696,0.0208,0.0,47.0,5.04,0.0,-9.02,1.72,0.24,0.0,OK
2026-05-01 02:08:47,5013,0.269,0.0425,0.0,47.0,4.96,0.0,-8.68,0.28,0.78,0.0,OK
2026-05-01 02:08:47,5014,0.2695,0.0417,0.0,47.0,4.88,0.0,-6.25,-1.12,1.22,0.0,OK
2026-05-01 02:08:47,5015,0.2695,0.0417,0.0,47.0,4.81,0.0,-6.9,-1.17,1.37,0.0,OK
2026-05-01 02:08:47,5016,0.2688,0.0425,0.0,47.0,4.75,0.0,-7.72,0.7,0.39,0.0,OK
2026-05-01 02:08:47,5017,0.26,0.0425,0.0,47.0,4.69,0.0,-8.22,-0.78,0.84,0.0,OK
2026-05-01 02:08:47,5018,0.2483,0.0213,0.0,47.0,4.63,0.0,13.94,-2.83,-0.14,0.0,OK
2026-05-01 02:08:47,5019,0.2802,0.0417,0.0,47.0,4.58,0.0,12.11,-1.89,0.54,0.0,OK
2026-05-01 02:08:47,5020,0.2436,0.0208,0.0,47.0,4.53,0.0,-7.75,1.3,0.6,0.0,OK
2026-05-01 02:08:47,5021,0.2436,0.0204,0.0,47.0,4.49,0.0,13.76,-3.6,0.6,0.0,OK
2026-05-01 02:08:47,5022,0.2433,0.0208,0.0,47.0,4.45,0.0,15.7,-2.83,0.62,0.0,OK
2026-05-01 02:08:47,5023,0.2699,0.0295,0.0,47.0,4.42,0.0,-5.09,-0.11,0.95,0.0,OK
2026-05-01 02:08:47,5024,0.2659,0.0408,0.0,47.0,4.38,0.0,15.62,-1.94,0.65,0.0,OK
2026-05-01 02:08:48,5025,0.2465,0.0217,0.0,47.0,4.35,0.0,-7.95,-2.57,1.27,0.0,OK
2026-05-01 02:08:48,5026,0.2472,0.0213,0.0,47.0,4.32,0.0,-8.31,-2.59,1.17,0.0,OK
2026-05-01 02:08:48,5027,0.2565,0.0208,0.0,47.0,4.3,0.0,-7.22,-0.83,0.71,0.0,OK
2026-05-01 02:08:48,5028,0.243,0.0417,0.0,47.0,4.27,0.0,-9.09,0.09,0.99,0.0,OK
2026-05-01 02:08:48,5029,0.2382,0.0208,0.0,47.0,4.25,0.0,-5.75,-0.41,1.19,0.0,OK
2026-05-01 02:08:48,5030,0.2433,0.0208,0.0,47.0,4.23,0.0,-5.82,-1.6,1.61,0.0,OK
2026-05-01 02:08:48,5031,0.2743,0.0417,0.0,47.0,4.21,0.0,-6.11,-2.25,1.24,0.0,OK
2026-05-01 02:08:48,5032,0.2572,0.0213,0.0,47.0,4.2,0.0,11.18,-2.68,0.1,0.0,OK
2026-05-01 02:08:48,5033,0.2572,0.0435,0.0,47.0,4.18,0.0,-6.97,0.06,0.65,0.0,OK
2026-05-01 02:08:48,5034,0.2336,0.0204,0.0,47.0,4.17,0.0,15.16,-3.72,0.57,0.0,OK
2026-05-01 02:08:48,5035,0.2192,0.0204,0.0,47.0,4.15,0.0,15.0,-4.03,0.17,0.0,OK
2026-05-01 02:08:48,5036,0.197,0.0217,0.0,47.0,5.76,0.033,14.24,-3.83,-0.4,0.0,OK
2026-05-01 02:08:48,5037,0.1879,0.0217,0.0,47.0,7.63,0.067,-6.26,-0.81,0.37,0.0,OK
2026-05-01 02:08:48,5038,0.1519,0.0476,0.0,47.0,11.4,0.1,-7.81,-1.04,0.64,0.0,OK
2026-05-01 02:08:48,5039,0.1722,0.0476,0.0,47.0,12.79,0.133,-8.04,-0.26,0.24,0.0,OK
2026-05-01 02:08:48,5040,0.189,0.0408,0.0,47.0,12.87,0.167,-9.25,-2.71,1.67,0.0,OK
2026-05-01 02:08:48,5041,0.1847,0.0204,0.0,47.0,13.44,0.2,-9.25,-2.71,1.67,0.0,OK
2026-05-01 02:08:48,5042,0.2009,0.0425,0.0467,46.0,13.34,0.233,13.16,-5.41,-1.38,0.0,OK
2026-05-01 02:08:48,5043,0.1695,0.0217,0.0533,46.0,15.21,0.267,-8.21,-1.09,1.07,0.0,OK
2026-05-01 02:08:48,5044,0.1729,0.0217,0.06,46.0,16.45,0.3,-8.94,-2.19,0.54,0.0,OK
2026-05-01 02:08:48,5045,0.1687,0.0208,0.0667,46.0,17.77,0.333,-7.92,-0.72,-0.04,0.0,OK
2026-05-01 02:08:48,5046,0.174,0.0208,0.0733,46.0,18.53,0.367,-7.89,-2.22,0.28,0.0,OK
2026-05-01 02:08:48,5047,0.2184,0.0435,0.08,46.0,18.05,0.4,-7.33,-3.5,0.5,0.0,OK
2026-05-01 02:08:48,5048,0.2153,0.0435,0.0867,46.0,17.71,0.433,-7.14,-2.77,0.53,0.0,OK
2026-05-01 02:08:48,5049,0.2434,0.0417,0.0867,47.0,16.62,0.0,-5.28,-0.64,1.08,0.0,OK
2026-05-01 02:08:48,5050,0.2834,0.0476,0.0867,47.0,15.61,0.0,-6.45,-1.02,1.39,0.0,OK
2026-05-01 02:08:48,5051,0.2782,0.0213,0.0867,47.0,14.68,0.0,-6.35,0.13,0.96,0.0,OK
2026-05-01 02:08:48,5052,0.2515,0.0213,0.0867,47.0,13.82,0.0,-6.77,-1.25,0.94,0.0,OK
2026-05-01 02:08:48,5053,0.2707,0.0425,0.0867,47.0,13.04,0.0,-6.75,-0.84,1.05,0.0,OK
2026-05-01 02:08:48,5054,0.2699,0.0213,0.0867,47.0,12.32,0.0,-6.64,-0.47,1.22,0.0,OK
2026-05-01 02:08:49,5055,0.2699,0.0301,0.0867,47.0,11.65,0.0,13.04,-3.0,0.64,0.0,OK
2026-05-01 02:08:49,5056,0.2522,0.0213,0.0867,47.0,11.04,0.0,-4.43,0.81,1.0,0.0,OK
2026-05-01 02:08:49,5057,0.2647,0.0417,0.0867,47.0,10.48,0.0,-3.35,-1.84,1.59,0.0,OK
2026-05-01 02:08:49,5058,0.2718,0.0417,0.0867,47.0,9.96,0.0,16.44,-3.31,0.77,0.0,OK
2026-05-01 02:08:49,5059,0.2964,0.0204,0.0867,47.0,9.48,0.0,16.0,-3.3,0.79,0.0,OK
2026-05-01 02:08:49,5060,0.3038,0.0208,0.0867,47.0,9.04,0.0,16.19,-5.4,0.44,0.0,OK
2026-05-01 02:08:49,5061,0.3052,0.0217,0.0867,47.0,8.64,0.0,-3.61,-1.23,0.54,0.0,OK
2026-05-01 02:08:49,5062,0.3136,0.0307,0.0867,47.0,8.27,0.0,14.39,-4.42,-0.01,0.0,OK
2026-05-01 02:08:49,5063,0.314,0.0213,0.0867,47.0,7.93,0.0,14.45,-1.23,0.5,0.0,OK
2026-05-01 02:08:49,5064,0.3068,0.0213,0.0867,47.0,7.61,0.0,14.56,-2.13,0.44,0.0,OK
2026-05-01 02:08:49,5065,0.3052,0.0426,0.0867,47.0,7.32,0.0,14.4,-1.91,0.64,0.0,OK
2026-05-01 02:08:49,5066,0.3075,0.0417,0.0867,47.0,7.06,0.0,16.08,-3.81,0.34,0.0,OK
2026-05-01 02:08:49,5067,0.3048,0.0213,0.0867,47.0,6.81,0.0,17.21,-1.1,0.55,0.0,OK
2026-05-01 02:08:49,5068,0.2963,0.0444,0.0867,47.0,6.59,0.0,-4.26,-0.02,0.47,0.0,OK
2026-05-01 02:08:49,5069,0.3052,0.0222,0.0867,47.0,6.38,0.0,-4.26,-0.02,0.47,0.0,OK
2026-05-01 02:08:49,5070,0.2709,0.0301,0.0867,46.0,6.19,0.0,-5.59,-0.03,1.28,0.0,OK
2026-05-01 02:08:49,5071,0.2743,0.0213,0.0867,46.0,6.02,0.0,14.26,-2.86,0.63,0.0,OK
2026-05-01 02:08:49,5072,0.2615,0.0208,0.0867,46.0,5.85,0.0,17.13,-0.66,1.35,0.0,OK
2026-05-01 02:08:49,5073,0.268,0.0213,0.0867,46.0,5.71,0.0,17.09,-0.74,1.15,0.0,OK
2026-05-01 02:08:49,5074,0.2659,0.0213,0.0867,46.0,5.57,0.0,16.09,-2.91,0.37,0.0,OK
2026-05-01 02:08:49,5075,0.2434,0.0213,0.0867,46.0,5.44,0.0,-3.11,-0.7,0.8,0.0,OK
2026-05-01 02:08:49,5076,0.2749,0.0213,0.0867,46.0,5.33,0.0,17.22,-1.78,1.28,0.0,OK
2026-05-01 02:08:49,5077,0.2798,0.0417,0.0867,46.0,5.22,0.0,17.29,-2.42,0.98,0.0,OK
2026-05-01 02:08:49,5078,0.2702,0.0425,0.0867,46.0,5.12,0.0,14.83,-2.95,0.26,0.0,OK
2026-05-01 02:08:49,5079,0.2693,0.0435,0.0867,46.0,5.03,0.0,-4.46,-0.25,1.32,0.0,OK
2026-05-01 02:08:49,5080,0.2864,0.0435,0.0867,46.0,4.95,0.0,-3.17,1.25,0.06,0.0,OK
2026-05-01 02:08:49,5081,0.2741,0.0444,0.0867,46.0,4.88,0.0,-4.78,0.63,0.91,0.0,OK
2026-05-01 02:08:49,5082,0.2981,0.0486,0.0867,46.0,4.81,0.0,-4.56,0.17,0.92,0.0,OK
2026-05-01 02:08:49,5083,0.2698,0.0208,0.0867,46.0,4.74,0.0,16.38,-2.95,0.57,0.0,OK
2026-05-01 02:08:49,5084,0.2839,0.0213,0.0867,46.0,4.68,0.0,16.07,-2.91,0.77,0.0,OK
2026-05-01 02:08:49,5085,0.2894,0.0217,0.0867,46.0,4.63,0.0,19.2,-3.44,-0.93,0.0,OK
2026-05-01 02:08:50,5086,0.3125,0.0222,0.0867,46.0,4.58,0.0,18.53,-2.98,0.01,0.0,OK
2026-05-01 02:08:50,5087,0.2786,0.0,0.0867,46.0,4.53,0.0,24.74,-3.89,0.17,0.0,OK
2026-05-01 02:08:50,5088,0.2871,0.0,0.0867,46.0,4.49,0.0,28.56,-2.07,1.32,0.0,OK
2026-05-01 02:08:50,5089,0.299,0.0213,0.0867,46.0,4.45,0.0,29.84,-1.82,0.92,0.0,OK
2026-05-01 02:08:50,5090,0.3074,0.0227,0.0867,46.0,4.41,0.0,27.46,-1.98,0.87,0.0,OK
2026-05-01 02:08:50,5091,0.3197,0.0227,0.0867,46.0,4.38,0.0,30.69,-2.58,0.18,0.0,OK
2026-05-01 02:08:50,5092,0.2945,0.0,0.0867,46.0,4.35,0.0,31.34,-3.45,1.16,0.0,OK
2026-05-01 02:08:50,5093,0.3015,0.0222,0.0867,46.0,4.32,0.0,30.82,-1.9,1.44,0.0,OK
2026-05-01 02:08:50,5094,0.3094,0.0,0.0867,46.0,4.3,0.0,37.4,-4.15,1.06,0.0,OK
2026-05-01 02:08:50,5095,0.3272,0.0,0.0867,46.0,4.27,0.0,38.78,-4.16,1.69,0.0,OK
2026-05-01 02:08:50,5096,0.3028,0.0222,0.0867,46.0,4.25,0.0,40.05,-4.31,1.48,0.0,OK
2026-05-01 02:08:50,5097,0.3112,0.0,0.0867,46.0,4.23,0.0,42.98,-4.9,3.21,0.0,OK
2026-05-01 02:08:50,5098,0.2937,0.0,0.0867,46.0,4.21,0.0,42.63,-4.72,2.01,0.0,OK
2026-05-01 02:08:50,5099,0.3196,0.0,0.0867,46.0,4.2,0.0,44.62,-5.03,2.17,0.0,OK
2026-05-01 02:08:50,5100,0.3114,0.0217,0.0867,46.0,4.18,0.0,45.32,-5.08,2.0,0.0,OK
2026-05-01 02:08:50,5101,0.3,0.0208,0.0867,46.0,4.17,0.0,49.4,-5.51,1.99,0.0,OK
2026-05-01 02:08:50,5102,0.2876,0.0,0.0867,46.0,4.15,0.0,48.91,-6.37,2.02,0.0,OK
2026-05-01 02:08:50,5103,0.3508,0.0,0.0867,46.0,4.14,0.0,48.01,-5.61,3.29,0.0,OK
2026-05-01 02:08:50,5104,0.314,0.0221,0.0867,46.0,4.13,0.0,49.41,-6.27,3.49,0.0,OK
2026-05-01 02:08:50,5105,0.3094,0.0,0.0867,46.0,4.12,0.0,49.64,-6.0,3.6,0.0,OK
2026-05-01 02:08:50,5106,0.3331,0.0,0.0867,46.0,4.11,0.0,51.93,-6.18,3.14,0.0,OK
2026-05-01 02:08:50,5107,0.3285,0.0,0.0867,46.0,4.1,0.0,51.47,-6.65,2.53,0.0,OK
2026-05-01 02:08:50,5108,0.312,0.0,0.0867,46.0,4.09,0.0,52.33,-6.83,2.5,0.0,OK
2026-05-01 02:08:50,5109,0.3101,0.0,0.0867,46.0,4.08,0.0,52.55,-6.58,2.63,0.0,OK
2026-05-01 02:08:50,5110,0.3115,0.0222,0.0867,46.0,4.08,0.0,52.64,-6.82,2.5,0.0,OK
2026-05-01 02:08:50,5111,0.294,0.0222,0.0867,46.0,4.07,0.0,53.24,-6.39,2.47,0.0,OK
2026-05-01 02:08:50,5112,0.2871,0.0,0.0867,46.0,4.07,0.0,52.91,-5.78,1.26,0.0,OK
2026-05-01 02:08:50,5113,0.2871,0.0321,0.0867,46.0,4.06,0.0,52.92,-6.29,1.93,0.0,OK
2026-05-01 02:08:50,5114,0.3018,0.0222,0.0867,46.0,4.06,0.0,51.85,-6.33,1.88,0.0,OK
2026-05-01 02:08:50,5115,0.3015,0.0,0.0867,46.0,4.05,0.0,52.47,-6.83,2.28,0.0,OK
2026-05-01 02:08:51,5116,0.3201,0.0217,0.0867,46.0,4.05,0.0,50.74,-8.25,1.86,0.0,OK
2026-05-01 02:08:51,5117,0.3171,0.0,0.0867,46.0,4.04,0.0,52.07,-7.24,2.79,0.0,OK
2026-05-01 02:08:51,5118,0.3217,0.0,0.0867,46.0,4.04,0.0,52.78,-6.76,2.54,0.0,OK
2026-05-01 02:08:51,5119,0.3224,0.0212,0.0867,46.0,4.04,0.0,53.84,-6.99,3.64,0.0,OK
2026-05-01 02:08:51,5120,0.3131,0.0,0.0867,46.0,4.03,0.0,53.44,-6.1,4.01,0.0,OK
2026-05-01 02:08:51,5121,0.3274,0.0,0.0867,46.0,4.03,0.0,51.33,-7.8,2.2,0.0,OK
2026-05-01 02:08:51,5122,0.3438,0.0,0.0867,46.0,4.03,0.0,51.58,-9.31,1.9,0.0,OK
2026-05-01 02:08:51,5123,0.3067,0.0212,0.0867,46.0,4.03,0.0,52.93,-8.38,3.06,0.0,OK
2026-05-01 02:08:51,5124,0.3093,0.0,0.0867,45.0,3.7,0.0,53.33,-9.21,1.88,0.0,OK
2026-05-01 02:08:51,5125,0.3127,0.0221,0.0867,45.0,3.41,0.0,54.53,-9.71,2.09,0.0,OK
2026-05-01 02:08:51,5126,0.3087,0.0,0.0867,45.0,3.14,0.0,55.28,-10.42,2.68,0.0,OK
2026-05-01 02:08:51,5127,0.3195,0.0226,0.0867,44.0,2.89,0.0,56.42,-10.84,2.44,0.01,OK
2026-05-01 02:08:51,5128,0.3257,0.0221,0.0867,44.0,2.66,0.0,55.08,-9.82,2.45,0.1,OK
2026-05-01 02:08:51,5129,0.3335,0.0217,0.0867,44.0,2.46,0.0,56.18,-9.7,2.15,0.19,OK
2026-05-01 02:08:51,5130,0.3354,0.0,0.0867,44.0,2.29,0.0,57.69,-10.26,2.63,0.3,OK
2026-05-01 02:08:51,5131,0.3333,0.0,0.0867,44.0,2.14,0.0,59.3,-10.66,2.41,0.4,OK
2026-05-01 02:08:51,5132,0.3292,0.0,0.0867,44.0,2.01,0.0,56.37,-9.83,1.63,0.57,OK
2026-05-01 02:08:51,5133,0.3169,0.0,0.0867,44.0,1.91,0.0,59.1,-10.51,0.27,0.74,OK
2026-05-01 02:08:51,5134,0.329,0.0301,0.0867,44.0,1.83,0.0,59.26,-10.61,0.11,0.85,OK
2026-05-01 02:08:51,5135,0.3299,0.0,0.0867,44.0,1.76,0.0,56.35,-9.25,-0.22,1.02,OK
2026-05-01 02:08:51,5136,0.3347,0.0,0.0867,44.0,1.72,0.0,57.21,-9.51,0.32,1.17,OK
2026-05-01 02:08:51,5137,0.3345,0.0,0.0867,44.0,1.68,0.0,57.15,-10.77,-0.12,1.33,OK
2026-05-01 02:08:51,5138,0.3265,0.0,0.0867,44.0,1.67,0.0,57.79,-10.68,-0.3,1.45,OK
2026-05-01 02:08:51,5139,0.3317,0.0217,0.0867,44.0,1.66,0.0,58.14,-11.67,-0.25,1.59,OK
2026-05-01 02:08:51,5140,0.3197,0.0213,0.0867,44.0,1.7,0.0,59.27,-9.14,-0.26,1.77,OK
2026-05-01 02:08:51,5141,0.322,0.0,0.0867,44.0,1.79,0.0,59.13,-9.13,-0.29,1.97,OK
2026-05-01 02:08:51,5142,0.3124,0.0227,0.0867,44.0,1.92,0.0,59.32,-10.63,-1.22,2.15,OK
2026-05-01 02:08:51,5143,0.322,0.0227,0.0867,44.0,2.06,0.0,59.07,-10.37,-0.5,2.32,OK
2026-05-01 02:08:51,5144,0.3259,0.0217,0.0867,44.0,2.21,0.0,59.34,-10.66,-0.57,2.49,OK
2026-05-01 02:08:52,5145,0.3309,0.0,0.0867,44.0,2.36,0.0,58.73,-9.99,-0.36,2.65,OK
2026-05-01 02:08:52,5146,0.3167,0.0,0.0867,44.0,2.52,0.0,59.18,-9.44,-0.59,2.8,OK
2026-05-01 02:08:52,5147,0.3384,0.0217,0.0867,44.0,2.65,0.0,59.14,-9.06,-0.35,2.91,OK
2026-05-01 02:08:52,5148,0.306,0.0227,0.0867,44.0,2.8,0.0,60.26,-8.68,-0.6,3.07,OK
2026-05-01 02:08:52,5149,0.306,0.0227,0.0867,44.0,2.94,0.0,59.93,-8.35,-0.35,3.19,OK
2026-05-01 02:08:52,5150,0.3236,0.0,0.0867,44.0,3.09,0.0,58.84,-9.27,0.41,3.39,OK
2026-05-01 02:08:52,5151,0.341,0.0,0.0867,44.0,3.25,0.0,59.42,-9.11,0.21,3.55,OK
2026-05-01 02:08:52,5152,0.3106,0.0227,0.0867,44.0,3.43,0.0,58.57,-12.19,-0.85,3.74,OK
2026-05-01 02:08:52,5153,0.3106,0.0,0.0867,44.0,3.61,0.0,58.93,-9.86,0.14,3.94,OK
2026-05-01 02:08:52,5154,0.3059,0.0464,0.0867,44.0,3.79,0.0,58.32,-11.71,0.37,4.14,OK
2026-05-01 02:08:52,5155,0.3158,0.0314,0.0867,44.0,3.93,0.0,59.84,-12.1,-1.27,4.2,OK
2026-05-01 02:08:52,5156,0.3207,0.0,0.0867,44.0,4.07,0.0,58.72,-9.86,-0.88,4.33,OK
2026-05-01 02:08:52,5157,0.3102,0.0227,0.0867,44.0,4.2,0.0,58.82,-12.21,-1.27,4.44,OK
2026-05-01 02:08:52,5158,0.3278,0.0222,0.0867,44.0,4.33,0.0,59.13,-12.38,-1.14,4.56,OK
2026-05-01 02:08:52,5159,0.3137,0.0444,0.0867,44.0,4.46,0.0,58.58,-13.08,-1.31,4.7,OK
2026-05-01 02:08:52,5160,0.294,0.0307,0.0867,44.0,4.61,0.0,61.48,-10.39,-1.64,4.91,OK
2026-05-01 02:08:52,5161,0.3276,0.0213,0.0867,44.0,4.78,0.0,60.73,-9.68,-1.37,5.08,OK
2026-05-01 02:08:52,5162,0.3052,0.03,0.0867,44.0,4.93,0.0,60.21,-11.36,-1.29,5.23,OK
2026-05-01 02:08:52,5163,0.2943,0.0213,0.0867,44.0,5.11,0.0,60.59,-9.49,-1.01,5.44,OK
2026-05-01 02:08:52,5164,0.3064,0.0213,0.0867,44.0,5.27,0.0,62.44,-9.5,-1.28,5.55,OK
2026-05-01 02:08:52,5165,0.3159,0.0496,0.0867,44.0,5.38,0.0,61.77,-8.63,-0.92,5.59,OK
2026-05-01 02:08:52,5166,0.3127,0.0294,0.0867,44.0,5.49,0.0,60.49,-12.88,-1.43,5.7,OK
2026-05-01 02:08:52,5167,0.3174,0.0416,0.0867,44.0,5.6,0.0,60.35,-12.6,-1.27,5.79,OK
2026-05-01 02:08:53,5168,0.3061,0.0,0.0867,44.0,5.69,0.0,58.87,-10.24,-0.25,5.86,OK
2026-05-01 02:08:53,5169,0.3217,0.0314,0.0867,44.0,5.79,0.0,58.65,-11.15,-0.79,5.98,OK
2026-05-01 02:08:53,5170,0.3384,0.0464,0.0867,44.0,5.9,0.0,60.35,-10.34,-0.51,6.1,OK
2026-05-01 02:08:53,5171,0.3209,0.0232,0.0867,44.0,6.01,0.0,60.71,-9.77,-0.71,6.23,OK
2026-05-01 02:08:53,5172,0.3224,0.025,0.0867,44.0,6.13,0.0,55.99,-11.66,-1.83,6.36,OK
2026-05-01 02:08:53,5173,0.3221,0.0238,0.0867,44.0,6.24,0.0,57.4,-11.79,-1.77,6.43,OK
2026-05-01 02:08:53,5174,0.3273,0.0227,0.0867,44.0,6.34,0.0,57.45,-9.88,0.34,6.54,OK
2026-05-01 02:08:53,5175,0.3316,0.0453,0.0867,44.0,6.44,0.0,56.48,-11.92,0.08,6.62,OK
2026-05-01 02:08:53,5176,0.3133,0.0,0.0867,44.0,6.57,0.0,55.71,-9.06,-0.47,6.82,OK
2026-05-01 02:08:53,5177,0.3317,0.0217,0.0867,44.0,6.71,0.0,56.92,-8.96,0.77,6.95,OK
2026-05-01 02:08:53,5178,0.3418,0.0,0.0867,44.0,6.85,0.0,53.5,-9.93,-0.6,7.12,OK
2026-05-01 02:08:53,5179,0.3285,0.0,0.0867,43.0,7.03,0.0,56.27,-8.39,1.5,7.35,OK
2026-05-01 02:08:53,5180,0.3412,0.0212,0.0867,43.0,7.21,0.0,54.55,-9.09,1.62,7.56,OK
2026-05-01 02:08:53,5181,0.3091,0.0204,0.0867,43.0,7.41,0.0,53.78,-8.22,-0.16,7.77,OK
2026-05-01 02:08:53,5182,0.3217,0.0204,0.0867,43.0,7.57,0.0,53.42,-8.97,-0.78,7.88,OK
2026-05-01 02:08:53,5183,0.3066,0.0,0.0867,43.0,7.73,0.0,53.6,-8.66,0.78,8.03,OK
2026-05-01 02:08:53,5184,0.3132,0.0,0.0867,43.0,7.87,0.0,52.84,-8.73,1.85,8.13,OK
2026-05-01 02:08:53,5185,0.3185,0.0,0.0867,43.0,8.0,0.0,50.0,-8.07,1.36,8.25,OK
2026-05-01 02:08:53,5186,0.3015,0.0,0.08,42.0,8.14,0.0,50.81,-8.61,0.47,8.39,OK
2026-05-01 02:08:53,5187,0.32,0.0217,0.0733,42.0,8.3,0.0,51.16,-8.95,0.26,8.59,OK
2026-05-01 02:08:53,5188,0.3383,0.0217,0.0667,42.0,8.45,0.0,51.16,-9.22,0.28,8.74,OK
2026-05-01 02:08:53,5189,0.3179,0.0,0.06,42.0,8.59,0.0,52.16,-8.67,1.19,8.84,OK
2026-05-01 02:08:53,5190,0.3168,0.0213,0.0533,42.0,8.75,0.0,53.1,-8.63,0.37,9.04,OK
2026-05-01 02:08:53,5191,0.325,0.0,0.0467,42.0,8.9,0.0,51.76,-8.62,0.96,9.18,OK
2026-05-01 02:08:53,5192,0.3423,0.0227,0.0,42.0,9.07,0.0,50.08,-9.68,0.39,9.39,OK
2026-05-01 02:08:53,5193,0.3441,0.0454,0.0,42.0,9.23,0.0,49.93,-9.1,0.76,9.54,OK
2026-05-01 02:08:53,5194,0.3272,0.0,0.0,42.0,9.38,0.0,51.63,-9.44,0.7,9.65,OK
2026-05-01 02:08:54,5195,0.3192,0.0,0.0,42.0,9.51,0.0,51.91,-8.28,1.57,9.74,OK
2026-05-01 02:08:54,5196,0.3233,0.0,0.0,42.0,9.61,0.0,51.47,-8.03,0.29,9.81,OK
2026-05-01 02:08:54,5197,0.3135,0.0222,0.0,42.0,9.7,0.0,50.9,-8.08,0.81,9.85,OK
2026-05-01 02:08:54,5198,0.3274,0.0227,0.0,42.0,9.76,0.0,50.99,-8.62,1.17,9.89,OK
2026-05-01 02:08:54,5199,0.3294,0.0227,0.0,42.0,9.82,0.0,49.31,-8.34,1.22,9.92,OK
2026-05-01 02:08:54,5200,0.3445,0.0,0.0,42.0,9.86,0.0,49.83,-7.34,1.96,9.94,OK
2026-05-01 02:08:54,5201,0.3116,0.0,0.0,42.0,9.89,0.0,53.52,-7.71,1.52,9.95,OK
2026-05-01 02:08:54,5202,0.3124,0.02,0.0,42.0,9.92,0.0,52.86,-7.25,1.98,9.97,OK
2026-05-01 02:08:54,5203,0.3252,0.0,0.0,42.0,9.94,0.0,50.48,-8.16,1.3,9.97,OK
2026-05-01 02:08:54,5204,0.3423,0.0212,0.0,42.0,9.95,0.0,49.4,-8.25,2.13,9.98,OK
2026-05-01 02:08:54,5205,0.3385,0.0217,0.0,41.0,9.96,0.0,48.5,-8.3,2.16,9.99,OK
2026-05-01 02:08:54,5206,0.3263,0.0,0.0,41.0,9.97,0.0,50.04,-9.46,1.04,9.99,OK
2026-05-01 02:08:54,5207,0.3226,0.0,0.0,41.0,9.98,0.0,50.68,-9.02,1.18,9.99,OK
2026-05-01 02:08:54,5208,0.3193,0.0,0.0,41.0,9.98,0.0,52.61,-9.29,0.83,9.99,OK
2026-05-01 02:08:54,5209,0.3249,0.0212,0.0,41.0,9.99,0.0,51.47,-8.99,1.04,10.0,OK
2026-05-01 02:08:54,5210,0.3302,0.0,0.0,40.0,9.99,0.0,51.84,-9.72,2.42,10.0,OK
2026-05-01 02:08:54,5211,0.3303,0.0,0.0,40.0,9.99,0.0,52.17,-9.68,2.44,10.0,OK
2026-05-01 02:08:54,5212,0.3263,0.0,0.0,40.0,10.0,0.0,51.15,-8.97,1.1,10.0,OK
2026-05-01 02:08:54,5213,0.3121,0.0212,0.0,40.0,10.0,0.0,52.27,-9.79,0.53,10.0,OK
2026-05-01 02:08:54,5214,0.3171,0.0217,0.0,40.0,10.0,0.0,51.69,-8.57,1.09,10.0,OK
2026-05-01 02:08:54,5215,0.3185,0.0,0.0,40.0,10.0,0.0,49.56,-7.8,1.98,10.0,OK
2026-05-01 02:08:54,5216,0.3181,0.0227,0.0,40.0,10.0,0.0,47.42,-8.65,1.53,10.0,OK
2026-05-01 02:08:54,5217,0.3296,0.0425,0.0,40.0,10.0,0.0,52.0,-9.22,1.05,10.0,OK
2026-05-01 02:08:54,5218,0.3339,0.0434,0.0,40.0,10.0,0.0,51.24,-9.88,0.13,10.0,OK
2026-05-01 02:08:54,5219,0.3114,0.0,0.0,39.0,10.0,0.0,51.22,-8.77,1.44,10.0,OK
2026-05-01 02:08:54,5220,0.3207,0.0217,0.0,39.0,10.0,0.0,50.82,-7.8,1.96,10.0,OK
2026-05-01 02:08:54,5221,0.3184,0.0208,0.0,39.0,10.0,0.0,50.05,-8.51,1.46,10.0,OK
2026-05-01 02:08:54,5222,0.3117,0.0,0.0,39.0,10.0,0.0,51.12,-8.77,1.51,10.0,OK
2026-05-01 02:08:54,5223,0.3157,0.0217,0.0,38.0,10.0,0.0,54.01,-8.32,-0.81,10.0,OK
2026-05-01 02:08:54,5224,0.3006,0.0222,0.0,38.0,10.0,0.0,52.01,-8.88,0.05,10.0,OK
2026-05-01 02:08:55,5225,0.306,0.0217,0.0,38.0,10.0,0.0,50.4,-8.38,2.38,10.0,OK
2026-05-01 02:08:55,5226,0.3411,0.0222,0.0,38.0,10.0,0.0,51.01,-8.78,1.09,10.0,OK
2026-05-01 02:08:55,5227,0.3346,0.0,0.0,38.0,10.0,0.0,51.01,-8.78,1.09,10.0,OK
2026-05-01 02:08:55,5228,0.3231,0.0204,0.0,38.0,10.0,0.0,52.35,-10.62,0.62,10.0,OK
2026-05-01 02:08:55,5229,0.3332,0.0,0.0,38.0,10.0,0.0,53.3,-10.1,1.05,10.0,OK
2026-05-01 02:08:55,5230,0.3111,0.0,0.0,38.0,10.0,0.0,52.73,-9.14,1.01,10.0,OK
2026-05-01 02:08:55,5231,0.3252,0.0213,0.0,38.0,10.0,0.0,51.74,-9.02,1.0,10.0,OK
2026-05-01 02:08:55,5232,0.3252,0.0,0.0,38.0,10.0,0.0,50.58,-9.23,0.45,10.0,OK
2026-05-01 02:08:55,5233,0.3482,0.0,0.0,38.0,10.0,0.0,50.63,-9.67,0.44,10.0,OK
2026-05-01 02:08:55,5234,0.3132,0.0217,0.0,38.0,10.0,0.0,50.27,-6.37,1.54,10.0,OK
2026-05-01 02:08:55,5235,0.3252,0.0,0.0,38.0,10.0,0.0,53.7,-9.2,1.73,10.0,OK
2026-05-01 02:08:55,5236,0.338,0.0,0.0,38.0,10.0,0.0,53.08,-9.76,1.5,10.0,OK
2026-05-01 02:08:55,5237,0.3227,0.0,0.0,38.0,10.0,0.0,50.46,-7.79,1.43,10.0,OK
2026-05-01 02:08:55,5238,0.298,0.0,0.0,38.0,10.0,0.0,50.11,-8.28,1.28,10.0,OK
2026-05-01 02:08:55,5239,0.3213,0.0,0.0,38.0,10.0,0.0,50.45,-8.35,0.53,10.0,OK
2026-05-01 02:08:55,5240,0.3358,0.0217,0.0,38.0,10.0,0.0,50.78,-8.58,1.04,10.0,OK
2026-05-01 02:08:55,5241,0.3403,0.0217,0.0,38.0,10.0,0.0,50.12,-8.67,0.91,10.0,OK
2026-05-01 02:08:55,5242,0.3132,0.0,0.0,37.0,10.0,0.0,52.52,-9.0,1.4,10.0,OK
2026-05-01 02:08:55,5243,0.312,0.0,0.0,37.0,10.0,0.0,52.09,-8.47,1.57,10.0,OK
2026-05-01 02:08:55,5244,0.3179,0.0,0.0,37.0,10.0,0.0,50.55,-8.47,0.93,10.0,OK
2026-05-01 02:08:55,5245,0.3159,0.0,0.0,37.0,10.0,0.0,50.68,-9.01,0.61,10.0,OK
2026-05-01 02:08:55,5246,0.3219,0.0,0.0,37.0,10.0,0.0,51.25,-8.69,1.58,10.0,OK
2026-05-01 02:08:55,5247,0.3097,0.0208,0.0,37.0,10.0,0.0,51.82,-8.02,1.34,10.0,OK
2026-05-01 02:08:55,5248,0.3445,0.0,0.0,37.0,10.0,0.0,50.43,-7.93,0.31,10.0,OK
2026-05-01 02:08:55,5249,0.3415,0.0,0.0,37.0,10.0,0.0,50.44,-8.72,0.17,10.0,OK
2026-05-01 02:08:55,5250,0.3174,0.0,0.0,37.0,10.0,0.0,51.64,-8.81,1.73,10.0,OK
2026-05-01 02:08:55,5251,0.3154,0.0208,0.0,37.0,10.0,0.0,52.33,-8.71,0.62,10.0,OK
2026-05-01 02:08:55,5252,0.3177,0.0212,0.0,37.0,10.0,0.0,51.79,-9.42,0.76,10.0,OK
2026-05-01 02:08:55,5253,0.3135,0.0213,0.0,37.0,10.0,0.0,51.03,-7.67,1.71,10.0,OK
2026-05-01 02:08:55,5254,0.3012,0.0217,0.0,37.0,10.0,0.0,50.58,-8.31,1.74,10.0,OK
2026-05-01 02:08:56,5255,0.3433,0.0217,0.0,37.0,10.0,0.0,52.33,-8.74,0.52,10.0,OK
2026-05-01 02:08:56,5256,0.3383,0.0301,0.0,37.0,10.0,0.0,51.25,-9.7,0.21,10.0,OK
2026-05-01 02:08:56,5257,0.3403,0.0,0.0,37.0,10.0,0.0,52.23,-8.83,0.76,10.0,OK
2026-05-01 02:08:56,5258,0.3437,0.0,0.0,37.0,10.0,0.0,51.21,-8.09,1.32,10.0,OK
2026-05-01 02:08:56,5259,0.3227,0.0204,0.0,37.0,10.0,0.0,51.52,-9.27,1.16,10.0,OK
2026-05-01 02:08:56,5260,0.3195,0.0212,0.0,37.0,10.0,0.0,49.87,-9.93,1.87,10.0,OK
2026-05-01 02:08:56,5261,0.3176,0.0,0.0,37.0,10.0,0.0,52.08,-7.58,2.31,10.0,OK
2026-05-01 02:08:56,5262,0.2919,0.0,0.0,37.0,10.0,0.0,53.11,-8.12,0.82,10.0,OK
2026-05-01 02:08:56,5263,0.3038,0.0,0.0,37.0,10.0,0.0,51.58,-8.02,0.92,10.0,OK
2026-05-01 02:08:56,5264,0.3154,0.0,0.0,37.0,10.0,0.0,49.65,-9.2,1.04,10.0,OK
2026-05-01 02:08:56,5265,0.3142,0.0,0.0,37.0,10.0,0.0,50.29,-8.74,1.06,10.0,OK
2026-05-01 02:08:56,5266,0.3318,0.0213,0.0,37.0,10.0,0.0,50.8,-9.56,0.53,10.0,OK
2026-05-01 02:08:56,5267,0.322,0.0217,0.0,37.0,10.0,0.0,51.4,-9.83,0.94,10.0,OK
2026-05-01 02:08:56,5268,0.3231,0.0,0.0,37.0,10.0,0.0,51.73,-9.13,0.64,10.0,OK
2026-05-01 02:08:56,5269,0.3272,0.0,0.0,37.0,10.0,0.0,51.13,-9.34,0.74,10.0,OK
2026-05-01 02:08:56,5270,0.3347,0.0227,0.0,37.0,10.0,0.0,50.85,-7.26,0.86,10.0,OK
2026-05-01 02:08:56,5271,0.3246,0.0,0.0,37.0,10.0,0.0,51.8,-7.37,1.38,10.0,OK
2026-05-01 02:08:56,5272,0.3256,0.0227,0.0,37.0,10.0,0.0,48.28,-8.68,1.33,10.0,OK
2026-05-01 02:08:56,5273,0.3246,0.0213,0.0,37.0,10.0,0.0,50.42,-8.75,1.44,10.0,OK
2026-05-01 02:08:56,5274,0.3266,0.0,0.0,37.0,10.0,0.0,51.33,-8.89,1.85,10.0,OK
2026-05-01 02:08:56,5275,0.3089,0.0,0.0,37.0,10.0,0.0,52.59,-9.52,1.39,10.0,OK
2026-05-01 02:08:56,5276,0.3015,0.0,0.0,37.0,10.0,0.0,51.93,-8.41,2.43,10.0,OK
2026-05-01 02:08:56,5277,0.3451,0.0,0.0,37.0,10.0,0.0,50.16,-10.73,1.27,10.0,OK
2026-05-01 02:08:56,5278,0.3411,0.0217,0.0,37.0,10.0,0.0,50.27,-10.44,1.57,10.0,OK
2026-05-01 02:08:56,5279,0.3224,0.0314,0.0,37.0,10.0,0.0,48.82,-9.63,0.56,10.0,OK
2026-05-01 02:08:56,5280,0.3057,0.0208,0.0,37.0,10.0,0.0,50.64,-9.31,0.93,10.0,OK
2026-05-01 02:08:56,5281,0.3056,0.0208,0.0,37.0,10.0,0.0,50.97,-10.0,0.68,10.0,OK
2026-05-01 02:08:56,5282,0.311,0.0,0.0,37.0,10.0,0.0,49.9,-6.8,2.95,10.0,OK
2026-05-01 02:08:56,5283,0.3219,0.0222,0.0,37.0,10.0,0.0,50.08,-6.32,2.44,10.0,OK
2026-05-01 02:08:56,5284,0.3376,0.0,0.0,37.0,10.0,0.0,51.75,-8.85,0.8,10.0,OK
2026-05-01 02:08:57,5285,0.3263,0.0,0.0,37.0,10.0,0.0,51.1,-8.88,0.84,10.0,OK
2026-05-01 02:08:57,5286,0.3231,0.0,0.0,37.0,10.0,0.0,49.06,-9.65,1.34,10.0,OK
2026-05-01 02:08:57,5287,0.3138,0.0,0.0,37.0,10.0,0.0,51.02,-8.25,1.35,10.0,OK
2026-05-01 02:08:57,5288,0.312,0.0208,0.0,37.0,10.0,0.0,51.37,-7.88,1.48,10.0,OK
2026-05-01 02:08:57,5289,0.3316,0.0321,0.0,37.0,10.0,0.0,49.87,-6.96,1.71,10.0,OK
2026-05-01 02:08:57,5290,0.333,0.0,0.0,37.0,10.0,0.0,50.46,-7.9,1.89,10.0,OK
2026-05-01 02:08:57,5291,0.3293,0.0222,0.0,37.0,10.0,0.0,51.11,-9.19,1.23,10.0,OK
2026-05-01 02:08:57,5292,0.3213,0.0,0.0,37.0,10.0,0.0,51.49,-8.69,1.85,10.0,OK
2026-05-01 02:08:57,5293,0.3519,0.0,0.0,37.0,10.0,0.0,52.64,-7.82,2.27,10.0,OK
2026-05-01 02:08:57,5294,0.348,0.0,0.0,37.0,10.0,0.0,52.3,-7.84,2.25,10.0,OK
2026-05-01 02:08:57,5295,0.3199,0.0227,0.0,37.0,10.0,0.0,51.22,-8.29,1.62,10.0,OK
2026-05-01 02:08:57,5296,0.3204,0.0227,0.0,37.0,10.0,0.0,51.46,-7.95,2.02,10.0,OK
2026-05-01 02:08:57,5297,0.3304,0.0,0.0,37.0,10.0,0.0,51.39,-8.91,2.34,10.0,OK
2026-05-01 02:08:57,5298,0.31,0.0217,0.0,37.0,10.0,0.0,51.14,-8.97,0.39,10.0,OK
2026-05-01 02:08:57,5299,0.3001,0.0213,0.0,37.0,10.0,0.0,49.96,-9.28,1.38,10.0,OK
2026-05-01 02:08:57,5300,0.2782,0.0217,0.0,37.0,10.0,0.0,49.4,-8.84,1.0,10.0,OK
2026-05-01 02:08:57,5301,0.2676,0.0212,0.0,37.0,10.0,0.0,49.52,-8.85,2.1,10.0,OK
2026-05-01 02:08:57,5302,0.2537,0.0,0.0,37.0,10.0,0.0,49.89,-9.04,0.63,10.0,OK
2026-05-01 02:08:57,5303,0.2628,0.0,0.0,37.0,10.0,0.0,49.79,-9.55,0.86,10.0,OK
2026-05-01 02:08:57,5304,0.2652,0.0314,0.0,37.0,10.0,0.0,48.63,-7.93,2.52,10.0,OK
2026-05-01 02:08:57,5305,0.261,0.0217,0.0,37.0,10.0,0.0,49.62,-8.32,2.13,10.0,OK
2026-05-01 02:08:57,5306,0.2687,0.0213,0.0,37.0,10.0,0.0,52.4,-6.99,1.54,10.0,OK
2026-05-01 02:08:57,5307,0.2724,0.0213,0.0,37.0,10.0,0.0,52.54,-7.58,0.77,10.0,OK
2026-05-01 02:08:57,5308,0.2537,0.0,0.0,37.0,10.0,0.0,51.42,-8.84,0.4,10.0,OK
2026-05-01 02:08:57,5309,0.246,0.0,0.0,37.0,10.0,0.0,52.09,-7.03,0.58,10.0,OK
2026-05-01 02:08:57,5310,0.259,0.0321,0.0,37.0,10.0,0.0,51.88,-7.37,1.41,10.0,OK
2026-05-01 02:08:57,5311,0.2676,0.0227,0.0,37.0,10.0,0.0,48.63,-6.79,2.02,10.0,OK
2026-05-01 02:08:57,5312,0.2778,0.0,0.0,37.0,10.0,0.0,49.05,-6.81,2.11,10.0,OK
2026-05-01 02:08:57,5313,0.3164,0.0,0.0,37.0,10.0,0.0,51.19,-9.07,0.65,10.0,OK
2026-05-01 02:08:57,5314,0.3034,0.0,0.0,37.0,10.0,0.0,48.92,-8.4,1.41,10.0,OK
2026-05-01 02:08:58,5315,0.2956,0.0208,0.0,37.0,10.0,0.0,50.76,-8.81,0.88,10.0,OK
2026-05-01 02:08:58,5316,0.288,0.0208,0.0,37.0,10.0,0.0,50.7,-8.72,0.78,10.0,OK
2026-05-01 02:08:58,5317,0.3088,0.0217,0.0,37.0,10.0,0.0,51.49,-9.35,0.68,10.0,OK
2026-05-01 02:08:58,5318,0.3193,0.0213,0.0,36.0,10.0,0.0,52.36,-8.03,1.44,10.0,OK
2026-05-01 02:08:58,5319,0.3193,0.0,0.0,36.0,10.0,0.0,52.36,-8.03,1.44,10.0,OK
2026-05-01 02:08:58,5320,0.3132,0.0208,0.0,36.0,10.0,0.0,51.11,-9.33,1.36,10.0,OK
2026-05-01 02:08:58,5321,0.3173,0.0,0.0,36.0,10.0,0.0,51.11,-9.33,1.36,10.0,OK
2026-05-01 02:08:58,5322,0.328,0.0,0.0,36.0,10.0,0.0,49.13,-6.12,1.56,10.0,OK
2026-05-01 02:08:58,5323,0.3179,0.0,0.0,35.0,10.0,0.0,49.13,-6.12,1.56,10.0,OK
2026-05-01 02:08:58,5324,0.3185,0.0217,0.0,35.0,10.0,0.0,49.9,-7.78,1.34,10.0,OK
2026-05-01 02:08:58,5325,0.325,0.0,0.0,35.0,10.0,0.0,50.49,-7.4,1.09,10.0,OK
2026-05-01 02:08:58,5326,0.3284,0.0,0.0,34.0,10.0,0.0,50.75,-7.56,0.55,10.0,OK
2026-05-01 02:08:58,5327,0.312,0.0,0.0,34.0,10.0,0.0,49.77,-8.04,2.08,10.0,OK
2026-05-01 02:08:58,5328,0.3109,0.0,0.0,34.0,10.0,0.0,49.68,-7.93,2.17,10.0,OK
2026-05-01 02:08:58,5329,0.3154,0.0217,0.0,34.0,10.0,0.0,49.53,-8.14,2.27,10.0,OK
2026-05-01 02:08:58,5330,0.3038,0.0217,0.0,34.0,10.0,0.0,50.26,-8.67,1.92,10.0,OK
2026-05-01 02:08:58,5331,0.2725,0.0,0.0,34.0,10.0,0.0,48.93,-8.55,1.12,10.0,OK
2026-05-01 02:08:58,5332,0.2729,0.0217,0.0,34.0,10.0,0.0,48.71,-8.55,0.73,10.0,OK
2026-05-01 02:08:58,5333,0.284,0.0217,0.0,34.0,10.0,0.0,49.29,-8.32,1.59,10.0,OK
2026-05-01 02:08:58,5334,0.2879,0.0222,0.0,34.0,10.0,0.0,46.42,-7.57,1.74,10.0,OK
2026-05-01 02:08:58,5335,0.2917,0.0307,0.0,34.0,10.0,0.0,46.84,-8.28,1.63,10.0,OK
2026-05-01 02:08:58,5336,0.2967,0.0435,0.0,33.0,10.0,0.0,49.32,-8.54,0.73,10.0,OK
2026-05-01 02:08:58,5337,0.2947,0.0434,0.0,33.0,10.0,0.0,49.22,-8.56,1.15,10.0,OK
2026-05-01 02:08:58,5338,0.3156,0.0,0.0,33.0,10.0,0.0,46.15,-9.47,1.55,10.0,OK
2026-05-01 02:08:58,5339,0.3111,0.0217,0.0,33.0,10.0,0.0,47.94,-7.61,2.22,10.0,OK
2026-05-01 02:08:58,5340,0.3079,0.0,0.0,33.0,10.0,0.0,47.22,-9.38,1.49,10.0,OK
2026-05-01 02:08:58,5341,0.2958,0.0307,0.0,33.0,10.0,0.0,46.57,-9.26,1.61,10.0,OK
2026-05-01 02:08:58,5342,0.3138,0.0,0.0,32.0,10.0,0.0,48.67,-8.65,2.26,10.0,OK
2026-05-01 02:08:58,5343,0.319,0.0217,0.0,32.0,10.0,0.0,48.76,-8.88,1.62,10.0,OK
2026-05-01 02:08:58,5344,0.3121,0.0,0.0,32.0,10.0,0.0,47.58,-9.14,2.06,10.0,OK
2026-05-01 02:08:58,5345,0.3156,0.0,0.0,32.0,10.0,0.0,46.65,-8.18,2.59,10.0,OK
2026-05-01 02:08:59,5346,0.3111,0.0321,0.0,32.0,10.0,0.0,47.39,-9.27,1.63,10.0,OK
2026-05-01 02:08:59,5347,0.2967,0.0212,0.0,31.0,10.0,0.0,48.88,-9.11,2.84,10.0,OK
2026-05-01 02:08:59,5348,0.299,0.0222,0.0,31.0,10.0,0.0,47.28,-8.03,3.42,10.0,OK
2026-05-01 02:08:59,5349,0.303,0.0,0.0,31.0,10.0,0.0,47.6,-9.02,1.56,10.0,OK
2026-05-01 02:08:59,5350,0.3117,0.0,0.0,31.0,10.0,0.0,48.17,-8.77,1.51,10.0,OK
2026-05-01 02:08:59,5351,0.3171,0.0,0.0,31.0,10.0,0.0,51.55,-9.27,3.21,10.0,OK
2026-05-01 02:08:59,5352,0.3346,0.0,0.0,31.0,10.0,0.0,51.24,-9.55,3.25,10.0,OK
2026-05-01 02:08:59,5353,0.3159,0.0,0.0,31.0,10.0,0.0,50.42,-8.35,1.5,10.0,OK
2026-05-01 02:08:59,5354,0.325,0.0,0.0,31.0,10.0,0.0,49.69,-8.5,1.43,10.0,OK
2026-05-01 02:08:59,5355,0.3247,0.0321,0.0,31.0,10.0,0.0,49.67,-8.85,1.32,10.0,OK
2026-05-01 02:08:59,5356,0.334,0.0,0.0,30.0,10.0,0.0,50.43,-9.45,1.5,10.0,OK
2026-05-01 02:08:59,5357,0.328,0.0222,0.0,30.0,10.0,0.0,51.05,-9.05,1.21,10.0,OK
2026-05-01 02:08:59,5358,0.3225,0.0,0.0,30.0,10.0,0.0,49.48,-9.84,1.49,10.0,OK
2026-05-01 02:08:59,5359,0.3172,0.0,0.0,30.0,10.0,0.0,50.71,-9.05,1.84,10.0,OK
2026-05-01 02:08:59,5360,0.3445,0.0222,0.0,30.0,10.0,0.0,50.95,-7.11,1.98,10.0,OK
2026-05-01 02:08:59,5361,0.332,0.0222,0.0,30.0,10.0,0.0,51.77,-7.74,1.58,10.0,OK
2026-05-01 02:08:59,5362,0.2995,0.0,0.0,30.0,10.0,0.0,53.51,-8.85,0.66,10.0,OK
2026-05-01 02:08:59,5363,0.3269,0.0,0.0,30.0,10.0,0.0,52.37,-9.23,0.26,10.0,OK
2026-05-01 02:08:59,5364,0.3442,0.0,0.0,30.0,10.0,0.0,51.46,-9.41,0.55,10.0,OK
2026-05-01 02:08:59,5365,0.3253,0.0,0.0,30.0,10.0,0.0,53.04,-9.28,1.59,10.0,OK
2026-05-01 02:08:59,5366,0.3189,0.0217,0.0,30.0,10.0,0.0,52.77,-9.39,1.54,10.0,OK
2026-05-01 02:08:59,5367,0.3298,0.0,0.0,30.0,10.0,0.0,53.0,-11.63,1.07,10.0,OK
2026-05-01 02:08:59,5368,0.3179,0.0,0.0,30.0,10.0,0.0,52.94,-10.69,1.07,10.0,OK
2026-05-01 02:08:59,5369,0.3246,0.0,0.0,30.0,10.0,0.0,52.83,-9.6,-0.19,10.0,OK
2026-05-01 02:08:59,5370,0.3266,0.0,0.0,30.0,10.0,0.0,55.39,-11.05,0.57,10.0,OK
2026-05-01 02:08:59,5371,0.3255,0.0217,0.0,30.0,10.0,0.0,54.49,-10.64,0.91,10.0,OK
2026-05-01 02:08:59,5372,0.3135,0.0,0.0,30.0,10.0,0.0,53.84,-10.16,0.67,10.0,OK
2026-05-01 02:08:59,5373,0.311,0.0217,0.0,30.0,10.0,0.0,53.26,-10.31,0.97,10.0,OK
2026-05-01 02:08:59,5374,0.35,0.0,0.0,30.0,10.0,0.0,52.46,-9.27,0.64,10.0,OK
2026-05-01 02:09:00,5375,0.351,0.0,0.0,30.0,10.0,0.0,51.84,-9.61,0.63,10.0,OK
2026-05-01 02:09:00,5376,0.3368,0.0,0.0,30.0,10.0,0.0,53.0,-10.47,1.1,10.0,OK
2026-05-01 02:09:00,5377,0.3238,0.0222,0.0,29.0,10.0,0.0,53.09,-9.9,1.34,10.0,OK
2026-05-01 02:09:00,5378,0.3332,0.0,0.0,29.0,10.0,0.0,52.87,-9.55,1.04,10.0,OK
2026-05-01 02:09:00,5379,0.3319,0.0,0.0,29.0,10.0,0.0,53.1,-9.52,1.4,10.0,OK
2026-05-01 02:09:00,5380,0.3296,0.0,0.0,29.0,10.0,0.0,54.11,-10.9,-0.26,10.0,OK
2026-05-01 02:09:00,5381,0.32,0.0227,0.0,29.0,10.0,0.0,53.65,-9.89,0.24,10.0,OK
2026-05-01 02:09:00,5382,0.3123,0.0,0.0,28.0,10.0,0.0,52.67,-10.71,0.43,10.0,OK
2026-05-01 02:09:00,5383,0.3143,0.0,0.0,28.0,10.0,0.0,52.51,-11.05,1.03,10.0,OK
2026-05-01 02:09:00,5384,0.3157,0.0208,0.0,28.0,10.0,0.0,54.34,-10.08,0.69,10.0,OK
2026-05-01 02:09:00,5385,0.326,0.0,0.0,28.0,10.0,0.0,53.07,-10.25,0.84,10.0,OK
2026-05-01 02:09:00,5386,0.3255,0.0,0.0,28.0,10.0,0.0,52.75,-10.31,0.81,10.0,OK
2026-05-01 02:09:00,5387,0.3322,0.0,0.0,27.0,10.0,0.0,53.02,-9.29,0.78,10.0,OK
2026-05-01 02:09:00,5388,0.3309,0.0,0.0,27.0,10.0,0.0,52.93,-9.22,1.05,10.0,OK
2026-05-01 02:09:00,5389,0.3326,0.0,0.0,27.0,10.0,0.0,54.09,-9.63,2.84,10.0,OK
2026-05-01 02:09:00,5390,0.3395,0.0208,0.0,27.0,10.0,0.0,54.22,-9.0,2.92,10.0,OK
2026-05-01 02:09:00,5391,0.3254,0.0434,0.0,27.0,10.0,0.0,52.07,-9.43,1.28,10.0,OK
2026-05-01 02:09:00,5392,0.3237,0.03,0.0,27.0,10.0,0.0,52.38,-11.48,1.2,10.0,OK
2026-05-01 02:09:00,5393,0.3237,0.03,0.0,27.0,10.0,0.0,52.06,-11.87,1.08,10.0,OK
2026-05-01 02:09:00,5394,0.3374,0.0217,0.0,27.0,10.0,0.0,51.19,-9.65,0.9,10.0,OK
2026-05-01 02:09:00,5395,0.3437,0.0,0.0,26.0,10.0,0.0,51.57,-9.93,1.01,10.0,OK
2026-05-01 02:09:00,5396,0.3209,0.0208,0.0,26.0,10.0,0.0,53.44,-10.56,1.77,10.0,OK
2026-05-01 02:09:00,5397,0.3394,0.0208,0.0,26.0,10.0,0.0,52.43,-10.02,1.95,10.0,OK
2026-05-01 02:09:00,5398,0.3391,0.0,0.0,26.0,10.0,0.0,51.64,-10.51,1.02,10.0,OK
2026-05-01 02:09:00,5399,0.3205,0.0222,0.0,26.0,10.0,0.0,52.37,-10.59,1.44,10.0,OK
2026-05-01 02:09:00,5400,0.327,0.0217,0.0,26.0,10.0,0.0,52.67,-10.77,1.34,10.0,OK
2026-05-01 02:09:00,5401,0.3496,0.0217,0.0,26.0,10.0,0.0,52.5,-10.09,0.24,10.0,OK
2026-05-01 02:09:00,5402,0.3425,0.0,0.0,25.0,10.0,0.0,51.99,-9.62,0.48,10.0,OK
2026-05-01 02:09:00,5403,0.3183,0.0,0.0,25.0,10.0,0.0,50.69,-11.62,0.8,10.0,OK
2026-05-01 02:09:00,5404,0.3235,0.0,0.0,25.0,10.0,0.0,50.39,-11.87,0.75,10.0,OK
2026-05-01 02:09:01,5405,0.3338,0.0227,0.0,25.0,10.0,0.0,51.8,-13.65,0.31,10.0,OK
2026-05-01 02:09:01,5406,0.3289,0.0222,0.0,25.0,10.0,0.0,52.45,-10.6,1.06,10.0,OK
2026-05-01 02:09:01,5407,0.3424,0.0226,0.0,25.0,10.0,0.0,53.86,-11.76,0.66,10.0,OK
2026-05-01 02:09:01,5408,0.322,0.0,0.0,25.0,10.0,0.0,51.73,-12.8,0.69,10.0,OK
2026-05-01 02:09:01,5409,0.3389,0.0,0.0,25.0,10.0,0.0,51.27,-12.07,1.2,10.0,OK
2026-05-01 02:09:01,5410,0.3256,0.0217,0.0,24.0,10.0,0.0,51.36,-11.79,1.09,10.0,OK
2026-05-01 02:09:01,5411,0.3268,0.0,0.0,24.0,10.0,0.0,51.58,-11.14,0.85,10.0,OK
2026-05-01 02:09:01,5412,0.3326,0.0,0.0,24.0,10.0,0.0,51.77,-11.43,2.01,10.0,OK
2026-05-01 02:09:01,5413,0.3468,0.0,0.0,24.0,10.0,0.0,51.48,-11.96,1.15,10.0,OK
2026-05-01 02:09:01,5414,0.3281,0.0232,0.0,24.0,10.0,0.0,51.96,-13.75,1.43,10.0,OK
2026-05-01 02:09:01,5415,0.3404,0.0,0.0,24.0,10.0,0.0,51.12,-14.39,2.02,10.0,OK
2026-05-01 02:09:01,5416,0.3348,0.0208,0.0,24.0,10.0,0.0,53.54,-9.96,1.88,10.0,OK
2026-05-01 02:09:01,5417,0.322,0.0212,0.0,24.0,10.0,0.0,53.05,-11.21,1.08,10.0,OK
2026-05-01 02:09:01,5418,0.3227,0.0213,0.0,23.0,10.0,0.0,53.33,-10.45,1.21,10.0,OK
2026-05-01 02:09:01,5419,0.3234,0.0307,0.0,23.0,10.0,0.0,51.9,-11.63,1.06,10.0,OK
2026-05-01 02:09:01,5420,0.3124,0.0222,0.0,23.0,10.0,0.0,52.07,-11.83,0.93,10.0,OK
2026-05-01 02:09:01,5421,0.3359,0.0,0.0,22.0,10.0,0.0,54.27,-9.55,-0.3,10.0,OK
2026-05-01 02:09:01,5422,0.3383,0.0,0.0,22.0,10.0,0.0,52.84,-10.4,0.18,10.0,OK
2026-05-01 02:09:01,5423,0.3305,0.0,0.0,22.0,10.0,0.0,49.11,-12.24,0.82,10.0,OK
2026-05-01 02:09:01,5424,0.3283,0.0,0.0,22.0,10.0,0.0,50.43,-12.33,1.11,10.0,OK
2026-05-01 02:09:01,5425,0.3421,0.0,0.0,22.0,10.0,0.0,52.03,-11.77,0.89,10.0,OK
2026-05-01 02:09:01,5426,0.344,0.0,0.0,22.0,10.0,0.0,53.33,-11.28,1.3,10.0,OK
2026-05-01 02:09:01,5427,0.2957,0.0232,0.0,22.0,10.0,0.0,50.24,-11.64,-0.16,10.0,OK
2026-05-01 02:09:01,5428,0.2942,0.0,0.0,22.0,10.0,0.0,51.61,-11.11,0.29,10.0,OK
2026-05-01 02:09:01,5429,0.2898,0.0,0.0,22.0,10.0,0.0,53.54,-10.94,-0.6,10.0,OK
2026-05-01 02:09:01,5430,0.3149,0.0222,0.0,22.0,10.0,0.0,49.86,-10.3,0.22,10.0,OK
2026-05-01 02:09:01,5431,0.315,0.0314,0.0,22.0,10.0,0.0,49.59,-9.88,0.81,10.0,OK
2026-05-01 02:09:01,5432,0.3017,0.0,0.0,22.0,10.0,0.0,49.0,-9.78,0.36,10.0,OK
2026-05-01 02:09:01,5433,0.3066,0.0,0.0,21.0,10.0,0.0,48.15,-9.67,0.77,10.0,OK
2026-05-01 02:09:01,5434,0.3179,0.0,0.0,21.0,10.0,0.0,49.78,-12.08,0.07,10.0,OK
2026-05-01 02:09:02,5435,0.3199,0.0,0.0,21.0,10.0,0.0,48.64,-10.59,1.19,10.0,OK
2026-05-01 02:09:02,5436,0.3239,0.0,0.0,21.0,10.0,0.0,45.13,-10.47,1.11,10.0,OK
2026-05-01 02:09:02,5437,0.309,0.0217,0.0,21.0,10.0,0.0,46.03,-9.83,1.56,10.0,OK
2026-05-01 02:09:02,5438,0.2919,0.0,0.0,21.0,10.0,0.0,46.98,-10.53,1.23,10.0,OK
2026-05-01 02:09:02,5439,0.3408,0.0,0.0,21.0,10.0,0.0,47.12,-10.61,0.93,10.0,OK
2026-05-01 02:09:02,5440,0.3109,0.0,0.0,21.0,10.0,0.0,45.95,-9.86,1.92,10.0,OK
2026-05-01 02:09:02,5441,0.3418,0.0,0.0,20.0,10.0,0.0,45.3,-11.06,0.88,10.0,OK
2026-05-01 02:09:02,5442,0.3386,0.0,0.0,20.0,10.0,0.0,44.99,-11.51,0.89,10.0,OK
2026-05-01 02:09:02,5443,0.3146,0.0,0.0,20.0,10.0,0.0,45.53,-11.11,0.78,10.0,OK
2026-05-01 02:09:02,5444,0.3121,0.0,0.0,20.0,10.0,0.0,45.08,-10.52,1.97,10.0,OK
2026-05-01 02:09:02,5445,0.3165,0.0,0.0,20.0,10.0,0.0,45.42,-10.18,2.02,10.0,OK
2026-05-01 02:09:02,5446,0.2979,0.0,0.0,20.0,10.0,0.0,46.39,-10.62,0.08,10.0,OK
2026-05-01 02:09:02,5447,0.3111,0.0,0.0,20.0,10.0,0.0,47.02,-9.16,1.32,10.0,OK
2026-05-01 02:09:02,5448,0.3265,0.0,0.0,20.0,10.0,0.0,42.57,-9.77,1.26,10.0,OK
2026-05-01 02:09:02,5449,0.3265,0.0,0.0,20.0,10.0,0.0,43.97,-8.77,1.29,10.0,OK
2026-05-01 02:09:02,5450,0.3147,0.0,0.0,20.0,10.0,0.0,45.01,-9.93,1.7,10.0,OK
2026-05-01 02:09:02,5451,0.3095,0.0,0.0,20.0,10.0,0.0,46.46,-9.49,1.74,10.0,OK
2026-05-01 02:09:02,5452,0.3208,0.0227,0.0,20.0,10.0,0.0,46.53,-10.69,1.57,10.0,OK
2026-05-01 02:09:02,5453,0.3181,0.0222,0.0,20.0,10.0,0.0,47.49,-10.48,1.57,10.0,OK
2026-05-01 02:09:02,5454,0.3115,0.0,0.0,20.0,10.0,0.0,45.4,-8.71,2.19,10.0,OK
2026-05-01 02:09:02,5455,0.3339,0.0222,0.0,20.0,10.0,0.0,44.77,-10.66,0.64,10.0,OK
2026-05-01 02:09:02,5456,0.3246,0.0307,0.0,20.0,10.0,0.0,45.03,-10.47,1.1,10.0,OK
2026-05-01 02:09:02,5457,0.321,0.0,0.0,20.0,10.0,0.0,44.67,-8.4,1.8,10.0,OK
2026-05-01 02:09:02,5458,0.3156,0.0,0.0,20.0,10.0,0.0,43.94,-8.62,1.14,10.0,OK
2026-05-01 02:09:02,5459,0.3315,0.0,0.0,20.0,10.0,0.0,45.31,-10.69,0.77,10.0,OK
2026-05-01 02:09:02,5460,0.3411,0.0222,0.0,20.0,10.0,0.0,44.94,-10.24,1.64,10.0,OK
2026-05-01 02:09:02,5461,0.3098,0.0,0.0,20.0,10.0,0.0,47.54,-11.2,0.58,10.0,OK
2026-05-01 02:09:02,5462,0.3185,0.0,0.0,20.0,10.0,0.0,47.89,-11.38,0.49,10.0,OK
2026-05-01 02:09:02,5463,0.3145,0.0217,0.0,20.0,10.0,0.0,46.05,-9.26,1.87,10.0,OK
2026-05-01 02:09:02,5464,0.33,0.03,0.0,20.0,10.0,0.0,45.4,-9.74,1.86,10.0,OK
2026-05-01 02:09:02,5465,0.2993,0.0,0.0,20.0,10.0,0.0,45.48,-9.47,2.15,10.0,OK
2026-05-01 02:09:03,5466,0.3083,0.0,0.0,20.0,10.0,0.0,44.66,-9.93,1.96,10.0,OK
2026-05-01 02:09:03,5467,0.3119,0.0,0.0,20.0,10.0,0.0,45.34,-9.66,1.77,10.0,OK
2026-05-01 02:09:03,5468,0.3149,0.0,0.0,20.0,10.0,0.0,46.45,-10.26,0.66,10.0,OK
2026-05-01 02:09:03,5469,0.3025,0.0,0.0,20.0,10.0,0.0,44.8,-10.81,0.91,10.0,OK
2026-05-01 02:09:03,5470,0.324,0.0,0.0,20.0,10.0,0.0,43.25,-9.52,2.22,10.0,OK
2026-05-01 02:09:03,5471,0.3154,0.0,0.0,20.0,10.0,0.0,44.75,-9.68,2.64,10.0,OK
2026-05-01 02:09:03,5472,0.3239,0.0,0.0,20.0,10.0,0.0,45.67,-9.87,1.09,10.0,OK
2026-05-01 02:09:03,5473,0.3174,0.0,0.0,20.0,10.0,0.0,44.8,-9.2,1.28,10.0,OK
2026-05-01 02:09:03,5474,0.3216,0.0,0.0,20.0,10.0,0.0,43.53,-9.97,2.21,10.0,OK
2026-05-01 02:09:03,5475,0.2962,0.0208,0.0,20.0,10.0,0.0,47.5,-9.48,1.7,10.0,OK
2026-05-01 02:09:03,5476,0.3092,0.0416,0.0,20.0,10.0,0.0,46.38,-10.09,1.27,10.0,OK
2026-05-01 02:09:03,5477,0.3104,0.0,0.0,20.0,10.0,0.0,45.62,-9.32,1.85,10.0,OK
2026-05-01 02:09:03,5478,0.3104,0.0217,0.0,19.0,10.0,0.0,45.58,-8.88,1.84,10.0,OK
2026-05-01 02:09:03,5479,0.3054,0.0222,0.0,19.0,10.0,0.0,44.93,-9.09,1.74,10.0,OK
2026-05-01 02:09:03,5480,0.316,0.0307,0.0,19.0,10.0,0.0,44.85,-10.12,1.27,10.0,OK
2026-05-01 02:09:03,5481,0.3156,0.0,0.0,19.0,10.0,0.0,45.33,-9.92,1.78,10.0,OK
2026-05-01 02:09:03,5482,0.3253,0.0,0.0,19.0,10.0,0.0,47.49,-9.91,2.04,10.0,OK
2026-05-01 02:09:03,5483,0.3157,0.0314,0.0,19.0,10.0,0.0,45.95,-9.08,2.14,10.0,OK
2026-05-01 02:09:03,5484,0.3138,0.0,0.0,19.0,10.0,0.0,47.3,-9.47,0.32,10.0,OK
2026-05-01 02:09:03,5485,0.3121,0.0,0.0,19.0,10.0,0.0,45.68,-9.7,0.78,10.0,OK
2026-05-01 02:09:03,5486,0.3211,0.0,0.0,19.0,10.0,0.0,46.66,-9.11,1.73,10.0,OK
2026-05-01 02:09:03,5487,0.3106,0.0,0.0,19.0,10.0,0.0,47.69,-8.88,1.75,10.0,OK
2026-05-01 02:09:03,5488,0.3347,0.0,0.0,19.0,10.0,0.0,46.4,-10.11,1.55,10.0,OK
2026-05-01 02:09:03,5489,0.3115,0.0213,0.0,19.0,10.0,0.0,45.0,-9.51,1.15,10.0,OK
2026-05-01 02:09:03,5490,0.313,0.0,0.0,19.0,10.0,0.0,43.04,-9.57,0.73,10.0,OK
2026-05-01 02:09:03,5491,0.2861,0.0208,0.0,18.0,10.0,0.0,45.41,-10.47,1.31,10.0,OK
2026-05-01 02:09:03,5492,0.2951,0.0208,0.0,18.0,10.0,0.0,45.81,-9.34,1.36,10.0,OK
2026-05-01 02:09:03,5493,0.3074,0.0,0.0,18.0,10.0,0.0,46.48,-10.03,1.69,10.0,OK
2026-05-01 02:09:03,5494,0.3043,0.0208,0.0,18.0,10.0,0.0,46.17,-10.34,1.73,10.0,OK
2026-05-01 02:09:04,5495,0.3068,0.0,0.0,18.0,10.0,0.0,45.24,-9.66,1.21,10.0,OK
2026-05-01 02:09:04,5496,0.3209,0.0,0.0,18.0,10.0,0.0,45.19,-10.26,0.91,10.0,OK
2026-05-01 02:09:04,5497,0.3068,0.0204,0.0,18.0,10.0,0.0,47.05,-8.84,2.24,10.0,OK
2026-05-01 02:09:04,5498,0.2882,0.0,0.0,18.0,10.0,0.0,47.53,-9.61,1.48,10.0,OK
2026-05-01 02:09:04,5499,0.3052,0.0,0.0,18.0,10.0,0.0,47.33,-11.56,0.66,10.0,OK
2026-05-01 02:09:04,5500,0.2957,0.0,0.0,18.0,10.0,0.0,47.39,-11.04,0.92,10.0,OK
2026-05-01 02:09:04,5501,0.3126,0.0,0.0,18.0,10.0,0.0,45.92,-10.91,0.99,10.0,OK
2026-05-01 02:09:04,5502,0.3115,0.02,0.0,18.0,10.0,0.0,47.33,-10.06,1.24,10.0,OK
2026-05-01 02:09:04,5503,0.3111,0.0,0.0,18.0,10.0,0.0,44.75,-9.18,1.23,10.0,OK
2026-05-01 02:09:04,5504,0.3193,0.0212,0.0,18.0,10.0,0.0,45.02,-10.2,1.32,10.0,OK
2026-05-01 02:09:04,5505,0.3204,0.0,0.0,18.0,10.0,0.0,44.69,-9.38,1.57,10.0,OK
2026-05-01 02:09:04,5506,0.2952,0.0217,0.0,18.0,10.0,0.0,43.17,-11.46,1.41,10.0,OK
2026-05-01 02:09:04,5507,0.3029,0.0217,0.0,18.0,10.0,0.0,43.59,-11.6,1.48,10.0,OK
2026-05-01 02:09:04,5508,0.303,0.0208,0.0,18.0,10.0,0.0,45.71,-8.84,2.03,10.0,OK
2026-05-01 02:09:04,5509,0.3088,0.0,0.0,18.0,10.0,0.0,46.6,-9.25,2.31,10.0,OK
2026-05-01 02:09:04,5510,0.2963,0.0217,0.0,18.0,10.0,0.0,44.58,-9.21,0.26,10.0,OK
2026-05-01 02:09:04,5511,0.2978,0.0222,0.0,18.0,10.0,0.0,43.74,-9.74,1.21,10.0,OK
2026-05-01 02:09:04,5512,0.3026,0.0307,0.0,18.0,10.0,0.0,46.38,-11.01,1.0,10.0,OK
2026-05-01 02:09:04,5513,0.3081,0.0199,0.0,18.0,10.0,0.0,45.67,-10.66,2.57,10.0,OK
2026-05-01 02:09:04,5514,0.3036,0.0,0.0,18.0,10.0,0.0,46.25,-11.02,2.12,10.0,OK
2026-05-01 02:09:04,5515,0.2849,0.0,0.0,18.0,10.0,0.0,45.8,-12.28,0.42,10.0,OK
2026-05-01 02:09:04,5516,0.2916,0.0204,0.0,18.0,10.0,0.0,46.01,-10.71,1.58,10.0,OK
2026-05-01 02:09:04,5517,0.3231,0.0,0.0,18.0,10.0,0.0,44.14,-10.45,0.71,10.0,OK
2026-05-01 02:09:04,5518,0.3111,0.0222,0.0,18.0,10.0,0.0,43.51,-10.24,0.23,10.0,OK
2026-05-01 02:09:04,5519,0.3273,0.0212,0.0,18.0,10.0,0.0,46.04,-10.98,1.71,10.0,OK
2026-05-01 02:09:04,5520,0.303,0.0204,0.0,18.0,10.0,0.0,48.68,-10.62,1.51,10.0,OK
2026-05-01 02:09:04,5521,0.2961,0.0204,0.0,18.0,10.0,0.0,49.09,-10.31,1.81,10.0,OK
2026-05-01 02:09:04,5522,0.3277,0.0212,0.0,18.0,10.0,0.0,45.7,-13.2,1.24,10.0,OK
2026-05-01 02:09:04,5523,0.3337,0.0208,0.0,18.0,10.0,0.0,45.0,-12.89,1.28,10.0,OK
2026-05-01 02:09:04,5524,0.2983,0.0217,0.0,18.0,10.0,0.0,43.19,-10.54,1.35,10.0,OK
2026-05-01 02:09:05,5525,0.3025,0.0,0.0,18.0,10.0,0.0,43.64,-10.3,1.57,10.0,OK
2026-05-01 02:09:05,5526,0.3079,0.0,0.0,18.0,10.0,0.0,43.13,-12.71,-0.22,10.0,OK
2026-05-01 02:09:05,5527,0.3116,0.0,0.0,18.0,10.0,0.0,44.41,-11.47,1.54,10.0,OK
2026-05-01 02:09:05,5528,0.2981,0.0204,0.0,18.0,10.0,0.0,45.98,-10.37,1.78,10.0,OK
2026-05-01 02:09:05,5529,0.3125,0.0212,0.0,18.0,10.0,0.0,45.8,-11.15,1.12,10.0,OK
2026-05-01 02:09:05,5530,0.312,0.0212,0.0,18.0,10.0,0.0,46.19,-11.31,1.18,10.0,OK
2026-05-01 02:09:05,5531,0.3018,0.0,0.0,18.0,10.0,0.0,44.51,-9.09,2.3,10.0,OK
2026-05-01 02:09:05,5532,0.2901,0.0217,0.0,18.0,10.0,0.0,43.67,-10.05,1.73,10.0,OK
2026-05-01 02:09:05,5533,0.2916,0.0,0.0,18.0,10.0,0.0,44.2,-10.9,1.15,10.0,OK
2026-05-01 02:09:05,5534,0.291,0.0,0.0,18.0,10.0,0.0,44.23,-10.9,0.83,10.0,OK
2026-05-01 02:09:05,5535,0.319,0.03,0.0,17.0,10.0,0.0,45.43,-11.79,1.55,10.0,OK
2026-05-01 02:09:05,5536,0.3147,0.0,0.0,17.0,10.0,0.0,45.34,-12.13,1.36,10.0,OK
2026-05-01 02:09:05,5537,0.2954,0.0,0.0,17.0,10.0,0.0,46.23,-10.48,1.27,10.0,OK
2026-05-01 02:09:05,5538,0.3212,0.0,0.0,17.0,10.0,0.0,45.15,-11.21,0.46,10.0,OK
2026-05-01 02:09:05,5539,0.3229,0.0,0.0,17.0,10.0,0.0,43.53,-10.52,1.01,10.0,OK
2026-05-01 02:09:05,5540,0.2876,0.0217,0.0,17.0,10.0,0.0,45.02,-11.84,1.02,10.0,OK
2026-05-01 02:09:05,5541,0.2998,0.0,0.0,17.0,10.0,0.0,43.87,-12.68,0.99,10.0,OK
2026-05-01 02:09:05,5542,0.2985,0.0217,0.0,17.0,10.0,0.0,45.02,-10.81,1.2,10.0,OK
2026-05-01 02:09:05,5543,0.3122,0.0,0.0,17.0,10.0,0.0,43.63,-11.33,1.64,10.0,OK
2026-05-01 02:09:05,5544,0.2907,0.0,0.0,17.0,10.0,0.0,43.67,-12.05,0.56,10.0,OK
2026-05-01 02:09:05,5545,0.2932,0.0217,0.0,17.0,10.0,0.0,45.05,-11.78,0.57,10.0,OK
2026-05-01 02:09:05,5546,0.284,0.0,0.0,17.0,10.0,0.0,47.36,-11.41,0.01,10.0,OK
2026-05-01 02:09:05,5547,0.2708,0.0,0.0,17.0,10.0,0.0,47.57,-11.28,0.28,10.0,OK
2026-05-01 02:09:05,5548,0.2905,0.0,0.0,17.0,10.0,0.0,45.28,-12.11,1.14,10.0,OK
2026-05-01 02:09:05,5549,0.2805,0.0,0.0,17.0,10.0,0.0,43.39,-11.67,0.28,10.0,OK
2026-05-01 02:09:05,5550,0.2845,0.0,0.0,17.0,10.0,0.0,44.53,-12.36,-0.15,10.0,OK
2026-05-01 02:09:05,5551,0.2911,0.0227,0.0,17.0,10.0,0.0,42.79,-12.2,1.02,10.0,OK
2026-05-01 02:09:05,5552,0.3013,0.0227,0.0,17.0,10.0,0.0,44.13,-11.07,0.9,10.0,OK
2026-05-01 02:09:05,5553,0.2508,0.0203,0.0,17.0,10.0,0.0,46.51,-11.63,2.94,10.0,OK
2026-05-01 02:09:06,5554,0.2662,0.0,0.0,17.0,10.0,0.0,45.88,-11.2,2.45,10.0,OK
2026-05-01 02:09:06,5555,0.2293,0.0,0.0,17.0,10.0,0.0,45.31,-10.71,1.37,10.0,OK
2026-05-01 02:09:06,5556,0.2359,0.0208,0.0,17.0,10.0,0.0,47.17,-10.28,0.92,10.0,OK
2026-05-01 02:09:06,5557,0.2285,0.0204,0.0,17.0,10.0,0.0,46.34,-9.88,1.84,10.0,OK
2026-05-01 02:09:06,5558,0.2285,0.0212,0.0,17.0,10.0,0.0,44.64,-10.51,1.98,10.0,OK
2026-05-01 02:09:06,5559,0.2182,0.0208,0.0,17.0,10.31,0.033,45.2,-10.38,2.04,10.0,OK
2026-05-01 02:09:06,5560,0.2605,0.0,0.0,17.0,10.29,0.0,44.21,-11.25,0.88,10.0,OK
2026-05-01 02:09:06,5561,0.2662,0.0208,0.0,17.0,10.26,0.0,44.52,-10.48,2.08,10.0,OK
2026-05-01 02:09:06,5562,0.2702,0.0212,0.0,17.0,10.24,0.0,44.77,-11.63,0.66,10.0,OK
2026-05-01 02:09:06,5563,0.283,0.0208,0.0,17.0,10.22,0.0,45.4,-11.81,1.0,10.0,OK
2026-05-01 02:09:06,5564,0.2672,0.0,0.0,17.0,10.21,0.0,43.34,-12.53,2.18,10.0,OK
2026-05-01 02:09:06,5565,0.2845,0.0204,0.0,17.0,10.19,0.0,43.99,-12.13,1.21,10.0,OK
2026-05-01 02:09:06,5566,0.2778,0.0288,0.0,17.0,10.17,0.0,45.11,-11.68,1.04,10.0,OK
2026-05-01 02:09:06,5567,0.2886,0.0,0.0,17.0,10.16,0.0,45.85,-12.05,1.24,10.0,OK
2026-05-01 02:09:06,5568,0.2878,0.0,0.0,17.0,10.15,0.0,45.11,-12.11,1.1,10.0,OK
2026-05-01 02:09:06,5569,0.3087,0.0212,0.0,17.0,10.14,0.0,44.28,-12.89,1.04,10.0,OK
2026-05-01 02:09:06,5570,0.3015,0.0,0.0,17.0,10.12,0.0,44.21,-12.63,1.14,10.0,OK
2026-05-01 02:09:06,5571,0.287,0.0208,0.0,17.0,10.11,0.0,43.74,-10.75,1.29,10.0,OK
2026-05-01 02:09:06,5572,0.3011,0.0,0.0,17.0,10.11,0.0,43.26,-10.47,1.65,10.0,OK
2026-05-01 02:09:06,5573,0.3103,0.0222,0.0,17.0,10.1,0.0,44.02,-11.97,1.36,10.0,OK
2026-05-01 02:09:06,5574,0.3012,0.0222,0.0,17.0,10.09,0.0,42.96,-11.39,1.58,10.0,OK
2026-05-01 02:09:06,5575,0.3115,0.0222,0.0,17.0,10.08,0.0,43.11,-11.56,1.27,10.0,OK
2026-05-01 02:09:06,5576,0.2739,0.0217,0.0,17.0,10.08,0.0,44.73,-12.54,0.14,10.0,OK
2026-05-01 02:09:06,5577,0.2807,0.0217,0.0,17.0,10.07,0.0,45.12,-12.29,0.37,10.0,OK
2026-05-01 02:09:06,5578,0.2949,0.0,0.0,17.0,10.06,0.0,45.91,-11.68,0.42,10.0,OK
2026-05-01 02:09:06,5579,0.2976,0.0217,0.0,17.0,10.06,0.0,46.24,-11.59,0.46,10.0,OK
2026-05-01 02:09:06,5580,0.2985,0.0203,0.0,17.0,10.05,0.0,45.53,-13.0,1.47,10.0,OK
2026-05-01 02:09:06,5581,0.2916,0.0,0.0,17.0,10.05,0.0,46.65,-13.09,1.32,10.0,OK
2026-05-01 02:09:06,5582,0.283,0.0208,0.0,17.0,10.05,0.0,45.72,-12.14,0.88,10.0,OK
2026-05-01 02:09:06,5583,0.28,0.0,0.0,17.0,10.04,0.0,44.94,-11.8,1.24,10.0,OK
2026-05-01 02:09:07,5584,0.2891,0.0212,0.0,17.0,10.04,0.0,45.35,-12.73,0.83,10.0,OK
2026-05-01 02:09:07,5585,0.2908,0.0307,0.0,16.0,10.04,0.0,43.69,-13.24,1.38,10.0,OK
2026-05-01 02:09:07,5586,0.2905,0.0,0.0,16.0,10.03,0.0,44.04,-12.33,1.27,10.0,OK
2026-05-01 02:09:07,5587,0.2807,0.0,0.0,16.0,10.03,0.0,44.67,-10.59,1.11,10.0,OK
2026-05-01 02:09:07,5588,0.287,0.0,0.0,16.0,10.03,0.0,43.35,-11.54,0.37,10.0,OK
2026-05-01 02:09:07,5589,0.3082,0.0208,0.0,16.0,10.03,0.0,43.17,-10.91,1.39,10.0,OK
2026-05-01 02:09:07,5590,0.311,0.0208,0.0,16.0,10.02,0.0,42.58,-10.14,1.94,10.0,OK
2026-05-01 02:09:07,5591,0.2885,0.0208,0.0,16.0,10.02,0.0,44.81,-11.52,1.71,10.0,OK
2026-05-01 02:09:07,5592,0.2916,0.0208,0.0,16.0,10.02,0.0,44.33,-12.35,1.21,10.0,OK
2026-05-01 02:09:07,5593,0.2843,0.0,0.0,16.0,10.02,0.0,42.96,-11.21,1.38,10.0,OK
2026-05-01 02:09:07,5594,0.3015,0.0212,0.0,16.0,10.02,0.0,44.37,-11.92,1.1,10.0,OK
2026-05-01 02:09:07,5595,0.3057,0.03,0.0,16.0,10.02,0.0,43.44,-11.57,1.13,10.0,OK
2026-05-01 02:09:07,5596,0.2811,0.0208,0.0,16.0,10.01,0.0,43.47,-10.63,1.74,10.0,OK
2026-05-01 02:09:07,5597,0.2811,0.0,0.0,16.0,10.01,0.0,43.52,-10.85,1.54,10.0,OK
2026-05-01 02:09:07,5598,0.2943,0.0,0.0,16.0,10.01,0.0,44.57,-12.45,1.28,10.0,OK
2026-05-01 02:09:07,5599,0.2959,0.0,0.0,16.0,10.01,0.0,43.46,-12.38,1.64,10.0,OK
2026-05-01 02:09:07,5600,0.3221,0.0208,0.0,16.0,10.01,0.0,43.94,-12.18,1.83,10.0,OK
2026-05-01 02:09:07,5601,0.2771,0.0,0.0,16.0,10.01,0.0,43.54,-10.26,2.1,10.0,OK
2026-05-01 02:09:07,5602,0.2817,0.0,0.0,16.0,10.01,0.0,44.91,-9.5,2.7,10.0,OK
2026-05-01 02:09:07,5603,0.2755,0.0222,0.0,16.0,10.01,0.0,41.96,-12.68,1.41,10.0,OK
2026-05-01 02:09:07,5604,0.2885,0.0221,0.0,16.0,10.01,0.0,41.78,-12.3,1.69,10.0,OK
2026-05-01 02:09:07,5605,0.2948,0.0,0.0,16.0,10.01,0.0,44.92,-11.96,1.79,10.0,OK
2026-05-01 02:09:07,5606,0.3102,0.0,0.0,16.0,10.01,0.0,44.91,-11.74,1.38,10.0,OK
2026-05-01 02:09:07,5607,0.2887,0.0,0.0,16.0,10.01,0.0,44.26,-11.18,1.76,10.0,OK
2026-05-01 02:09:07,5608,0.277,0.0,0.0,16.0,10.01,0.0,43.74,-10.81,1.79,10.0,OK
2026-05-01 02:09:07,5609,0.2955,0.0212,0.0,16.0,10.0,0.0,42.7,-10.8,2.46,10.0,OK
2026-05-01 02:09:07,5610,0.285,0.0208,0.0,16.0,10.0,0.0,42.85,-12.0,0.83,10.0,OK
2026-05-01 02:09:07,5611,0.2885,0.0,0.0,16.0,10.0,0.0,40.53,-11.57,1.87,10.0,OK
2026-05-01 02:09:07,5612,0.2733,0.0203,0.0,16.0,10.0,0.0,40.71,-11.17,2.28,10.0,OK
2026-05-01 02:09:07,5613,0.2841,0.0,0.0,16.0,10.0,0.0,40.48,-11.32,1.89,10.0,OK
2026-05-01 02:09:08,5614,0.2794,0.0,0.0,16.0,10.0,0.0,41.7,-11.55,1.25,10.0,OK
2026-05-01 02:09:08,5615,0.2822,0.0,0.0,16.0,10.0,0.0,41.02,-12.13,1.02,10.0,OK
2026-05-01 02:09:08,5616,0.2911,0.0222,0.0,16.0,10.0,0.0,42.25,-11.6,1.9,10.0,OK
2026-05-01 02:09:08,5617,0.2987,0.0212,0.0,16.0,10.0,0.0,42.31,-11.87,1.69,10.0,OK
2026-05-01 02:09:08,5618,0.289,0.0227,0.0,16.0,10.0,0.0,41.1,-10.79,1.45,10.0,OK
2026-05-01 02:09:08,5619,0.2891,0.0321,0.0,16.0,10.0,0.0,40.72,-10.55,1.55,10.0,OK
2026-05-01 02:09:08,5620,0.3038,0.0,0.0,16.0,10.0,0.0,41.55,-13.2,1.01,10.0,OK
2026-05-01 02:09:08,5621,0.277,0.0208,0.0,16.0,10.0,0.0,44.84,-9.76,2.1,10.0,OK
2026-05-01 02:09:08,5622,0.2817,0.0208,0.0,16.0,10.0,0.0,44.79,-10.17,1.93,10.0,OK
2026-05-01 02:09:08,5623,0.3085,0.0,0.0,16.0,10.0,0.0,42.65,-11.09,1.8,10.0,OK
2026-05-01 02:09:08,5624,0.2985,0.0,0.0,16.0,10.0,0.0,43.07,-11.24,1.86,10.0,OK
2026-05-01 02:09:08,5625,0.3055,0.0,0.0,16.0,10.0,0.0,41.99,-11.69,1.22,10.0,OK
2026-05-01 02:09:08,5626,0.2881,0.0,0.0,16.0,10.0,0.0,42.01,-11.01,1.43,10.0,OK
2026-05-01 02:09:08,5627,0.319,0.03,0.0,16.0,10.0,0.0,39.75,-13.49,1.99,10.0,OK
2026-05-01 02:09:08,5628,0.309,0.0,0.0,16.0,10.0,0.0,40.41,-13.29,1.86,10.0,OK
2026-05-01 02:09:08,5629,0.2809,0.0,0.0,16.0,10.0,0.0,42.21,-12.31,1.37,10.0,OK
2026-05-01 02:09:08,5630,0.2988,0.0217,0.0,16.0,10.0,0.0,42.55,-12.28,1.08,10.0,OK
2026-05-01 02:09:08,5631,0.323,0.0,0.0,16.0,10.0,0.0,40.03,-10.87,1.67,10.0,OK
2026-05-01 02:09:08,5632,0.277,0.0204,0.0,16.0,10.0,0.0,43.38,-10.96,1.96,10.0,OK
2026-05-01 02:09:08,5633,0.2843,0.0,0.0,16.0,10.0,0.0,42.0,-10.93,1.94,10.0,OK
2026-05-01 02:09:08,5634,0.3158,0.0,0.0,16.0,10.0,0.0,39.7,-13.01,0.97,10.0,OK
2026-05-01 02:09:08,5635,0.3055,0.0222,0.0,16.0,10.0,0.0,39.19,-11.99,1.17,10.0,OK
2026-05-01 02:09:08,5636,0.2954,0.0,0.0,16.0,10.0,0.0,41.07,-11.49,2.48,10.0,OK
2026-05-01 02:09:08,5637,0.3149,0.0,0.0,16.0,10.0,0.0,39.16,-10.81,2.94,10.0,OK
2026-05-01 02:09:08,5638,0.2828,0.0222,0.0,16.0,10.0,0.0,39.61,-12.24,1.76,10.0,OK
2026-05-01 02:09:08,5639,0.3075,0.0222,0.0,16.0,10.0,0.0,39.83,-13.05,0.63,10.0,OK
2026-05-01 02:09:08,5640,0.3056,0.0217,0.0,16.0,10.0,0.0,40.01,-12.62,1.22,10.0,OK
2026-05-01 02:09:08,5641,0.2798,0.0287,0.0,16.0,10.0,0.0,45.1,-11.01,1.95,10.0,OK
2026-05-01 02:09:08,5642,0.2915,0.0,0.0,16.0,10.0,0.0,43.52,-9.93,1.97,10.0,OK
2026-05-01 02:09:08,5643,0.284,0.0217,0.0,16.0,10.0,0.0,43.12,-10.49,1.57,10.0,OK
2026-05-01 02:09:09,5644,0.2852,0.0,0.0,16.0,10.0,0.0,43.52,-11.29,1.01,10.0,OK
2026-05-01 02:09:09,5645,0.2906,0.0,0.0,16.0,10.0,0.0,42.69,-11.3,1.79,10.0,OK
2026-05-01 02:09:09,5646,0.2664,0.0217,0.0,16.0,10.0,0.0,41.85,-10.87,1.79,10.0,OK
2026-05-01 02:09:09,5647,0.2768,0.0314,0.0,16.0,10.0,0.0,41.06,-11.43,1.55,10.0,OK
2026-05-01 02:09:09,5648,0.2887,0.0199,0.0,16.0,10.0,0.0,41.85,-11.7,2.49,10.0,OK
2026-05-01 02:09:09,5649,0.2972,0.0199,0.0,16.0,10.0,0.0,41.41,-12.22,2.38,10.0,OK
2026-05-01 02:09:09,5650,0.2887,0.0,0.0,16.0,10.0,0.0,42.89,-10.94,2.06,10.0,OK
2026-05-01 02:09:09,5651,0.2809,0.0,0.0,16.0,10.0,0.0,42.15,-10.46,2.25,10.0,OK
2026-05-01 02:09:09,5652,0.328,0.0212,0.0,16.0,10.0,0.0,40.83,-10.82,1.92,10.0,OK
2026-05-01 02:09:09,5653,0.3105,0.0212,0.0,16.0,10.0,0.0,41.18,-11.33,2.23,10.0,OK
2026-05-01 02:09:09,5654,0.309,0.0307,0.0,16.0,10.0,0.0,40.05,-9.89,2.74,10.0,OK
2026-05-01 02:09:09,5655,0.3127,0.0212,0.0,16.0,10.0,0.0,39.71,-10.17,2.71,10.0,OK
2026-05-01 02:09:09,5656,0.3114,0.0232,0.0,16.0,10.0,0.0,41.39,-11.81,1.68,10.0,OK
2026-05-01 02:09:09,5657,0.3269,0.0208,0.0,16.0,10.0,0.0,40.48,-13.01,2.06,10.0,OK
2026-05-01 02:09:09,5658,0.3046,0.0203,0.0,16.0,10.0,0.0,41.6,-12.81,2.24,10.0,OK
2026-05-01 02:09:09,5659,0.3181,0.0212,0.0,16.0,10.0,0.0,39.03,-11.69,2.67,10.0,OK
2026-05-01 02:09:09,5660,0.3353,0.0208,0.0,16.0,10.0,0.0,38.34,-13.93,1.89,10.0,OK
2026-05-01 02:09:09,5661,0.323,0.0,0.0,16.0,10.0,0.0,42.78,-12.97,1.33,10.0,OK
2026-05-01 02:09:09,5662,0.3015,0.0203,0.0,16.0,10.0,0.0,44.24,-13.19,0.78,10.0,OK
2026-05-01 02:09:09,5663,0.3277,0.0,0.0,16.0,10.0,0.0,41.47,-14.05,2.21,10.0,OK
2026-05-01 02:09:09,5664,0.3304,0.0,0.0,16.0,10.0,0.0,40.84,-14.22,1.61,10.0,OK
2026-05-01 02:09:09,5665,0.2671,0.0212,0.0,16.0,10.0,0.0,41.47,-11.14,2.36,10.0,OK
2026-05-01 02:09:09,5666,0.2815,0.0212,0.0,16.0,10.0,0.0,40.53,-11.21,2.42,10.0,OK
2026-05-01 02:09:09,5667,0.3013,0.0222,0.0,16.0,10.0,0.0,40.28,-11.25,1.9,10.0,OK
2026-05-01 02:09:09,5668,0.3144,0.0,0.0,16.0,10.0,0.0,41.42,-11.95,1.65,10.0,OK
2026-05-01 02:09:09,5669,0.2972,0.0,0.0,16.0,10.0,0.0,38.86,-11.33,1.79,10.0,OK
2026-05-01 02:09:09,5670,0.303,0.0213,0.0,16.0,10.0,0.0,41.34,-10.61,1.07,10.0,OK
2026-05-01 02:09:09,5671,0.2939,0.0,0.0,16.0,10.0,0.0,40.96,-10.37,1.16,10.0,OK
2026-05-01 02:09:09,5672,0.2593,0.0,0.0,16.0,10.0,0.0,42.8,-11.02,2.75,10.0,OK
2026-05-01 02:09:09,5673,0.3027,0.0,0.0,16.0,10.0,0.0,42.16,-11.83,2.4,10.0,OK
2026-05-01 02:09:09,5674,0.283,0.0217,0.0,16.0,10.0,0.0,38.74,-11.12,1.25,10.0,OK
2026-05-01 02:09:10,5675,0.2814,0.0,0.0,16.0,10.0,0.0,37.97,-12.54,1.47,10.0,OK
2026-05-01 02:09:10,5676,0.2963,0.0,0.0,16.0,10.0,0.0,38.54,-12.39,0.95,10.0,OK
2026-05-01 02:09:10,5677,0.2728,0.0,0.0,16.0,10.0,0.0,42.82,-11.97,2.1,10.0,OK
2026-05-01 02:09:10,5678,0.287,0.0,0.0,16.0,10.0,0.0,42.4,-12.23,1.77,10.0,OK
2026-05-01 02:09:10,5679,0.3029,0.0217,0.0,16.0,10.0,0.0,41.08,-9.48,2.17,10.0,OK
2026-05-01 02:09:10,5680,0.2885,0.0307,0.0,16.0,10.0,0.0,41.73,-9.5,2.08,10.0,OK
2026-05-01 02:09:10,5681,0.2911,0.0232,0.0,16.0,10.0,0.0,40.27,-10.8,1.96,10.0,OK
2026-05-01 02:09:10,5682,0.2942,0.0227,0.0,16.0,10.0,0.0,40.27,-10.8,1.96,10.0,OK
2026-05-01 02:09:10,5683,0.2869,0.0217,0.0,16.0,10.0,0.0,38.96,-13.14,1.36,10.0,OK
2026-05-01 02:09:10,5684,0.2993,0.0,0.0,16.0,10.0,0.0,40.84,-10.17,3.64,10.0,OK
2026-05-01 02:09:10,5685,0.2886,0.0,0.0,16.0,10.0,0.0,40.57,-9.91,2.98,10.0,OK
2026-05-01 02:09:10,5686,0.3137,0.0327,0.0,16.0,10.0,0.0,40.53,-12.32,1.77,10.0,OK
2026-05-01 02:09:10,5687,0.3163,0.0,0.0,16.0,10.0,0.0,39.69,-13.11,1.76,10.0,OK
2026-05-01 02:09:10,5688,0.3105,0.0,0.0,16.0,10.0,0.0,40.15,-12.25,1.62,10.0,OK
2026-05-01 02:09:10,5689,0.2914,0.0227,0.0,16.0,10.0,0.0,41.29,-10.03,2.36,10.0,OK
2026-05-01 02:09:10,5690,0.2886,0.0,0.0,16.0,10.0,0.0,36.95,-10.62,2.15,10.0,OK
2026-05-01 02:09:10,5691,0.2937,0.0232,0.0,16.0,10.0,0.0,36.23,-10.4,2.36,10.0,OK
2026-05-01 02:09:10,5692,0.3087,0.0,0.0,16.0,10.0,0.0,39.12,-12.57,2.22,10.0,OK
2026-05-01 02:09:10,5693,0.3004,0.0,0.0,16.0,10.0,0.0,39.12,-12.57,2.22,10.0,OK
2026-05-01 02:09:10,5694,0.3086,0.0217,0.0,16.0,10.0,0.0,43.16,-11.16,1.79,10.0,OK
2026-05-01 02:09:10,5695,0.3099,0.0208,0.0,16.0,10.0,0.0,41.04,-12.15,1.88,10.0,OK
2026-05-01 02:09:10,5696,0.2883,0.0288,0.0,16.0,10.0,0.0,41.65,-11.83,1.6,10.0,OK
2026-05-01 02:09:10,5697,0.333,0.0,0.0,16.0,10.0,0.0,39.33,-11.07,2.05,10.0,OK
2026-05-01 02:09:10,5698,0.333,0.0232,0.0,16.0,10.0,0.0,39.58,-10.96,2.1,10.0,OK
2026-05-01 02:09:10,5699,0.3079,0.0227,0.0,16.0,10.0,0.0,40.82,-12.02,0.9,10.0,OK
2026-05-01 02:09:10,5700,0.3178,0.0,0.0,16.0,10.0,0.0,41.24,-11.46,1.03,10.0,OK
2026-05-01 02:09:10,5701,0.3156,0.0226,0.0,16.0,10.0,0.0,39.98,-12.28,3.48,10.0,OK
2026-05-01 02:09:10,5702,0.3161,0.0328,0.0,16.0,10.0,0.0,39.75,-13.03,2.41,10.0,OK
2026-05-01 02:09:10,5703,0.303,0.0,0.0,16.0,10.0,0.0,40.62,-12.48,2.31,10.0,OK
2026-05-01 02:09:11,5704,0.3206,0.0208,0.0,16.0,10.0,0.0,41.28,-12.4,1.72,10.0,OK
2026-05-01 02:09:11,5705,0.3065,0.0217,0.0,16.0,10.0,0.0,39.0,-13.99,1.46,10.0,OK
2026-05-01 02:09:11,5706,0.3116,0.0221,0.0,16.0,10.0,0.0,37.93,-12.75,2.61,10.0,OK
2026-05-01 02:09:11,5707,0.3074,0.0,0.0,16.0,10.0,0.0,38.29,-12.1,2.65,10.0,OK
2026-05-01 02:09:11,5708,0.297,0.0217,0.0,16.0,10.0,0.0,39.95,-11.88,1.74,10.0,OK
2026-05-01 02:09:11,5709,0.2879,0.0,0.0,16.0,10.0,0.0,41.76,-10.82,2.29,10.0,OK
2026-05-01 02:09:11,5710,0.3029,0.03,0.0,16.0,10.0,0.0,42.85,-12.33,1.36,10.0,OK
2026-05-01 02:09:11,5711,0.3072,0.0212,0.0,16.0,10.0,0.0,41.7,-12.38,1.9,10.0,OK
2026-05-01 02:09:11,5712,0.3297,0.0212,0.0,16.0,10.0,0.0,41.23,-13.81,0.96,10.0,OK
2026-05-01 02:09:11,5713,0.2957,0.0,0.0,16.0,10.0,0.0,42.1,-13.72,1.39,10.0,OK
2026-05-01 02:09:11,5714,0.3214,0.0222,0.0,16.0,10.0,0.0,40.06,-12.04,2.15,10.0,OK
2026-05-01 02:09:11,5715,0.3069,0.0,0.0,16.0,10.0,0.0,38.44,-13.0,1.4,10.0,OK
2026-05-01 02:09:11,5716,0.3041,0.0,0.0,16.0,10.0,0.0,38.44,-13.0,1.4,10.0,OK
2026-05-01 02:09:11,5717,0.3001,0.0222,0.0,16.0,10.0,0.0,40.29,-14.24,1.66,10.0,OK
2026-05-01 02:09:11,5718,0.2853,0.0222,0.0,16.0,10.0,0.0,39.09,-12.38,2.64,10.0,OK
2026-05-01 02:09:11,5719,0.2905,0.0217,0.0,16.0,10.0,0.0,37.96,-13.2,2.04,10.0,OK
2026-05-01 02:09:11,5720,0.3155,0.0217,0.0,16.0,10.0,0.0,36.7,-14.24,1.56,10.0,OK
2026-05-01 02:09:11,5721,0.286,0.0212,0.0,16.0,10.0,0.0,37.16,-12.1,2.1,10.0,OK
2026-05-01 02:09:11,5722,0.3056,0.0,0.0,16.0,10.0,0.0,42.28,-13.67,0.03,10.0,OK
2026-05-01 02:09:11,5723,0.298,0.0,0.0,16.0,10.0,0.0,42.94,-12.77,0.74,10.0,OK
2026-05-01 02:09:11,5724,0.2879,0.0227,0.0,16.0,10.0,0.0,37.26,-9.99,3.01,10.0,OK
2026-05-01 02:09:11,5725,0.2833,0.0,0.0,16.0,10.0,0.0,37.92,-10.87,2.47,10.0,OK
2026-05-01 02:09:11,5726,0.317,0.0,0.0,16.0,10.0,0.0,39.39,-11.67,2.38,10.0,OK
2026-05-01 02:09:11,5727,0.2988,0.0,0.0,16.0,10.0,0.0,41.24,-11.89,1.66,10.0,OK
2026-05-01 02:09:11,5728,0.2876,0.0,0.0,16.0,10.0,0.0,39.78,-12.04,1.91,10.0,OK
2026-05-01 02:09:11,5729,0.313,0.0,0.0,16.0,10.0,0.0,39.37,-13.34,1.1,10.0,OK
2026-05-01 02:09:11,5730,0.2969,0.0222,0.0,16.0,10.0,0.0,37.04,-13.24,1.05,10.0,OK
2026-05-01 02:09:11,5731,0.303,0.0,0.0,16.0,10.0,0.0,40.36,-13.62,0.95,10.0,OK
2026-05-01 02:09:11,5732,0.3047,0.0212,0.0,16.0,10.0,0.0,38.78,-13.04,1.52,10.0,OK
2026-05-01 02:09:11,5733,0.2962,0.0,0.0,16.0,10.0,0.0,40.02,-12.1,2.17,10.0,OK
2026-05-01 02:09:12,5734,0.2962,0.0,0.0,16.0,10.0,0.0,38.96,-11.86,1.94,10.0,OK
2026-05-01 02:09:12,5735,0.2847,0.0208,0.0,16.0,10.0,0.0,39.73,-12.41,2.39,10.0,OK
2026-05-01 02:09:12,5736,0.2703,0.0,0.0,16.0,10.0,0.0,39.49,-11.78,2.53,10.0,OK
2026-05-01 02:09:12,5737,0.2872,0.0,0.0,16.0,10.0,0.0,39.72,-11.86,1.18,10.0,OK
2026-05-01 02:09:12,5738,0.268,0.0212,0.0,16.0,10.0,0.0,38.62,-11.91,1.38,10.0,OK
2026-05-01 02:09:12,5739,0.2797,0.0,0.0,16.0,10.0,0.0,39.15,-13.38,2.7,10.0,OK
2026-05-01 02:09:12,5740,0.3087,0.0,0.0,16.0,10.0,0.0,38.96,-14.4,1.62,10.0,OK
2026-05-01 02:09:12,5741,0.2675,0.0203,0.0,16.0,10.0,0.0,42.03,-10.66,1.72,10.0,OK
2026-05-01 02:09:12,5742,0.2833,0.0,0.0,16.0,10.0,0.0,41.29,-10.6,1.71,10.0,OK
2026-05-01 02:09:12,5743,0.2815,0.03,0.0,16.0,10.0,0.0,38.9,-10.54,1.92,10.0,OK
2026-05-01 02:09:12,5744,0.2688,0.0208,0.0,16.0,10.0,0.0,38.01,-11.56,2.4,10.0,OK
2026-05-01 02:09:12,5745,0.271,0.0208,0.0,16.0,10.0,0.0,38.59,-10.9,2.12,10.0,OK
2026-05-01 02:09:12,5746,0.2716,0.0294,0.0,16.0,10.0,0.0,38.14,-11.64,1.82,10.0,OK
2026-05-01 02:09:12,5747,0.2767,0.0,0.0,16.0,10.0,0.0,39.25,-11.78,1.99,10.0,OK
2026-05-01 02:09:12,5748,0.3091,0.0208,0.0,16.0,10.0,0.0,34.38,-13.36,2.34,10.0,OK
2026-05-01 02:09:12,5749,0.3058,0.0212,0.0,16.0,10.0,0.0,35.7,-13.06,2.43,10.0,OK
2026-05-01 02:09:12,5750,0.2636,0.0,0.0,16.0,10.0,0.0,39.87,-10.95,0.73,10.0,OK
2026-05-01 02:09:12,5751,0.2863,0.0,0.0,16.0,10.0,0.0,38.4,-11.26,2.63,10.0,OK
2026-05-01 02:09:12,5752,0.3086,0.0,0.0,16.0,10.0,0.0,39.13,-11.45,2.13,10.0,OK
2026-05-01 02:09:12,5753,0.284,0.0,0.0,16.0,10.0,0.0,38.52,-11.51,2.09,10.0,OK
2026-05-01 02:09:12,5754,0.2769,0.0294,0.0,16.0,10.0,0.0,38.73,-11.16,2.44,10.0,OK
2026-05-01 02:09:12,5755,0.2526,0.0,0.0,16.0,10.0,0.0,38.48,-12.04,1.32,10.0,OK
2026-05-01 02:09:12,5756,0.2757,0.0217,0.0,16.0,10.0,0.0,36.79,-12.17,1.73,10.0,OK
2026-05-01 02:09:12,5757,0.2734,0.0217,0.0,16.0,10.0,0.0,38.5,-10.76,1.75,10.0,OK
2026-05-01 02:09:12,5758,0.2773,0.0217,0.0,16.0,10.0,0.0,38.86,-10.44,1.79,10.0,OK
2026-05-01 02:09:12,5759,0.2784,0.0314,0.0,16.0,10.0,0.0,36.44,-11.02,2.07,10.0,OK
2026-05-01 02:09:12,5760,0.2915,0.0,0.0,16.0,10.0,0.0,38.86,-11.65,1.48,10.0,OK
2026-05-01 02:09:12,5761,0.2898,0.0,0.0,16.0,10.0,0.0,39.25,-11.88,1.39,10.0,OK
2026-05-01 02:09:12,5762,0.2937,0.0222,0.0,16.0,10.0,0.0,35.73,-10.9,2.32,10.0,OK
2026-05-01 02:09:12,5763,0.2813,0.0321,0.0,16.0,10.0,0.0,34.52,-10.02,1.96,10.0,OK
2026-05-01 02:09:13,5764,0.3074,0.0,0.0,16.0,10.0,0.0,39.09,-10.83,2.26,10.0,OK
2026-05-01 02:09:13,5765,0.3056,0.0,0.0,16.0,10.0,0.0,38.36,-10.82,1.95,10.0,OK
2026-05-01 02:09:13,5766,0.3129,0.0212,0.0,16.0,10.0,0.0,38.75,-9.61,2.64,10.0,OK
2026-05-01 02:09:13,5767,0.3002,0.0,0.0,16.0,10.0,0.0,38.51,-11.5,2.58,10.0,OK
2026-05-01 02:09:13,5768,0.3073,0.0212,0.0,16.0,10.0,0.0,39.25,-11.53,2.46,10.0,OK
2026-05-01 02:09:13,5769,0.3075,0.0217,0.0,16.0,10.0,0.0,38.02,-13.36,2.31,10.0,OK
2026-05-01 02:09:13,5770,0.3124,0.0,0.0,16.0,10.0,0.0,37.74,-12.57,2.31,10.0,OK
2026-05-01 02:09:13,5771,0.326,0.0,0.0,16.0,10.0,0.0,34.67,-14.96,0.54,10.0,OK
2026-05-01 02:09:13,5772,0.3122,0.0,0.0,16.0,10.0,0.0,35.98,-12.19,1.37,10.0,OK
2026-05-01 02:09:13,5773,0.3173,0.0,0.0,16.0,10.0,0.0,38.93,-12.5,1.77,10.0,OK
2026-05-01 02:09:13,5774,0.3083,0.0,0.0,16.0,10.0,0.0,38.29,-11.05,2.45,10.0,OK
2026-05-01 02:09:13,5775,0.3125,0.0208,0.0,16.0,10.0,0.0,40.25,-12.04,0.86,10.0,OK
2026-05-01 02:09:13,5776,0.3056,0.0,0.0,16.0,10.0,0.0,39.07,-11.64,0.73,10.0,OK
2026-05-01 02:09:13,5777,0.2733,0.0,0.0,16.0,10.0,0.0,38.14,-10.06,2.98,10.0,OK
2026-05-01 02:09:13,5778,0.302,0.0212,0.0,16.0,10.0,0.0,37.75,-10.87,3.02,10.0,OK
2026-05-01 02:09:13,5779,0.3104,0.0,0.0,16.0,10.0,0.0,38.07,-11.82,2.56,10.0,OK
2026-05-01 02:09:13,5780,0.303,0.0425,0.0,16.0,10.0,0.0,36.27,-11.58,1.6,10.0,OK
2026-05-01 02:09:13,5781,0.303,0.0,0.0,16.0,10.0,0.0,35.57,-11.91,1.89,10.0,OK
2026-05-01 02:09:13,5782,0.3029,0.0208,0.0,16.0,10.0,0.0,38.5,-11.09,1.95,10.0,OK
2026-05-01 02:09:13,5783,0.2852,0.0,0.0,16.0,10.0,0.0,38.84,-10.24,2.27,10.0,OK
2026-05-01 02:09:13,5784,0.3214,0.0,0.0,16.0,10.0,0.0,36.89,-12.27,2.91,10.0,OK
2026-05-01 02:09:13,5785,0.3251,0.0212,0.0,16.0,10.0,0.0,37.62,-12.07,2.63,10.0,OK
2026-05-01 02:09:13,5786,0.2999,0.0,0.0,16.0,10.0,0.0,38.93,-11.43,2.38,10.0,OK
2026-05-01 02:09:13,5787,0.3099,0.0,0.0,16.0,10.0,0.0,38.68,-12.27,1.85,10.0,OK
2026-05-01 02:09:13,5788,0.2635,0.0212,0.0,16.0,10.0,0.0,39.01,-11.68,2.5,10.0,OK
2026-05-01 02:09:13,5789,0.1984,0.0,0.0,16.0,11.57,0.033,40.6,-10.97,1.56,10.0,OK
2026-05-01 02:09:13,5790,0.2008,0.0,0.0,16.0,12.68,0.067,39.2,-9.87,2.28,10.0,OK
2026-05-01 02:09:13,5791,0.2212,0.0,0.0,17.0,12.47,0.0,38.05,-10.84,1.66,10.0,OK
2026-05-01 02:09:13,5792,0.2216,0.0217,0.0,17.0,12.27,0.0,38.88,-10.41,1.39,10.0,OK
2026-05-01 02:09:13,5793,0.2546,0.0208,0.0,17.0,12.09,0.0,40.1,-11.14,2.02,10.0,OK
2026-05-01 02:09:14,5794,0.2383,0.0208,0.0,17.0,11.92,0.0,39.94,-11.57,1.96,10.0,OK
2026-05-01 02:09:14,5795,0.2621,0.0,0.0,17.0,11.77,0.0,39.37,-10.94,2.23,10.0,OK
2026-05-01 02:09:14,5796,0.2547,0.0208,0.0,17.0,11.63,0.0,39.58,-11.81,2.21,10.0,OK
2026-05-01 02:09:14,5797,0.2546,0.0208,0.0,17.0,11.5,0.0,39.86,-10.13,2.34,10.0,OK
2026-05-01 02:09:14,5798,0.2672,0.0,0.0,17.0,11.38,0.0,38.93,-10.97,2.41,10.0,OK
2026-05-01 02:09:14,5799,0.2556,0.0,0.0,17.0,11.27,0.0,38.46,-10.43,1.99,10.0,OK
2026-05-01 02:09:14,5800,0.2745,0.0199,0.0,17.0,11.17,0.0,39.46,-9.54,2.44,10.0,OK
2026-05-01 02:09:14,5801,0.2754,0.0,0.0,17.0,11.07,0.0,39.95,-10.3,2.14,10.0,OK
2026-05-01 02:09:14,5802,0.2859,0.0,0.0,17.0,10.99,0.0,38.44,-10.93,2.11,10.0,OK
2026-05-01 02:09:14,5803,0.3114,0.0,0.0,17.0,10.91,0.0,37.42,-10.55,1.94,10.0,OK
2026-05-01 02:09:14,5804,0.2724,0.0217,0.0,17.0,10.84,0.0,34.51,-11.57,0.94,10.0,OK
2026-05-01 02:09:14,5805,0.2422,0.0204,0.0,17.0,10.77,0.0,37.61,-10.64,2.52,10.0,OK
2026-05-01 02:09:14,5806,0.2693,0.0208,0.0,17.0,10.71,0.0,36.62,-10.81,2.12,10.0,OK
2026-05-01 02:09:14,5807,0.2678,0.0,0.0,17.0,10.65,0.0,36.43,-10.65,2.46,10.0,OK
2026-05-01 02:09:14,5808,0.2845,0.0222,0.0,17.0,10.6,0.0,34.62,-9.77,2.62,10.0,OK
2026-05-01 02:09:14,5809,0.2807,0.0,0.0,17.0,10.55,0.0,38.38,-11.15,2.17,10.0,OK
2026-05-01 02:09:14,5810,0.278,0.0212,0.0,17.0,10.51,0.0,37.56,-10.8,2.18,10.0,OK
2026-05-01 02:09:14,5811,0.2964,0.0212,0.0,17.0,10.47,0.0,36.31,-11.26,2.0,10.0,OK
2026-05-01 02:09:14,5812,0.2823,0.0,0.0,17.0,10.43,0.0,36.4,-10.79,2.17,10.0,OK
2026-05-01 02:09:14,5813,0.289,0.0,0.0,17.0,10.39,0.0,35.98,-11.36,2.0,10.0,OK
2026-05-01 02:09:14,5814,0.2927,0.0222,0.0,17.0,10.36,0.0,34.1,-13.4,1.72,10.0,OK
2026-05-01 02:09:14,5815,0.2821,0.0222,0.0,17.0,10.33,0.0,33.93,-11.87,1.27,10.0,OK
2026-05-01 02:09:14,5816,0.2705,0.0,0.0,17.0,10.31,0.0,34.86,-10.15,2.1,10.0,OK
2026-05-01 02:09:14,5817,0.2839,0.0212,0.0,17.0,10.28,0.0,35.29,-10.41,2.02,10.0,OK
2026-05-01 02:09:14,5818,0.2688,0.0217,0.0,17.0,10.26,0.0,36.55,-9.84,2.33,10.0,OK
2026-05-01 02:09:14,5819,0.2735,0.0217,0.0,17.0,10.24,0.0,35.05,-9.27,2.7,10.0,OK
2026-05-01 02:09:14,5820,0.2923,0.0213,0.0,17.0,10.22,0.0,37.0,-10.57,1.55,10.0,OK
2026-05-01 02:09:14,5821,0.289,0.0,0.0,17.0,10.2,0.0,36.67,-11.0,1.6,10.0,OK
2026-05-01 02:09:14,5822,0.2529,0.0203,0.0,17.0,10.19,0.0,37.13,-9.41,2.67,10.0,OK
2026-05-01 02:09:14,5823,0.2811,0.0203,0.0,17.0,10.17,0.0,37.13,-9.45,2.77,10.0,OK
2026-05-01 02:09:14,5824,0.3069,0.0,0.0,17.0,10.16,0.0,39.37,-10.45,1.89,10.0,OK
2026-05-01 02:09:15,5825,0.279,0.0199,0.0,17.0,10.15,0.0,37.82,-9.85,2.31,10.0,OK
2026-05-01 02:09:15,5826,0.2786,0.0,0.0,17.0,10.13,0.0,33.77,-12.79,2.47,10.0,OK
2026-05-01 02:09:15,5827,0.2889,0.0,0.0,17.0,10.12,0.0,35.55,-11.92,2.68,10.0,OK
2026-05-01 02:09:15,5828,0.2738,0.0227,0.0,17.0,10.11,0.0,32.21,-11.9,2.37,10.0,OK
2026-05-01 02:09:15,5829,0.2799,0.0,0.0,17.0,10.1,0.0,37.09,-10.49,2.74,10.0,OK
2026-05-01 02:09:15,5830,0.2619,0.0,0.0,17.0,10.1,0.0,36.97,-11.53,2.24,10.0,OK
2026-05-01 02:09:15,5831,0.2841,0.0207,0.0,17.0,10.09,0.0,36.2,-10.84,3.27,10.0,OK
2026-05-01 02:09:15,5832,0.2953,0.0,0.0,17.0,10.08,0.0,35.44,-11.19,3.23,10.0,OK
2026-05-01 02:09:15,5833,0.2655,0.0,0.0,17.0,10.07,0.0,33.83,-11.94,1.8,10.0,OK
2026-05-01 02:09:15,5834,0.3022,0.0212,0.0,17.0,10.07,0.0,34.5,-13.39,1.44,10.0,OK
2026-05-01 02:09:15,5835,0.3025,0.0212,0.0,17.0,10.06,0.0,34.55,-12.88,1.41,10.0,OK
2026-05-01 02:09:15,5836,0.2602,0.0212,0.0,17.0,10.06,0.0,34.87,-11.63,1.76,10.0,OK
2026-05-01 02:09:15,5837,0.2602,0.0212,0.0,17.0,10.05,0.0,35.65,-11.26,1.78,10.0,OK
2026-05-01 02:09:15,5838,0.2478,0.0221,0.0,17.0,10.05,0.0,33.86,-11.5,2.73,10.0,OK
2026-05-01 02:09:15,5839,0.2507,0.0221,0.0,17.0,10.05,0.0,34.9,-11.26,3.03,10.0,OK
2026-05-01 02:09:15,5840,0.2694,0.0,0.0,17.0,10.04,0.0,37.81,-10.3,2.43,10.0,OK
2026-05-01 02:09:15,5841,0.2925,0.0208,0.0,17.0,10.04,0.0,37.5,-8.82,2.79,10.0,OK
2026-05-01 02:09:15,5842,0.2932,0.0208,0.0,17.0,10.04,0.0,37.29,-8.78,2.48,10.0,OK
2026-05-01 02:09:15,5843,0.2811,0.0222,0.0,17.0,10.03,0.0,33.9,-10.06,2.09,10.0,OK
2026-05-01 02:09:15,5844,0.2677,0.0227,0.0,17.0,10.03,0.0,32.67,-9.37,2.41,10.0,OK
2026-05-01 02:09:15,5845,0.2989,0.0,0.0,16.0,10.03,0.0,34.61,-10.36,2.12,10.0,OK
2026-05-01 02:09:15,5846,0.3045,0.03,0.0,16.0,10.03,0.0,34.87,-9.88,2.49,10.0,OK
2026-05-01 02:09:15,5847,0.2909,0.0207,0.0,16.0,10.02,0.0,35.89,-10.41,3.05,10.0,OK
2026-05-01 02:09:15,5848,0.2891,0.0208,0.0,16.0,10.02,0.0,35.71,-10.58,2.35,10.0,OK
2026-05-01 02:09:15,5849,0.3043,0.0,0.0,16.0,10.02,0.0,37.33,-10.52,2.57,10.0,OK
2026-05-01 02:09:15,5850,0.2971,0.0,0.0,16.0,10.02,0.0,36.25,-9.73,2.12,10.0,OK
2026-05-01 02:09:15,5851,0.2977,0.0222,0.0,15.0,10.02,0.0,35.34,-10.0,1.8,10.0,OK
2026-05-01 02:09:15,5852,0.2977,0.0,0.0,15.0,10.02,0.0,33.86,-10.08,2.0,10.0,OK
2026-05-01 02:09:15,5853,0.3045,0.0,0.0,15.0,10.01,0.0,33.25,-11.33,1.48,10.0,OK
2026-05-01 02:09:16,5854,0.3068,0.0217,0.0,15.0,10.01,0.0,35.86,-9.67,1.49,10.0,OK
2026-05-01 02:09:16,5855,0.2952,0.0217,0.0,15.0,10.01,0.0,33.5,-9.49,2.34,10.0,OK
2026-05-01 02:09:16,5856,0.2966,0.0208,0.0,15.0,10.01,0.0,35.06,-10.84,1.77,10.0,OK
2026-05-01 02:09:16,5857,0.3046,0.0,0.0,15.0,10.01,0.0,34.0,-10.88,2.24,10.0,OK
2026-05-01 02:09:16,5858,0.293,0.0222,0.0,15.0,10.01,0.0,32.92,-11.48,2.05,10.0,OK
2026-05-01 02:09:16,5859,0.2771,0.0222,0.0,15.0,10.01,0.0,31.3,-12.17,2.08,10.0,OK
2026-05-01 02:09:16,5860,0.3102,0.0,0.0,15.0,10.01,0.0,35.39,-10.05,2.87,10.0,OK
2026-05-01 02:09:16,5861,0.2874,0.0,0.0,15.0,10.01,0.0,35.67,-9.24,3.25,10.0,OK
2026-05-01 02:09:16,5862,0.2915,0.0217,0.0,15.0,10.01,0.0,36.1,-8.25,2.96,10.0,OK
2026-05-01 02:09:16,5863,0.2854,0.0314,0.0,15.0,10.01,0.0,32.35,-10.69,2.67,10.0,OK
2026-05-01 02:09:16,5864,0.2936,0.0,0.0,15.0,10.01,0.0,33.09,-10.09,2.42,10.0,OK
2026-05-01 02:09:16,5865,0.2752,0.0,0.0,15.0,10.01,0.0,33.73,-10.27,2.27,10.0,OK
2026-05-01 02:09:16,5866,0.2786,0.0212,0.0,15.0,10.0,0.0,34.21,-8.95,2.51,10.0,OK
2026-05-01 02:09:16,5867,0.3073,0.0314,0.0,15.0,10.0,0.0,34.51,-9.91,2.32,10.0,OK
2026-05-01 02:09:16,5868,0.2776,0.0227,0.0,15.0,10.0,0.0,34.26,-10.08,2.57,10.0,OK
2026-05-01 02:09:16,5869,0.2966,0.0,0.0,15.0,10.0,0.0,34.82,-11.67,1.43,10.0,OK
2026-05-01 02:09:16,5870,0.2911,0.0213,0.0,15.0,10.0,0.0,34.95,-11.12,1.71,10.0,OK
2026-05-01 02:09:16,5871,0.2713,0.0217,0.0,14.0,10.0,0.0,33.92,-11.28,1.75,10.0,OK
2026-05-01 02:09:16,5872,0.2768,0.0212,0.0,14.0,10.0,0.0,36.78,-9.86,1.98,10.0,OK
2026-05-01 02:09:16,5873,0.2695,0.0212,0.0,14.0,10.0,0.0,34.98,-10.53,2.05,10.0,OK
2026-05-01 02:09:16,5874,0.2512,0.0203,0.0,14.0,10.0,0.0,35.77,-10.5,2.76,10.0,OK
2026-05-01 02:09:16,5875,0.2473,0.0203,0.0,14.0,10.0,0.0,36.24,-11.22,2.08,10.0,OK
2026-05-01 02:09:16,5876,0.2792,0.0,0.0,14.0,10.0,0.0,38.24,-11.43,2.7,10.0,OK
2026-05-01 02:09:16,5877,0.2642,0.0,0.0,14.0,10.0,0.0,37.84,-10.95,2.12,10.0,OK
2026-05-01 02:09:16,5878,0.2759,0.0217,0.0,14.0,10.0,0.0,32.39,-12.29,3.0,10.0,OK
2026-05-01 02:09:16,5879,0.2512,0.0221,0.0,14.0,10.0,0.0,36.35,-11.16,2.02,10.0,OK
2026-05-01 02:09:16,5880,0.2461,0.0,0.0,14.0,10.0,0.0,36.1,-11.57,2.42,10.0,OK
2026-05-01 02:09:16,5881,0.2854,0.0,0.0,13.0,10.0,0.0,37.68,-11.31,1.27,10.0,OK
2026-05-01 02:09:16,5882,0.2912,0.0,0.0,13.0,10.0,0.0,35.27,-12.57,1.02,10.0,OK
2026-05-01 02:09:16,5883,0.2681,0.0307,0.0,13.0,10.0,0.0,34.64,-10.18,2.02,10.0,OK
2026-05-01 02:09:17,5884,0.2868,0.0,0.0,13.0,10.0,0.0,36.19,-9.96,2.2,10.0,OK
2026-05-01 02:09:17,5885,0.3087,0.0217,0.0,13.0,10.0,0.0,36.17,-13.25,2.23,10.0,OK
2026-05-01 02:09:17,5886,0.288,0.0227,0.0,13.0,10.0,0.0,37.09,-11.05,2.07,10.0,OK
2026-05-01 02:09:17,5887,0.303,0.0227,0.0,13.0,10.0,0.0,35.9,-12.29,0.95,10.0,OK
2026-05-01 02:09:17,5888,0.273,0.0,0.0,12.0,10.0,0.0,35.05,-11.32,1.3,10.0,OK
2026-05-01 02:09:17,5889,0.2902,0.0222,0.0,12.0,10.0,0.0,30.97,-10.93,2.09,10.0,OK
2026-05-01 02:09:17,5890,0.2945,0.0212,0.0,12.0,10.0,0.0,32.99,-12.11,2.09,10.0,OK
2026-05-01 02:09:17,5891,0.289,0.0208,0.0,12.0,10.0,0.0,35.1,-11.59,1.82,10.0,OK
2026-05-01 02:09:17,5892,0.2768,0.0212,0.0,12.0,10.0,0.0,33.74,-11.56,2.89,10.0,OK
2026-05-01 02:09:17,5893,0.2845,0.0,0.0,12.0,10.0,0.0,33.32,-11.46,2.5,10.0,OK
2026-05-01 02:09:17,5894,0.2753,0.0,0.0,12.0,10.0,0.0,36.91,-9.9,3.54,10.0,OK
2026-05-01 02:09:17,5895,0.2762,0.0203,0.0,12.0,10.0,0.0,36.81,-10.49,3.01,10.0,OK
2026-05-01 02:09:17,5896,0.2847,0.0208,0.0,12.0,10.0,0.0,36.02,-10.44,2.82,10.0,OK
2026-05-01 02:09:17,5897,0.2851,0.0288,0.0,12.0,10.0,0.0,36.04,-11.56,1.44,10.0,OK
2026-05-01 02:09:17,5898,0.2659,0.0,0.0,12.0,10.0,0.0,33.81,-11.66,2.07,10.0,OK
2026-05-01 02:09:17,5899,0.2735,0.0,0.0,12.0,10.0,0.0,36.14,-8.94,2.72,10.0,OK
2026-05-01 02:09:17,5900,0.2759,0.0,0.0,12.0,10.0,0.0,35.66,-8.2,2.75,10.0,OK
2026-05-01 02:09:17,5901,0.2651,0.0217,0.0,12.0,10.0,0.0,31.19,-10.14,2.62,10.0,OK
2026-05-01 02:09:17,5902,0.266,0.0314,0.0,12.0,10.0,0.0,31.19,-10.14,2.62,10.0,OK
2026-05-01 02:09:17,5903,0.269,0.0217,0.0,12.0,10.0,0.0,32.84,-9.26,2.36,10.0,OK
2026-05-01 02:09:17,5904,0.269,0.0,0.0,12.0,10.0,0.0,34.38,-9.05,2.33,10.0,OK
2026-05-01 02:09:17,5905,0.2648,0.0307,0.0,12.0,10.0,0.0,35.27,-10.51,2.33,10.0,OK
2026-05-01 02:09:17,5906,0.2679,0.0212,0.0,12.0,10.0,0.0,33.09,-11.01,2.58,10.0,OK
2026-05-01 02:09:17,5907,0.2587,0.0,0.0,12.0,10.0,0.0,37.06,-10.03,3.04,10.0,OK
2026-05-01 02:09:17,5908,0.2674,0.0212,0.0,12.0,10.0,0.0,36.14,-10.61,2.81,10.0,OK
2026-05-01 02:09:17,5909,0.2838,0.0,0.0,12.0,10.0,0.0,32.62,-13.42,1.82,10.0,OK
2026-05-01 02:09:17,5910,0.2879,0.0212,0.0,12.0,10.0,0.0,34.8,-11.12,3.22,10.0,OK
2026-05-01 02:09:17,5911,0.2826,0.0217,0.0,12.0,10.0,0.0,33.3,-11.22,2.69,10.0,OK
2026-05-01 02:09:17,5912,0.2987,0.0,0.0,12.0,10.0,0.0,36.0,-9.56,2.93,10.0,OK
2026-05-01 02:09:18,5913,0.2939,0.0208,0.0,12.0,10.0,0.0,34.97,-9.34,3.51,10.0,OK
2026-05-01 02:09:18,5914,0.2805,0.0,0.0,12.0,10.0,0.0,33.76,-11.28,1.97,10.0,OK
2026-05-01 02:09:18,5915,0.2752,0.0,0.0,12.0,10.0,0.0,32.2,-11.11,2.76,10.0,OK
2026-05-01 02:09:18,5916,0.3043,0.0212,0.0,12.0,10.0,0.0,33.43,-12.07,2.1,10.0,OK
2026-05-01 02:09:18,5917,0.3029,0.0,0.0,12.0,10.0,0.0,33.95,-11.43,2.89,10.0,OK
2026-05-01 02:09:18,5918,0.3025,0.0,0.0,12.0,10.0,0.0,34.47,-9.42,3.47,10.0,OK
2026-05-01 02:09:18,5919,0.2902,0.0,0.0,12.0,10.0,0.0,33.19,-9.68,2.89,10.0,OK
2026-05-01 02:09:18,5920,0.2893,0.0,0.0,12.0,10.0,0.0,33.21,-10.59,2.68,10.0,OK
2026-05-01 02:09:18,5921,0.302,0.0,0.0,12.0,10.0,0.0,33.73,-12.22,2.46,10.0,OK
2026-05-01 02:09:18,5922,0.2863,0.0207,0.0,12.0,10.0,0.0,35.83,-10.78,3.16,10.0,OK
2026-05-01 02:09:18,5923,0.2718,0.0208,0.0,12.0,10.0,0.0,33.6,-10.79,2.08,10.0,OK
2026-05-01 02:09:18,5924,0.2872,0.0212,0.0,12.0,10.0,0.0,31.21,-10.6,2.56,10.0,OK
2026-05-01 02:09:18,5925,0.2878,0.0212,0.0,12.0,10.0,0.0,30.99,-11.07,2.62,10.0,OK
2026-05-01 02:09:18,5926,0.2269,0.0213,0.0,12.0,10.0,0.0,35.22,-9.87,1.82,10.0,OK
2026-05-01 02:09:18,5927,0.241,0.0425,0.0,12.0,10.0,0.0,32.12,-10.1,2.27,10.0,OK
2026-05-01 02:09:18,5928,0.205,0.0,0.0,12.0,11.15,0.033,34.85,-10.63,1.86,10.0,OK
2026-05-01 02:09:18,5929,0.205,0.0208,0.0,12.0,12.15,0.067,34.85,-10.63,1.86,10.0,OK
2026-05-01 02:09:18,5930,0.2269,0.0,0.0,13.0,11.97,0.0,32.56,-7.95,2.59,10.0,OK
2026-05-01 02:09:18,5931,0.241,0.0,0.0,13.0,11.82,0.0,32.1,-9.42,2.32,10.0,OK
2026-05-01 02:09:18,5932,0.2966,0.0217,0.0,13.0,11.67,0.0,35.07,-9.13,2.5,10.0,OK
2026-05-01 02:09:18,5933,0.285,0.0212,0.0,13.0,11.54,0.0,32.91,-9.74,3.08,10.0,OK
2026-05-01 02:09:18,5934,0.3097,0.0,0.0,13.0,11.41,0.0,34.48,-9.61,1.65,10.0,OK
2026-05-01 02:09:18,5935,0.3043,0.0336,0.0,13.0,11.3,0.0,31.31,-6.96,2.64,10.0,OK
2026-05-01 02:09:18,5936,0.2764,0.0237,0.0,13.0,11.2,0.0,28.34,-8.27,2.4,10.0,OK
2026-05-01 02:09:18,5937,0.3179,0.0,0.0,13.0,11.1,0.0,28.81,-9.06,2.68,10.0,OK
2026-05-01 02:09:18,5938,0.2917,0.0,0.0,13.0,11.01,0.0,29.21,-9.43,2.91,10.0,OK
2026-05-01 02:09:18,5939,0.2989,0.0217,0.0,13.0,10.93,0.0,27.23,-6.62,2.57,10.0,OK
2026-05-01 02:09:18,5940,0.2925,0.0,0.0,13.0,10.86,0.0,26.15,-6.6,3.11,10.0,OK
2026-05-01 02:09:18,5941,0.3128,0.0222,0.0,13.0,10.79,0.0,21.44,-8.3,3.04,10.0,OK
2026-05-01 02:09:18,5942,0.3212,0.0,0.0,13.0,10.73,0.0,23.74,-7.73,2.44,10.0,OK
2026-05-01 02:09:18,5943,0.3318,0.0,0.0,13.0,10.67,0.0,24.37,-5.75,2.08,10.0,OK
2026-05-01 02:09:19,5944,0.2945,0.0232,0.0,13.0,10.61,0.0,24.92,-5.94,2.22,10.0,OK
2026-05-01 02:09:19,5945,0.3093,0.0,0.0,13.0,10.57,0.0,27.56,-5.14,2.78,10.0,OK
2026-05-01 02:09:19,5946,0.3235,0.0222,0.0,13.0,10.52,0.0,22.45,-6.52,2.06,10.0,OK
2026-05-01 02:09:19,5947,0.2995,0.0217,0.0,13.0,10.48,0.0,22.92,-5.07,2.66,10.0,OK
2026-05-01 02:09:19,5948,0.2927,0.0232,0.0,13.0,10.44,0.0,19.24,-5.17,2.42,10.0,OK
2026-05-01 02:09:19,5949,0.3077,0.0238,0.0,13.0,10.41,0.0,21.16,-7.34,1.36,10.0,OK
2026-05-01 02:09:19,5950,0.2959,0.0329,0.0,13.0,10.37,0.0,20.96,-3.39,2.42,10.0,OK
2026-05-01 02:09:19,5951,0.302,0.0232,0.0,13.0,10.34,0.0,22.02,-3.84,2.1,10.0,OK
2026-05-01 02:09:19,5952,0.2982,0.0222,0.0,13.0,10.32,0.0,20.65,-3.67,2.03,10.0,OK
2026-05-01 02:09:19,5953,0.3083,0.0,0.0,13.0,10.29,0.0,18.36,-5.08,2.22,10.0,OK
2026-05-01 02:09:19,5954,0.2886,0.0232,0.0,13.0,10.27,0.0,17.39,-6.76,1.76,10.0,OK
2026-05-01 02:09:19,5955,0.295,0.0238,0.0,13.0,10.25,0.0,18.51,-5.35,2.09,10.0,OK
2026-05-01 02:09:19,5956,0.2982,0.0222,0.0,13.0,10.23,0.0,17.74,-5.51,1.67,10.0,OK
2026-05-01 02:09:19,5957,0.2919,0.0227,0.0,13.0,10.21,0.0,17.27,-5.26,1.56,10.0,OK
2026-05-01 02:09:19,5958,0.296,0.0,0.0,13.0,10.19,0.0,21.15,-5.48,2.17,10.0,OK
2026-05-01 02:09:19,5959,0.3067,0.0217,0.0,13.0,10.18,0.0,19.0,-3.71,2.54,10.0,OK
2026-05-01 02:09:19,5960,0.3037,0.0,0.0,13.0,10.16,0.0,19.3,-1.96,2.86,10.0,OK
2026-05-01 02:09:19,5961,0.2729,0.0222,0.0,13.0,10.15,0.0,15.68,-2.52,2.22,10.0,OK
2026-05-01 02:09:19,5962,0.2668,0.0222,0.0,13.0,10.14,0.0,15.45,-4.36,2.46,10.0,OK
2026-05-01 02:09:19,5963,0.2707,0.0,0.0,13.0,10.13,0.0,15.47,-5.39,2.23,10.0,OK
2026-05-01 02:09:19,5964,0.2581,0.0232,0.0,13.0,10.12,0.0,16.74,-5.67,1.92,10.0,OK
2026-05-01 02:09:19,5965,0.2881,0.0232,0.0,13.0,10.11,0.0,14.59,-4.37,1.64,10.0,OK
2026-05-01 02:09:19,5966,0.2801,0.0232,0.0,13.0,10.1,0.0,15.93,-7.57,0.83,10.0,OK
2026-05-01 02:09:19,5967,0.2671,0.0222,0.0,13.0,10.09,0.0,12.9,-8.05,1.57,10.0,OK
2026-05-01 02:09:19,5968,0.2756,0.0238,0.0,13.0,10.08,0.0,-2.13,-3.22,3.05,10.0,OK
2026-05-01 02:09:20,5969,0.249,0.0222,0.0,13.0,10.08,0.0,-2.52,-2.48,2.95,10.0,OK
2026-05-01 02:09:20,5970,0.2661,0.0232,0.0,13.0,10.07,0.0,-5.29,0.03,2.47,10.0,OK
2026-05-01 02:09:20,5971,0.2549,0.0454,0.0,13.0,10.06,0.0,-6.91,-3.54,3.53,10.0,OK
2026-05-01 02:09:20,5972,0.2643,0.0232,0.0,13.0,10.06,0.0,-7.13,-1.0,3.15,10.0,OK
2026-05-01 02:09:20,5973,0.2566,0.0222,0.0,13.0,10.05,0.0,-8.11,-2.52,4.78,10.0,OK
2026-05-01 02:09:20,5974,0.2647,0.0232,0.0,13.0,10.05,0.0,-7.06,-2.26,4.06,10.0,OK
2026-05-01 02:09:20,5975,0.2365,0.0227,0.0,13.0,10.05,0.0,-11.81,-1.89,3.61,10.0,OK
2026-05-01 02:09:20,5976,0.2606,0.0217,0.0,13.0,10.04,0.0,-13.73,-3.38,4.35,10.0,OK
2026-05-01 02:09:20,5977,0.2648,0.0222,0.0,13.0,10.04,0.0,-13.68,-2.81,4.33,10.0,OK
2026-05-01 02:09:20,5978,0.231,0.0222,0.0,13.0,10.04,0.0,-18.03,-1.41,4.05,10.0,OK
2026-05-01 02:09:20,5979,0.2276,0.0,0.0,13.0,10.03,0.0,-17.27,-0.33,3.55,10.0,OK
2026-05-01 02:09:20,5980,0.2318,0.0238,0.0,13.0,10.03,0.0,-17.67,-1.94,4.34,10.0,OK
2026-05-01 02:09:20,5981,0.2257,0.0232,0.0,12.0,10.03,0.0,-17.65,-1.6,4.05,10.0,OK
2026-05-01 02:09:20,5982,0.1992,0.0227,0.0,12.0,11.54,0.033,-20.65,-1.46,4.21,10.0,OK
2026-05-01 02:09:20,5983,0.1996,0.0444,0.0,12.0,12.74,0.067,-19.69,-0.98,3.7,10.0,OK
2026-05-01 02:09:20,5984,0.1982,0.0232,0.0,12.0,13.86,0.1,-21.81,-3.53,4.69,10.0,OK
2026-05-01 02:09:20,5985,0.2272,0.0222,0.0,13.0,13.55,0.0,-20.49,-2.35,3.42,10.0,OK
2026-05-01 02:09:20,5986,0.2173,0.0232,0.0,13.0,13.35,0.033,-20.87,-3.02,3.03,10.0,OK
2026-05-01 02:09:20,5987,0.19,0.0519,0.0,13.0,14.53,0.067,-21.75,-2.44,3.14,10.0,OK
2026-05-01 02:09:20,5988,0.2,0.0329,0.0,13.0,14.91,0.1,-22.47,-2.82,3.48,10.0,OK
2026-05-01 02:09:20,5989,0.1994,0.0222,0.0,13.0,15.44,0.133,-23.04,-2.15,3.08,10.0,OK
2026-05-01 02:09:20,5990,0.1983,0.0222,0.0,13.0,16.09,0.167,-23.17,-3.05,4.09,10.0,OK
2026-05-01 02:09:20,5991,0.1797,0.0,0.0,13.0,17.95,0.2,-23.2,-3.15,3.6,10.0,OK
2026-05-01 02:09:20,5992,0.2112,0.0,0.0467,13.0,17.82,0.233,-22.24,-4.69,3.41,10.0,OK
2026-05-01 02:09:20,5993,0.1881,0.0232,0.0533,13.0,19.03,0.267,-23.11,-5.13,3.37,10.0,OK
2026-05-01 02:09:20,5994,0.1879,0.0227,0.06,13.0,20.07,0.3,-23.61,-3.76,2.73,10.0,OK
2026-05-01 02:09:20,5995,0.188,0.0329,0.0667,13.0,20.99,0.333,-23.11,-4.54,3.26,10.0,OK
2026-05-01 02:09:20,5996,0.175,0.0321,0.0733,13.0,22.66,0.367,-24.33,-3.16,2.76,10.0,OK
2026-05-01 02:09:20,5997,0.1777,0.0227,0.08,13.0,23.82,0.4,-23.67,-4.03,2.93,10.0,OK
2026-05-01 02:09:20,5998,0.2227,0.0,0.08,14.0,22.72,0.0,-24.82,-4.45,2.49,10.0,OK
2026-05-01 02:09:21,5999,0.203,0.0,0.08,14.0,21.99,0.033,-25.35,-4.17,2.2,10.0,OK
2026-05-01 02:09:21,6000,0.2655,0.0222,0.08,14.0,21.03,0.0,-25.97,-3.07,2.62,10.0,OK
2026-05-01 02:09:21,6001,0.2127,0.0,0.08,14.0,20.3,0.033,-26.38,-2.07,2.62,10.0,OK
2026-05-01 02:09:21,6002,0.2221,0.0,0.08,14.0,19.48,0.0,-26.11,-1.5,2.12,10.0,OK
2026-05-01 02:09:21,6003,0.2266,0.0,0.08,14.0,18.72,0.0,-26.71,-1.16,2.15,10.0,OK
2026-05-01 02:09:21,6004,0.2266,0.0,0.08,14.0,18.02,0.0,-26.36,-1.96,1.94,10.0,OK
2026-05-01 02:09:21,6005,0.2436,0.0217,0.08,14.0,17.38,0.0,-27.1,-1.4,1.24,10.0,OK
2026-05-01 02:09:21,6006,0.2365,0.0222,0.08,14.0,16.79,0.0,-27.2,-1.87,1.23,10.0,OK
2026-05-01 02:09:21,6007,0.2266,0.0,0.08,14.0,16.25,0.0,-25.21,-2.63,1.76,10.0,OK
2026-05-01 02:09:21,6008,0.2041,0.0222,0.08,14.0,16.02,0.033,-26.28,-1.95,1.75,10.0,OK
2026-05-01 02:09:21,6009,0.1971,0.0222,0.08,14.0,15.98,0.067,-26.99,-3.57,1.72,10.0,OK
2026-05-01 02:09:21,6010,0.2,0.0227,0.08,14.0,15.95,0.1,-26.92,-2.99,1.76,10.0,OK
2026-05-01 02:09:21,6011,0.2079,0.0227,0.08,14.0,15.86,0.133,-27.76,-0.89,1.67,10.0,OK
2026-05-01 02:09:21,6012,0.2298,0.0,0.08,15.0,15.39,0.0,-28.22,-1.0,1.41,10.0,OK
2026-05-01 02:09:21,6013,0.211,0.0222,0.08,14.0,15.14,0.033,-27.48,-1.68,1.45,10.0,OK
2026-05-01 02:09:21,6014,0.2371,0.0,0.08,14.0,14.72,0.0,-27.05,-2.12,1.25,10.0,OK
2026-05-01 02:09:21,6015,0.2067,0.0227,0.08,14.0,14.59,0.033,-26.36,-1.92,1.02,10.0,OK
2026-05-01 02:09:21,6016,0.2124,0.0222,0.08,14.0,14.43,0.067,-28.29,-2.46,1.76,10.0,OK
2026-05-01 02:09:21,6017,0.2127,0.0222,0.08,14.0,14.34,0.1,-28.29,-2.46,1.76,10.0,OK
2026-05-01 02:09:21,6018,0.2028,0.0,0.08,14.0,14.84,0.133,-28.75,-2.47,1.25,10.0,OK
2026-05-01 02:09:21,6019,0.2168,0.0222,0.08,14.0,14.77,0.167,-27.91,-3.21,1.38,10.0,OK
2026-05-01 02:09:21,6020,0.2023,0.0222,0.08,14.0,15.65,0.2,-28.32,-1.99,0.8,10.0,OK
2026-05-01 02:09:21,6021,0.1813,0.0,0.1267,14.0,18.74,0.233,-28.31,-2.07,1.42,10.0,OK
2026-05-01 02:09:21,6022,0.2225,0.0233,0.1267,15.0,18.25,0.0,-31.0,-1.74,0.42,10.0,OK
2026-05-01 02:09:21,6023,0.2019,0.0217,0.1267,14.0,18.12,0.033,-31.4,-1.45,0.9,10.0,OK
2026-05-01 02:09:21,6024,0.2036,0.0222,0.1267,14.0,18.02,0.067,-31.49,-2.53,1.31,10.0,OK
2026-05-01 02:09:21,6025,0.2009,0.0227,0.1267,14.0,18.05,0.1,-32.11,-0.9,1.26,10.0,OK
2026-05-01 02:09:21,6026,0.1791,0.0232,0.1267,14.0,19.7,0.133,-31.82,-1.55,1.04,10.0,OK
2026-05-01 02:09:21,6027,0.195,0.0,0.1267,14.0,20.01,0.167,-31.33,-2.06,1.3,10.0,OK
2026-05-01 02:09:21,6028,0.1904,0.0,0.1267,13.0,20.75,0.2,-31.86,-1.44,1.18,10.0,OK
2026-05-01 02:09:21,6029,0.2057,0.0,0.1733,13.0,22.13,0.233,-33.52,-2.48,0.05,10.0,OK
2026-05-01 02:09:22,6030,0.1976,0.0444,0.18,13.0,24.03,0.267,-33.2,-1.64,0.76,10.0,OK
2026-05-01 02:09:22,6031,0.1842,0.0222,0.1867,13.0,26.59,0.3,-33.37,-1.53,0.17,10.0,OK
2026-05-01 02:09:22,6032,0.2037,0.0222,0.1933,13.0,27.49,0.333,-32.75,-1.65,1.43,10.0,OK
2026-05-01 02:09:22,6033,0.2028,0.0217,0.2,13.0,28.61,0.367,-32.83,-2.69,1.15,10.0,OK
2026-05-01 02:09:22,6034,0.2014,0.0321,0.2067,12.0,29.91,0.4,-33.69,-2.24,0.29,10.0,OK
2026-05-01 02:09:22,6035,0.1995,0.0227,0.2133,12.0,31.35,0.433,-35.06,-2.59,0.14,10.0,OK
2026-05-01 02:09:22,6036,0.2034,0.0,0.22,12.0,32.52,0.467,-35.18,-2.01,-0.33,10.0,OK
2026-05-01 02:09:22,6037,0.2005,0.0465,0.2267,12.0,33.94,0.5,-33.74,-2.31,-0.47,10.0,OK
2026-05-01 02:09:22,6038,0.2034,0.0465,0.2333,12.0,35.16,0.533,-33.74,-2.31,-0.47,10.0,OK
2026-05-01 02:09:22,6039,0.1886,0.0227,0.24,12.0,37.37,0.567,-34.95,-1.51,-0.35,10.0,OK
2026-05-01 02:09:22,6040,0.2081,0.0227,0.2467,12.0,38.04,0.6,-35.42,-1.5,-0.36,10.0,OK
2026-05-01 02:09:22,6041,0.1809,0.0227,0.2533,12.0,40.7,0.633,-35.71,-2.29,-0.61,10.0,OK
2026-05-01 02:09:22,6042,0.2041,0.0233,0.26,12.0,41.42,0.667,-36.12,-1.74,-0.58,10.0,OK
2026-05-01 02:09:22,6043,0.1695,0.0233,0.2667,12.0,44.57,0.7,-34.13,-2.85,-0.5,10.0,OK
2026-05-01 02:09:22,6044,0.1695,0.0233,0.2733,12.0,47.1,0.733,-34.16,-2.52,-0.22,10.0,OK
2026-05-01 02:09:22,6045,0.1811,0.0,0.28,12.0,48.49,0.767,-34.64,-2.68,-1.22,10.0,OK
2026-05-01 02:09:22,6046,0.1811,0.0232,0.2867,12.0,49.86,0.8,-34.98,-2.37,-0.98,10.0,OK
2026-05-01 02:09:22,6047,0.1947,0.0,0.2933,12.0,50.37,0.833,-35.72,-2.17,-0.48,10.0,OK
2026-05-01 02:09:22,6048,0.2076,0.0,0.3,12.0,50.36,0.867,-34.66,-1.82,-0.75,10.0,OK
2026-05-01 02:09:22,6049,0.2047,0.0,0.3067,12.0,51.01,0.9,-34.66,-1.82,-0.75,10.0,OK
2026-05-01 02:09:22,6050,0.1895,0.0,0.3133,12.0,52.88,0.933,-34.71,-1.65,-1.0,10.0,OK
2026-05-01 02:09:22,6051,0.1839,0.0227,0.32,12.0,54.93,0.967,-34.08,-2.15,-0.89,10.0,OK
2026-05-01 02:09:22,6052,0.1878,0.0232,0.3267,12.0,56.49,1.0,-33.34,-2.87,-0.46,10.0,OK
2026-05-01 02:09:22,6053,0.1796,0.0227,0.3333,12.0,58.51,1.033,-34.19,-2.91,0.31,10.0,OK
2026-05-01 02:09:22,6054,0.1991,0.0222,0.34,12.0,59.06,1.067,-35.22,-1.49,-1.1,10.0,OK
2026-05-01 02:09:22,6055,0.1889,0.0222,0.3467,12.0,60.54,1.1,-34.72,-2.18,-1.32,10.0,OK
2026-05-01 02:09:22,6056,0.2004,0.0227,0.3533,12.0,61.25,1.133,-34.62,-1.24,-1.47,10.0,OK
2026-05-01 02:09:22,6057,0.2004,0.0227,0.36,12.0,62.19,1.167,-34.93,-1.19,-1.58,10.0,OK
2026-05-01 02:09:22,6058,0.1912,0.0,0.3667,12.0,63.86,1.2,-35.52,-1.38,-0.86,10.0,OK
2026-05-01 02:09:23,6059,0.171,0.0465,0.3733,12.0,66.72,1.233,-34.74,-1.35,-0.86,10.0,OK
2026-05-01 02:09:23,6060,0.171,0.0232,0.38,12.0,69.06,1.267,-34.73,-1.77,-0.59,10.0,OK
2026-05-01 02:09:23,6061,0.2032,0.0222,0.3867,12.0,69.04,1.3,-35.5,-2.5,-1.12,10.0,OK
2026-05-01 02:09:23,6062,0.2025,0.0227,0.3933,12.0,69.51,1.333,-35.66,-2.27,-1.48,10.0,OK
2026-05-01 02:09:23,6063,0.1985,0.0,0.4,12.0,70.55,1.367,-34.57,-0.74,-1.49,10.0,OK
2026-05-01 02:09:23,6064,0.2018,0.0,0.4067,12.0,71.26,1.4,-34.29,-1.28,-1.65,10.0,OK
2026-05-01 02:09:23,6065,0.1876,0.0,0.4133,12.0,72.88,1.433,-34.52,-2.25,-1.21,10.0,OK
2026-05-01 02:09:23,6066,0.193,0.0227,0.42,12.0,73.83,1.467,-34.56,-1.48,-1.21,10.0,OK
2026-05-01 02:09:23,6067,0.2075,0.0321,0.4267,12.0,73.81,1.5,-34.67,-2.78,-1.37,10.0,OK
2026-05-01 02:09:23,6068,0.2232,0.0321,0.4267,12.0,71.11,0.0,-36.58,-1.9,-0.97,10.0,OK
2026-05-01 02:09:23,6069,0.2028,0.0227,0.4267,12.0,68.91,0.033,-36.3,-1.9,-1.08,10.0,OK
2026-05-01 02:09:23,6070,0.1912,0.0222,0.4267,12.0,67.12,0.067,-35.06,-2.2,-1.37,10.0,OK
2026-05-01 02:09:23,6071,0.1858,0.0232,0.4267,12.0,65.61,0.1,-34.92,-2.32,-1.85,10.0,HIGH
2026-05-01 02:09:23,6072,0.2005,0.0,0.4267,12.0,64.05,0.133,-36.03,-1.74,-0.49,10.0,HIGH
2026-05-01 02:09:23,6073,0.2034,0.0,0.4267,12.0,62.64,0.167,-35.55,-1.76,-0.49,10.0,HIGH
2026-05-01 02:09:23,6074,0.2031,0.0217,0.4267,12.0,61.4,0.2,-35.18,-1.31,-1.62,10.0,HIGH
2026-05-01 02:09:23,6075,0.2081,0.0,0.4733,12.0,60.24,0.233,-35.04,-2.28,-0.84,10.0,HIGH
2026-05-01 02:09:23,6076,0.1836,0.0,0.48,12.0,59.59,0.267,-36.34,-3.22,-0.85,10.0,HIGH
2026-05-01 02:09:23,6077,0.2086,0.0227,0.4867,12.0,58.68,0.3,-35.22,-2.22,-1.59,10.0,HIGH
2026-05-01 02:09:23,6078,0.2056,0.0321,0.4933,12.0,57.95,0.333,-35.22,-2.22,-1.59,10.0,HIGH
2026-05-01 02:09:23,6079,0.2092,0.0321,0.5,12.0,57.27,0.367,-34.16,-2.94,-0.95,10.0,HIGH
2026-05-01 02:09:23,6080,0.2162,0.0227,0.5067,12.0,56.61,0.4,-34.17,-2.49,-1.23,10.0,HIGH
2026-05-01 02:09:23,6081,0.2022,0.0,0.5133,12.0,56.25,0.433,-35.11,-3.04,-1.61,10.0,HIGH
2026-05-01 02:09:23,6082,0.2022,0.0,0.52,12.0,55.99,0.467,-35.11,-3.04,-1.61,10.0,HIGH
2026-05-01 02:09:23,6083,0.202,0.0,0.5267,12.0,55.8,0.5,-33.83,-1.74,-1.36,10.0,HIGH
2026-05-01 02:09:23,6084,0.1991,0.0,0.5333,12.0,55.72,0.533,-35.51,-3.37,-1.83,10.0,HIGH
2026-05-01 02:09:23,6085,0.1908,0.0,0.54,12.0,56.2,0.567,-35.54,-1.85,-1.83,10.0,HIGH
2026-05-01 02:09:23,6086,0.198,0.0,0.5467,12.0,56.3,0.6,-35.0,-2.73,-1.46,10.0,HIGH
2026-05-01 02:09:23,6087,0.1987,0.0,0.5533,12.0,56.56,0.633,-34.49,-2.34,-1.83,10.0,HIGH
2026-05-01 02:09:23,6088,0.1991,0.0222,0.56,12.0,56.95,0.667,-35.59,-1.91,-1.72,10.0,HIGH
2026-05-01 02:09:24,6089,0.2061,0.0222,0.5667,12.0,57.0,0.7,-34.37,-1.27,-1.36,10.0,HIGH
2026-05-01 02:09:24,6090,0.1816,0.0227,0.5733,12.0,58.84,0.733,-34.05,-1.8,-1.33,10.0,HIGH
2026-05-01 02:09:24,6091,0.1983,0.0,0.58,12.0,59.22,0.767,-34.09,-1.55,-0.99,10.0,HIGH
2026-05-01 02:09:24,6092,0.1818,0.0227,0.5867,12.0,60.76,0.8,-33.84,-2.2,-1.36,10.0,HIGH
2026-05-01 02:09:24,6093,0.1818,0.0454,0.5933,12.0,62.01,0.833,-33.84,-2.2,-1.36,10.0,HIGH
2026-05-01 02:09:24,6094,0.1782,0.0227,0.6,12.0,63.3,0.867,-33.68,-2.25,-1.0,10.0,HIGH
2026-05-01 02:09:24,6095,0.1723,0.0238,0.6067,12.0,64.75,0.9,-32.99,-2.72,-2.19,10.0,HIGH
2026-05-01 02:09:24,6096,0.1947,0.0238,0.6133,12.0,64.7,0.933,-33.65,-1.72,-2.66,10.0,HIGH
2026-05-01 02:09:24,6097,0.1727,0.0232,0.62,12.0,66.13,0.967,-34.22,-1.46,-2.02,10.0,HIGH
2026-05-01 02:09:24,6098,0.1727,0.0,0.6267,12.0,67.3,1.0,-34.17,-2.24,-2.03,10.0,HIGH
2026-05-01 02:09:24,6099,0.1928,0.0232,0.6333,12.0,67.24,1.033,-34.54,-1.44,-2.76,10.0,HIGH
2026-05-01 02:09:24,6100,0.1779,0.0227,0.64,12.0,68.18,1.067,-34.59,-1.57,-1.89,10.0,HIGH
2026-05-01 02:09:24,6101,0.1822,0.0321,0.6467,12.0,68.77,1.1,-34.5,-1.86,-3.04,10.0,HIGH
2026-05-01 02:09:24,6102,0.1729,0.0227,0.6533,12.0,69.99,1.133,-34.5,-0.89,-3.38,10.0,HIGH
2026-05-01 02:09:24,6103,0.1892,0.0519,0.66,12.0,69.98,1.167,-35.64,-2.01,-3.35,10.0,HIGH
2026-05-01 02:09:24,6104,0.1888,0.0454,0.6667,12.0,70.25,1.2,-35.98,-1.6,-3.83,10.0,HIGH
2026-05-01 02:09:24,6105,0.1928,0.0238,0.6733,12.0,70.41,1.233,-34.92,-1.32,-2.65,10.0,HIGH
2026-05-01 02:09:24,6106,0.1924,0.0227,0.68,12.0,70.79,1.267,-35.04,-2.11,-3.04,10.0,HIGH
2026-05-01 02:09:24,6107,0.1924,0.0232,0.6867,12.0,71.28,1.3,-35.94,-1.92,-3.28,10.0,HIGH
2026-05-01 02:09:24,6108,0.1924,0.0227,0.6933,12.0,71.84,1.333,-35.48,-2.04,-3.02,10.0,HIGH
2026-05-01 02:09:24,6109,0.1917,0.0,0.7,12.0,72.5,1.367,-34.56,-2.42,-2.66,10.0,HIGH
2026-05-01 02:09:24,6110,0.1913,0.0,0.7067,12.0,73.2,1.4,-36.26,-2.02,-3.89,10.0,HIGH
2026-05-01 02:09:24,6111,0.182,0.0232,0.7133,12.0,74.49,1.433,-36.08,-2.35,-3.61,10.0,HIGH
2026-05-01 02:09:24,6112,0.1824,0.0238,0.72,12.0,75.55,1.467,-35.45,-2.18,-2.78,10.0,HIGH
2026-05-01 02:09:24,6113,0.1991,0.0232,0.7267,12.0,75.52,1.5,-35.59,-2.59,-2.11,10.0,HIGH
2026-05-01 02:09:24,6114,0.1793,0.0227,0.7333,12.0,76.9,1.533,-35.9,-2.81,-1.75,10.0,HIGH
2026-05-01 02:09:24,6115,0.1951,0.0329,0.74,12.0,77.04,1.567,-36.27,-3.24,-2.37,10.0,HIGH
2026-05-01 02:09:24,6116,0.1845,0.0232,0.7467,12.0,78.05,1.6,-36.59,-2.72,-2.38,10.0,HIGH
2026-05-01 02:09:24,6117,0.1752,0.0,0.7533,12.0,79.55,1.633,-35.02,-0.34,-1.89,10.0,HIGH
2026-05-01 02:09:24,6118,0.1732,0.0,0.76,12.0,80.89,1.667,-34.53,-0.73,-1.51,10.0,HIGH
2026-05-01 02:09:25,6119,0.1888,0.0222,0.7667,12.0,81.02,1.7,-35.92,-1.82,-2.62,10.0,HIGH
2026-05-01 02:09:25,6120,0.193,0.0,0.7733,12.0,81.07,1.733,-34.58,-1.74,-1.74,10.0,HIGH
2026-05-01 02:09:25,6121,0.1826,0.0329,0.78,12.0,82.02,1.767,-34.61,-2.14,-1.36,10.0,HIGH
2026-05-01 02:09:25,6122,0.1885,0.0227,0.7867,12.0,82.5,1.8,-36.7,-2.6,-1.47,10.0,HIGH
2026-05-01 02:09:25,6123,0.1888,0.0222,0.7933,12.0,83.04,1.833,-37.16,-2.59,-1.48,10.0,HIGH
2026-05-01 02:09:25,6124,0.183,0.0,0.8,12.0,84.01,1.867,-34.72,-1.71,-1.74,10.0,HIGH
2026-05-01 02:09:25,6125,0.192,0.0,0.8067,12.0,84.31,1.9,-34.63,-2.14,-1.37,10.0,HIGH
2026-05-01 02:09:25,6126,0.1752,0.0244,0.8133,12.0,85.82,1.933,-34.46,-3.21,-2.37,10.0,HIGH
2026-05-01 02:09:25,6127,0.1756,0.0336,0.82,12.0,87.02,1.967,-34.51,-1.87,-2.92,10.0,HIGH
2026-05-01 02:09:25,6128,0.1727,0.0227,0.8267,12.0,88.24,2.0,-35.85,-1.8,-2.2,10.0,HIGH
2026-05-01 02:09:25,6129,0.1822,0.0222,0.8333,12.0,88.42,2.033,-35.78,-1.64,-1.72,10.0,HIGH
2026-05-01 02:09:25,6130,0.1877,0.0244,0.84,12.0,88.36,2.067,-34.23,-2.82,-3.15,10.0,HIGH
2026-05-01 02:09:25,6131,0.1996,0.0476,0.8467,12.0,88.14,2.1,-34.37,-3.31,-1.7,10.0,HIGH
2026-05-01 02:09:25,6132,0.196,0.0337,0.8533,12.0,87.99,2.133,-33.54,-3.6,-1.22,10.0,HIGH
2026-05-01 02:09:25,6133,0.1689,0.0337,0.86,12.0,89.11,2.167,-34.43,-2.27,-2.6,10.0,HIGH
2026-05-01 02:09:25,6134,0.1645,0.0227,0.8667,12.0,90.11,2.2,-33.51,-2.23,-2.5,10.0,HIGH
2026-05-01 02:09:25,6135,0.185,0.0,0.8733,12.0,89.96,2.233,-33.35,-2.47,-0.96,10.0,HIGH
2026-05-01 02:09:25,6136,0.1712,0.0238,0.8733,12.0,90.24,2.267,-32.57,-1.8,-1.11,10.0,HIGH
2026-05-01 02:09:25,6137,0.1906,0.0233,0.8733,12.0,90.0,2.3,-32.16,-2.82,0.13,10.0,HIGH
2026-05-01 02:09:25,6138,0.2005,0.0,0.8733,12.0,89.63,2.333,-32.68,-3.26,-0.13,10.0,HIGH
2026-05-01 02:09:25,6139,0.2035,0.0227,0.8733,12.0,89.25,2.367,-29.75,-2.57,-2.04,10.0,HIGH
2026-05-01 02:09:25,6140,0.1965,0.0454,0.8733,12.0,89.0,2.4,-31.29,-1.73,-2.01,10.0,CRITICAL
2026-05-01 02:09:25,6141,0.2161,0.0232,0.8333,12.0,88.49,2.433,-26.64,-4.86,-0.49,10.0,CRITICAL
2026-05-01 02:09:25,6142,0.2182,0.0488,0.84,12.0,87.98,2.467,-20.27,-3.9,-0.71,10.0,CRITICAL
2026-05-01 02:09:25,6143,0.2518,0.0244,0.84,12.0,84.15,0.0,-20.96,-4.61,-0.7,10.0,CRITICAL
2026-05-01 02:09:25,6144,0.1795,0.0545,0.84,12.0,81.25,0.033,-13.35,-5.8,-0.84,10.0,CRITICAL
2026-05-01 02:09:25,6145,0.2184,0.0,0.84,12.0,78.07,0.067,-13.1,-4.01,-0.59,10.0,CRITICAL
2026-05-01 02:09:25,6146,0.2087,0.0476,0.84,12.0,75.35,0.1,-11.73,-7.58,-0.83,10.0,CRITICAL
2026-05-01 02:09:25,6147,0.2467,0.0238,0.84,13.0,72.52,0.0,-11.58,-4.94,-1.29,10.0,CRITICAL
2026-05-01 02:09:25,6148,0.2167,0.0232,0.84,13.0,70.01,0.033,-10.05,-5.93,-0.97,10.0,CRITICAL
2026-05-01 02:09:25,6149,0.2286,0.0222,0.84,13.0,67.61,0.0,-9.86,-2.67,-1.54,10.0,CRITICAL
2026-05-01 02:09:26,6150,0.2383,0.0222,0.84,13.0,65.4,0.0,-6.89,-5.78,-0.95,10.0,CRITICAL
2026-05-01 02:09:26,6151,0.2302,0.0222,0.84,13.0,63.37,0.0,-4.72,-2.6,-0.8,10.0,CRITICAL
2026-05-01 02:09:26,6152,0.2561,0.0232,0.84,13.0,61.5,0.0,-5.45,-0.76,-1.5,10.0,CRITICAL
2026-05-01 02:09:26,6153,0.2528,0.0208,0.84,13.0,59.78,0.0,10.64,-9.22,-1.43,10.0,CRITICAL
2026-05-01 02:09:26,6154,0.2732,0.0,0.84,13.0,58.2,0.0,10.02,-5.67,-1.24,10.0,CRITICAL
2026-05-01 02:09:26,6155,0.2562,0.0217,0.84,13.0,56.74,0.0,11.31,-8.02,-2.39,10.0,CRITICAL
2026-05-01 02:09:26,6156,0.2608,0.0217,0.84,13.0,55.4,0.0,11.19,-5.43,-1.73,10.0,CRITICAL
2026-05-01 02:09:26,6157,0.2862,0.0217,0.84,13.0,54.17,0.0,11.2,-4.44,-1.56,10.0,CRITICAL
2026-05-01 02:09:26,6158,0.2728,0.0307,0.84,13.0,53.04,0.0,11.45,-5.95,-1.87,10.0,CRITICAL
2026-05-01 02:09:26,6159,0.2745,0.0,0.84,13.0,51.99,0.0,11.55,-6.46,-1.86,10.0,CRITICAL
2026-05-01 02:09:26,6160,0.2645,0.0213,0.84,13.0,51.03,0.0,11.23,-7.48,-0.42,10.0,CRITICAL
2026-05-01 02:09:26,6161,0.258,0.0217,0.84,13.0,50.15,0.0,10.85,-6.66,-0.42,10.0,CRITICAL
2026-05-01 02:09:26,6162,0.2518,0.0,0.84,13.0,49.34,0.0,13.72,-7.01,-1.49,10.0,CRITICAL
2026-05-01 02:09:26,6163,0.252,0.0217,0.84,13.0,48.59,0.0,11.87,-7.05,-1.45,10.0,CRITICAL
2026-05-01 02:09:26,6164,0.2392,0.0307,0.84,13.0,47.91,0.0,11.96,-5.17,-0.27,10.0,CRITICAL
2026-05-01 02:09:26,6165,0.251,0.0222,0.7933,13.0,47.27,0.0,10.8,-7.42,-0.79,10.0,CRITICAL
2026-05-01 02:09:26,6166,0.2577,0.0307,0.7933,13.0,46.69,0.0,17.14,-7.4,-1.31,10.0,CRITICAL
2026-05-01 02:09:26,6167,0.2592,0.0217,0.7933,13.0,46.16,0.0,15.5,-5.86,-0.93,10.0,CRITICAL
2026-05-01 02:09:26,6168,0.2763,0.0213,0.7933,13.0,45.66,0.0,15.73,-5.41,-0.66,10.0,CRITICAL
2026-05-01 02:09:26,6169,0.2537,0.0213,0.7933,13.0,45.21,0.0,13.53,-6.74,-1.09,10.0,CRITICAL
2026-05-01 02:09:26,6170,0.2412,0.0208,0.7933,13.0,44.79,0.0,15.96,-7.62,-1.15,10.0,CRITICAL
2026-05-01 02:09:26,6171,0.2544,0.0208,0.7933,13.0,44.41,0.0,15.69,-7.64,-0.98,10.0,CRITICAL
2026-05-01 02:09:26,6172,0.2585,0.0213,0.7933,13.0,44.06,0.0,16.53,-6.24,-1.0,10.0,CRITICAL
2026-05-01 02:09:26,6173,0.2577,0.0307,0.7867,13.0,43.73,0.0,15.61,-7.49,-1.24,10.0,CRITICAL
2026-05-01 02:09:26,6174,0.2562,0.0301,0.78,13.0,43.43,0.0,13.09,-9.7,-1.09,10.0,CRITICAL
2026-05-01 02:09:26,6175,0.258,0.0217,0.7733,13.0,43.16,0.0,13.15,-9.4,-0.93,10.0,CRITICAL
2026-05-01 02:09:26,6176,0.2825,0.0217,0.7667,13.0,42.91,0.0,16.43,-9.84,-1.44,10.0,CRITICAL
2026-05-01 02:09:27,6177,0.2539,0.0217,0.76,13.0,42.67,0.0,16.11,-7.41,-1.27,10.0,CRITICAL
2026-05-01 02:09:27,6178,0.2537,0.0222,0.7533,13.0,42.46,0.0,15.46,-6.86,-1.21,10.0,CRITICAL
2026-05-01 02:09:27,6179,0.2648,0.0314,0.7467,13.0,42.26,0.0,18.2,-6.98,-1.48,10.0,CRITICAL
2026-05-01 02:09:27,6180,0.2502,0.0314,0.74,13.0,42.08,0.0,18.14,-8.71,-1.22,10.0,CRITICAL
2026-05-01 02:09:27,6181,0.2673,0.0208,0.7333,13.0,41.92,0.0,14.62,-7.03,-1.72,10.0,CRITICAL
2026-05-01 02:09:27,6182,0.2714,0.0213,0.7267,13.0,41.76,0.0,12.79,-8.94,-1.59,10.0,CRITICAL
2026-05-01 02:09:27,6183,0.2524,0.0217,0.72,13.0,41.62,0.0,16.34,-8.52,-1.87,10.0,CRITICAL
2026-05-01 02:09:27,6184,0.2376,0.0217,0.7133,13.0,41.49,0.0,15.56,-10.81,-2.37,10.0,CRITICAL
2026-05-01 02:09:27,6185,0.2472,0.0222,0.7067,13.0,41.37,0.0,14.76,-9.31,-1.79,10.0,CRITICAL
2026-05-01 02:09:27,6186,0.225,0.0217,0.7,13.0,41.26,0.0,15.53,-9.6,-2.63,10.0,CRITICAL
2026-05-01 02:09:27,6187,0.2266,0.0217,0.6933,13.0,41.16,0.0,15.26,-9.86,-2.6,10.0,CRITICAL
2026-05-01 02:09:27,6188,0.2413,0.0217,0.6867,13.0,41.07,0.0,13.38,-9.98,-2.16,10.0,CRITICAL
2026-05-01 02:09:27,6189,0.2469,0.0217,0.68,13.0,40.98,0.0,13.38,-9.98,-2.16,10.0,CRITICAL
2026-05-01 02:09:27,6190,0.2337,0.0213,0.6733,13.0,40.9,0.0,11.84,-10.8,-2.27,10.0,CRITICAL
2026-05-01 02:09:27,6191,0.2327,0.0217,0.6667,13.0,40.83,0.0,12.56,-9.16,-1.93,10.0,CRITICAL
2026-05-01 02:09:27,6192,0.2181,0.0222,0.66,13.0,40.86,0.033,13.63,-10.65,-2.97,10.0,CRITICAL
2026-05-01 02:09:27,6193,0.2373,0.0213,0.6533,13.0,40.79,0.0,16.45,-10.19,-2.2,10.0,CRITICAL
2026-05-01 02:09:27,6194,0.2208,0.0213,0.6467,13.0,40.73,0.0,16.3,-9.65,-2.05,10.0,CRITICAL
2026-05-01 02:09:27,6195,0.2267,0.0222,0.64,13.0,40.67,0.0,12.38,-10.62,-2.18,10.0,CRITICAL
2026-05-01 02:09:27,6196,0.2456,0.0222,0.6333,13.0,40.62,0.0,14.49,-10.6,-2.73,10.0,CRITICAL
2026-05-01 02:09:27,6197,0.218,0.0307,0.6267,13.0,40.72,0.033,14.43,-12.06,-2.88,10.0,CRITICAL
2026-05-01 02:09:27,6198,0.2313,0.0222,0.62,13.0,40.66,0.0,12.2,-12.79,-2.66,10.0,CRITICAL
2026-05-01 02:09:27,6199,0.2662,0.0222,0.6133,13.0,40.61,0.0,13.95,-11.81,-2.69,10.0,CRITICAL
2026-05-01 02:09:27,6200,0.2628,0.0444,0.6067,13.0,40.56,0.0,16.03,-10.08,-2.61,10.0,CRITICAL
2026-05-01 02:09:27,6201,0.2679,0.0314,0.6,13.0,40.52,0.0,16.66,-8.82,-2.87,10.0,CRITICAL
2026-05-01 02:09:27,6202,0.266,0.0217,0.5933,13.0,40.48,0.0,12.32,-11.04,-2.2,10.0,CRITICAL
2026-05-01 02:09:27,6203,0.2829,0.0222,0.5867,13.0,40.44,0.0,13.27,-11.62,-2.41,10.0,CRITICAL
2026-05-01 02:09:27,6204,0.2875,0.0213,0.58,13.0,40.4,0.0,15.35,-11.11,-1.38,10.0,CRITICAL
2026-05-01 02:09:28,6205,0.2761,0.0213,0.5733,13.0,40.37,0.0,15.23,-10.05,-1.44,10.0,CRITICAL
2026-05-01 02:09:28,6206,0.2816,0.0,0.5667,13.0,40.34,0.0,14.49,-10.13,-2.3,10.0,CRITICAL
2026-05-01 02:09:28,6207,0.2814,0.0,0.56,13.0,40.31,0.0,14.33,-10.07,-2.1,10.0,CRITICAL
2026-05-01 02:09:28,6208,0.2669,0.0222,0.5533,12.0,40.29,0.0,13.42,-10.74,-1.84,10.0,CRITICAL
2026-05-01 02:09:28,6209,0.2719,0.0222,0.5467,12.0,40.27,0.0,13.42,-10.74,-1.84,10.0,CRITICAL
2026-05-01 02:09:28,6210,0.2603,0.0,0.54,12.0,40.24,0.0,20.21,-8.51,-2.02,10.0,CRITICAL
2026-05-01 02:09:28,6211,0.2714,0.0204,0.4933,12.0,40.22,0.0,17.31,-9.6,-1.84,10.0,CRITICAL
2026-05-01 02:09:28,6212,0.2717,0.0208,0.4933,12.0,40.21,0.0,18.16,-10.47,-2.13,10.0,CRITICAL
2026-05-01 02:09:28,6213,0.2673,0.0227,0.4933,12.0,40.19,0.0,13.99,-9.32,-2.05,10.0,CRITICAL
2026-05-01 02:09:28,6214,0.2793,0.0222,0.4933,12.0,40.17,0.0,14.78,-8.08,-1.66,10.0,CRITICAL
2026-05-01 02:09:28,6215,0.2889,0.0314,0.4933,12.0,40.16,0.0,18.77,-7.33,-1.95,10.0,CRITICAL
2026-05-01 02:09:28,6216,0.2804,0.0314,0.4933,12.0,40.15,0.0,16.74,-7.82,-1.92,10.0,CRITICAL
2026-05-01 02:09:28,6217,0.273,0.0217,0.4933,12.0,40.14,0.0,18.57,-8.42,-1.93,10.0,CRITICAL
2026-05-01 02:09:28,6218,0.2726,0.0222,0.4933,12.0,40.13,0.0,16.19,-8.53,-1.61,10.0,CRITICAL
2026-05-01 02:09:28,6219,0.2575,0.0314,0.4867,12.0,40.12,0.0,15.54,-8.15,-1.82,10.0,CRITICAL
2026-05-01 02:09:28,6220,0.2729,0.0217,0.48,12.0,40.11,0.0,15.32,-8.91,-2.39,10.0,CRITICAL
2026-05-01 02:09:28,6221,0.2629,0.0217,0.4733,12.0,40.1,0.0,16.55,-9.14,-2.0,10.0,LOW
2026-05-01 02:09:28,6222,0.2707,0.0208,0.4667,12.0,40.09,0.0,17.87,-8.51,-1.63,10.0,LOW
2026-05-01 02:09:28,6223,0.2629,0.0213,0.46,12.0,40.08,0.0,15.92,-7.89,-1.37,10.0,LOW
2026-05-01 02:09:28,6224,0.2631,0.0222,0.4533,12.0,40.08,0.0,14.42,-9.79,-1.36,10.0,LOW
2026-05-01 02:09:28,6225,0.2613,0.0213,0.4467,12.0,40.07,0.0,14.75,-8.91,-1.33,10.0,LOW
2026-05-01 02:09:28,6226,0.2632,0.0217,0.44,12.0,40.06,0.0,16.4,-10.35,-1.96,10.0,LOW
2026-05-01 02:09:28,6227,0.2629,0.0,0.4333,12.0,40.06,0.0,13.97,-8.96,-1.4,10.0,LOW
2026-05-01 02:09:28,6228,0.2808,0.0217,0.4267,12.0,40.05,0.0,20.57,-5.67,-2.17,10.0,LOW
2026-05-01 02:09:28,6229,0.2632,0.0208,0.42,12.0,40.05,0.0,19.95,-7.69,-1.96,10.0,LOW
2026-05-01 02:09:28,6230,0.2616,0.0208,0.4133,12.0,40.05,0.0,19.15,-8.02,-2.09,10.0,LOW
2026-05-01 02:09:28,6231,0.2746,0.0217,0.4067,12.0,40.04,0.0,16.35,-11.03,-2.49,10.0,LOW
2026-05-01 02:09:28,6232,0.2713,0.0222,0.4,12.0,40.04,0.0,14.76,-9.42,-1.71,10.0,LOW
2026-05-01 02:09:28,6233,0.2788,0.0217,0.3933,12.0,39.98,0.0,16.58,-9.37,-2.25,10.0,LOW
2026-05-01 02:09:28,6234,0.2773,0.0222,0.3867,12.0,39.88,0.0,16.08,-8.66,-1.77,10.0,LOW
2026-05-01 02:09:29,6235,0.2709,0.0213,0.38,12.0,39.73,0.0,19.5,-9.73,-1.79,10.0,LOW
2026-05-01 02:09:29,6236,0.2609,0.0217,0.3733,12.0,39.54,0.0,21.51,-9.38,-1.89,10.0,LOW
2026-05-01 02:09:29,6237,0.2484,0.0217,0.3667,12.0,39.31,0.0,17.18,-9.15,-1.84,10.0,LOW
2026-05-01 02:09:29,6238,0.2503,0.0465,0.36,12.0,39.04,0.0,15.47,-10.47,-2.38,10.0,LOW
2026-05-01 02:09:29,6239,0.2487,0.0454,0.3533,12.0,38.74,0.0,17.3,-10.87,-2.84,10.0,LOW
2026-05-01 02:09:29,6240,0.2657,0.0213,0.3467,12.0,38.42,0.0,21.51,-11.16,-1.81,10.0,LOW
2026-05-01 02:09:29,6241,0.2555,0.0,0.34,12.0,38.07,0.0,20.62,-11.0,-1.93,10.0,LOW
2026-05-01 02:09:29,6242,0.2535,0.0217,0.3333,12.0,37.69,0.0,15.85,-10.86,-1.38,10.0,LOW
2026-05-01 02:09:29,6243,0.2557,0.0217,0.3267,12.0,37.29,0.0,17.54,-10.79,-1.04,10.0,LOW
2026-05-01 02:09:29,6244,0.2449,0.0222,0.32,12.0,36.86,0.0,16.78,-11.52,-1.95,10.0,LOW
2026-05-01 02:09:29,6245,0.2367,0.0232,0.3133,12.0,36.42,0.0,16.24,-11.66,-2.18,10.0,LOW
2026-05-01 02:09:29,6246,0.2618,0.0222,0.3067,12.0,35.96,0.0,19.23,-9.05,-0.85,10.0,LOW
2026-05-01 02:09:29,6247,0.264,0.0,0.3,12.0,35.48,0.0,19.59,-9.39,-0.87,10.0,LOW
2026-05-01 02:09:29,6248,0.2605,0.0222,0.2933,12.0,34.99,0.0,15.36,-7.83,-0.08,10.0,LOW
2026-05-01 02:09:29,6249,0.2569,0.0227,0.2867,12.0,34.48,0.0,14.32,-11.73,-1.58,10.0,LOW
2026-05-01 02:09:29,6250,0.2454,0.0,0.28,12.0,33.97,0.0,15.63,-11.61,-1.56,10.0,LOW
2026-05-01 02:09:29,6251,0.2449,0.0222,0.2733,12.0,33.44,0.0,16.93,-9.82,-0.6,10.0,LOW
2026-05-01 02:09:29,6252,0.2491,0.0217,0.2667,12.0,32.89,0.0,16.05,-10.29,-1.48,10.0,LOW
2026-05-01 02:09:29,6253,0.2698,0.0,0.26,12.0,32.34,0.0,16.16,-7.48,-0.3,10.0,LOW
2026-05-01 02:09:29,6254,0.2681,0.0,0.2533,12.0,31.78,0.0,13.16,-9.44,-0.8,10.0,LOW
2026-05-01 02:09:29,6255,0.2706,0.0217,0.2467,12.0,31.21,0.0,15.44,-10.94,-0.75,10.0,LOW
2026-05-01 02:09:29,6256,0.304,0.0233,0.24,12.0,30.64,0.0,14.6,-10.18,-0.97,10.0,LOW
2026-05-01 02:09:29,6257,0.2977,0.0233,0.2333,12.0,30.05,0.0,14.68,-10.67,-0.6,10.0,LOW
2026-05-01 02:09:29,6258,0.2897,0.0222,0.2267,12.0,29.46,0.0,12.55,-10.52,-0.79,10.0,LOW
2026-05-01 02:09:29,6259,0.2681,0.0227,0.22,12.0,28.86,0.0,14.94,-13.07,-1.6,10.0,LOW
2026-05-01 02:09:29,6260,0.2821,0.0227,0.2133,12.0,28.26,0.0,16.09,-12.64,-1.77,10.0,LOW
2026-05-01 02:09:29,6261,0.2694,0.0227,0.2067,12.0,27.65,0.0,14.33,-9.68,-0.85,10.0,LOW
2026-05-01 02:09:29,6262,0.2611,0.0227,0.2,12.0,27.04,0.0,14.85,-10.4,-0.87,10.0,LOW
2026-05-01 02:09:30,6263,0.2724,0.0227,0.1933,12.0,26.42,0.0,16.8,-11.88,-1.78,10.0,LOW
2026-05-01 02:09:30,6264,0.1949,0.0,0.1867,12.0,26.21,0.033,15.98,-11.88,-1.97,10.0,LOW
2026-05-01 02:09:30,6265,0.1995,0.0,0.18,12.0,25.96,0.067,15.45,-12.0,-2.23,10.0,LOW
2026-05-01 02:09:30,6266,0.2152,0.0465,0.1733,12.0,25.49,0.1,11.45,-11.0,-1.76,10.0,LOW
2026-05-01 02:09:30,6267,0.2105,0.0232,0.1667,12.0,25.14,0.133,13.41,-10.63,-2.05,10.0,LOW
2026-05-01 02:09:30,6268,0.2117,0.0213,0.16,12.0,24.8,0.167,14.33,-12.0,-1.06,10.0,LOW
2026-05-01 02:09:30,6269,0.2252,0.0217,0.1533,13.0,24.04,0.0,13.05,-11.34,-1.07,10.0,LOW
2026-05-01 02:09:30,6270,0.183,0.0227,0.1467,13.0,23.87,0.033,12.4,-10.19,-0.76,10.0,LOW
2026-05-01 02:09:30,6271,0.2115,0.0,0.14,13.0,23.31,0.067,13.35,-11.16,-1.01,10.0,LOW
2026-05-01 02:09:30,6272,0.2075,0.0227,0.1333,13.0,22.85,0.1,13.96,-10.6,-0.51,10.0,LOW
2026-05-01 02:09:30,6273,0.193,0.0465,0.1267,13.0,22.64,0.133,11.37,-11.42,-1.02,10.0,LOW
2026-05-01 02:09:30,6274,0.1951,0.0454,0.12,13.0,22.42,0.167,11.95,-11.61,-0.8,10.0,LOW
2026-05-01 02:09:30,6275,0.2154,0.0227,0.1133,13.0,21.93,0.2,14.21,-10.6,-1.09,10.0,LOW
2026-05-01 02:09:30,6276,0.2226,0.0222,0.1067,13.0,21.03,0.0,14.66,-10.92,-1.28,10.0,LOW
2026-05-01 02:09:30,6277,0.2386,0.0227,0.1,13.0,20.14,0.0,13.56,-12.27,-0.83,10.0,LOW
2026-05-01 02:09:30,6278,0.2456,0.0233,0.0933,13.0,19.33,0.0,12.88,-12.12,-0.94,10.0,LOW
2026-05-01 02:09:30,6279,0.2874,0.0227,0.0867,13.0,18.59,0.0,14.21,-11.14,-0.49,10.0,LOW
2026-05-01 02:09:30,6280,0.2785,0.0314,0.08,13.0,17.9,0.0,15.74,-12.64,-1.14,10.0,LOW
2026-05-01 02:09:30,6281,0.27,0.0307,0.0733,13.0,17.27,0.0,13.86,-12.8,-0.91,10.0,LOW
2026-05-01 02:09:30,6282,0.2675,0.0213,0.0667,13.0,16.69,0.0,15.26,-12.07,-0.67,10.0,LOW
2026-05-01 02:09:30,6283,0.2707,0.0217,0.06,13.0,16.15,0.0,16.53,-11.62,-0.84,10.0,LOW
2026-05-01 02:09:30,6284,0.2629,0.0217,0.0533,13.0,15.66,0.0,14.61,-10.41,-0.67,10.0,LOW
2026-05-01 02:09:30,6285,0.2693,0.0217,0.0467,13.0,15.21,0.0,14.38,-10.62,-0.69,10.0,LOW
2026-05-01 02:09:30,6286,0.2946,0.0314,0.0,13.0,14.79,0.0,14.7,-10.4,-0.68,10.0,LOW
2026-05-01 02:09:30,6287,0.2946,0.0222,0.0,13.0,14.41,0.0,14.31,-12.04,-0.87,10.0,LOW
2026-05-01 02:09:30,6288,0.2481,0.0217,0.0,13.0,14.05,0.0,12.97,-10.4,-0.24,10.0,LOW
2026-05-01 02:09:30,6289,0.2583,0.0213,0.0,13.0,13.73,0.0,13.27,-10.46,-0.08,10.0,LOW
2026-05-01 02:09:30,6290,0.246,0.0444,0.0,13.0,13.43,0.0,16.76,-11.83,-0.9,10.0,LOW
2026-05-01 02:09:30,6291,0.2369,0.0444,0.0,13.0,13.16,0.0,14.79,-11.52,-0.86,10.0,LOW
2026-05-01 02:09:31,6292,0.2631,0.0217,0.0,13.0,12.9,0.0,11.51,-11.42,-0.29,10.0,LOW
2026-05-01 02:09:31,6293,0.277,0.0444,0.0,13.0,12.67,0.0,13.6,-10.92,-0.35,10.0,LOW
2026-05-01 02:09:31,6294,0.2694,0.0435,0.0,13.0,12.46,0.0,13.52,-11.12,-0.64,10.0,LOW
2026-05-01 02:09:31,6295,0.2792,0.0227,0.0,13.0,12.26,0.0,14.65,-11.06,-1.59,10.0,LOW
2026-05-01 02:09:31,6296,0.2874,0.0227,0.0,13.0,12.08,0.0,13.68,-10.49,-1.41,10.0,LOW
2026-05-01 02:09:31,6297,0.2734,0.0217,0.0,13.0,11.91,0.0,15.36,-11.8,-0.49,10.0,LOW
2026-05-01 02:09:31,6298,0.2711,0.0307,0.0,13.0,11.76,0.0,13.49,-11.66,-0.45,10.0,LOW
2026-05-01 02:09:31,6299,0.271,0.0217,0.0,13.0,11.62,0.0,16.87,-9.66,-0.57,10.0,LOW
2026-05-01 02:09:31,6300,0.2697,0.0213,0.0,13.0,11.49,0.0,16.87,-9.66,-0.57,10.0,LOW
2026-05-01 02:09:31,6301,0.2831,0.0,0.0,13.0,11.37,0.0,17.21,-8.56,0.38,10.0,LOW
2026-05-01 02:09:31,6302,0.2759,0.0,0.0,13.0,11.26,0.0,16.16,-10.4,-0.0,10.0,LOW
2026-05-01 02:09:31,6303,0.2768,0.0,0.0,13.0,11.16,0.0,14.89,-11.06,0.35,10.0,LOW
2026-05-01 02:09:31,6304,0.2459,0.0222,0.0,13.0,11.07,0.0,17.26,-9.62,-0.47,10.0,LOW
2026-05-01 02:09:31,6305,0.2387,0.0222,0.0,13.0,10.98,0.0,16.83,-9.5,-0.41,10.0,LOW
2026-05-01 02:09:31,6306,0.248,0.0222,0.0,13.0,10.9,0.0,13.97,-8.51,0.32,10.0,LOW
2026-05-01 02:09:31,6307,0.2539,0.0222,0.0,13.0,10.83,0.0,13.25,-8.73,-0.22,10.0,LOW
2026-05-01 02:09:31,6308,0.2471,0.0307,0.0,13.0,10.76,0.0,17.11,-8.52,-0.78,10.0,LOW
2026-05-01 02:09:31,6309,0.2722,0.0227,0.0,13.0,10.7,0.0,15.79,-11.76,-1.27,10.0,LOW
2026-05-01 02:09:31,6310,0.2601,0.0227,0.0,13.0,10.65,0.0,14.45,-10.33,-0.9,10.0,LOW
2026-05-01 02:09:31,6311,0.2659,0.0227,0.0,13.0,10.6,0.0,13.72,-11.99,-1.28,10.0,LOW
2026-05-01 02:09:31,6312,0.2611,0.0222,0.0,13.0,10.55,0.0,14.92,-10.07,-0.66,10.0,OK
2026-05-01 02:09:31,6313,0.281,0.0217,0.0,13.0,10.5,0.0,15.17,-11.33,-0.8,10.0,OK
2026-05-01 02:09:31,6314,0.2726,0.0217,0.0,13.0,10.46,0.0,14.97,-11.0,-0.8,10.0,OK
2026-05-01 02:09:31,6315,0.2617,0.0222,0.0,13.0,10.43,0.0,13.55,-13.35,-0.49,10.0,OK
2026-05-01 02:09:31,6316,0.2486,0.0217,0.0,13.0,10.39,0.0,15.08,-11.46,0.35,10.0,OK
2026-05-01 02:09:31,6317,0.2673,0.0227,0.0,13.0,10.36,0.0,17.37,-12.48,-0.67,10.0,OK
2026-05-01 02:09:31,6318,0.2445,0.0222,0.0,13.0,10.33,0.0,14.36,-9.71,0.78,10.0,OK
2026-05-01 02:09:31,6319,0.2597,0.0,0.0,13.0,10.31,0.0,16.98,-11.61,0.07,10.0,OK
2026-05-01 02:09:31,6320,0.2658,0.0233,0.0,13.0,10.28,0.0,14.78,-12.67,0.06,10.0,OK
2026-05-01 02:09:31,6321,0.246,0.0227,0.0,13.0,10.26,0.0,12.34,-12.91,-0.12,10.0,OK
2026-05-01 02:09:32,6322,0.2579,0.0217,0.0,13.0,10.24,0.0,14.52,-10.55,0.17,10.0,OK
2026-05-01 02:09:32,6323,0.2264,0.0217,0.0,13.0,10.22,0.0,13.86,-12.2,0.08,10.0,OK
2026-05-01 02:09:32,6324,0.2571,0.0,0.0,13.0,10.2,0.0,16.21,-12.32,-0.43,10.0,OK
2026-05-01 02:09:32,6325,0.2449,0.0,0.0,13.0,10.19,0.0,14.09,-10.61,-0.15,10.0,OK
2026-05-01 02:09:32,6326,0.2421,0.0222,0.0,13.0,10.17,0.0,18.3,-11.87,-0.42,10.0,OK
2026-05-01 02:09:32,6327,0.2421,0.0222,0.0,13.0,10.16,0.0,17.71,-12.51,-0.58,10.0,OK
2026-05-01 02:09:32,6328,0.2264,0.0435,0.0,13.0,10.14,0.0,14.99,-10.56,-0.19,10.0,OK
2026-05-01 02:09:32,6329,0.2658,0.0,0.0,13.0,10.13,0.0,16.04,-8.58,-0.54,10.0,OK
2026-05-01 02:09:32,6330,0.2368,0.0,0.0,13.0,10.12,0.0,17.42,-10.65,-0.98,10.0,OK
2026-05-01 02:09:32,6331,0.2549,0.0222,0.0,13.0,10.11,0.0,15.23,-10.29,-0.56,10.0,OK
2026-05-01 02:09:32,6332,0.2577,0.0222,0.0,13.0,10.1,0.0,14.48,-10.15,-0.9,10.0,OK
2026-05-01 02:09:32,6333,0.2126,0.0227,0.0,13.0,10.73,0.033,14.86,-7.79,-0.24,10.0,OK
2026-05-01 02:09:32,6334,0.2219,0.0232,0.0,13.0,10.68,0.0,14.77,-8.16,-0.47,10.0,OK
2026-05-01 02:09:32,6335,0.226,0.0213,0.0,13.0,10.62,0.0,17.53,-10.76,-1.14,10.0,OK
2026-05-01 02:09:32,6336,0.1999,0.0444,0.0,13.0,11.88,0.033,14.02,-11.55,-1.18,10.0,OK
2026-05-01 02:09:32,6337,0.2204,0.0238,0.0,13.0,11.73,0.0,12.99,-8.77,-0.47,10.0,OK
2026-05-01 02:09:32,6338,0.2199,0.0227,0.0,13.0,11.6,0.0,15.73,-10.03,-0.65,10.0,OK
2026-05-01 02:09:32,6339,0.2585,0.0213,0.0,13.0,11.47,0.0,14.48,-9.26,-0.54,10.0,OK
2026-05-01 02:09:32,6340,0.2303,0.0222,0.0,13.0,11.35,0.0,17.53,-9.78,-0.85,10.0,OK
2026-05-01 02:09:32,6341,0.2307,0.0314,0.0,13.0,11.24,0.0,17.12,-9.3,-0.55,10.0,OK
2026-05-01 02:09:32,6342,0.2248,0.0217,0.0,13.0,11.14,0.0,13.35,-10.51,-0.21,10.0,OK
2026-05-01 02:09:32,6343,0.2469,0.0222,0.0,13.0,11.05,0.0,14.89,-10.15,-0.5,10.0,OK
2026-05-01 02:09:32,6344,0.2289,0.0217,0.0,13.0,10.97,0.0,13.94,-11.31,-0.96,10.0,OK
2026-05-01 02:09:32,6345,0.2371,0.0222,0.0,13.0,10.89,0.0,14.63,-11.66,-1.25,10.0,OK
2026-05-01 02:09:32,6346,0.2448,0.0222,0.0,13.0,10.82,0.0,16.41,-11.65,-0.74,10.0,OK
2026-05-01 02:09:32,6347,0.2389,0.0222,0.0,13.0,10.75,0.0,13.78,-10.67,-1.28,10.0,OK
2026-05-01 02:09:32,6348,0.2139,0.0227,0.0,13.0,11.07,0.033,13.82,-10.17,-0.92,10.0,OK
2026-05-01 02:09:32,6349,0.2477,0.0233,0.0,13.0,10.99,0.0,14.43,-9.2,-1.32,10.0,OK
2026-05-01 02:09:32,6350,0.2448,0.0227,0.0,13.0,10.91,0.0,15.11,-9.86,-1.4,10.0,OK
2026-05-01 02:09:32,6351,0.2413,0.0213,0.0,13.0,10.84,0.0,17.53,-11.59,-1.45,10.0,OK
2026-05-01 02:09:33,6352,0.2311,0.0222,0.0,13.0,10.77,0.0,15.66,-10.99,-0.94,10.0,OK
2026-05-01 02:09:33,6353,0.2291,0.0227,0.0,13.0,10.71,0.0,13.61,-11.92,-1.57,10.0,OK
2026-05-01 02:09:33,6354,0.2437,0.0238,0.0,13.0,10.65,0.0,11.74,-10.5,-1.69,10.0,OK
2026-05-01 02:09:33,6355,0.2365,0.0232,0.0,13.0,10.6,0.0,12.48,-11.53,-2.12,10.0,OK
2026-05-01 02:09:33,6356,0.2333,0.0222,0.0,13.0,10.55,0.0,13.77,-13.05,-1.16,10.0,OK
2026-05-01 02:09:33,6357,0.2268,0.0222,0.0,13.0,10.51,0.0,15.11,-11.78,-0.75,10.0,OK
2026-05-01 02:09:33,6358,0.2326,0.0,0.0,13.0,10.47,0.0,17.13,-10.14,-1.31,10.0,OK
2026-05-01 02:09:33,6359,0.2456,0.0,0.0,13.0,10.43,0.0,13.37,-9.93,-0.86,10.0,OK
2026-05-01 02:09:33,6360,0.2678,0.0,0.0,13.0,10.4,0.0,15.23,-12.14,-1.69,10.0,OK
2026-05-01 02:09:33,6361,0.2475,0.0227,0.0,13.0,10.36,0.0,14.67,-11.95,-1.9,10.0,OK
2026-05-01 02:09:33,6362,0.244,0.0222,0.0,13.0,10.33,0.0,12.07,-12.33,-1.17,10.0,OK
2026-05-01 02:09:33,6363,0.2357,0.0227,0.0,13.0,10.31,0.0,13.64,-11.73,-1.32,10.0,OK
2026-05-01 02:09:33,6364,0.2359,0.0238,0.0,13.0,10.28,0.0,15.42,-12.02,-2.01,9.98,OK
2026-05-01 02:09:33,6365,0.2415,0.0,0.0,13.0,10.26,0.0,14.02,-11.73,-1.27,9.95,OK
2026-05-01 02:09:33,6366,0.2259,0.0,0.0,13.0,10.23,0.0,14.94,-10.94,-0.65,9.9,OK
2026-05-01 02:09:33,6367,0.2408,0.0217,0.0,13.0,10.2,0.0,14.32,-9.13,0.44,9.83,OK
2026-05-01 02:09:33,6368,0.2286,0.0217,0.0,13.0,10.16,0.0,12.83,-9.99,-0.79,9.8,OK
2026-05-01 02:09:33,6369,0.2447,0.0232,0.0,13.0,10.13,0.0,17.18,-14.91,-1.88,9.74,OK
2026-05-01 02:09:33,6370,0.275,0.0,0.0,13.0,10.09,0.0,17.03,-13.35,-1.98,9.66,OK
2026-05-01 02:09:33,6371,0.2415,0.0345,0.0,13.0,10.05,0.0,13.65,-12.22,-0.98,9.56,OK
2026-05-01 02:09:33,6372,0.2535,0.025,0.0,13.0,10.0,0.0,14.44,-12.39,-0.82,9.45,OK
2026-05-01 02:09:33,6373,0.2986,0.0,0.0,13.0,9.94,0.0,17.51,-11.39,-2.73,9.28,OK
2026-05-01 02:09:33,6374,0.2655,0.0,0.0,13.0,9.88,0.0,19.93,-11.29,-1.94,9.13,OK
2026-05-01 02:09:33,6375,0.2602,0.0,0.0,13.0,9.81,0.0,16.1,-13.83,-2.1,8.97,OK
2026-05-01 02:09:33,6376,0.2673,0.0329,0.0,13.0,9.73,0.0,15.72,-12.76,-0.86,8.81,OK
2026-05-01 02:09:33,6377,0.2586,0.0232,0.0,13.0,9.64,0.0,16.15,-13.01,-1.42,8.64,OK
2026-05-01 02:09:33,6378,0.243,0.0238,0.0,13.0,9.54,0.0,17.29,-13.75,-1.48,8.46,OK
2026-05-01 02:09:33,6379,0.2456,0.0345,0.0,13.0,9.44,0.0,16.61,-15.59,-1.81,8.26,OK
2026-05-01 02:09:33,6380,0.2454,0.0314,0.0,13.0,9.33,0.0,14.95,-10.14,-0.35,8.05,OK
2026-05-01 02:09:33,6381,0.2306,0.0232,0.0,13.0,9.21,0.0,12.97,-10.16,-0.29,7.82,OK
2026-05-01 02:09:33,6382,0.2333,0.0,0.0,13.0,9.08,0.0,14.58,-12.4,-1.41,7.58,OK
2026-05-01 02:09:34,6383,0.2371,0.0329,0.0,13.0,8.94,0.0,13.85,-12.28,-1.51,7.33,OK
2026-05-01 02:09:34,6384,0.2542,0.0227,0.0,13.0,8.79,0.0,11.71,-12.19,-0.85,7.1,OK
2026-05-01 02:09:34,6385,0.2674,0.0217,0.0,13.0,8.64,0.0,15.16,-11.49,-0.52,6.88,OK
2026-05-01 02:09:34,6386,0.2644,0.0,0.0,13.0,8.48,0.0,12.13,-10.83,-0.07,6.65,OK
2026-05-01 02:09:34,6387,0.2723,0.0,0.0,13.0,8.31,0.0,13.72,-8.37,-0.31,6.41,OK
2026-05-01 02:09:34,6388,0.2613,0.0222,0.0,13.0,8.14,0.0,13.59,-10.44,-0.97,6.18,OK
2026-05-01 02:09:34,6389,0.2824,0.0454,0.0,13.0,7.97,0.0,14.77,-10.82,0.02,5.95,OK
2026-05-01 02:09:34,6390,0.2735,0.0233,0.0,13.0,7.79,0.0,12.74,-13.17,-0.55,5.7,OK
2026-05-01 02:09:34,6391,0.2935,0.0,0.0,13.0,7.6,0.0,13.16,-13.38,-1.36,5.46,OK
2026-05-01 02:09:34,6392,0.2786,0.0,0.0,13.0,7.41,0.0,12.33,-13.47,-1.24,5.21,OK
2026-05-01 02:09:34,6393,0.2734,0.0238,0.0,13.0,7.21,0.0,13.5,-13.06,-1.53,4.97,OK
2026-05-01 02:09:34,6394,0.2606,0.0238,0.0,13.0,7.02,0.0,13.23,-8.39,-1.42,4.73,OK
2026-05-01 02:09:34,6395,0.2624,0.0476,0.0,13.0,6.81,0.0,14.94,-7.63,-1.59,4.48,OK
2026-05-01 02:09:34,6396,0.2921,0.0,0.0,13.0,6.61,0.0,17.07,-10.92,-1.57,4.22,OK
2026-05-01 02:09:34,6397,0.2799,0.0227,0.0,13.0,6.39,0.0,16.5,-10.0,-1.26,3.96,OK
2026-05-01 02:09:34,6398,0.284,0.0301,0.0,13.0,6.18,0.0,13.02,-11.2,-1.08,3.7,OK
2026-05-01 02:09:34,6399,0.2658,0.0,0.0,13.0,5.96,0.0,13.05,-10.52,-1.05,3.44,OK
2026-05-01 02:09:34,6400,0.2531,0.0227,0.0,13.0,5.74,0.0,12.06,-10.57,-1.04,3.17,OK
2026-05-01 02:09:34,6401,0.2741,0.0307,0.0,13.0,5.51,0.0,12.96,-8.54,-0.61,2.91,OK
2026-05-01 02:09:34,6402,0.2817,0.0222,0.0,13.0,5.28,0.0,13.26,-9.26,-0.87,2.68,OK
2026-05-01 02:09:34,6403,0.2711,0.0222,0.0,13.0,5.06,0.0,14.33,-10.6,-1.43,2.47,OK
2026-05-01 02:09:34,6404,0.2741,0.0314,0.0,13.0,4.84,0.0,14.19,-10.48,-1.53,2.27,OK
2026-05-01 02:09:34,6405,0.2626,0.0213,0.0,13.0,4.62,0.0,13.75,-9.88,-0.68,2.09,OK
2026-05-01 02:09:34,6406,0.2614,0.0217,0.0,13.0,4.4,0.0,12.69,-10.99,-1.0,1.92,OK
2026-05-01 02:09:34,6407,0.2722,0.0222,0.0,13.0,4.19,0.0,15.27,-9.3,-1.16,1.77,OK
2026-05-01 02:09:34,6408,0.2796,0.0329,0.0,13.0,3.98,0.0,13.09,-9.93,-1.61,1.63,OK
2026-05-01 02:09:34,6409,0.2613,0.0321,0.0,13.0,3.79,0.0,11.71,-11.4,-0.63,1.5,OK
2026-05-01 02:09:34,6410,0.2739,0.0,0.0,13.0,3.59,0.0,11.97,-11.29,-1.19,1.38,OK
2026-05-01 02:09:34,6411,0.2657,0.0222,0.0,13.0,3.41,0.0,10.05,-12.73,-1.57,1.27,OK
2026-05-01 02:09:35,6412,0.2675,0.0444,0.0,13.0,3.23,0.0,9.83,-11.35,-1.08,1.16,OK
2026-05-01 02:09:35,6413,0.2556,0.0,0.0,13.0,3.05,0.0,13.09,-11.17,-0.84,1.07,OK
2026-05-01 02:09:35,6414,0.2642,0.0217,0.0,13.0,2.89,0.0,11.07,-10.92,-0.91,0.99,OK
2026-05-01 02:09:35,6415,0.2518,0.0217,0.0,13.0,2.73,0.0,12.53,-9.94,-1.03,0.91,OK
2026-05-01 02:09:35,6416,0.248,0.0222,0.0,13.0,2.58,0.0,9.68,-11.4,-1.04,0.83,OK
2026-05-01 02:09:35,6417,0.2453,0.0227,0.0,13.0,2.43,0.0,9.21,-10.85,-0.89,0.77,OK
2026-05-01 02:09:35,6418,0.2486,0.0208,0.0,13.0,2.3,0.0,15.4,-9.43,-0.42,0.71,OK
2026-05-01 02:09:35,6419,0.2618,0.0,0.0,13.0,2.16,0.0,15.2,-9.39,-0.74,0.65,OK
2026-05-01 02:09:35,6420,0.2688,0.0454,0.0,13.0,2.04,0.0,12.42,-11.24,-1.81,0.6,OK
2026-05-01 02:09:35,6421,0.2099,0.0222,0.0,13.0,2.36,0.033,13.61,-11.43,-2.08,0.55,OK
2026-05-01 02:09:35,6422,0.2271,0.0217,0.0,13.0,2.21,0.0,14.3,-11.48,-2.2,0.51,OK
2026-05-01 02:09:35,6423,0.2126,0.0508,0.0,13.0,2.27,0.033,10.66,-9.97,-1.78,0.47,OK
2026-05-01 02:09:35,6424,0.1987,0.0232,0.0,13.0,3.42,0.067,10.51,-10.92,-2.44,0.43,OK
2026-05-01 02:09:35,6425,0.2194,0.0227,0.0,14.0,3.18,0.0,10.89,-13.76,-1.81,0.39,OK
2026-05-01 02:09:35,6426,0.2286,0.052,0.0,14.0,2.96,0.0,9.59,-12.29,-1.54,0.36,OK
2026-05-01 02:09:35,6427,0.214,0.0232,0.0,14.0,2.88,0.033,14.09,-9.75,-1.47,0.33,OK
2026-05-01 02:09:35,6428,0.2186,0.0232,0.0,14.0,2.79,0.067,13.51,-10.74,-1.7,0.31,OK
2026-05-01 02:09:35,6429,0.215,0.0232,0.0,14.0,2.92,0.1,13.13,-10.95,-2.0,0.28,OK
2026-05-01 02:09:35,6430,0.2187,0.0222,0.0,14.0,3.0,0.133,10.18,-9.19,-0.91,0.26,OK
2026-05-01 02:09:35,6431,0.2269,0.0222,0.0,15.0,2.78,0.0,9.97,-11.33,-1.24,0.24,OK
2026-05-01 02:09:35,6432,0.2222,0.0222,0.0,15.0,2.58,0.0,13.45,-9.15,-1.55,0.22,OK
2026-05-01 02:09:35,6433,0.223,0.0314,0.0,15.0,2.39,0.0,13.72,-11.07,-1.81,0.2,OK
2026-05-01 02:09:35,6434,0.227,0.0217,0.0,15.0,2.21,0.0,12.81,-10.45,-1.74,0.19,OK
2026-05-01 02:09:35,6435,0.2181,0.0222,0.0,15.0,2.12,0.033,12.66,-11.3,-1.57,0.17,OK
2026-05-01 02:09:35,6436,0.2312,0.0,0.0,15.0,1.96,0.0,10.38,-10.52,-0.23,0.16,OK
2026-05-01 02:09:35,6437,0.2352,0.0232,0.0,15.0,1.82,0.0,-0.21,-4.66,-0.3,0.14,OK
2026-05-01 02:09:35,6438,0.2213,0.0227,0.0,15.0,1.68,0.0,10.62,-10.77,-1.86,0.13,OK
2026-05-01 02:09:35,6439,0.2287,0.0476,0.0,15.0,1.56,0.0,-2.3,-6.5,-0.74,0.12,OK
2026-05-01 02:09:35,6440,0.2174,0.0476,0.0,15.0,1.52,0.033,9.02,-9.89,-2.63,0.11,OK
2026-05-01 02:09:35,6441,0.2335,0.0217,0.0,15.0,1.41,0.0,10.98,-11.11,-1.79,0.1,OK
2026-05-01 02:09:36,6442,0.2305,0.0217,0.0,15.0,1.3,0.0,11.51,-9.23,-1.24,0.1,OK
2026-05-01 02:09:36,6443,0.2326,0.0227,0.0,15.0,1.21,0.0,9.76,-9.62,-1.15,0.09,OK
2026-05-01 02:09:36,6444,0.2351,0.0227,0.0,15.0,1.12,0.0,9.76,-9.62,-1.15,0.08,OK
2026-05-01 02:09:36,6445,0.2134,0.0222,0.0,15.0,1.37,0.033,9.9,-7.64,-1.33,0.07,OK
2026-05-01 02:09:36,6446,0.2134,0.0435,0.0,15.0,1.77,0.067,9.1,-10.49,-1.32,0.07,OK
2026-05-01 02:09:36,6447,0.2134,0.0227,0.0,15.0,2.28,0.1,12.18,-11.64,-1.7,0.06,OK
2026-05-01 02:09:36,6448,0.2174,0.0227,0.0,15.0,2.6,0.133,12.8,-10.57,-1.53,0.06,OK
2026-05-01 02:09:36,6449,0.2313,0.0227,0.0,16.0,2.39,0.0,10.49,-9.68,-1.57,0.05,OK
2026-05-01 02:09:36,6450,0.2086,0.0465,0.0,16.0,2.5,0.033,8.04,-9.35,-1.45,0.05,OK
2026-05-01 02:09:36,6451,0.2011,0.0465,0.0,16.0,3.28,0.067,7.72,-11.14,-1.54,0.05,OK
2026-05-01 02:09:36,6452,0.2139,0.0476,0.0,16.0,3.27,0.1,0.62,-7.46,0.47,0.04,OK
2026-05-01 02:09:36,6453,0.1973,0.0476,0.0,16.0,4.52,0.133,11.54,-11.74,-1.5,0.04,OK
2026-05-01 02:09:36,6454,0.2313,0.0217,0.0,17.0,4.16,0.0,12.9,-12.18,-1.75,0.04,OK
2026-05-01 02:09:36,6455,0.2242,0.0,0.0,17.0,3.83,0.0,13.31,-9.41,-0.39,0.03,OK
2026-05-01 02:09:36,6456,0.2046,0.0222,0.0,17.0,3.79,0.033,10.88,-11.44,-0.82,0.03,OK
2026-05-01 02:09:36,6457,0.2284,0.0222,0.0,17.0,3.49,0.0,11.71,-10.84,-1.12,0.03,OK
2026-05-01 02:09:36,6458,0.2679,0.0232,0.0,17.0,3.22,0.0,-2.37,-7.67,1.52,0.03,OK
2026-05-01 02:09:36,6459,0.2311,0.0227,0.0,17.0,2.96,0.0,9.12,-9.33,-1.22,0.02,OK
2026-05-01 02:09:36,6460,0.2439,0.0454,0.0,17.0,2.72,0.0,9.71,-9.34,-0.92,0.02,OK
2026-05-01 02:09:36,6461,0.2701,0.0,0.0,17.0,2.51,0.0,11.94,-11.16,-1.54,0.02,OK
2026-05-01 02:09:36,6462,0.2665,0.0,0.0,17.0,2.31,0.0,11.07,-10.84,-1.62,0.02,OK
2026-05-01 02:09:36,6463,0.2835,0.0232,0.0,17.0,2.13,0.0,13.41,-8.82,-1.8,0.02,OK
2026-05-01 02:09:36,6464,0.2699,0.0232,0.0,17.0,1.96,0.0,11.39,-11.13,-2.03,0.02,OK
2026-05-01 02:09:36,6465,0.2706,0.0227,0.0,17.0,1.8,0.0,13.05,-9.69,-0.7,0.01,OK
2026-05-01 02:09:36,6466,0.2811,0.0321,0.0,17.0,1.66,0.0,15.09,-8.46,-1.41,0.01,OK
2026-05-01 02:09:36,6467,0.2708,0.0227,0.0,17.0,1.53,0.0,13.25,-8.61,-1.38,0.01,OK
2026-05-01 02:09:36,6468,0.2704,0.0227,0.0,17.0,1.41,0.0,13.65,-11.0,-1.64,0.01,OK
2026-05-01 02:09:36,6469,0.2626,0.0222,0.0,17.0,1.29,0.0,12.75,-9.89,-1.61,0.01,OK
2026-05-01 02:09:36,6470,0.2466,0.0227,0.0,17.0,1.19,0.0,14.49,-7.55,-1.61,0.01,OK
2026-05-01 02:09:36,6471,0.2531,0.0227,0.0,17.0,1.1,0.0,12.22,-8.25,-1.73,0.01,OK
2026-05-01 02:09:37,6472,0.2802,0.0321,0.0,17.0,1.01,0.0,11.07,-10.15,-1.01,0.01,OK
2026-05-01 02:09:37,6473,0.2691,0.0238,0.0,17.0,0.93,0.0,10.04,-7.99,-0.88,0.01,OK
2026-05-01 02:09:37,6474,0.2494,0.0238,0.0,17.0,0.86,0.0,11.59,-10.57,-1.68,0.01,OK
2026-05-01 02:09:37,6475,0.2659,0.0238,0.0,17.0,0.79,0.0,-0.39,-9.14,1.02,0.01,OK
2026-05-01 02:09:37,6476,0.2567,0.0,0.0,17.0,0.72,0.0,-0.99,-7.47,0.37,0.01,OK
2026-05-01 02:09:37,6477,0.2434,0.0,0.0,17.0,0.67,0.0,0.26,-6.36,0.29,0.01,OK
2026-05-01 02:09:37,6478,0.2533,0.0222,0.0,17.0,0.61,0.0,12.99,-9.63,-2.07,0.0,OK
2026-05-01 02:09:37,6479,0.2368,0.0222,0.0,17.0,0.57,0.0,11.23,-10.38,-0.97,0.0,OK
2026-05-01 02:09:37,6480,0.2329,0.0329,0.0,17.0,0.52,0.0,9.5,-10.64,-1.49,0.0,OK
2026-05-01 02:09:37,6481,0.2469,0.0,0.0,17.0,0.48,0.0,10.44,-10.54,-0.37,0.0,OK
2026-05-01 02:09:37,6482,0.2659,0.0,0.0,17.0,0.44,0.0,11.95,-11.78,-0.61,0.0,OK
2026-05-01 02:09:37,6483,0.2494,0.0,0.0,17.0,0.41,0.0,11.32,-12.17,-0.72,0.0,OK
2026-05-01 02:09:37,6484,0.2091,0.0217,0.0,17.0,1.15,0.033,10.95,-11.56,-0.69,0.0,OK
2026-05-01 02:09:37,6485,0.2444,0.0314,0.0,17.0,1.06,0.0,8.16,-11.84,-0.68,0.0,OK
2026-05-01 02:09:37,6486,0.2333,0.0227,0.0,17.0,0.98,0.0,11.45,-14.42,-1.53,0.0,OK
2026-05-01 02:09:37,6487,0.2396,0.0329,0.0,17.0,0.9,0.0,-1.9,-7.75,1.53,0.0,OK
2026-05-01 02:09:37,6488,0.235,0.0227,0.0,17.0,0.83,0.0,8.75,-13.94,-0.81,0.0,OK
2026-05-01 02:09:37,6489,0.2267,0.0329,0.0,17.0,0.76,0.0,9.83,-12.56,-1.0,0.0,OK
2026-05-01 02:09:37,6490,0.232,0.0,0.0,17.0,0.7,0.0,13.11,-12.35,-0.13,0.0,OK
2026-05-01 02:09:37,6491,0.2307,0.0213,0.0,17.0,0.64,0.0,13.17,-10.39,-0.07,0.0,OK
2026-05-01 02:09:37,6492,0.264,0.0217,0.0,17.0,0.59,0.0,12.22,-9.54,-0.7,0.0,OK
2026-05-01 02:09:37,6493,0.2099,0.0227,0.0,17.0,1.22,0.033,10.21,-11.14,-0.81,0.0,OK
2026-05-01 02:09:37,6494,0.2275,0.0227,0.0,17.0,1.12,0.0,9.11,-11.67,-1.05,0.0,OK
2026-05-01 02:09:37,6495,0.2367,0.0227,0.0,17.0,1.03,0.0,9.11,-11.67,-1.05,0.0,OK
2026-05-01 02:09:37,6496,0.2473,0.0222,0.0,17.0,0.95,0.0,13.63,-10.63,-1.13,0.0,OK
2026-05-01 02:09:37,6497,0.2187,0.0,0.0,17.0,0.94,0.033,12.85,-9.99,-1.7,0.0,OK
2026-05-01 02:09:37,6498,0.2139,0.0238,0.0,17.0,1.44,0.067,-1.27,-6.74,0.28,0.0,OK
2026-05-01 02:09:37,6499,0.2351,0.0,0.0,18.0,1.32,0.0,7.64,-9.01,0.01,0.0,OK
2026-05-01 02:09:37,6500,0.2261,0.0,0.0,18.0,1.22,0.0,7.58,-9.6,-0.36,0.0,OK
2026-05-01 02:09:37,6501,0.2268,0.0233,0.0,18.0,1.12,0.0,9.05,-10.38,-0.54,0.0,OK
2026-05-01 02:09:38,6502,0.2187,0.0532,0.0,18.0,1.09,0.033,7.77,-11.23,-1.08,0.0,OK
2026-05-01 02:09:38,6503,0.2627,0.0227,0.0,18.0,1.01,0.0,10.7,-9.59,-0.5,0.0,OK
2026-05-01 02:09:38,6504,0.2764,0.0227,0.0,18.0,0.93,0.0,0.52,-5.53,-0.11,0.0,OK
2026-05-01 02:09:38,6505,0.274,0.0314,0.0,18.0,0.85,0.0,11.05,-10.8,-1.61,0.0,OK
2026-05-01 02:09:38,6506,0.2697,0.0455,0.0,18.0,0.78,0.0,9.93,-10.96,-1.08,0.0,OK
2026-05-01 02:09:38,6507,0.2951,0.0465,0.0,18.0,0.72,0.0,9.37,-10.78,-1.01,0.0,OK
2026-05-01 02:09:38,6508,0.2343,0.0232,0.0,18.0,0.66,0.0,-2.53,-7.42,0.86,0.0,OK
2026-05-01 02:09:38,6509,0.2526,0.0476,0.0,18.0,0.61,0.0,7.86,-10.94,-0.98,0.0,OK
2026-05-01 02:09:38,6510,0.2721,0.0227,0.0,18.0,0.56,0.0,11.88,-10.6,-1.01,0.0,OK
2026-05-01 02:09:38,6511,0.2694,0.0222,0.0,18.0,0.52,0.0,8.27,-9.72,-0.26,0.0,OK
2026-05-01 02:09:38,6512,0.2857,0.0233,0.0,18.0,0.48,0.0,9.97,-10.06,-0.65,0.0,OK
2026-05-01 02:09:38,6513,0.2394,0.0227,0.0,18.0,0.44,0.0,8.88,-10.84,-0.51,0.0,OK
2026-05-01 02:09:38,6514,0.2578,0.0321,0.0,18.0,0.4,0.0,11.21,-9.1,-0.56,0.0,OK
2026-05-01 02:09:38,6515,0.2487,0.0232,0.0,18.0,0.37,0.0,10.48,-11.16,-1.91,0.0,OK
2026-05-01 02:09:38,6516,0.2393,0.0222,0.0,18.0,0.34,0.0,10.57,-11.13,-0.37,0.0,OK
2026-05-01 02:09:38,6517,0.2526,0.0,0.0,18.0,0.31,0.0,10.08,-10.94,-0.6,0.0,OK
2026-05-01 02:09:38,6518,0.2351,0.0321,0.0,18.0,0.29,0.0,-3.07,-8.64,0.71,0.0,OK
2026-05-01 02:09:38,6519,0.2525,0.0454,0.0,18.0,0.27,0.0,10.22,-12.29,-1.66,0.0,OK
2026-05-01 02:09:38,6520,0.227,0.0222,0.0,18.0,0.24,0.0,-3.74,-6.93,1.1,0.0,OK
2026-05-01 02:09:38,6521,0.2516,0.0227,0.0,18.0,0.22,0.0,5.96,-11.41,-0.87,0.0,OK
2026-05-01 02:09:38,6522,0.2389,0.0465,0.0,18.0,0.21,0.0,-7.63,-6.0,0.66,0.0,OK
2026-05-01 02:09:38,6523,0.2187,0.0454,0.0,18.0,0.41,0.033,-4.84,-5.1,0.25,0.0,OK
2026-05-01 02:09:38,6524,0.2232,0.0232,0.0,18.0,0.38,0.0,6.02,-11.04,-1.5,0.0,OK
2026-05-01 02:09:38,6525,0.2269,0.0227,0.0,18.0,0.35,0.0,7.37,-10.4,-1.25,0.0,OK
2026-05-01 02:09:38,6526,0.2352,0.0227,0.0,18.0,0.32,0.0,8.85,-10.35,-1.59,0.0,OK
2026-05-01 02:09:38,6527,0.257,0.0314,0.0,18.0,0.29,0.0,-1.44,-7.62,0.58,0.0,OK
2026-05-01 02:09:38,6528,0.2467,0.0227,0.0,18.0,0.27,0.0,-3.95,-6.05,0.56,0.0,OK
2026-05-01 02:09:38,6529,0.2214,0.0227,0.0,18.0,0.25,0.0,-4.78,-7.97,0.97,0.0,OK
2026-05-01 02:09:39,6530,0.2268,0.0444,0.0,18.0,0.23,0.0,7.79,-11.45,-1.21,0.0,OK
2026-05-01 02:09:39,6531,0.2286,0.0519,0.0,18.0,0.21,0.0,7.66,-12.56,-1.89,0.0,OK
2026-05-01 02:09:39,6532,0.2261,0.0,0.0,18.0,0.19,0.0,10.93,-10.69,-1.88,0.0,OK
2026-05-01 02:09:39,6533,0.2181,0.0222,0.0,18.0,0.44,0.033,10.01,-8.95,-0.79,0.0,OK
2026-05-01 02:09:39,6534,0.252,0.0465,0.0,18.0,0.4,0.0,-1.66,-6.9,0.49,0.0,OK
2026-05-01 02:09:39,6535,0.2475,0.0465,0.0,18.0,0.37,0.0,-0.98,-6.94,0.25,0.0,OK
2026-05-01 02:09:39,6536,0.2519,0.0222,0.0,18.0,0.34,0.0,8.98,-9.76,-0.21,0.0,OK
2026-05-01 02:09:39,6537,0.2346,0.0227,0.0,18.0,0.32,0.0,-3.28,-6.0,0.96,0.0,OK
2026-05-01 02:09:39,6538,0.2264,0.0454,0.0,18.0,0.29,0.0,-5.68,-6.84,1.4,0.0,OK
2026-05-01 02:09:39,6539,0.2392,0.0232,0.0,18.0,0.27,0.0,9.36,-11.61,-1.0,0.0,OK
2026-05-01 02:09:39,6540,0.2223,0.0314,0.0,18.0,0.25,0.0,8.57,-12.3,-0.95,0.0,OK
2026-05-01 02:09:39,6541,0.2219,0.0222,0.0,18.0,0.23,0.0,7.63,-11.09,-0.87,0.0,OK
2026-05-01 02:09:39,6542,0.2012,0.0227,0.0,18.0,1.54,0.033,8.25,-9.39,-0.7,0.0,OK
2026-05-01 02:09:39,6543,0.2297,0.0345,0.0,18.0,1.42,0.0,-3.44,-6.0,0.5,0.0,OK
2026-05-01 02:09:39,6544,0.2297,0.0244,0.0,18.0,1.31,0.0,-3.44,-6.0,0.5,0.0,OK
2026-05-01 02:09:39,6545,0.2314,0.0232,0.0,18.0,1.2,0.0,-3.96,-6.01,0.32,0.0,OK
2026-05-01 02:09:39,6546,0.2203,0.0227,0.0,18.0,1.11,0.0,11.56,-11.39,-0.76,0.0,OK
2026-05-01 02:09:39,6547,0.2345,0.0238,0.0,18.0,1.02,0.0,-3.31,-7.4,1.09,0.0,OK
2026-05-01 02:09:39,6548,0.2393,0.0217,0.0,18.0,0.94,0.0,9.22,-13.14,-0.23,0.0,OK
2026-05-01 02:09:39,6549,0.244,0.0217,0.0,18.0,0.86,0.0,9.76,-13.45,-0.33,0.0,OK
2026-05-01 02:09:39,6550,0.2181,0.0222,0.0,18.0,0.88,0.033,-5.59,-5.49,0.6,0.0,OK
2026-05-01 02:09:39,6551,0.2181,0.0222,0.0,18.0,1.13,0.067,6.33,-11.34,-0.74,0.0,OK
2026-05-01 02:09:39,6552,0.2262,0.0232,0.0,19.0,1.04,0.0,-5.09,-6.01,0.92,0.0,OK
2026-05-01 02:09:39,6553,0.2345,0.0232,0.0,19.0,0.96,0.0,-5.36,-6.99,0.83,0.0,OK
2026-05-01 02:09:39,6554,0.2362,0.0238,0.0,19.0,0.88,0.0,-5.34,-5.71,-0.15,0.0,OK
2026-05-01 02:09:39,6555,0.2358,0.0,0.0,19.0,0.81,0.0,8.65,-9.91,-1.66,0.0,OK
2026-05-01 02:09:39,6556,0.2343,0.0227,0.0,19.0,0.75,0.0,8.05,-9.39,-1.66,0.0,OK
2026-05-01 02:09:39,6557,0.2525,0.0244,0.0,19.0,0.69,0.0,-1.52,-7.51,-0.21,0.0,OK
2026-05-01 02:09:39,6558,0.2436,0.0238,0.0,19.0,0.63,0.0,-5.53,-6.33,0.62,0.0,OK
2026-05-01 02:09:40,6559,0.2343,0.0227,0.0,19.0,0.58,0.0,6.28,-11.04,-2.08,0.0,OK
2026-05-01 02:09:40,6560,0.2253,0.0,0.0,19.0,0.54,0.0,7.92,-11.58,-1.91,0.0,OK
2026-05-01 02:09:40,6561,0.2214,0.0222,0.0,19.0,0.49,0.0,-5.66,-5.46,0.88,0.0,OK
2026-05-01 02:09:40,6562,0.2294,0.0233,0.0,19.0,0.45,0.0,-7.03,-5.63,1.01,0.0,OK
2026-05-01 02:09:40,6563,0.2362,0.0232,0.0,19.0,0.42,0.0,-5.6,-6.32,-0.08,0.0,OK
2026-05-01 02:09:40,6564,0.2169,0.0232,0.0,19.0,0.66,0.033,-4.75,-6.47,0.6,0.0,OK
2026-05-01 02:09:40,6565,0.2478,0.0222,0.0,19.0,0.61,0.0,9.17,-14.07,-1.24,0.0,OK
2026-05-01 02:09:40,6566,0.2661,0.0,0.0,19.0,0.56,0.0,-2.57,-7.3,0.49,0.0,OK
2026-05-01 02:09:40,6567,0.2504,0.0232,0.0,19.0,0.51,0.0,-4.34,-6.61,0.38,0.0,OK
2026-05-01 02:09:40,6568,0.2569,0.0314,0.0,19.0,0.47,0.0,8.6,-11.82,-1.78,0.0,OK
2026-05-01 02:09:40,6569,0.2478,0.0,0.0,19.0,0.44,0.0,7.08,-9.17,-1.01,0.0,OK
2026-05-01 02:09:40,6570,0.2607,0.0314,0.0,19.0,0.4,0.0,-3.37,-6.66,0.71,0.0,OK
2026-05-01 02:09:40,6571,0.2674,0.0321,0.0,19.0,0.37,0.0,-6.57,-4.82,0.75,0.0,OK
2026-05-01 02:09:40,6572,0.2915,0.0,0.0,19.0,0.34,0.0,9.9,-9.41,-2.06,0.0,OK
2026-05-01 02:09:40,6573,0.2714,0.0,0.0,19.0,0.31,0.0,8.92,-8.4,-1.54,0.0,OK
2026-05-01 02:09:40,6574,0.2912,0.0,0.0,19.0,0.29,0.0,-2.46,-6.39,0.23,0.0,OK
2026-05-01 02:09:40,6575,0.2888,0.0238,0.0,19.0,0.26,0.0,-0.7,-5.92,-0.94,0.0,OK
2026-05-01 02:09:40,6576,0.29,0.0,0.0,19.0,0.24,0.0,-1.59,-4.38,-0.32,0.0,OK
2026-05-01 02:09:40,6577,0.2776,0.0232,0.0,19.0,0.22,0.0,-3.92,-6.86,0.57,0.0,OK
2026-05-01 02:09:40,6578,0.2741,0.0,0.0,19.0,0.21,0.0,-4.01,-3.8,0.31,0.0,OK
2026-05-01 02:09:40,6579,0.3056,0.0222,0.0,19.0,0.19,0.0,-3.29,-5.88,0.51,0.0,OK
2026-05-01 02:09:40,6580,0.2961,0.0,0.0,19.0,0.17,0.0,-3.75,-6.49,-0.17,0.0,OK
2026-05-01 02:09:40,6581,0.2913,0.0,0.0,19.0,0.16,0.0,8.9,-9.27,-1.49,0.0,OK
2026-05-01 02:09:40,6582,0.2745,0.0532,0.0,19.0,0.15,0.0,6.9,-9.25,-1.36,0.0,OK
2026-05-01 02:09:40,6583,0.2566,0.0222,0.0,19.0,0.14,0.0,-4.63,-3.97,-0.15,0.0,OK
2026-05-01 02:09:40,6584,0.2687,0.0227,0.0,19.0,0.12,0.0,-8.06,-3.49,-0.14,0.0,OK
2026-05-01 02:09:40,6585,0.2649,0.0232,0.0,19.0,0.11,0.0,-6.74,-3.83,-0.8,0.0,OK
2026-05-01 02:09:40,6586,0.2738,0.0222,0.0,19.0,0.11,0.0,-8.26,-3.72,-0.44,0.0,OK
2026-05-01 02:09:40,6587,0.26,0.0227,0.0,19.0,0.1,0.0,-7.03,-4.53,-0.89,0.0,OK
2026-05-01 02:09:40,6588,0.2643,0.0227,0.0,19.0,0.09,0.0,-7.37,-4.72,-1.33,0.0,OK
2026-05-01 02:09:41,6589,0.2745,0.0232,0.0,19.0,0.08,0.0,-5.95,-4.74,-1.62,0.0,OK
2026-05-01 02:09:41,6590,0.26,0.0217,0.0,19.0,0.08,0.0,-6.66,-2.04,-1.83,0.0,OK
2026-05-01 02:09:41,6591,0.2554,0.0227,0.0,19.0,0.07,0.0,-7.79,-3.63,-1.92,0.0,OK
2026-05-01 02:09:41,6592,0.2643,0.0519,0.0,19.0,0.06,0.0,-7.64,-4.86,-2.53,0.0,OK
2026-05-01 02:09:41,6593,0.2428,0.0531,0.0,19.0,0.06,0.0,-7.86,-4.83,-2.98,0.0,OK
2026-05-01 02:09:41,6594,0.2658,0.0222,0.0,19.0,0.05,0.0,-8.86,-4.68,-2.53,0.0,OK
2026-05-01 02:09:41,6595,0.2465,0.0232,0.0,19.0,0.05,0.0,-8.24,-3.5,-3.01,0.0,OK
2026-05-01 02:09:41,6596,0.264,0.0321,0.0,19.0,0.05,0.0,-7.84,-3.09,-3.03,0.0,OK
2026-05-01 02:09:41,6597,0.264,0.0321,0.0,19.0,0.04,0.0,-7.84,-3.09,-3.03,0.0,OK
2026-05-01 02:09:41,6598,0.2365,0.0243,0.0,19.0,0.04,0.0,-8.13,-4.96,-3.47,0.0,OK
2026-05-01 02:09:41,6599,0.2879,0.0237,0.0,19.0,0.04,0.0,-7.93,-4.56,-2.84,0.0,OK
2026-05-01 02:09:41,6600,0.2733,0.0232,0.0,19.0,0.03,0.0,-10.86,-4.65,-3.06,0.0,OK
2026-05-01 02:09:41,6601,0.2915,0.0227,0.0,19.0,0.03,0.0,-11.01,-4.08,-2.21,0.0,OK
2026-05-01 02:09:41,6602,0.2734,0.0232,0.0,19.0,0.03,0.0,-10.45,-1.96,-2.57,0.0,OK
2026-05-01 02:09:41,6603,0.2642,0.0508,0.0,19.0,0.03,0.0,-12.62,-4.3,-1.74,0.0,OK
2026-05-01 02:09:41,6604,0.2468,0.0314,0.0,19.0,0.02,0.0,-10.76,-5.37,-2.17,0.0,OK
2026-05-01 02:09:41,6605,0.2818,0.0227,0.0,19.0,0.02,0.0,-12.52,-4.97,-2.3,0.0,OK
2026-05-01 02:09:41,6606,0.2642,0.0321,0.0,19.0,0.02,0.0,-11.45,-3.87,-2.47,0.0,OK
2026-05-01 02:09:41,6607,0.2461,0.0519,0.0,19.0,0.02,0.0,-11.61,-5.22,-2.71,0.0,OK
2026-05-01 02:09:41,6608,0.2775,0.0496,0.0,19.0,0.02,0.0,-13.56,-4.61,-2.47,0.0,OK
2026-05-01 02:09:41,6609,0.279,0.0232,0.0,19.0,0.02,0.0,-12.23,-6.63,-1.62,0.0,OK
2026-05-01 02:09:41,6610,0.2686,0.0329,0.0,19.0,0.01,0.0,-11.84,-4.91,-1.49,0.0,OK
2026-05-01 02:09:41,6611,0.2735,0.0232,0.0,19.0,0.01,0.0,-11.11,-4.56,-1.77,0.0,OK
2026-05-01 02:09:41,6612,0.2684,0.0222,0.0,19.0,0.01,0.0,-10.5,-3.62,-1.03,0.0,OK
2026-05-01 02:09:41,6613,0.2731,0.0222,0.0,19.0,0.01,0.0,-11.6,-5.43,-2.27,0.0,OK
2026-05-01 02:09:42,6614,0.291,0.0217,0.0,19.0,0.01,0.0,-10.23,-4.91,-1.1,0.0,OK
2026-05-01 02:09:42,6615,0.2642,0.0222,0.0,19.0,0.01,0.0,-10.97,-4.28,-1.88,0.0,OK
2026-05-01 02:09:42,6616,0.3096,0.0454,0.0,19.0,0.01,0.0,-10.06,-4.05,-1.42,0.0,OK
2026-05-01 02:09:42,6617,0.2915,0.0454,0.0,19.0,0.01,0.0,-10.09,-3.94,-1.87,0.0,OK
2026-05-01 02:09:42,6618,0.2561,0.0222,0.0,19.0,0.01,0.0,-11.86,-3.75,-1.38,0.0,OK
2026-05-01 02:09:42,6619,0.2872,0.0,0.0,19.0,0.01,0.0,-9.91,-3.35,-1.83,0.0,OK
2026-05-01 02:09:42,6620,0.269,0.0222,0.0,19.0,0.01,0.0,-9.34,-3.77,-0.74,0.0,OK
2026-05-01 02:09:42,6621,0.269,0.0,0.0,19.0,0.01,0.0,-9.34,-3.77,-0.74,0.0,OK
2026-05-01 02:09:42,6622,0.265,0.0454,0.0,19.0,0.01,0.0,-10.91,-2.52,-1.76,0.0,OK
2026-05-01 02:09:42,6623,0.1775,0.0227,0.0,19.0,2.91,0.033,-11.3,-4.01,-1.47,0.0,OK
2026-05-01 02:09:42,6624,0.1776,0.0222,0.0,19.0,5.04,0.067,-11.66,-3.52,-1.63,0.0,OK
2026-05-01 02:09:42,6625,0.2252,0.0435,0.0,20.0,4.63,0.0,-10.74,-1.89,-0.9,0.0,OK
2026-05-01 02:09:42,6626,0.2104,0.0314,0.0,20.0,4.45,0.033,-11.1,-4.23,-0.9,0.0,OK
2026-05-01 02:09:42,6627,0.2462,0.0,0.0,20.0,4.09,0.0,-8.11,-2.31,-1.19,0.0,OK
2026-05-01 02:09:42,6628,0.2696,0.0227,0.0,20.0,3.77,0.0,-7.03,-1.94,-0.69,0.0,OK
2026-05-01 02:09:42,6629,0.2697,0.0217,0.0,20.0,3.46,0.0,-7.96,-1.2,-0.17,0.0,OK
2026-05-01 02:09:42,6630,0.2696,0.0217,0.0,20.0,3.19,0.0,-7.65,-1.71,-0.02,0.0,OK
2026-05-01 02:09:42,6631,0.3106,0.0465,0.0,20.0,2.93,0.0,-6.83,-1.61,-0.65,0.0,OK
2026-05-01 02:09:42,6632,0.2921,0.0217,0.0,20.0,2.7,0.0,-6.68,-3.06,-0.38,0.0,OK
2026-05-01 02:09:42,6633,0.2866,0.0222,0.0,20.0,2.48,0.0,-6.62,-2.35,-0.32,0.0,OK
2026-05-01 02:09:42,6634,0.2738,0.0227,0.0,20.0,2.28,0.0,-6.43,-1.8,-0.55,0.0,OK
2026-05-01 02:09:42,6635,0.282,0.0222,0.0,20.0,2.1,0.0,-8.23,-2.23,-0.36,0.0,OK
2026-05-01 02:09:42,6636,0.2459,0.0233,0.0,20.0,1.93,0.0,-7.73,-2.73,-0.25,0.0,OK
2026-05-01 02:09:42,6637,0.2459,0.0232,0.0,20.0,1.78,0.0,-7.34,-2.63,-0.4,0.0,OK
2026-05-01 02:09:42,6638,0.2061,0.0232,0.0,20.0,2.24,0.033,-8.22,0.77,-1.17,0.0,OK
2026-05-01 02:09:42,6639,0.1969,0.0454,0.0,20.0,3.37,0.067,-8.64,-0.91,-0.68,0.0,OK
2026-05-01 02:09:42,6640,0.2216,0.0444,0.0,21.0,3.1,0.0,-9.38,-1.34,-0.44,0.0,OK
2026-05-01 02:09:42,6641,0.2121,0.0454,0.0,21.0,3.01,0.033,-9.38,-1.34,-0.44,0.0,OK
2026-05-01 02:09:42,6642,0.2559,0.0444,0.0,21.0,2.77,0.0,-7.44,-1.72,-0.23,0.0,OK
2026-05-01 02:09:42,6643,0.2608,0.0444,0.0,21.0,2.55,0.0,-7.77,-1.67,-0.35,0.0,OK
2026-05-01 02:09:42,6644,0.2785,0.0222,0.0,21.0,2.34,0.0,-6.55,-1.23,-0.15,0.0,OK
2026-05-01 02:09:43,6645,0.2738,0.0444,0.0,21.0,2.16,0.0,-7.01,-0.89,-0.93,0.0,OK
2026-05-01 02:09:43,6646,0.2779,0.0435,0.0,21.0,1.98,0.0,-7.24,-1.29,-0.78,0.0,OK
2026-05-01 02:09:43,6647,0.2813,0.0444,0.0,21.0,1.83,0.0,-4.82,-0.14,-0.54,0.0,OK
2026-05-01 02:09:43,6648,0.2961,0.0222,0.0,21.0,1.68,0.0,-5.25,0.83,-0.16,0.0,OK
2026-05-01 02:09:43,6649,0.2612,0.0232,0.0,21.0,1.55,0.0,-6.51,-2.21,-0.85,0.0,OK
2026-05-01 02:09:43,6650,0.2427,0.0227,0.0,21.0,1.42,0.0,-6.3,-0.32,-0.75,0.0,OK
2026-05-01 02:09:43,6651,0.1777,0.0508,0.0,21.0,3.82,0.033,-7.79,-2.45,-0.39,0.0,OK
2026-05-01 02:09:43,6652,0.1931,0.0307,0.0,21.0,4.64,0.067,-8.49,-2.3,-1.29,0.0,OK
2026-05-01 02:09:43,6653,0.1798,0.0222,0.0,21.0,6.27,0.1,-10.12,0.3,-1.37,0.0,OK
2026-05-01 02:09:43,6654,0.1799,0.0444,0.0,21.0,7.56,0.133,-11.2,-1.6,-0.3,0.0,OK
2026-05-01 02:09:43,6655,0.1978,0.0307,0.0,21.0,7.55,0.167,-10.92,-0.5,-0.05,0.0,OK
2026-05-01 02:09:43,6656,0.1749,0.0217,0.0,21.0,9.21,0.2,-7.91,-2.15,-0.13,0.0,OK
2026-05-01 02:09:43,6657,0.2033,0.0434,0.0467,21.0,9.1,0.233,-8.9,-2.4,-0.41,0.0,OK
2026-05-01 02:09:43,6658,0.2045,0.0227,0.0533,21.0,9.03,0.267,-6.5,-2.19,-0.68,0.0,OK
2026-05-01 02:09:43,6659,0.2731,0.0227,0.0533,22.0,8.31,0.0,-7.85,-1.68,0.08,0.0,OK
2026-05-01 02:09:43,6660,0.2606,0.0222,0.0533,21.0,7.64,0.0,-8.09,-0.62,0.01,0.0,OK
2026-05-01 02:09:43,6661,0.2145,0.0,0.0533,21.0,7.16,0.033,-5.62,-1.38,-0.52,0.0,OK
2026-05-01 02:09:43,6662,0.2162,0.0238,0.0533,21.0,6.74,0.067,-5.62,-1.38,-0.52,0.0,OK
2026-05-01 02:09:43,6663,0.1778,0.0321,0.0533,21.0,7.76,0.1,-6.63,-1.77,-0.24,0.0,OK
2026-05-01 02:09:43,6664,0.1743,0.0321,0.0533,21.0,8.89,0.133,-7.71,-1.73,-0.34,0.0,OK
2026-05-01 02:09:43,6665,0.2292,0.0465,0.0533,22.0,8.18,0.0,-5.89,-0.77,-0.7,0.0,OK
2026-05-01 02:09:43,6666,0.2293,0.0454,0.0533,22.0,7.53,0.0,-6.37,-2.82,-0.17,0.0,OK
2026-05-01 02:09:43,6667,0.184,0.0444,0.0533,22.0,7.49,0.033,-8.95,-0.78,-1.13,0.0,OK
2026-05-01 02:09:43,6668,0.207,0.0444,0.0533,22.0,7.18,0.067,-8.8,0.26,-1.23,0.0,OK
2026-05-01 02:09:43,6669,0.1848,0.0444,0.0533,22.0,7.6,0.1,-6.73,1.55,-0.21,0.0,OK
2026-05-01 02:09:43,6670,0.2377,0.0222,0.0533,23.0,7.0,0.0,-6.57,0.33,-0.37,0.0,OK
2026-05-01 02:09:43,6671,0.2342,0.0222,0.0533,23.0,6.44,0.0,-6.44,-1.01,0.05,0.0,OK
2026-05-01 02:09:43,6672,0.1877,0.0508,0.0533,23.0,6.44,0.033,-7.54,0.98,-0.86,0.0,OK
2026-05-01 02:09:43,6673,0.1777,0.0227,0.0533,23.0,7.33,0.067,-7.49,-0.28,-1.06,0.0,OK
2026-05-01 02:09:44,6674,0.1786,0.0508,0.0533,23.0,8.09,0.1,-7.31,-2.49,-0.79,0.0,OK
2026-05-01 02:09:44,6675,0.1777,0.0454,0.0533,23.0,8.89,0.133,-7.31,-1.37,-1.04,0.0,OK
2026-05-01 02:09:44,6676,0.2436,0.0454,0.0533,24.0,8.18,0.0,-5.14,-0.13,0.18,0.0,OK
2026-05-01 02:09:44,6677,0.2473,0.0227,0.0533,24.0,7.52,0.0,-5.14,-0.13,0.18,0.0,OK
2026-05-01 02:09:44,6678,0.2052,0.0227,0.0533,24.0,7.18,0.033,-7.8,-1.9,0.12,0.0,OK
2026-05-01 02:09:44,6679,0.2053,0.0227,0.0533,24.0,6.92,0.067,-6.35,-1.41,0.18,0.0,OK
2026-05-01 02:09:44,6680,0.1788,0.0232,0.0533,24.0,7.81,0.1,-6.33,-2.81,0.49,0.0,OK
2026-05-01 02:09:44,6681,0.2431,0.0465,0.0533,25.0,7.19,0.0,-5.04,-0.11,-0.66,0.0,OK
2026-05-01 02:09:44,6682,0.2301,0.0444,0.0533,25.0,6.61,0.0,-5.03,-1.89,-0.25,0.0,OK
2026-05-01 02:09:44,6683,0.2069,0.0222,0.0533,25.0,6.32,0.033,9.21,-0.77,-0.22,0.0,OK
2026-05-01 02:09:44,6684,0.1889,0.0314,0.0533,25.0,6.54,0.067,-5.14,-1.43,-0.15,0.0,OK
2026-05-01 02:09:44,6685,0.1952,0.0465,0.0533,25.0,6.53,0.1,-6.53,-3.57,-0.23,0.0,OK
2026-05-01 02:09:44,6686,0.1934,0.0465,0.0533,24.0,6.87,0.133,-6.53,-3.57,-0.23,0.0,OK
2026-05-01 02:09:44,6687,0.2341,0.0435,0.0533,25.0,6.32,0.0,-7.86,-0.63,-0.09,0.0,OK
2026-05-01 02:09:44,6688,0.2334,0.0435,0.0533,25.0,5.82,0.0,-7.38,-1.14,0.16,0.0,OK
2026-05-01 02:09:44,6689,0.2206,0.0227,0.0533,25.0,5.35,0.0,-5.64,-0.29,-0.76,0.0,OK
2026-05-01 02:09:44,6690,0.1739,0.0217,0.0533,25.0,6.61,0.033,-9.04,-0.52,0.37,0.0,OK
2026-05-01 02:09:44,6691,0.1684,0.0217,0.0533,25.0,8.04,0.067,-7.2,-1.76,0.46,0.0,OK
2026-05-01 02:09:44,6692,0.1878,0.0454,0.0533,25.0,8.02,0.1,-6.44,-0.24,-0.98,0.0,OK
2026-05-01 02:09:44,6693,0.1978,0.0454,0.0533,25.0,7.91,0.133,-6.61,-1.46,-0.83,0.0,OK
2026-05-01 02:09:44,6694,0.2384,0.0444,0.0533,26.0,7.28,0.0,-4.08,-2.28,0.48,0.0,OK
2026-05-01 02:09:44,6695,0.2393,0.0444,0.0533,26.0,6.7,0.0,-5.78,-3.16,0.55,0.0,OK
2026-05-01 02:09:44,6696,0.1927,0.0454,0.0533,26.0,6.6,0.033,-6.62,-2.7,0.57,0.0,OK
2026-05-01 02:09:44,6697,0.1675,0.0232,0.0533,26.0,8.09,0.067,-7.35,-1.75,0.09,0.0,OK
2026-05-01 02:09:44,6698,0.1684,0.0227,0.0533,26.0,9.24,0.1,-7.35,-1.75,0.09,0.0,OK
2026-05-01 02:09:44,6699,0.207,0.0465,0.0533,26.0,8.9,0.133,-5.02,-1.35,0.06,0.0,OK
2026-05-01 02:09:44,6700,0.2083,0.0465,0.0533,26.0,8.63,0.167,-4.97,-0.86,0.22,0.0,OK
2026-05-01 02:09:44,6701,0.2427,0.0476,0.0533,27.0,7.94,0.0,-4.06,-1.86,0.48,0.0,OK
2026-05-01 02:09:44,6702,0.2427,0.0232,0.0533,27.0,7.3,0.0,-5.18,-1.86,0.62,0.0,OK
2026-05-01 02:09:44,6703,0.1877,0.0217,0.0533,27.0,7.23,0.033,-6.36,-0.25,0.23,0.0,OK
2026-05-01 02:09:45,6704,0.1711,0.0444,0.0533,27.0,8.26,0.067,-6.89,-1.69,0.08,0.0,OK
2026-05-01 02:09:45,6705,0.1665,0.0444,0.0533,27.0,9.47,0.1,-7.19,-1.7,0.18,0.0,OK
2026-05-01 02:09:45,6706,0.1746,0.0227,0.0533,27.0,9.99,0.133,-8.45,-0.54,0.04,0.0,OK
2026-05-01 02:09:45,6707,0.1657,0.0465,0.0533,27.0,11.13,0.167,-6.34,-1.91,0.09,0.0,OK
2026-05-01 02:09:45,6708,0.1734,0.0508,0.0533,27.0,11.63,0.2,-5.83,-0.76,-0.3,0.0,OK
2026-05-01 02:09:45,6709,0.1904,0.0454,0.1,27.0,11.52,0.233,-5.83,-0.76,-0.3,0.0,OK
2026-05-01 02:09:45,6710,0.1888,0.0222,0.1067,27.0,11.62,0.267,-7.05,-0.62,0.35,0.0,OK
2026-05-01 02:09:45,6711,0.1847,0.0222,0.1133,27.0,12.43,0.3,-6.76,-1.28,0.39,0.0,OK
2026-05-01 02:09:45,6712,0.2335,0.0465,0.1133,28.0,11.54,0.0,-4.63,-2.04,0.34,0.0,OK
2026-05-01 02:09:45,6713,0.2424,0.0232,0.1133,28.0,10.72,0.0,-5.04,-2.21,0.27,0.0,OK
2026-05-01 02:09:45,6714,0.1707,0.0465,0.1133,28.0,10.78,0.033,-6.66,-1.26,0.27,0.0,OK
2026-05-01 02:09:45,6715,0.1777,0.0232,0.1133,28.0,10.74,0.067,-6.66,-1.26,0.27,0.0,OK
2026-05-01 02:09:45,6716,0.1979,0.0233,0.1133,28.0,10.47,0.1,-4.9,-0.79,0.47,0.0,OK
2026-05-01 02:09:45,6717,0.2113,0.0559,0.1133,28.0,10.08,0.133,-5.52,-1.9,-0.02,0.0,OK
2026-05-01 02:09:45,6718,0.2153,0.0244,0.1133,28.0,9.71,0.167,-5.1,-1.82,-0.16,0.0,OK
2026-05-01 02:09:45,6719,0.1788,0.0465,0.1133,28.0,10.83,0.2,-5.61,-0.8,0.48,0.0,OK
2026-05-01 02:09:45,6720,0.207,0.0465,0.16,28.0,11.63,0.233,-5.61,-0.8,0.48,0.0,OK
2026-05-01 02:09:45,6721,0.1707,0.0227,0.1667,28.0,14.95,0.267,-7.3,-2.14,0.35,0.0,OK
2026-05-01 02:09:45,6722,0.1665,0.0227,0.1733,28.0,17.86,0.3,-6.78,-0.96,0.91,0.0,OK
2026-05-01 02:09:45,6723,0.2252,0.0454,0.1733,29.0,17.01,0.0,-4.96,-0.61,1.22,0.0,OK
2026-05-01 02:09:45,6724,0.2435,0.0227,0.1733,29.0,16.24,0.0,-5.36,-1.3,1.03,0.0,OK
2026-05-01 02:09:45,6725,0.1795,0.0476,0.1733,29.0,16.16,0.033,-6.89,0.59,0.47,0.0,OK
2026-05-01 02:09:45,6726,0.184,0.0476,0.1733,29.0,16.08,0.067,-7.05,-2.22,0.74,0.0,OK
2026-05-01 02:09:45,6727,0.1694,0.0465,0.1733,29.0,16.93,0.1,-7.62,-3.3,0.53,0.0,OK
2026-05-01 02:09:45,6728,0.1707,0.0238,0.1733,29.0,17.65,0.133,-6.18,-2.39,0.08,0.0,OK
2026-05-01 02:09:45,6729,0.1649,0.0238,0.1733,29.0,18.73,0.167,-6.15,-1.86,0.18,0.0,OK
2026-05-01 02:09:45,6730,0.1764,0.0465,0.1733,29.0,18.94,0.2,-4.14,-0.53,0.12,0.0,OK
2026-05-01 02:09:45,6731,0.1764,0.0508,0.22,29.0,20.96,0.233,-4.14,-0.53,0.12,0.0,OK
2026-05-01 02:09:45,6732,0.1696,0.0454,0.2267,29.0,23.19,0.267,-6.88,-1.74,0.42,0.0,OK
2026-05-01 02:09:45,6733,0.1786,0.0455,0.2333,29.0,24.53,0.3,-7.83,-2.2,0.82,0.0,OK
2026-05-01 02:09:45,6734,0.1581,0.0455,0.24,29.0,27.2,0.333,-8.68,-0.91,1.02,0.0,OK
2026-05-01 02:09:46,6735,0.2084,0.0454,0.2467,29.0,26.97,0.367,-5.61,-0.54,1.2,0.0,OK
2026-05-01 02:09:46,6736,0.2385,0.0227,0.2467,30.0,25.98,0.0,-4.47,-1.35,1.0,0.0,OK
2026-05-01 02:09:46,6737,0.1868,0.0238,0.2467,30.0,25.61,0.033,-6.38,-0.55,0.92,0.0,OK
2026-05-01 02:09:46,6738,0.1961,0.0238,0.2467,30.0,25.18,0.067,-6.03,-0.46,0.78,0.0,OK
2026-05-01 02:09:46,6739,0.1693,0.0232,0.2467,30.0,25.42,0.1,-9.29,-0.78,-0.16,0.0,OK
2026-05-01 02:09:46,6740,0.1705,0.0238,0.2467,30.0,25.75,0.133,-9.19,-1.81,0.24,0.0,OK
2026-05-01 02:09:46,6741,0.2024,0.0329,0.2467,30.0,25.39,0.167,-7.0,-0.04,0.18,0.0,OK
2026-05-01 02:09:46,6742,0.1845,0.0508,0.2467,30.0,25.37,0.2,-6.06,-2.3,1.21,0.0,OK
2026-05-01 02:09:46,6743,0.1764,0.0508,0.2933,30.0,27.71,0.233,-6.06,-2.3,1.21,0.0,OK
2026-05-01 02:09:46,6744,0.1804,0.0232,0.3,30.0,29.45,0.267,-7.43,-2.41,0.02,0.0,OK
2026-05-01 02:09:46,6745,0.1845,0.0227,0.3067,30.0,30.8,0.3,-7.99,-2.05,0.33,0.0,OK
2026-05-01 02:09:46,6746,0.197,0.0465,0.3133,30.0,31.35,0.333,-8.05,0.73,0.61,0.0,OK
2026-05-01 02:09:46,6747,0.1996,0.0465,0.32,30.0,32.02,0.367,-8.05,0.73,0.61,0.0,OK
2026-05-01 02:09:46,6748,0.1955,0.0444,0.3267,30.0,33.2,0.4,-8.17,-1.68,0.19,0.0,OK
2026-05-01 02:09:46,6749,0.197,0.0508,0.3333,30.0,34.35,0.433,-7.94,-1.21,-0.03,0.0,OK
2026-05-01 02:09:46,6750,0.172,0.0227,0.34,30.0,37.17,0.467,-6.49,0.7,0.57,0.0,OK
2026-05-01 02:09:46,6751,0.1664,0.0465,0.3467,30.0,39.84,0.5,-6.15,0.65,0.7,0.0,OK
2026-05-01 02:09:46,6752,0.2245,0.0667,0.3467,31.0,38.63,0.0,-5.53,-1.39,-0.02,0.0,OK
2026-05-01 02:09:46,6753,0.1733,0.0227,0.3467,31.0,38.24,0.033,-6.01,-1.25,-0.15,0.0,OK
2026-05-01 02:09:46,6754,0.1643,0.0444,0.3467,31.0,38.06,0.067,-5.98,-0.79,0.01,0.0,OK
2026-05-01 02:09:46,6755,0.1695,0.0321,0.3467,31.0,37.89,0.1,-5.54,0.41,-0.01,0.0,OK
2026-05-01 02:09:46,6756,0.1684,0.0233,0.3467,31.0,37.79,0.133,-6.89,-0.83,0.15,0.0,OK
2026-05-01 02:09:46,6757,0.1786,0.052,0.3467,31.0,37.62,0.167,-6.74,-1.78,0.55,0.0,OK
2026-05-01 02:09:46,6758,0.1695,0.0232,0.3467,31.0,37.73,0.2,-6.15,-1.26,0.26,0.0,OK
2026-05-01 02:09:46,6759,0.1559,0.0476,0.3933,31.0,40.55,0.233,-6.63,-1.18,-0.17,0.0,OK
2026-05-01 02:09:46,6760,0.1677,0.0465,0.4,31.0,42.11,0.267,-6.2,1.43,-0.61,0.0,OK
2026-05-01 02:09:46,6761,0.2071,0.0233,0.4067,31.0,41.82,0.3,-4.18,-0.91,0.46,0.0,OK
2026-05-01 02:09:46,6762,0.198,0.0233,0.4133,31.0,41.74,0.333,-4.17,1.68,0.32,0.0,LOW
2026-05-01 02:09:46,6763,0.2391,0.0465,0.4133,32.0,40.81,0.0,-4.14,-1.09,0.29,0.0,LOW
2026-05-01 02:09:47,6764,0.1605,0.0444,0.4133,32.0,41.02,0.033,-8.61,-1.13,-0.13,0.0,LOW
2026-05-01 02:09:47,6765,0.1777,0.052,0.4133,32.0,40.85,0.067,-7.49,-2.54,-0.05,0.0,LOW
2026-05-01 02:09:47,6766,0.1788,0.0465,0.4133,32.0,40.74,0.1,-5.31,0.09,-0.22,0.0,LOW
2026-05-01 02:09:47,6767,0.1978,0.0465,0.4133,32.0,40.42,0.133,-5.71,-1.31,-0.15,0.0,LOW
2026-05-01 02:09:47,6768,0.2032,0.0455,0.4133,32.0,40.1,0.167,-4.65,0.16,0.29,0.0,LOW
2026-05-01 02:09:47,6769,0.207,0.0454,0.4133,32.0,39.81,0.2,9.5,1.64,0.27,0.0,LOW
2026-05-01 02:09:47,6770,0.2077,0.0307,0.46,32.0,39.58,0.233,-6.04,-1.22,0.67,0.0,LOW
2026-05-01 02:09:47,6771,0.2034,0.0307,0.4667,32.0,39.49,0.267,-4.55,-1.97,0.57,0.0,LOW
2026-05-01 02:09:47,6772,0.1798,0.0476,0.4733,32.0,40.9,0.3,-4.62,-1.23,0.7,0.0,LOW
2026-05-01 02:09:47,6773,0.1788,0.0455,0.48,32.0,42.11,0.333,-9.01,-0.13,0.21,0.0,LOW
2026-05-01 02:09:47,6774,0.1666,0.0455,0.4867,32.0,43.93,0.367,-6.21,-0.7,0.37,0.0,LOW
2026-05-01 02:09:47,6775,0.1845,0.0465,0.4933,32.0,44.21,0.4,-6.54,-0.07,-0.01,0.0,LOW
2026-05-01 02:09:47,6776,0.1879,0.0476,0.5,32.0,44.42,0.433,-6.54,-0.07,-0.01,0.0,LOW
2026-05-01 02:09:47,6777,0.1979,0.0465,0.5067,32.0,44.36,0.467,-5.62,-0.69,0.46,0.0,LOW
2026-05-01 02:09:47,6778,0.2024,0.0476,0.5133,32.0,44.3,0.5,-5.8,-0.14,0.3,0.0,LOW
2026-05-01 02:09:47,6779,0.1696,0.0233,0.52,32.0,46.38,0.533,-4.31,-0.69,0.7,0.0,LOW
2026-05-01 02:09:47,6780,0.1636,0.0232,0.5267,32.0,48.36,0.567,-7.82,-2.46,0.15,0.0,LOW
2026-05-01 02:09:47,6781,0.1788,0.0232,0.5333,32.0,48.93,0.6,-7.51,-2.41,0.03,0.0,LOW
2026-05-01 02:09:47,6782,0.1876,0.0329,0.54,32.0,48.98,0.633,-4.38,-0.91,1.26,0.0,LOW
2026-05-01 02:09:47,6783,0.1854,0.0454,0.5467,32.0,49.39,0.667,-4.48,-0.99,1.06,0.0,LOW
2026-05-01 02:09:47,6784,0.1808,0.0455,0.5533,32.0,50.2,0.7,-6.33,-0.87,1.1,0.0,LOW
2026-05-01 02:09:47,6785,0.1878,0.0465,0.56,32.0,50.53,0.733,-5.53,-2.64,1.37,0.0,LOW
2026-05-01 02:09:47,6786,0.1852,0.052,0.5667,32.0,51.15,0.767,-4.95,0.34,-0.13,0.0,LOW
2026-05-01 02:09:47,6787,0.1888,0.0227,0.5733,32.0,51.57,0.8,-6.04,-1.16,0.3,0.0,LOW
2026-05-01 02:09:47,6788,0.2483,0.0227,0.5733,32.0,49.84,0.0,-3.8,-1.22,0.98,0.0,LOW
2026-05-01 02:09:47,6789,0.1943,0.0227,0.5733,32.0,48.68,0.033,-4.9,-2.5,-0.03,0.0,LOW
2026-05-01 02:09:47,6790,0.2033,0.0455,0.5733,32.0,47.53,0.067,-5.36,-2.37,0.36,0.0,LOW
2026-05-01 02:09:47,6791,0.1643,0.0455,0.5733,32.0,47.09,0.1,-5.84,-1.99,0.56,0.0,LOW
2026-05-01 02:09:47,6792,0.1643,0.0455,0.5733,32.0,46.75,0.133,-4.36,-1.96,0.51,0.0,LOW
2026-05-01 02:09:47,6793,0.1684,0.0455,0.5733,32.0,46.43,0.167,-9.29,0.59,0.31,0.0,LOW
2026-05-01 02:09:48,6794,0.1742,0.0455,0.5733,31.0,46.11,0.2,-8.25,0.16,0.56,0.0,LOW
2026-05-01 02:09:48,6795,0.2024,0.0222,0.62,31.0,45.46,0.233,-7.88,-0.57,-0.0,0.0,LOW
2026-05-01 02:09:48,6796,0.1786,0.0222,0.6267,31.0,45.26,0.267,-7.78,-0.02,0.08,0.0,LOW
2026-05-01 02:09:48,6797,0.2121,0.0227,0.6333,31.0,44.65,0.3,-5.7,-3.07,0.92,0.0,LOW
2026-05-01 02:09:48,6798,0.2033,0.0455,0.64,31.0,44.27,0.333,-5.66,-2.51,1.07,0.0,LOW
2026-05-01 02:09:48,6799,0.1729,0.0227,0.6467,31.0,44.93,0.367,-5.85,-1.26,0.63,0.0,LOW
2026-05-01 02:09:48,6800,0.1834,0.0227,0.6533,31.0,44.93,0.4,-9.44,-1.4,0.29,0.0,LOW
2026-05-01 02:09:48,6801,0.1757,0.0232,0.6533,31.0,45.67,0.433,-8.95,-0.44,0.24,0.0,LOW
2026-05-01 02:09:48,6802,0.1722,0.0444,0.6133,31.0,46.61,0.467,-5.24,-0.61,0.44,0.0,LOW
2026-05-01 02:09:48,6803,0.1686,0.0454,0.62,31.0,47.71,0.5,-5.87,0.36,-0.06,0.0,LOW
2026-05-01 02:09:48,6804,0.2055,0.0233,0.6267,31.0,47.39,0.533,-4.34,0.01,0.93,0.0,LOW
2026-05-01 02:09:48,6805,0.2084,0.0232,0.6333,31.0,47.1,0.567,-5.91,-0.51,0.84,0.0,LOW
2026-05-01 02:09:48,6806,0.2436,0.0454,0.6333,32.0,45.74,0.0,-5.76,-0.59,0.14,0.0,LOW
2026-05-01 02:09:48,6807,0.2436,0.0454,0.6333,32.0,44.48,0.0,-6.1,-0.57,0.02,0.0,LOW
2026-05-01 02:09:48,6808,0.2349,0.0217,0.6333,32.0,43.32,0.0,-3.07,-0.7,0.84,0.0,LOW
2026-05-01 02:09:48,6809,0.2367,0.0222,0.6333,32.0,42.25,0.0,-4.99,0.51,0.62,0.0,LOW
2026-05-01 02:09:48,6810,0.2349,0.0222,0.6333,32.0,41.27,0.0,-4.99,0.51,0.62,0.0,LOW
2026-05-01 02:09:48,6811,0.2334,0.0227,0.6333,32.0,40.37,0.0,-6.79,-0.52,0.74,0.0,LOW
2026-05-01 02:09:48,6812,0.243,0.0227,0.6333,32.0,39.54,0.0,-6.36,-0.59,0.75,0.0,LOW
2026-05-01 02:09:48,6813,0.2511,0.0455,0.6333,32.0,38.78,0.0,-7.8,-0.85,0.99,0.0,LOW
2026-05-01 02:09:48,6814,0.2513,0.0455,0.6333,32.0,38.08,0.0,-8.45,-1.29,1.27,0.0,LOW
2026-05-01 02:09:48,6815,0.2686,0.0227,0.6333,32.0,37.43,0.0,-5.27,-1.08,0.99,0.0,LOW
2026-05-01 02:09:48,6816,0.278,0.0217,0.6333,32.0,36.84,0.0,-6.04,-0.51,0.74,0.0,LOW
2026-05-01 02:09:48,6817,0.2643,0.0217,0.6333,32.0,36.29,0.0,-6.04,-0.51,0.74,0.0,LOW
2026-05-01 02:09:48,6818,0.2696,0.0444,0.6333,32.0,35.79,0.0,-7.69,-0.37,0.66,0.0,LOW
2026-05-01 02:09:48,6819,0.265,0.0444,0.6333,32.0,35.32,0.0,-7.46,0.03,0.52,0.0,LOW
2026-05-01 02:09:48,6820,0.2293,0.0486,0.6333,32.0,34.9,0.0,-6.08,-1.54,0.55,0.0,LOW
2026-05-01 02:09:48,6821,0.2379,0.0222,0.6333,32.0,34.51,0.0,-6.65,-0.51,0.44,0.0,LOW
2026-05-01 02:09:48,6822,0.2738,0.0,0.6333,32.0,34.14,0.0,-8.47,0.14,1.04,0.0,LOW
2026-05-01 02:09:48,6823,0.2739,0.0222,0.6333,32.0,33.81,0.0,-6.76,0.12,1.04,0.0,LOW
2026-05-01 02:09:49,6824,0.2643,0.0227,0.6333,32.0,33.51,0.0,-7.1,-0.71,1.63,0.0,LOW
2026-05-01 02:09:49,6825,0.2735,0.0444,0.6333,32.0,33.23,0.0,-6.26,-1.4,0.87,0.0,LOW
2026-05-01 02:09:49,6826,0.2912,0.0222,0.6333,32.0,32.97,0.0,-6.45,-1.97,1.15,0.0,LOW
2026-05-01 02:09:49,6827,0.3075,0.0455,0.6333,32.0,32.73,0.0,-3.43,-1.68,0.85,0.0,LOW
2026-05-01 02:09:49,6828,0.322,0.0455,0.6333,32.0,32.51,0.0,-3.54,-1.58,0.79,0.0,LOW
2026-05-01 02:09:49,6829,0.3032,0.0213,0.6333,32.0,32.31,0.0,-3.33,1.19,1.15,0.0,LOW
2026-05-01 02:09:49,6830,0.3065,0.0425,0.6333,32.0,32.13,0.0,-5.48,0.88,1.35,0.0,LOW
2026-05-01 02:09:49,6831,0.3253,0.0321,0.6333,32.0,31.96,0.0,-4.64,-1.64,0.99,0.0,LOW
2026-05-01 02:09:49,6832,0.3254,0.0321,0.6333,32.0,31.8,0.0,-3.1,0.76,0.81,0.0,LOW
2026-05-01 02:09:49,6833,0.3218,0.0213,0.6333,32.0,31.66,0.0,-3.33,-1.04,1.34,0.0,LOW
2026-05-01 02:09:49,6834,0.3204,0.0213,0.6333,32.0,31.52,0.0,-3.33,-1.04,1.34,0.0,LOW
2026-05-01 02:09:49,6835,0.3223,0.0222,0.6333,32.0,31.4,0.0,-3.05,-1.14,0.6,0.0,LOW
2026-05-01 02:09:49,6836,0.3289,0.0217,0.6333,32.0,31.29,0.0,-2.51,-1.0,1.03,0.0,LOW
2026-05-01 02:09:49,6837,0.3216,0.0435,0.6333,32.0,31.19,0.0,-2.51,-1.0,1.03,0.0,LOW
2026-05-01 02:09:49,6838,0.3028,0.0222,0.6333,32.0,31.09,0.0,-3.51,-1.3,0.5,0.0,LOW
2026-05-01 02:09:49,6839,0.2942,0.0222,0.6333,32.0,31.0,0.0,-3.51,-1.3,0.5,0.0,LOW
2026-05-01 02:09:49,6840,0.2947,0.0227,0.6333,32.0,30.92,0.0,-5.78,-0.71,0.52,0.0,LOW
2026-05-01 02:09:49,6841,0.2994,0.0227,0.6333,32.0,30.85,0.0,-5.41,-1.77,1.0,0.0,LOW
2026-05-01 02:09:49,6842,0.2823,0.0435,0.6333,32.0,30.78,0.0,-7.32,-0.79,0.98,0.0,LOW
2026-05-01 02:09:49,6843,0.2641,0.0435,0.6333,32.0,30.72,0.0,-7.31,-0.17,1.05,0.0,LOW
2026-05-01 02:09:49,6844,0.2723,0.0444,0.6333,32.0,30.66,0.0,-6.92,-2.07,0.51,0.0,LOW
2026-05-01 02:09:49,6845,0.2677,0.0222,0.6333,32.0,30.61,0.0,-7.56,-1.45,1.02,0.0,LOW
2026-05-01 02:09:49,6846,0.2552,0.0227,0.6333,32.0,30.56,0.0,-5.21,-1.7,0.74,0.0,LOW
2026-05-01 02:09:49,6847,0.2697,0.0227,0.6333,32.0,30.52,0.0,-6.67,-1.69,0.62,0.0,LOW
2026-05-01 02:09:49,6848,0.2655,0.0222,0.6333,32.0,30.47,0.0,-5.79,-1.8,1.13,0.0,LOW
2026-05-01 02:09:49,6849,0.3032,0.0232,0.6333,32.0,30.44,0.0,-2.81,-0.25,0.84,0.0,LOW
2026-05-01 02:09:49,6850,0.3113,0.0232,0.6333,31.0,30.4,0.0,-4.51,-2.07,1.13,0.0,LOW
2026-05-01 02:09:49,6851,0.3024,0.0227,0.6333,31.0,30.37,0.0,-5.17,-0.8,0.64,0.0,LOW
2026-05-01 02:09:49,6852,0.2948,0.0222,0.6333,31.0,30.34,0.0,-5.2,-0.3,0.74,0.0,LOW
2026-05-01 02:09:49,6853,0.3028,0.0227,0.6267,31.0,30.31,0.0,-2.5,-3.23,1.04,0.0,LOW
2026-05-01 02:09:50,6854,0.295,0.0435,0.62,31.0,30.29,0.0,-4.53,-0.5,0.77,0.0,LOW
2026-05-01 02:09:50,6855,0.295,0.0426,0.5733,31.0,30.26,0.0,8.99,-1.04,0.4,0.0,LOW
2026-05-01 02:09:50,6856,0.2978,0.0213,0.5733,31.0,30.24,0.0,-4.51,-2.28,1.89,0.0,LOW
2026-05-01 02:09:50,6857,0.2972,0.0213,0.5733,31.0,30.22,0.0,-4.14,-1.73,1.33,0.0,LOW
2026-05-01 02:09:50,6858,0.3118,0.0222,0.5733,31.0,30.21,0.0,-3.74,-0.56,1.04,0.0,LOW
2026-05-01 02:09:50,6859,0.3254,0.0,0.5733,31.0,30.19,0.0,-3.31,-1.35,1.39,0.0,LOW
2026-05-01 02:09:50,6860,0.3032,0.0454,0.5733,31.0,30.17,0.0,-2.36,-0.99,0.5,0.0,LOW
2026-05-01 02:09:50,6861,0.3168,0.0227,0.5733,31.0,30.16,0.0,-3.85,0.51,0.37,0.0,LOW
2026-05-01 02:09:50,6862,0.3204,0.0227,0.5733,31.0,30.15,0.0,-3.63,-0.43,0.73,0.0,LOW
2026-05-01 02:09:50,6863,0.2997,0.0222,0.5733,31.0,30.14,0.0,-5.1,-1.07,0.57,0.0,LOW
2026-05-01 02:09:50,6864,0.282,0.0217,0.5667,31.0,30.12,0.0,-4.69,-3.19,1.06,0.0,LOW
2026-05-01 02:09:50,6865,0.3083,0.0435,0.56,31.0,30.11,0.0,8.49,-1.84,0.92,0.0,LOW
2026-05-01 02:09:50,6866,0.3032,0.0444,0.5133,31.0,30.11,0.0,-4.04,-1.01,1.05,0.0,LOW
2026-05-01 02:09:50,6867,0.3024,0.0508,0.5133,31.0,30.1,0.0,-1.54,-1.06,1.29,0.0,LOW
2026-05-01 02:09:50,6868,0.3249,0.0222,0.5133,31.0,30.09,0.0,-1.28,-0.65,1.02,0.0,LOW
2026-05-01 02:09:50,6869,0.3118,0.0222,0.5133,31.0,30.08,0.0,-4.46,-1.58,0.56,0.0,LOW
2026-05-01 02:09:50,6870,0.3085,0.0307,0.5133,31.0,30.08,0.0,-4.27,-1.69,0.98,0.0,LOW
2026-05-01 02:09:50,6871,0.3102,0.0444,0.5133,31.0,30.07,0.0,-2.56,-1.49,0.89,0.0,LOW
2026-05-01 02:09:50,6872,0.3113,0.0217,0.5133,31.0,30.06,0.0,-5.06,-0.42,1.16,0.0,LOW
2026-05-01 02:09:50,6873,0.3185,0.0222,0.5133,31.0,30.06,0.0,-4.63,-0.43,1.04,0.0,LOW
2026-05-01 02:09:50,6874,0.3047,0.0222,0.5133,31.0,30.05,0.0,-4.96,-1.53,1.23,0.0,LOW
2026-05-01 02:09:50,6875,0.2905,0.0222,0.5067,31.0,30.05,0.0,-4.52,-1.53,1.11,0.0,LOW
2026-05-01 02:09:50,6876,0.2947,0.0213,0.5,31.0,30.05,0.0,-4.57,-0.84,0.93,0.0,LOW
2026-05-01 02:09:50,6877,0.2947,0.0217,0.4933,31.0,30.04,0.0,-4.57,-0.84,0.93,0.0,LOW
2026-05-01 02:09:50,6878,0.3084,0.0444,0.4867,31.0,30.04,0.0,-6.13,0.17,0.3,0.0,LOW
