timestamp,frame,ear,mar,perclos,blink_rate,alert_level
2026-05-01 00:21:30,0,0.2628,0.2529,0.0,0.0,OK
2026-05-01 00:21:30,1,0.2605,0.2677,0.0,0.0,OK
2026-05-01 00:21:30,2,0.2726,0.2557,0.0,0.0,OK
2026-05-01 00:21:30,3,0.2611,0.2471,0.0,0.0,OK
2026-05-01 00:21:30,4,0.2513,0.2471,0.0,0.0,OK
2026-05-01 00:21:30,5,0.2712,0.2676,0.0,0.0,OK
2026-05-01 00:21:30,6,0.2717,0.2416,0.0,0.0,OK
2026-05-01 00:21:30,7,0.2649,0.2121,0.0,0.0,OK
2026-05-01 00:21:30,8,0.2884,0.2121,0.0,0.0,OK
2026-05-01 00:21:30,9,0.2673,0.2273,0.0,0.0,OK
2026-05-01 00:21:30,10,0.2564,0.2414,0.0,0.0,OK
2026-05-01 00:21:31,11,0.2725,0.2442,0.0,0.0,OK
2026-05-01 00:21:31,12,0.2776,0.2131,0.0,0.0,OK
2026-05-01 00:21:31,13,0.281,0.1604,0.0,0.0,OK
2026-05-01 00:21:31,14,0.2899,0.1754,0.0,0.0,OK
2026-05-01 00:21:31,15,0.2818,0.0526,0.0,0.0,OK
2026-05-01 00:21:31,16,0.2936,0.013,0.0,0.0,OK
2026-05-01 00:21:31,17,0.297,0.0186,0.0,0.0,OK
2026-05-01 00:21:31,18,0.2804,0.0135,0.0,0.0,OK
2026-05-01 00:21:31,19,0.2929,0.0135,0.0,0.0,OK
2026-05-01 00:21:31,20,0.307,0.0,0.0,0.0,OK
2026-05-01 00:21:31,21,0.3051,0.0,0.0,0.0,OK
2026-05-01 00:21:31,22,0.3129,0.0,0.0,0.0,OK
2026-05-01 00:21:31,23,0.3097,0.0506,0.0,0.0,OK
2026-05-01 00:21:31,24,0.3117,0.0625,0.0,0.0,OK
2026-05-01 00:21:31,25,0.3101,0.0,0.0,0.0,OK
2026-05-01 00:21:31,26,0.3207,0.0,0.0,0.0,OK
2026-05-01 00:21:31,27,0.327,0.0,0.0,0.0,OK
2026-05-01 00:21:31,28,0.3146,0.0135,0.0,0.0,OK
2026-05-01 00:21:31,29,0.2985,0.0133,0.0,0.0,OK
2026-05-01 00:21:31,30,0.3096,0.0,0.0,0.0,OK
2026-05-01 00:21:31,31,0.31,0.0137,0.0,0.0,OK
2026-05-01 00:21:31,32,0.3051,0.0135,0.0,0.0,OK
2026-05-01 00:21:31,33,0.3079,0.054,0.0,0.0,OK
2026-05-01 00:21:31,34,0.3024,0.0533,0.0,0.0,OK
2026-05-01 00:21:31,35,0.311,0.0267,0.0,0.0,OK
2026-05-01 00:21:32,36,0.3182,0.0267,0.0,0.0,OK
2026-05-01 00:21:32,37,0.2868,0.0833,0.0,0.0,OK
2026-05-01 00:21:32,38,0.2792,0.0833,0.0,0.0,OK
2026-05-01 00:21:32,39,0.2969,0.0,0.0,0.0,OK
2026-05-01 00:21:32,40,0.2994,0.054,0.0,0.0,OK
2026-05-01 00:21:32,41,0.3064,0.0533,0.0,0.0,OK
2026-05-01 00:21:32,42,0.2974,0.0133,0.0,0.0,OK
2026-05-01 00:21:32,43,0.3039,0.0139,0.0,0.0,OK
2026-05-01 00:21:32,44,0.3002,0.0,0.0,0.0,OK
2026-05-01 00:21:32,45,0.2742,0.0139,0.0,0.0,OK
2026-05-01 00:21:32,46,0.2802,0.0,0.0,0.0,OK
2026-05-01 00:21:32,47,0.0989,0.0133,0.0,0.0,OK
2026-05-01 00:21:32,48,0.1956,0.0416,0.0,0.0,OK
2026-05-01 00:21:32,49,0.1881,0.0263,0.0,0.0,OK
2026-05-01 00:21:32,50,0.2762,0.013,0.0,0.0,OK
2026-05-01 00:21:32,51,0.28,0.04,0.0,0.0,OK
2026-05-01 00:21:32,52,0.2986,0.0133,0.0,0.0,OK
2026-05-01 00:21:32,53,0.2928,0.0133,0.0,0.0,OK
2026-05-01 00:21:32,54,0.3027,0.0139,0.0,0.0,OK
2026-05-01 00:21:32,55,0.3047,0.0433,0.0,0.0,OK
2026-05-01 00:21:32,56,0.3044,0.0411,0.0,0.0,OK
2026-05-01 00:21:32,57,0.3114,0.0267,0.0,0.0,OK
2026-05-01 00:21:32,58,0.302,0.0135,0.0,0.0,OK
2026-05-01 00:21:32,59,0.31,0.0135,0.0,0.0,OK
2026-05-01 00:21:32,60,0.3141,0.0,0.0,0.0,OK
2026-05-01 00:21:32,61,0.3136,0.0137,0.0,0.0,OK
2026-05-01 00:21:32,62,0.3023,0.0133,0.0,0.0,OK
2026-05-01 00:21:32,63,0.3056,0.027,0.0,0.0,OK
2026-05-01 00:21:33,64,0.301,0.0274,0.0,0.0,OK
2026-05-01 00:21:33,65,0.3058,0.0306,0.0,0.0,OK
2026-05-01 00:21:33,66,0.3112,0.0135,0.0,0.0,OK
2026-05-01 00:21:33,67,0.3001,0.0,0.0,0.0,OK
2026-05-01 00:21:33,68,0.3062,0.0,0.0,0.0,OK
2026-05-01 00:21:33,69,0.2955,0.0,0.0,0.0,OK
2026-05-01 00:21:33,70,0.3045,0.0,0.0,0.0,OK
2026-05-01 00:21:33,71,0.2976,0.0,0.0,0.0,OK
2026-05-01 00:21:33,72,0.3186,0.0278,0.0,0.0,OK
2026-05-01 00:21:33,73,0.3141,0.0267,0.0,0.0,OK
2026-05-01 00:21:33,74,0.3042,0.0267,0.0,0.0,OK
2026-05-01 00:21:33,75,0.3227,0.0135,0.0,0.0,OK
2026-05-01 00:21:33,76,0.3216,0.0135,0.0,0.0,OK
2026-05-01 00:21:33,77,0.3059,0.0267,0.0,0.0,OK
2026-05-01 00:21:33,78,0.3113,0.0137,0.0,0.0,OK
2026-05-01 00:21:33,79,0.2934,0.0,0.0,0.0,OK
2026-05-01 00:21:33,80,0.3189,0.0,0.0,0.0,OK
2026-05-01 00:21:33,81,0.3104,0.0141,0.0,0.0,OK
2026-05-01 00:21:33,82,0.3033,0.0,0.0,0.0,OK
2026-05-01 00:21:33,83,0.3022,0.0,0.0,0.0,OK
2026-05-01 00:21:33,84,0.3011,0.0,0.0,0.0,OK
2026-05-01 00:21:33,85,0.3244,0.0133,0.0,0.0,OK
2026-05-01 00:21:33,86,0.3249,0.0133,0.0,0.0,OK
2026-05-01 00:21:33,87,0.315,0.0,0.0,0.0,OK
2026-05-01 00:21:33,88,0.3152,0.0,0.0,0.0,OK
2026-05-01 00:21:33,89,0.3139,0.0143,0.0,0.0,OK
2026-05-01 00:21:34,90,0.3045,0.0139,0.0,0.0,OK
2026-05-01 00:21:34,91,0.3061,0.0274,0.0,0.0,OK
2026-05-01 00:21:34,92,0.3139,0.0,0.0,0.0,OK
2026-05-01 00:21:34,93,0.2941,0.0557,0.0,0.0,OK
2026-05-01 00:21:34,94,0.3099,0.0278,0.0,0.0,OK
2026-05-01 00:21:34,95,0.3076,0.0137,0.0,0.0,OK
2026-05-01 00:21:34,96,0.3082,0.0286,0.0,0.0,OK
2026-05-01 00:21:34,97,0.3097,0.0286,0.0,0.0,OK
2026-05-01 00:21:34,98,0.317,0.0,0.0,0.0,OK
2026-05-01 00:21:34,99,0.3132,0.0141,0.0,0.0,OK
2026-05-01 00:21:34,100,0.3059,0.0135,0.0,0.0,OK
2026-05-01 00:21:34,101,0.3059,0.0135,0.0,0.0,OK
2026-05-01 00:21:34,102,0.3097,0.0286,0.0,0.0,OK
2026-05-01 00:21:34,103,0.3233,0.0282,0.0,0.0,OK
2026-05-01 00:21:34,104,0.3045,0.0274,0.0,0.0,OK
2026-05-01 00:21:34,105,0.3059,0.0194,0.0,0.0,OK
2026-05-01 00:21:34,106,0.3061,0.0274,0.0,0.0,OK
2026-05-01 00:21:34,107,0.3007,0.0274,0.0,0.0,OK
2026-05-01 00:21:34,108,0.3095,0.0139,0.0,0.0,OK
2026-05-01 00:21:34,109,0.3168,0.0139,0.0,0.0,OK
2026-05-01 00:21:34,110,0.2234,0.0143,0.0,0.0,OK
2026-05-01 00:21:34,111,0.2285,0.0,0.0,0.0,OK
2026-05-01 00:21:34,112,0.2066,0.0143,0.0,0.0,OK
2026-05-01 00:21:34,113,0.2678,0.029,0.0,0.0,OK
2026-05-01 00:21:34,114,0.2767,0.0205,0.0,0.0,OK
2026-05-01 00:21:35,115,0.2953,0.0139,0.0,0.0,OK
2026-05-01 00:21:35,116,0.2966,0.0274,0.0,0.0,OK
2026-05-01 00:21:35,117,0.3007,0.0141,0.0,0.0,OK
2026-05-01 00:21:35,118,0.3042,0.0306,0.0,0.0,OK
2026-05-01 00:21:35,119,0.291,0.0274,0.0,0.0,OK
2026-05-01 00:21:35,120,0.2926,0.0137,0.0,0.0,OK
2026-05-01 00:21:35,121,0.3005,0.0147,0.0,0.0,OK
2026-05-01 00:21:35,122,0.2928,0.0135,0.0,0.0,OK
2026-05-01 00:21:35,123,0.2977,0.0137,0.0,0.0,OK
2026-05-01 00:21:35,124,0.314,0.0145,0.0,0.0,OK
2026-05-01 00:21:35,125,0.3159,0.0145,0.0,0.0,OK
2026-05-01 00:21:35,126,0.319,0.0139,0.0,0.0,OK
2026-05-01 00:21:35,127,0.3245,0.0139,0.0,0.0,OK
2026-05-01 00:21:35,128,0.3344,0.0,0.0,0.0,OK
2026-05-01 00:21:35,129,0.3254,0.0,0.0,0.0,OK
2026-05-01 00:21:35,130,0.3256,0.0,0.0,0.0,OK
2026-05-01 00:21:35,131,0.3123,0.0,0.0,0.0,OK
2026-05-01 00:21:35,132,0.3115,0.0,0.0,0.0,OK
2026-05-01 00:21:35,133,0.3033,0.0278,0.0,0.0,OK
2026-05-01 00:21:35,134,0.3063,0.0315,0.0,0.0,OK
2026-05-01 00:21:35,135,0.3199,0.0205,0.0,0.0,OK
2026-05-01 00:21:35,136,0.3198,0.0286,0.0,0.0,OK
2026-05-01 00:21:35,137,0.3077,0.0439,0.0,0.0,OK
2026-05-01 00:21:35,138,0.3077,0.0417,0.0,0.0,OK
2026-05-01 00:21:35,139,0.2808,0.0139,0.0,0.0,OK
2026-05-01 00:21:36,140,0.2884,0.0137,0.0,0.0,OK
2026-05-01 00:21:36,141,0.2899,0.0139,0.0,0.0,OK
2026-05-01 00:21:36,142,0.2921,0.0137,0.0,0.0,OK
2026-05-01 00:21:36,143,0.3036,0.0417,0.0,0.0,OK
2026-05-01 00:21:36,144,0.311,0.0439,0.0,0.0,OK
2026-05-01 00:21:36,145,0.3011,0.0282,0.0,0.0,OK
2026-05-01 00:21:36,146,0.3046,0.0282,0.0,0.0,OK
2026-05-01 00:21:36,147,0.29,0.0,0.0,0.0,OK
2026-05-01 00:21:36,148,0.2918,0.0,0.0,0.0,OK
2026-05-01 00:21:36,149,0.3285,0.0565,0.0,0.0,OK
2026-05-01 00:21:36,150,0.3157,0.0411,0.0,0.0,OK
2026-05-01 00:21:36,151,0.2838,0.0,0.0,0.0,OK
2026-05-01 00:21:36,152,0.2923,0.0324,0.0,0.0,OK
2026-05-01 00:21:36,153,0.2923,0.029,0.0,0.0,OK
2026-05-01 00:21:36,154,0.3183,0.0,0.0,0.0,OK
2026-05-01 00:21:36,155,0.3206,0.0,0.0,0.0,OK
2026-05-01 00:21:36,156,0.3116,0.0,0.0,0.0,OK
2026-05-01 00:21:36,157,0.3151,0.0141,0.0,0.0,OK
2026-05-01 00:21:36,158,0.3203,0.0,0.0,0.0,OK
2026-05-01 00:21:36,159,0.3203,0.0,0.0,0.0,OK
2026-05-01 00:21:36,160,0.3224,0.027,0.0,0.0,OK
2026-05-01 00:21:36,161,0.3187,0.0135,0.0,0.0,OK
2026-05-01 00:21:36,162,0.3153,0.0143,0.0,0.0,OK
2026-05-01 00:21:36,163,0.3236,0.0,0.0,0.0,OK
2026-05-01 00:21:36,164,0.332,0.0,0.0,0.0,OK
2026-05-01 00:21:36,165,0.319,0.0,0.0,0.0,OK
2026-05-01 00:21:36,166,0.3277,0.0,0.0,0.0,OK
2026-05-01 00:21:37,167,0.3195,0.0137,0.0,0.0,OK
2026-05-01 00:21:37,168,0.3166,0.0,0.0,0.0,OK
2026-05-01 00:21:37,169,0.3153,0.0428,0.0,0.0,OK
2026-05-01 00:21:37,170,0.3153,0.0458,0.0,0.0,OK
2026-05-01 00:21:37,171,0.3115,0.0,0.0,0.0,OK
2026-05-01 00:21:37,172,0.3152,0.0,0.0,0.0,OK
2026-05-01 00:21:37,173,0.3261,0.0,0.0,0.0,OK
2026-05-01 00:21:37,174,0.3114,0.0139,0.0,0.0,OK
2026-05-01 00:21:37,175,0.3186,0.0137,0.0,0.0,OK
2026-05-01 00:21:37,176,0.306,0.0589,0.0,0.0,OK
2026-05-01 00:21:37,177,0.3168,0.0571,0.0,0.0,OK
2026-05-01 00:21:37,178,0.3238,0.0278,0.0,0.0,OK
2026-05-01 00:21:37,179,0.3133,0.0417,0.0,0.0,OK
2026-05-01 00:21:37,180,0.3248,0.0143,0.0,0.0,OK
2026-05-01 00:21:37,181,0.321,0.0286,0.0,0.0,OK
2026-05-01 00:21:37,182,0.3104,0.0,0.0,0.0,OK
2026-05-01 00:21:37,183,0.3156,0.0,0.0,0.0,OK
2026-05-01 00:21:37,184,0.3167,0.0441,0.0,0.0,OK
2026-05-01 00:21:37,185,0.305,0.0739,0.0,0.0,OK
2026-05-01 00:21:37,186,0.3168,0.0282,0.0,0.0,OK
2026-05-01 00:21:37,187,0.3169,0.0,0.0,0.0,OK
2026-05-01 00:21:37,188,0.3151,0.0141,0.0,0.0,OK
2026-05-01 00:21:37,189,0.3261,0.0,0.0,0.0,OK
2026-05-01 00:21:37,190,0.3274,0.0137,0.0,0.0,OK
2026-05-01 00:21:37,191,0.3248,0.0147,0.0,0.0,OK
2026-05-01 00:21:37,192,0.3331,0.0,0.0,0.0,OK
2026-05-01 00:21:37,193,0.3204,0.0,0.0,0.0,OK
2026-05-01 00:21:37,194,0.3266,0.0141,0.0,0.0,OK
2026-05-01 00:21:37,195,0.3266,0.0139,0.0,0.0,OK
2026-05-01 00:21:38,196,0.315,0.0,0.0,0.0,OK
2026-05-01 00:21:38,197,0.3059,0.0,0.0,0.0,OK
2026-05-01 00:21:38,198,0.312,0.0282,0.0,0.0,OK
2026-05-01 00:21:38,199,0.3146,0.0319,0.0,0.0,OK
2026-05-01 00:21:38,200,0.3034,0.0281,0.0,0.0,OK
2026-05-01 00:21:38,201,0.3099,0.0139,0.0,0.0,OK
2026-05-01 00:21:38,202,0.3118,0.0137,0.0,0.0,OK
2026-05-01 00:21:38,203,0.3079,0.0,0.0,0.0,OK
2026-05-01 00:21:38,204,0.3102,0.0,0.0,0.0,OK
2026-05-01 00:21:38,205,0.324,0.0191,0.0,0.0,OK
2026-05-01 00:21:38,206,0.3347,0.0306,0.0,0.0,OK
2026-05-01 00:21:38,207,0.3168,0.0143,0.0,0.0,OK
2026-05-01 00:21:38,208,0.3114,0.0145,0.0,0.0,OK
2026-05-01 00:21:38,209,0.3174,0.0547,0.0,0.0,OK
2026-05-01 00:21:38,210,0.31,0.0547,0.0,0.0,OK
2026-05-01 00:21:38,211,0.2947,0.0143,0.0,0.0,OK
2026-05-01 00:21:38,212,0.3207,0.0411,0.0,0.0,OK
2026-05-01 00:21:38,213,0.3207,0.0555,0.0,0.0,OK
2026-05-01 00:21:38,214,0.3333,0.0,0.0,0.0,OK
2026-05-01 00:21:38,215,0.3241,0.0137,0.0,0.0,OK
2026-05-01 00:21:38,216,0.321,0.0,0.0,0.0,OK
2026-05-01 00:21:38,217,0.3264,0.0,0.0,0.0,OK
2026-05-01 00:21:38,218,0.3252,0.0,0.0,0.0,OK
2026-05-01 00:21:38,219,0.3182,0.0137,0.0,0.0,OK
2026-05-01 00:21:38,220,0.3423,0.0,0.0,0.0,OK
2026-05-01 00:21:38,221,0.3315,0.0,0.0,0.0,OK
2026-05-01 00:21:38,222,0.3264,0.0274,0.0,0.0,OK
2026-05-01 00:21:38,223,0.3192,0.0,0.0,0.0,OK
2026-05-01 00:21:38,224,0.3211,0.0,0.0,0.0,OK
2026-05-01 00:21:38,225,0.3008,0.0,0.0,0.0,OK
2026-05-01 00:21:38,226,0.3098,0.0145,0.0,0.0,OK
2026-05-01 00:21:39,227,0.3044,0.0141,0.0,0.0,OK
2026-05-01 00:21:39,228,0.3064,0.0141,0.0,0.0,OK
2026-05-01 00:21:39,229,0.3155,0.0141,0.0,0.0,OK
2026-05-01 00:21:39,230,0.3117,0.0,0.0,0.0,OK
2026-05-01 00:21:39,231,0.3117,0.0433,0.0,0.0,OK
2026-05-01 00:21:39,232,0.3261,0.0,0.0,0.0,OK
2026-05-01 00:21:39,233,0.3302,0.0141,0.0,0.0,OK
2026-05-01 00:21:39,234,0.3353,0.04,0.0,0.0,OK
2026-05-01 00:21:39,235,0.3312,0.027,0.0,0.0,OK
2026-05-01 00:21:39,236,0.3174,0.0319,0.0,0.0,OK
2026-05-01 00:21:39,237,0.3187,0.0282,0.0,0.0,OK
2026-05-01 00:21:39,238,0.3114,0.0,0.0,0.0,OK
2026-05-01 00:21:39,239,0.293,0.0141,0.0,0.0,OK
2026-05-01 00:21:39,240,0.2927,0.0199,0.0,0.0,OK
2026-05-01 00:21:39,241,0.3104,0.0147,0.0,0.0,OK
2026-05-01 00:21:39,242,0.309,0.0147,0.0,0.0,OK
2026-05-01 00:21:39,243,0.3265,0.0,0.0,0.0,OK
2026-05-01 00:21:39,244,0.3265,0.0,0.0,0.0,OK
2026-05-01 00:21:39,245,0.3117,0.0267,0.0,0.0,OK
2026-05-01 00:21:39,246,0.3151,0.0267,0.0,0.0,OK
2026-05-01 00:21:39,247,0.3154,0.0141,0.0,0.0,OK
2026-05-01 00:21:39,248,0.3052,0.0,0.0,0.0,OK
2026-05-01 00:21:39,249,0.3118,0.0145,0.0,0.0,OK
2026-05-01 00:21:39,250,0.3103,0.0145,0.0,0.0,OK
2026-05-01 00:21:39,251,0.3035,0.0,0.0,0.0,OK
2026-05-01 00:21:39,252,0.3079,0.0,0.0,0.0,OK
2026-05-01 00:21:40,253,0.3064,0.0,0.0,0.0,OK
2026-05-01 00:21:40,254,0.3168,0.0,0.0,0.0,OK
2026-05-01 00:21:40,255,0.2953,0.029,0.0,0.0,OK
2026-05-01 00:21:40,256,0.2538,0.0411,0.0,0.0,OK
2026-05-01 00:21:40,257,0.2484,0.0556,0.0,0.0,OK
2026-05-01 00:21:40,258,0.2323,0.0285,0.0,0.0,OK
2026-05-01 00:21:40,259,0.2294,0.0435,0.0,0.0,OK
2026-05-01 00:21:40,260,0.2407,0.0,0.0,0.0,OK
2026-05-01 00:21:40,261,0.2479,0.0,0.0,0.0,OK
2026-05-01 00:21:40,262,0.2508,0.0,0.0,0.0,OK
2026-05-01 00:21:40,263,0.2378,0.0,0.0,0.0,OK
2026-05-01 00:21:40,264,0.2238,0.0,0.0,0.0,OK
2026-05-01 00:21:40,265,0.2267,0.0,0.0,0.0,OK
2026-05-01 00:21:40,266,0.2455,0.0,0.0,0.0,OK
2026-05-01 00:21:40,267,0.2372,0.0,0.0,0.0,OK
2026-05-01 00:21:40,268,0.2452,0.0,0.0,0.0,OK
2026-05-01 00:21:40,269,0.2501,0.0,0.0,0.0,OK
2026-05-01 00:21:40,270,0.2683,0.0145,0.0,0.0,OK
2026-05-01 00:21:40,271,0.2813,0.0555,0.0,0.0,OK
2026-05-01 00:21:40,272,0.2885,0.0422,0.0,0.0,OK
2026-05-01 00:21:40,273,0.3111,0.0,0.0,0.0,OK
2026-05-01 00:21:40,274,0.3103,0.0278,0.0,0.0,OK
2026-05-01 00:21:40,275,0.3029,0.0302,0.0,0.0,OK
2026-05-01 00:21:41,276,0.2957,0.0191,0.0,0.0,OK
2026-05-01 00:21:41,277,0.3166,0.0137,0.0,0.0,OK
2026-05-01 00:21:41,278,0.3151,0.0,0.0,0.0,OK
2026-05-01 00:21:41,279,0.3162,0.0,0.0,0.0,OK
2026-05-01 00:21:41,280,0.3283,0.0,0.0,0.0,OK
2026-05-01 00:21:41,281,0.3174,0.0137,0.0,0.0,OK
2026-05-01 00:21:41,282,0.3223,0.0,0.0,0.0,OK
2026-05-01 00:21:41,283,0.3145,0.0,0.0,0.0,OK
2026-05-01 00:21:41,284,0.3221,0.0,0.0,0.0,OK
2026-05-01 00:21:41,285,0.3272,0.0135,0.0,0.0,OK
2026-05-01 00:21:41,286,0.3208,0.0137,0.0,0.0,OK
2026-05-01 00:21:41,287,0.3229,0.0,0.0,0.0,OK
2026-05-01 00:21:41,288,0.3212,0.0143,0.0,0.0,OK
2026-05-01 00:21:41,289,0.3264,0.0143,0.0,0.0,OK
2026-05-01 00:21:41,290,0.3304,0.0205,0.0,0.0,OK
2026-05-01 00:21:41,291,0.3049,0.0606,0.0,0.0,OK
2026-05-01 00:21:41,292,0.3101,0.0735,0.0,0.0,OK
2026-05-01 00:21:41,293,0.2991,0.0597,0.0,0.0,OK
2026-05-01 00:21:41,294,0.3176,0.0141,0.0,0.0,OK
2026-05-01 00:21:41,295,0.3246,0.0141,0.0,0.0,OK
2026-05-01 00:21:41,296,0.3147,0.0294,0.0,0.0,OK
2026-05-01 00:21:41,297,0.3117,0.0,0.0,0.0,OK
2026-05-01 00:21:41,298,0.3179,0.0274,0.0,0.0,OK
2026-05-01 00:21:41,299,0.3095,0.0427,0.0,0.0,OK
2026-05-01 00:21:41,300,0.3085,0.0139,0.0,0.0,OK
2026-05-01 00:21:41,301,0.3026,0.0137,0.0,0.0,OK
2026-05-01 00:21:41,302,0.3112,0.0141,0.0,0.0,OK
2026-05-01 00:21:41,303,0.2987,0.0149,0.0,0.0,OK
2026-05-01 00:21:42,304,0.3009,0.0,0.0,0.0,OK
2026-05-01 00:21:42,305,0.3126,0.0,0.0,0.0,OK
2026-05-01 00:21:42,306,0.3129,0.0,0.0,0.0,OK
2026-05-01 00:21:42,307,0.3116,0.0302,0.0,0.0,OK
2026-05-01 00:21:42,308,0.3153,0.0137,0.0,0.0,OK
2026-05-01 00:21:42,309,0.2952,0.0,0.0,0.0,OK
2026-05-01 00:21:42,310,0.272,0.0285,0.0,0.0,OK
2026-05-01 00:21:42,311,0.272,0.0281,0.0,0.0,OK
2026-05-01 00:21:42,312,0.2861,0.0143,0.0,0.0,OK
2026-05-01 00:21:42,313,0.2897,0.0143,0.0,0.0,OK
2026-05-01 00:21:42,314,0.3102,0.0137,0.0,0.0,OK
2026-05-01 00:21:42,315,0.3051,0.0137,0.0,0.0,OK
2026-05-01 00:21:42,316,0.2824,0.0145,0.0,0.0,OK
2026-05-01 00:21:42,317,0.2937,0.0205,0.0,0.0,OK
2026-05-01 00:21:42,318,0.299,0.0,0.0,0.0,OK
2026-05-01 00:21:42,319,0.3084,0.0286,0.0,0.0,OK
2026-05-01 00:21:42,320,0.3209,0.0324,0.0,0.0,OK
2026-05-01 00:21:42,321,0.3147,0.0135,0.0,0.0,OK
2026-05-01 00:21:42,322,0.3115,0.0135,0.0,0.0,OK
2026-05-01 00:21:42,323,0.3267,0.0286,0.0,0.0,OK
2026-05-01 00:21:42,324,0.3213,0.0282,0.0,0.0,OK
2026-05-01 00:21:42,325,0.3195,0.0141,0.0,0.0,OK
2026-05-01 00:21:42,326,0.3195,0.0137,0.0,0.0,OK
2026-05-01 00:21:42,327,0.3051,0.0,0.0,0.0,OK
2026-05-01 00:21:42,328,0.3125,0.0,0.0,0.0,OK
2026-05-01 00:21:42,329,0.3051,0.0202,0.0,0.0,OK
2026-05-01 00:21:42,330,0.3148,0.0,0.0,0.0,OK
2026-05-01 00:21:42,331,0.2425,0.04,0.0,0.0,OK
2026-05-01 00:21:42,332,0.0856,0.0306,0.0,0.0,OK
2026-05-01 00:21:42,333,0.098,0.0274,0.0,0.0,OK
2026-05-01 00:21:43,334,0.2122,0.0139,0.0,0.0,OK
2026-05-01 00:21:43,335,0.209,0.0141,0.0,0.0,OK
2026-05-01 00:21:43,336,0.2641,0.0298,0.0,0.0,OK
2026-05-01 00:21:43,337,0.2618,0.0303,0.0,0.0,OK
2026-05-01 00:21:43,338,0.2981,0.0149,0.0,0.0,OK
2026-05-01 00:21:43,339,0.3078,0.0302,0.0,0.0,OK
2026-05-01 00:21:43,340,0.3061,0.0427,0.0,0.0,OK
2026-05-01 00:21:43,341,0.3138,0.0,0.0,0.0,OK
2026-05-01 00:21:43,342,0.3153,0.0,0.0,0.0,OK
2026-05-01 00:21:43,343,0.2975,0.0143,0.0,0.0,OK
2026-05-01 00:21:43,344,0.2975,0.0,0.0,0.0,OK
2026-05-01 00:21:43,345,0.3121,0.0145,0.0,0.0,OK
2026-05-01 00:21:43,346,0.3139,0.0,0.0,0.0,OK
2026-05-01 00:21:43,347,0.2956,0.0143,0.0,0.0,OK
2026-05-01 00:21:43,348,0.3007,0.0274,0.0,0.0,OK
2026-05-01 00:21:43,349,0.288,0.0411,0.0,0.0,OK
2026-05-01 00:21:43,350,0.3119,0.0143,0.0,0.0,OK
2026-05-01 00:21:43,351,0.3121,0.0282,0.0,0.0,OK
2026-05-01 00:21:43,352,0.3134,0.0199,0.0,0.0,OK
2026-05-01 00:21:43,353,0.3094,0.0143,0.0,0.0,OK
2026-05-01 00:21:43,354,0.3079,0.0,0.0,0.0,OK
2026-05-01 00:21:43,355,0.3249,0.0141,0.0,0.0,OK
2026-05-01 00:21:43,356,0.3252,0.0141,0.0,0.0,OK
2026-05-01 00:21:43,357,0.3261,0.0,0.0,0.0,OK
2026-05-01 00:21:43,358,0.3247,0.0,0.0,0.0,OK
2026-05-01 00:21:43,359,0.3031,0.0334,0.0,0.0,OK
2026-05-01 00:21:43,360,0.3062,0.0147,0.0,0.0,OK
2026-05-01 00:21:43,361,0.3168,0.0526,0.0,0.0,OK
2026-05-01 00:21:43,362,0.3133,0.0416,0.0,0.0,OK
2026-05-01 00:21:43,363,0.3194,0.0435,0.0,0.0,OK
2026-05-01 00:21:44,364,0.3161,0.0428,0.0,0.0,OK
2026-05-01 00:21:44,365,0.3234,0.0294,0.0,0.0,OK
2026-05-01 00:21:44,366,0.3305,0.0,0.0,0.0,OK
2026-05-01 00:21:44,367,0.3169,0.0278,0.0,0.0,OK
2026-05-01 00:21:44,368,0.3212,0.0286,0.0,0.0,OK
2026-05-01 00:21:44,369,0.3155,0.0145,0.0,0.0,OK
2026-05-01 00:21:44,370,0.3192,0.0278,0.0,0.0,OK
2026-05-01 00:21:44,371,0.3087,0.0278,0.0,0.0,OK
2026-05-01 00:21:44,372,0.3306,0.0278,0.0,0.0,OK
2026-05-01 00:21:44,373,0.3194,0.0285,0.0,0.0,OK
2026-05-01 00:21:44,374,0.3132,0.0,0.0,0.0,OK
2026-05-01 00:21:44,375,0.315,0.0,0.0,0.0,OK
2026-05-01 00:21:44,376,0.3141,0.0,0.0,0.0,OK
2026-05-01 00:21:44,377,0.2887,0.0422,0.0,0.0,OK
2026-05-01 00:21:44,378,0.3055,0.0428,0.0,0.0,OK
2026-05-01 00:21:44,379,0.3019,0.0139,0.0,0.0,OK
2026-05-01 00:21:44,380,0.3119,0.0139,0.0,0.0,OK
2026-05-01 00:21:44,381,0.3119,0.0135,0.0,0.0,OK
2026-05-01 00:21:44,382,0.3271,0.0139,0.0,0.0,OK
2026-05-01 00:21:44,383,0.3055,0.0149,0.0,0.0,OK
2026-05-01 00:21:44,384,0.3209,0.0147,0.0,0.0,OK
2026-05-01 00:21:44,385,0.3209,0.0147,0.0,0.0,OK
2026-05-01 00:21:44,386,0.3061,0.0,0.0,0.0,OK
2026-05-01 00:21:44,387,0.3043,0.0,0.0,0.0,OK
2026-05-01 00:21:44,388,0.1855,0.0,0.0,0.0,OK
2026-05-01 00:21:44,389,0.0885,0.0145,0.0,0.0,OK
2026-05-01 00:21:44,390,0.2042,0.0,0.0,0.0,OK
2026-05-01 00:21:45,391,0.213,0.0145,0.0,0.0,OK
2026-05-01 00:21:45,392,0.2479,0.0266,0.0,0.0,OK
2026-05-01 00:21:45,393,0.2648,0.0,0.0,0.0,OK
2026-05-01 00:21:45,394,0.2876,0.0147,0.0,0.0,OK
2026-05-01 00:21:45,395,0.286,0.0145,0.0,0.0,OK
2026-05-01 00:21:45,396,0.2806,0.0278,0.0,0.0,OK
2026-05-01 00:21:45,397,0.2808,0.0145,0.0,0.0,OK
2026-05-01 00:21:45,398,0.2833,0.054,0.0,0.0,OK
2026-05-01 00:21:45,399,0.2865,0.0411,0.0,0.0,OK
2026-05-01 00:21:45,400,0.2534,0.0428,0.0,0.0,OK
2026-05-01 00:21:45,401,0.0869,0.0,0.0,0.0,OK
2026-05-01 00:21:45,402,0.1955,0.0416,0.0,0.0,OK
2026-05-01 00:21:45,403,0.1981,0.0428,0.0,0.0,OK
2026-05-01 00:21:45,404,0.2619,0.0135,0.0,0.0,OK
2026-05-01 00:21:45,405,0.2619,0.031,0.0,0.0,OK
2026-05-01 00:21:45,406,0.2973,0.0139,0.0,0.0,OK
2026-05-01 00:21:45,407,0.2956,0.0439,0.0,0.0,OK
2026-05-01 00:21:45,408,0.3205,0.0,0.0,0.0,OK
2026-05-01 00:21:45,409,0.3138,0.0428,0.0,0.0,OK
2026-05-01 00:21:45,410,0.3138,0.0435,0.0,0.0,OK
2026-05-01 00:21:45,411,0.3091,0.0428,0.0,0.0,OK
2026-05-01 00:21:45,412,0.309,0.0724,0.0,0.0,OK
2026-05-01 00:21:45,413,0.3044,0.0,0.0,0.0,OK
2026-05-01 00:21:45,414,0.3138,0.0149,0.0,0.0,OK
2026-05-01 00:21:45,415,0.3125,0.0285,0.0,0.0,OK
2026-05-01 00:21:45,416,0.3197,0.0441,0.0,0.0,OK
2026-05-01 00:21:45,417,0.3212,0.0149,0.0,0.0,OK
2026-05-01 00:21:46,418,0.3222,0.0285,0.0,0.0,OK
2026-05-01 00:21:46,419,0.3228,0.0285,0.0,0.0,OK
2026-05-01 00:21:46,420,0.3044,0.0,0.0,0.0,OK
2026-05-01 00:21:46,421,0.3117,0.0143,0.0,0.0,OK
2026-05-01 00:21:46,422,0.3105,0.0145,0.0,0.0,OK
2026-05-01 00:21:46,423,0.3078,0.0141,0.0,0.0,OK
2026-05-01 00:21:46,424,0.3134,0.0141,0.0,0.0,OK
2026-05-01 00:21:46,425,0.2974,0.0,0.0,0.0,OK
2026-05-01 00:21:46,426,0.2974,0.0,0.0,0.0,OK
2026-05-01 00:21:46,427,0.2798,0.0147,0.0,0.0,OK
2026-05-01 00:21:46,428,0.2815,0.0,0.0,0.0,OK
2026-05-01 00:21:46,429,0.0863,0.0571,0.0,0.0,OK
2026-05-01 00:21:46,430,0.0944,0.0563,0.0,0.0,OK
2026-05-01 00:21:46,431,0.1825,0.0137,0.0,0.0,OK
2026-05-01 00:21:46,432,0.2526,0.0154,0.0,0.0,OK
2026-05-01 00:21:46,433,0.2514,0.0154,0.0,0.0,OK
2026-05-01 00:21:46,434,0.3077,0.0145,0.0,0.0,OK
2026-05-01 00:21:46,435,0.3058,0.0205,0.0,0.0,OK
2026-05-01 00:21:46,436,0.3051,0.0,0.0,0.0,OK
2026-05-01 00:21:46,437,0.3229,0.0143,0.0,0.0,OK
2026-05-01 00:21:46,438,0.29,0.0294,0.0,0.0,OK
2026-05-01 00:21:46,439,0.2971,0.029,0.0,0.0,OK
2026-05-01 00:21:46,440,0.3041,0.0285,0.0,0.0,OK
2026-05-01 00:21:46,441,0.2987,0.0,0.0,0.0,OK
2026-05-01 00:21:46,442,0.3116,0.0274,0.0,0.0,OK
2026-05-01 00:21:46,443,0.3157,0.0139,0.0,0.0,OK
2026-05-01 00:21:46,444,0.2995,0.0143,0.0,0.0,OK
2026-05-01 00:21:47,445,0.2932,0.0143,0.0,0.0,OK
2026-05-01 00:21:47,446,0.3027,0.0,0.0,0.0,OK
2026-05-01 00:21:47,447,0.3029,0.0,0.0,0.0,OK
2026-05-01 00:21:47,448,0.2811,0.0,0.0,0.0,OK
2026-05-01 00:21:47,449,0.273,0.0,0.0,0.0,OK
2026-05-01 00:21:47,450,0.1392,0.0,0.0,0.0,OK
2026-05-01 00:21:47,451,0.1092,0.0,0.0,0.0,OK
2026-05-01 00:21:47,452,0.0966,0.0,0.0,0.0,OK
2026-05-01 00:21:47,453,0.0773,0.0,0.0,0.0,OK
2026-05-01 00:21:47,454,0.0696,0.0,0.0,0.0,OK
2026-05-01 00:21:47,455,0.0853,0.0,0.0,0.0,OK
2026-05-01 00:21:47,456,0.0817,0.0151,0.0467,0.0,OK
2026-05-01 00:21:47,457,0.0833,0.0147,0.0533,0.0,OK
2026-05-01 00:21:47,458,0.0714,0.0278,0.06,0.0,OK
2026-05-01 00:21:47,459,0.0791,0.0405,0.0667,0.0,OK
2026-05-01 00:21:47,460,0.084,0.0143,0.0733,0.0,OK
2026-05-01 00:21:47,461,0.0816,0.0139,0.08,0.0,OK
2026-05-01 00:21:47,462,0.0646,0.0145,0.0867,0.0,OK
2026-05-01 00:21:47,463,0.0688,0.0143,0.0933,0.0,OK
2026-05-01 00:21:47,464,0.0713,0.0143,0.1,0.0,OK
2026-05-01 00:21:47,465,0.0651,0.0,0.1067,0.0,OK
2026-05-01 00:21:47,466,0.0762,0.0205,0.1133,0.0,OK
2026-05-01 00:21:47,467,0.0982,0.0141,0.12,0.0,OK
2026-05-01 00:21:47,468,0.0891,0.0143,0.1267,0.0,OK
2026-05-01 00:21:47,469,0.0733,0.0,0.1333,0.0,OK
2026-05-01 00:21:47,470,0.0787,0.0,0.14,0.0,OK
2026-05-01 00:21:47,471,0.0947,0.029,0.1467,0.0,OK
2026-05-01 00:21:47,472,0.117,0.0294,0.1533,0.0,OK
2026-05-01 00:21:47,473,0.2246,0.0147,0.16,0.0,OK
2026-05-01 00:21:47,474,0.2364,0.0294,0.1667,0.0,OK
2026-05-01 00:21:47,475,0.2919,0.0,0.1667,0.0,OK
2026-05-01 00:21:48,476,0.2993,0.0,0.1667,0.0,OK
2026-05-01 00:21:48,477,0.2943,0.0141,0.1667,0.0,OK
2026-05-01 00:21:48,478,0.3298,0.0428,0.1667,0.0,OK
2026-05-01 00:21:48,479,0.314,0.029,0.1667,0.0,OK
2026-05-01 00:21:48,480,0.3032,0.0143,0.1667,0.0,OK
2026-05-01 00:21:48,481,0.3189,0.0,0.1667,0.0,OK
2026-05-01 00:21:48,482,0.3339,0.0286,0.1667,0.0,OK
2026-05-01 00:21:48,483,0.3358,0.0205,0.1667,0.0,OK
2026-05-01 00:21:48,484,0.3438,0.0286,0.1667,0.0,OK
2026-05-01 00:21:48,485,0.3438,0.0286,0.1667,0.0,OK
2026-05-01 00:21:48,486,0.3421,0.0289,0.1667,0.0,OK
2026-05-01 00:21:48,487,0.3365,0.0145,0.1667,0.0,OK
2026-05-01 00:21:48,488,0.3311,0.0,0.1667,0.0,OK
2026-05-01 00:21:48,489,0.3284,0.0282,0.1667,0.0,OK
2026-05-01 00:21:48,490,0.3325,0.0282,0.1667,0.0,OK
2026-05-01 00:21:48,491,0.3245,0.0205,0.1667,0.0,OK
2026-05-01 00:21:48,492,0.3296,0.0205,0.1667,0.0,OK
2026-05-01 00:21:48,493,0.3133,0.0324,0.1667,0.0,OK
2026-05-01 00:21:48,494,0.3174,0.0286,0.1667,0.0,OK
2026-05-01 00:21:48,495,0.3307,0.0147,0.1667,0.0,OK
2026-05-01 00:21:48,496,0.3291,0.0,0.1667,0.0,OK
2026-05-01 00:21:48,497,0.3082,0.0205,0.1667,0.0,OK
2026-05-01 00:21:48,498,0.3312,0.0137,0.1667,0.0,OK
2026-05-01 00:21:48,499,0.3429,0.0137,0.1667,0.0,OK
2026-05-01 00:21:48,500,0.341,0.0,0.1667,0.0,OK
2026-05-01 00:21:48,501,0.3483,0.0,0.1667,0.0,OK
2026-05-01 00:21:48,502,0.3147,0.0274,0.1667,0.0,OK
2026-05-01 00:21:48,503,0.3289,0.0285,0.1667,0.0,OK
2026-05-01 00:21:49,504,0.3278,0.0422,0.1667,0.0,OK
2026-05-01 00:21:49,505,0.3439,0.0,0.1667,0.0,OK
2026-05-01 00:21:49,506,0.3335,0.0571,0.1667,0.0,OK
2026-05-01 00:21:49,507,0.3335,0.0428,0.1667,0.0,OK
2026-05-01 00:21:49,508,0.3435,0.0139,0.1667,0.0,OK
2026-05-01 00:21:49,509,0.3382,0.0143,0.1667,0.0,OK
2026-05-01 00:21:49,510,0.3191,0.0286,0.1667,0.0,OK
2026-05-01 00:21:49,511,0.3224,0.0141,0.1667,0.0,OK
2026-05-01 00:21:49,512,0.3297,0.0139,0.1667,0.0,OK
2026-05-01 00:21:49,513,0.326,0.0294,0.1667,0.0,OK
2026-05-01 00:21:49,514,0.3261,0.0329,0.1667,0.0,OK
2026-05-01 00:21:49,515,0.3085,0.0,0.1667,0.0,OK
2026-05-01 00:21:49,516,0.3141,0.0,0.1667,0.0,OK
2026-05-01 00:21:49,517,0.3077,0.0143,0.1667,0.0,OK
2026-05-01 00:21:49,518,0.3107,0.0,0.1667,0.0,OK
2026-05-01 00:21:49,519,0.292,0.0147,0.1667,0.0,OK
2026-05-01 00:21:49,520,0.2976,0.0147,0.1667,0.0,OK
2026-05-01 00:21:49,521,0.324,0.0,0.1667,0.0,OK
2026-05-01 00:21:49,522,0.3194,0.0557,0.1667,0.0,OK
2026-05-01 00:21:49,523,0.316,0.054,0.1667,0.0,OK
2026-05-01 00:21:49,524,0.3248,0.0,0.1667,0.0,OK
2026-05-01 00:21:49,525,0.3171,0.0,0.1667,0.0,OK
2026-05-01 00:21:49,526,0.3024,0.0,0.1667,0.0,OK
2026-05-01 00:21:49,527,0.3024,0.0,0.1667,0.0,OK
2026-05-01 00:21:49,528,0.3285,0.0555,0.1667,0.0,OK
2026-05-01 00:21:49,529,0.3131,0.0416,0.1667,0.0,OK
2026-05-01 00:21:49,530,0.3048,0.0278,0.1667,0.0,OK
2026-05-01 00:21:49,531,0.3211,0.0,0.1667,0.0,OK
2026-05-01 00:21:50,532,0.3236,0.0,0.1667,0.0,OK
2026-05-01 00:21:50,533,0.3139,0.0,0.1667,0.0,OK
2026-05-01 00:21:50,534,0.3117,0.0,0.1667,0.0,OK
2026-05-01 00:21:50,535,0.3245,0.0,0.1667,0.0,OK
2026-05-01 00:21:50,536,0.3231,0.0139,0.1667,0.0,OK
2026-05-01 00:21:50,537,0.2976,0.0143,0.1667,0.0,OK
2026-05-01 00:21:50,538,0.3245,0.0,0.1667,0.0,OK
2026-05-01 00:21:50,539,0.3139,0.0147,0.1667,0.0,OK
2026-05-01 00:21:50,540,0.305,0.0137,0.1667,0.0,OK
2026-05-01 00:21:50,541,0.3004,0.0202,0.1667,0.0,OK
2026-05-01 00:21:50,542,0.3023,0.0428,0.1667,0.0,OK
2026-05-01 00:21:50,543,0.2995,0.0,0.1667,0.0,OK
2026-05-01 00:21:50,544,0.3104,0.0441,0.1667,0.0,OK
2026-05-01 00:21:50,545,0.3175,0.0294,0.1667,0.0,OK
2026-05-01 00:21:50,546,0.3128,0.0,0.1667,0.0,OK
2026-05-01 00:21:50,547,0.314,0.0,0.1667,0.0,OK
2026-05-01 00:21:50,548,0.3145,0.0135,0.1667,0.0,OK
2026-05-01 00:21:50,549,0.3128,0.0135,0.1667,0.0,OK
2026-05-01 00:21:50,550,0.3257,0.0137,0.1667,0.0,OK
2026-05-01 00:21:50,551,0.3242,0.0563,0.1667,0.0,OK
2026-05-01 00:21:50,552,0.3096,0.041,0.1667,0.0,OK
2026-05-01 00:21:50,553,0.3231,0.0411,0.1667,0.0,OK
2026-05-01 00:21:50,554,0.3244,0.029,0.1667,0.0,OK
2026-05-01 00:21:50,555,0.3111,0.0143,0.1667,0.0,OK
2026-05-01 00:21:50,556,0.3111,0.0,0.1667,0.0,OK
2026-05-01 00:21:50,557,0.315,0.0416,0.1667,0.0,OK
2026-05-01 00:21:50,558,0.3117,0.0416,0.1667,0.0,OK
2026-05-01 00:21:50,559,0.3071,0.0422,0.1667,0.0,OK
2026-05-01 00:21:51,560,0.3019,0.0281,0.1667,0.0,OK
2026-05-01 00:21:51,561,0.3168,0.0,0.1667,0.0,OK
2026-05-01 00:21:51,562,0.3209,0.0,0.1667,0.0,OK
2026-05-01 00:21:51,563,0.3227,0.0,0.1667,0.0,OK
2026-05-01 00:21:51,564,0.303,0.0149,0.1667,0.0,OK
2026-05-01 00:21:51,565,0.3141,0.0149,0.1667,0.0,OK
2026-05-01 00:21:51,566,0.3153,0.0143,0.1667,0.0,OK
2026-05-01 00:21:51,567,0.3121,0.0,0.1667,0.0,OK
2026-05-01 00:21:51,568,0.3228,0.029,0.1667,0.0,OK
2026-05-01 00:21:51,569,0.3193,0.0434,0.1667,0.0,OK
2026-05-01 00:21:51,570,0.312,0.0,0.1667,0.0,OK
2026-05-01 00:21:51,571,0.3012,0.0139,0.1667,0.0,OK
2026-05-01 00:21:51,572,0.3079,0.0555,0.1667,0.0,OK
2026-05-01 00:21:51,573,0.3195,0.0,0.1667,0.0,OK
2026-05-01 00:21:51,574,0.3195,0.0,0.1667,0.0,OK
2026-05-01 00:21:51,575,0.3186,0.0405,0.1667,0.0,OK
2026-05-01 00:21:51,576,0.306,0.0302,0.1667,0.0,OK
2026-05-01 00:21:51,577,0.2919,0.0,0.1667,0.0,OK
2026-05-01 00:21:51,578,0.2919,0.0,0.1667,0.0,OK
2026-05-01 00:21:51,579,0.3099,0.0139,0.1667,0.0,OK
2026-05-01 00:21:51,580,0.3124,0.0,0.1667,0.0,OK
2026-05-01 00:21:51,581,0.3112,0.0143,0.1667,0.0,OK
2026-05-01 00:21:51,582,0.3187,0.0147,0.1667,0.0,OK
2026-05-01 00:21:51,583,0.319,0.0,0.1667,0.0,OK
2026-05-01 00:21:51,584,0.3004,0.0274,0.1667,0.0,OK
2026-05-01 00:21:51,585,0.3027,0.0416,0.1667,0.0,OK
2026-05-01 00:21:51,586,0.2978,0.0285,0.1667,0.0,OK
2026-05-01 00:21:51,587,0.2978,0.0281,0.1667,0.0,OK
2026-05-01 00:21:51,588,0.2975,0.0739,0.1667,0.0,OK
2026-05-01 00:21:51,589,0.296,0.0728,0.1667,0.0,OK
2026-05-01 00:21:52,590,0.307,0.027,0.1667,0.0,OK
2026-05-01 00:21:52,591,0.3039,0.0315,0.1667,0.0,OK
2026-05-01 00:21:52,592,0.2954,0.0281,0.1667,0.0,OK
2026-05-01 00:21:52,593,0.3135,0.0141,0.1667,0.0,OK
2026-05-01 00:21:52,594,0.3194,0.0141,0.1667,0.0,OK
2026-05-01 00:21:52,595,0.3304,0.0137,0.1667,0.0,OK
2026-05-01 00:21:52,596,0.3295,0.0191,0.1667,0.0,OK
2026-05-01 00:21:52,597,0.3226,0.0,0.1667,0.0,OK
2026-05-01 00:21:52,598,0.3268,0.0,0.1667,0.0,OK
2026-05-01 00:21:52,599,0.3169,0.0145,0.1667,24.0,OK
2026-05-01 00:21:52,600,0.3169,0.0147,0.16,23.96,OK
2026-05-01 00:21:52,601,0.3069,0.0,0.1533,23.92,OK
2026-05-01 00:21:52,602,0.3042,0.0,0.1467,23.88,OK
2026-05-01 00:21:52,603,0.3048,0.0,0.14,23.84,OK
2026-05-01 00:21:52,604,0.3011,0.0555,0.1333,23.8,OK
2026-05-01 00:21:52,605,0.3027,0.0416,0.1267,23.76,OK
2026-05-01 00:21:52,606,0.289,0.0,0.12,23.72,OK
2026-05-01 00:21:52,607,0.3005,0.0147,0.1133,23.68,OK
2026-05-01 00:21:52,608,0.2438,0.0147,0.1067,23.65,OK
2026-05-01 00:21:52,609,0.1813,0.0139,0.1,23.61,OK
2026-05-01 00:21:52,610,0.1764,0.0199,0.0933,23.57,OK
2026-05-01 00:21:52,611,0.2572,0.0139,0.0867,26.47,OK
2026-05-01 00:21:52,612,0.256,0.0274,0.08,26.43,OK
2026-05-01 00:21:52,613,0.2714,0.0266,0.0733,26.38,OK
2026-05-01 00:21:52,614,0.2769,0.04,0.0667,26.34,OK
2026-05-01 00:21:52,615,0.3001,0.0,0.06,26.3,OK
2026-05-01 00:21:52,616,0.3114,0.0,0.0533,26.26,OK
2026-05-01 00:21:52,617,0.3008,0.0,0.0467,26.21,OK
2026-05-01 00:21:52,618,0.2955,0.0,0.0,26.17,OK
2026-05-01 00:21:53,619,0.3075,0.0145,0.0,26.13,OK
2026-05-01 00:21:53,620,0.3276,0.0294,0.0,26.09,OK
2026-05-01 00:21:53,621,0.3205,0.0298,0.0,26.05,OK
2026-05-01 00:21:53,622,0.2845,0.0143,0.0,26.0,OK
2026-05-01 00:21:53,623,0.2847,0.0,0.0,25.96,OK
2026-05-01 00:21:53,624,0.3152,0.0434,0.0,25.92,OK
2026-05-01 00:21:53,625,0.3134,0.0428,0.0,25.88,OK
2026-05-01 00:21:53,626,0.316,0.0139,0.0,25.84,OK
2026-05-01 00:21:53,627,0.295,0.0141,0.0,25.8,OK
2026-05-01 00:21:53,628,0.2956,0.0143,0.0,25.76,OK
2026-05-01 00:21:53,629,0.3172,0.0,0.0,25.71,OK
2026-05-01 00:21:53,630,0.3157,0.0,0.0,25.67,OK
2026-05-01 00:21:53,631,0.3187,0.0278,0.0,25.63,OK
2026-05-01 00:21:53,632,0.3072,0.031,0.0,25.59,OK
2026-05-01 00:21:53,633,0.3033,0.0143,0.0,25.55,OK
2026-05-01 00:21:53,634,0.3031,0.0141,0.0,25.51,OK
2026-05-01 00:21:53,635,0.3207,0.0266,0.0,25.47,OK
2026-05-01 00:21:53,636,0.3135,0.0263,0.0,25.43,OK
2026-05-01 00:21:53,637,0.2868,0.0147,0.0,25.39,OK
2026-05-01 00:21:53,638,0.285,0.0149,0.0,25.35,OK
2026-05-01 00:21:53,639,0.31,0.0428,0.0,25.31,OK
2026-05-01 00:21:53,640,0.3028,0.0,0.0,25.27,OK
2026-05-01 00:21:53,641,0.3026,0.0139,0.0,25.23,OK
2026-05-01 00:21:53,642,0.2974,0.0141,0.0,25.19,OK
2026-05-01 00:21:53,643,0.3095,0.0139,0.0,25.16,OK
2026-05-01 00:21:53,644,0.3342,0.0294,0.0,25.12,OK
2026-05-01 00:21:53,645,0.3234,0.0294,0.0,25.08,OK
2026-05-01 00:21:53,646,0.3064,0.0145,0.0,25.04,OK
2026-05-01 00:21:53,647,0.33,0.0143,0.0,25.0,OK
2026-05-01 00:21:53,648,0.3286,0.0,0.0,24.96,OK
2026-05-01 00:21:53,649,0.303,0.0147,0.0,24.92,OK
2026-05-01 00:21:54,650,0.314,0.0,0.0,24.88,OK
2026-05-01 00:21:54,651,0.305,0.0141,0.0,24.85,OK
2026-05-01 00:21:54,652,0.2961,0.0141,0.0,24.81,OK
2026-05-01 00:21:54,653,0.3211,0.0434,0.0,24.77,OK
2026-05-01 00:21:54,654,0.3209,0.0289,0.0,24.73,OK
2026-05-01 00:21:54,655,0.3265,0.0563,0.0,24.7,OK
2026-05-01 00:21:54,656,0.3012,0.0,0.0,24.66,OK
2026-05-01 00:21:54,657,0.3066,0.0,0.0,24.62,OK
2026-05-01 00:21:54,658,0.3162,0.0137,0.0,24.58,OK
2026-05-01 00:21:54,659,0.3329,0.0139,0.0,24.55,OK
2026-05-01 00:21:54,660,0.3286,0.0,0.0,24.51,OK
2026-05-01 00:21:54,661,0.3245,0.0,0.0,24.47,OK
2026-05-01 00:21:54,662,0.2996,0.0145,0.0,24.43,OK
2026-05-01 00:21:54,663,0.2441,0.0,0.0,24.4,OK
2026-05-01 00:21:54,664,0.2283,0.0,0.0,24.36,OK
2026-05-01 00:21:54,665,0.1845,0.0141,0.0,24.32,OK
2026-05-01 00:21:54,666,0.185,0.0,0.0,24.29,OK
2026-05-01 00:21:54,667,0.2633,0.0,0.0,26.95,OK
2026-05-01 00:21:54,668,0.2633,0.0,0.0,26.91,OK
2026-05-01 00:21:54,669,0.3252,0.029,0.0,26.87,OK
2026-05-01 00:21:54,670,0.3233,0.0147,0.0,26.83,OK
2026-05-01 00:21:54,671,0.3045,0.0139,0.0,26.79,OK
2026-05-01 00:21:54,672,0.3031,0.0137,0.0,26.75,OK
2026-05-01 00:21:54,673,0.3212,0.0281,0.0,26.71,OK
2026-05-01 00:21:54,674,0.3209,0.0281,0.0,26.67,OK
2026-05-01 00:21:54,675,0.3071,0.0,0.0,26.63,OK
2026-05-01 00:21:54,676,0.3047,0.0147,0.0,26.59,OK
2026-05-01 00:21:54,677,0.3029,0.0,0.0,26.55,OK
2026-05-01 00:21:54,678,0.3196,0.0285,0.0,26.51,OK
2026-05-01 00:21:55,679,0.3158,0.0285,0.0,26.47,OK
2026-05-01 00:21:55,680,0.3098,0.0135,0.0,26.43,OK
2026-05-01 00:21:55,681,0.3263,0.041,0.0,26.39,OK
2026-05-01 00:21:55,682,0.3189,0.0141,0.0,26.35,OK
2026-05-01 00:21:55,683,0.3208,0.0139,0.0,26.32,OK
2026-05-01 00:21:55,684,0.3216,0.0,0.0,26.28,OK
2026-05-01 00:21:55,685,0.3172,0.029,0.0,26.24,OK
2026-05-01 00:21:55,686,0.3124,0.0434,0.0,26.2,OK
2026-05-01 00:21:55,687,0.3164,0.0,0.0,26.16,OK
2026-05-01 00:21:55,688,0.3127,0.0147,0.0,26.12,OK
2026-05-01 00:21:55,689,0.3196,0.0143,0.0,26.09,OK
2026-05-01 00:21:55,690,0.3071,0.0147,0.0,26.05,OK
2026-05-01 00:21:55,691,0.3136,0.0147,0.0,26.01,OK
2026-05-01 00:21:55,692,0.3219,0.0,0.0,25.97,OK
2026-05-01 00:21:55,693,0.3215,0.0,0.0,25.94,OK
2026-05-01 00:21:55,694,0.3303,0.0,0.0,25.9,OK
2026-05-01 00:21:55,695,0.3103,0.0151,0.0,25.86,OK
2026-05-01 00:21:55,696,0.3155,0.0151,0.0,25.82,OK
2026-05-01 00:21:55,697,0.3228,0.0,0.0,25.79,OK
2026-05-01 00:21:55,698,0.3157,0.0422,0.0,25.75,OK
2026-05-01 00:21:55,699,0.3051,0.0141,0.0,25.71,OK
2026-05-01 00:21:55,700,0.3234,0.0588,0.0,25.68,OK
2026-05-01 00:21:55,701,0.3242,0.0571,0.0,25.64,OK
2026-05-01 00:21:55,702,0.3228,0.0745,0.0,25.6,OK
2026-05-01 00:21:55,703,0.3386,0.0447,0.0,25.57,OK
2026-05-01 00:21:56,704,0.3116,0.0,0.0,25.53,OK
2026-05-01 00:21:56,705,0.3368,0.0411,0.0,25.5,OK
2026-05-01 00:21:56,706,0.2901,0.0143,0.0,25.46,OK
2026-05-01 00:21:56,707,0.2901,0.0,0.0,25.42,OK
2026-05-01 00:21:56,708,0.1352,0.0,0.0,25.39,OK
2026-05-01 00:21:56,709,0.1461,0.0149,0.0,25.35,OK
2026-05-01 00:21:56,710,0.2514,0.0441,0.0,27.85,OK
2026-05-01 00:21:56,711,0.25,0.0294,0.0,27.81,OK
2026-05-01 00:21:56,712,0.3096,0.0329,0.0,27.77,OK
2026-05-01 00:21:56,713,0.3233,0.0143,0.0,27.73,OK
2026-05-01 00:21:56,714,0.3079,0.0143,0.0,27.69,OK
2026-05-01 00:21:56,715,0.3143,0.0141,0.0,27.65,OK
2026-05-01 00:21:56,716,0.3201,0.0,0.0,27.62,OK
2026-05-01 00:21:56,717,0.3091,0.0,0.0,27.58,OK
2026-05-01 00:21:56,718,0.3197,0.0,0.0,27.54,OK
2026-05-01 00:21:56,719,0.3212,0.0,0.0,27.5,OK
2026-05-01 00:21:56,720,0.3246,0.0,0.0,27.46,OK
2026-05-01 00:21:56,721,0.328,0.0,0.0,27.42,OK
2026-05-01 00:21:56,722,0.3238,0.0,0.0,27.39,OK
2026-05-01 00:21:56,723,0.3224,0.0,0.0,27.35,OK
2026-05-01 00:21:56,724,0.3189,0.0145,0.0,27.31,OK
2026-05-01 00:21:56,725,0.3176,0.0,0.0,27.27,OK
2026-05-01 00:21:57,726,0.3245,0.0,0.0,27.24,OK
2026-05-01 00:21:57,727,0.3287,0.0196,0.0,27.2,OK
2026-05-01 00:21:57,728,0.3287,0.0139,0.0,27.16,OK
2026-05-01 00:21:57,729,0.3192,0.0,0.0,27.12,OK
2026-05-01 00:21:57,730,0.3242,0.0,0.0,27.09,OK
2026-05-01 00:21:57,731,0.3236,0.0151,0.0,27.05,OK
2026-05-01 00:21:57,732,0.3024,0.0,0.0,27.01,OK
2026-05-01 00:21:57,733,0.3243,0.0,0.0,26.98,OK
2026-05-01 00:21:57,734,0.3247,0.0,0.0,26.94,OK
2026-05-01 00:21:57,735,0.3152,0.0,0.0,26.9,OK
2026-05-01 00:21:57,736,0.3157,0.0139,0.0,26.87,OK
2026-05-01 00:21:57,737,0.3189,0.0141,0.0,26.83,OK
2026-05-01 00:21:57,738,0.3189,0.0,0.0,26.79,OK
2026-05-01 00:21:57,739,0.3495,0.0,0.0,26.76,OK
2026-05-01 00:21:57,740,0.3495,0.0,0.0,26.72,OK
2026-05-01 00:21:57,741,0.2607,0.029,0.0,26.68,OK
2026-05-01 00:21:57,742,0.2686,0.0319,0.0,26.65,OK
2026-05-01 00:21:57,743,0.1335,0.0145,0.0,26.61,OK
2026-05-01 00:21:57,744,0.2176,0.0,0.0,26.58,OK
2026-05-01 00:21:57,745,0.2223,0.0145,0.0,26.54,OK
2026-05-01 00:21:57,746,0.298,0.0147,0.0,28.92,OK
2026-05-01 00:21:57,747,0.3108,0.0145,0.0,28.88,OK
2026-05-01 00:21:57,748,0.3008,0.0139,0.0,28.84,OK
2026-05-01 00:21:57,749,0.2952,0.0,0.0,28.8,OK
2026-05-01 00:21:57,750,0.3153,0.0135,0.0,28.76,OK
2026-05-01 00:21:57,751,0.2979,0.0571,0.0,28.72,OK
2026-05-01 00:21:57,752,0.3013,0.0718,0.0,28.69,OK
2026-05-01 00:21:57,753,0.3122,0.0441,0.0,28.65,OK
2026-05-01 00:21:58,754,0.3162,0.0294,0.0,28.61,OK
2026-05-01 00:21:58,755,0.3243,0.0281,0.0,28.57,OK
2026-05-01 00:21:58,756,0.3223,0.0314,0.0,28.53,OK
2026-05-01 00:21:58,757,0.3105,0.0143,0.0,28.5,OK
2026-05-01 00:21:58,758,0.3082,0.0145,0.0,28.46,OK
2026-05-01 00:21:58,759,0.3295,0.0145,0.0,28.42,OK
2026-05-01 00:21:58,760,0.319,0.0,0.0,28.38,OK
2026-05-01 00:21:58,761,0.312,0.0,0.0,28.35,OK
2026-05-01 00:21:58,762,0.3114,0.0141,0.0,28.31,OK
2026-05-01 00:21:58,763,0.3069,0.0,0.0,28.27,OK
2026-05-01 00:21:58,764,0.3261,0.0281,0.0,28.24,OK
2026-05-01 00:21:58,765,0.3313,0.0281,0.0,28.2,OK
2026-05-01 00:21:58,766,0.3047,0.041,0.0,28.16,OK
2026-05-01 00:21:58,767,0.3014,0.0139,0.0,28.12,OK
2026-05-01 00:21:58,768,0.2968,0.0,0.0,28.09,OK
2026-05-01 00:21:58,769,0.31,0.0191,0.0,28.05,OK
2026-05-01 00:21:58,770,0.3027,0.0137,0.0,28.02,OK
2026-05-01 00:21:58,771,0.3231,0.0,0.0,27.98,OK
2026-05-01 00:21:58,772,0.3049,0.0303,0.0,27.94,OK
2026-05-01 00:21:58,773,0.3064,0.0298,0.0,27.91,OK
2026-05-01 00:21:58,774,0.3116,0.0714,0.0,27.87,OK
2026-05-01 00:21:58,775,0.31,0.0714,0.0,27.84,OK
2026-05-01 00:21:58,776,0.3273,0.0278,0.0,27.8,OK
2026-05-01 00:21:58,777,0.3062,0.0205,0.0,27.76,OK
2026-05-01 00:21:58,778,0.3062,0.0147,0.0,27.73,OK
2026-05-01 00:21:58,779,0.3172,0.0278,0.0,27.69,OK
2026-05-01 00:21:59,780,0.3136,0.0278,0.0,27.66,OK
2026-05-01 00:21:59,781,0.3293,0.0141,0.0,27.62,OK
2026-05-01 00:21:59,782,0.2979,0.0141,0.0,27.59,OK
2026-05-01 00:21:59,783,0.3324,0.0,0.0,27.55,OK
2026-05-01 00:21:59,784,0.3324,0.0,0.0,27.52,OK
2026-05-01 00:21:59,785,0.3288,0.0141,0.0,27.48,OK
2026-05-01 00:21:59,786,0.3245,0.0,0.0,27.45,OK
2026-05-01 00:21:59,787,0.3106,0.1796,0.0,27.41,OK
2026-05-01 00:21:59,788,0.3139,0.1796,0.0,27.38,OK
2026-05-01 00:21:59,789,0.316,0.2499,0.0,27.34,OK
2026-05-01 00:21:59,790,0.3103,0.2938,0.0,27.31,OK
2026-05-01 00:21:59,791,0.3162,0.2753,0.0,27.27,OK
2026-05-01 00:21:59,792,0.323,0.3331,0.0,27.24,OK
2026-05-01 00:21:59,793,0.314,0.3333,0.0,27.2,OK
2026-05-01 00:21:59,794,0.3186,0.3046,0.0,27.17,OK
2026-05-01 00:21:59,795,0.3298,0.3187,0.0,27.14,OK
2026-05-01 00:21:59,796,0.313,0.3237,0.0,27.1,OK
2026-05-01 00:21:59,797,0.312,0.3283,0.0,27.07,OK
2026-05-01 00:21:59,798,0.3171,0.3622,0.0,27.03,OK
2026-05-01 00:21:59,799,0.3251,0.3333,0.0,27.0,OK
2026-05-01 00:21:59,800,0.3109,0.324,0.0,26.97,OK
2026-05-01 00:21:59,801,0.3161,0.3623,0.0,26.93,OK
2026-05-01 00:21:59,802,0.314,0.3708,0.0,26.9,OK
2026-05-01 00:21:59,803,0.3217,0.3568,0.0,26.87,OK
2026-05-01 00:21:59,804,0.3268,0.3568,0.0,26.83,OK
2026-05-01 00:21:59,805,0.3169,0.4057,0.0,26.8,OK
2026-05-01 00:21:59,806,0.3196,0.4054,0.0,26.77,OK
2026-05-01 00:21:59,807,0.3188,0.4057,0.0,26.73,OK
2026-05-01 00:22:00,808,0.3136,0.4054,0.0,26.7,OK
2026-05-01 00:22:00,809,0.3236,0.3822,0.0,26.67,OK
2026-05-01 00:22:00,810,0.3218,0.4476,0.0,26.63,OK
2026-05-01 00:22:00,811,0.3188,0.4476,0.0,26.6,OK
2026-05-01 00:22:00,812,0.3175,0.441,0.0,26.57,OK
2026-05-01 00:22:00,813,0.313,0.4625,0.0,26.54,OK
2026-05-01 00:22:00,814,0.3222,0.4285,0.0,26.5,OK
2026-05-01 00:22:00,815,0.3215,0.4284,0.0,26.47,OK
2026-05-01 00:22:00,816,0.3398,0.5074,0.0,26.44,OK
2026-05-01 00:22:00,817,0.3403,0.5222,0.0,26.41,OK
2026-05-01 00:22:00,818,0.3345,0.5076,0.0,26.37,OK
2026-05-01 00:22:00,819,0.3345,0.5076,0.0,26.34,OK
2026-05-01 00:22:00,820,0.3568,0.5231,0.0,26.31,OK
2026-05-01 00:22:00,821,0.3515,0.5151,0.0,26.28,OK
2026-05-01 00:22:00,822,0.3324,0.5221,0.0,26.25,OK
2026-05-01 00:22:00,823,0.3349,0.5144,0.0,26.21,OK
2026-05-01 00:22:00,824,0.3259,0.5607,0.0,26.18,OK
2026-05-01 00:22:00,825,0.3319,0.523,0.0,26.15,OK
2026-05-01 00:22:00,826,0.3343,0.5079,0.0,26.12,OK
2026-05-01 00:22:00,827,0.3176,0.5538,0.0,26.09,OK
2026-05-01 00:22:00,828,0.3177,0.5845,0.0,26.06,OK
2026-05-01 00:22:00,829,0.3455,0.5454,0.0,26.02,OK
2026-05-01 00:22:00,830,0.3455,0.5454,0.0,25.99,OK
2026-05-01 00:22:00,831,0.3248,0.4704,0.0,25.96,OK
2026-05-01 00:22:00,832,0.3323,0.5507,0.0,25.93,OK
2026-05-01 00:22:01,833,0.3216,0.5362,0.0,25.9,OK
2026-05-01 00:22:01,834,0.2757,0.5522,0.0,25.87,OK
2026-05-01 00:22:01,835,0.0595,0.5908,0.0,25.84,OK
2026-05-01 00:22:01,836,0.0623,0.582,0.0,25.81,OK
2026-05-01 00:22:01,837,0.1479,0.5969,0.0,25.78,OK
2026-05-01 00:22:01,838,0.1384,0.5969,0.0,25.74,OK
2026-05-01 00:22:01,839,0.2455,0.642,0.0,25.71,OK
2026-05-01 00:22:01,840,0.2582,0.642,0.0,27.82,OK
2026-05-01 00:22:01,841,0.2901,0.606,0.0,27.79,OK
2026-05-01 00:22:01,842,0.3036,0.6665,0.0,27.76,OK
2026-05-01 00:22:01,843,0.2845,0.6516,0.0,27.73,OK
2026-05-01 00:22:01,844,0.301,0.7071,0.0,27.69,OK
2026-05-01 00:22:01,845,0.3095,0.723,0.0,27.66,OK
2026-05-01 00:22:01,846,0.3051,0.712,0.0,27.63,OK
2026-05-01 00:22:01,847,0.3056,0.6865,0.0,27.59,OK
2026-05-01 00:22:01,848,0.3093,0.7075,0.0,27.56,OK
2026-05-01 00:22:01,849,0.3156,0.7385,0.0,27.53,OK
2026-05-01 00:22:01,850,0.2924,0.761,0.0,27.5,OK
2026-05-01 00:22:01,851,0.2926,0.7877,0.0,27.46,OK
2026-05-01 00:22:01,852,0.3074,0.8307,0.0,27.43,OK
2026-05-01 00:22:01,853,0.296,0.7998,0.0,27.4,OK
2026-05-01 00:22:01,854,0.3144,0.875,0.0,27.37,OK
2026-05-01 00:22:01,855,0.2999,0.8905,0.0,27.34,OK
2026-05-01 00:22:01,856,0.306,0.8059,0.0,27.3,OK
2026-05-01 00:22:01,857,0.2977,1.0006,0.0,27.27,OK
2026-05-01 00:22:01,858,0.2886,1.0006,0.0,27.24,OK
2026-05-01 00:22:02,859,0.3069,1.0001,0.0,27.21,OK
2026-05-01 00:22:02,860,0.3054,1.0,0.0,27.18,OK
2026-05-01 00:22:02,861,0.312,0.9181,0.0,27.15,OK
2026-05-01 00:22:02,862,0.2977,0.9508,0.0,27.11,OK
2026-05-01 00:22:02,863,0.3102,0.9219,0.0,27.08,OK
2026-05-01 00:22:02,864,0.299,0.9846,0.0,27.05,OK
2026-05-01 00:22:02,865,0.2992,0.9853,0.0,27.02,OK
2026-05-01 00:22:02,866,0.3074,0.9994,0.0,26.99,OK
2026-05-01 00:22:02,867,0.3124,0.9661,0.0,26.96,OK
2026-05-01 00:22:02,868,0.3159,1.0149,0.0,26.93,OK
2026-05-01 00:22:02,869,0.3154,0.9991,0.0,26.9,OK
2026-05-01 00:22:02,870,0.3196,1.0154,0.0,26.87,OK
2026-05-01 00:22:02,871,0.3187,1.0312,0.0,26.83,OK
2026-05-01 00:22:02,872,0.3037,1.0615,0.0,26.8,OK
2026-05-01 00:22:02,873,0.3221,0.9334,0.0,26.77,OK
2026-05-01 00:22:02,874,0.3186,0.8306,0.0,26.74,OK
2026-05-01 00:22:02,875,0.3073,0.9522,0.0,26.71,OK
2026-05-01 00:22:02,876,0.319,0.8952,0.0,26.68,OK
2026-05-01 00:22:02,877,0.3186,0.8974,0.0,26.65,OK
2026-05-01 00:22:02,878,0.3069,0.91,0.0,26.62,OK
2026-05-01 00:22:02,879,0.3131,0.9246,0.0,26.59,OK
2026-05-01 00:22:02,880,0.3087,1.0665,0.0,26.56,OK
2026-05-01 00:22:02,881,0.3005,1.0493,0.0,26.53,OK
2026-05-01 00:22:02,882,0.3184,0.9241,0.0,26.5,OK
2026-05-01 00:22:02,883,0.3153,0.952,0.0,26.47,OK
2026-05-01 00:22:02,884,0.3184,0.9524,0.0,26.44,OK
2026-05-01 00:22:03,885,0.3231,0.9836,0.0,26.41,OK
2026-05-01 00:22:03,886,0.3187,0.9836,0.0,26.38,OK
2026-05-01 00:22:03,887,0.3093,0.9392,0.0,26.35,OK
2026-05-01 00:22:03,888,0.3112,1.0299,0.0,26.32,OK
2026-05-01 00:22:03,889,0.3196,0.9054,0.0,26.29,OK
2026-05-01 00:22:03,890,0.3289,0.9354,0.0,26.26,OK
2026-05-01 00:22:03,891,0.3019,0.8938,0.0,26.23,OK
2026-05-01 00:22:03,892,0.3081,0.8635,0.0,26.2,OK
2026-05-01 00:22:03,893,0.2882,0.9849,0.0,26.17,OK
2026-05-01 00:22:03,894,0.2989,1.0461,0.0,26.15,OK
2026-05-01 00:22:03,895,0.3003,1.1146,0.0,26.12,OK
2026-05-01 00:22:03,896,0.2857,1.0151,0.0,26.09,OK
2026-05-01 00:22:03,897,0.2826,1.0458,0.0,26.06,OK
2026-05-01 00:22:03,898,0.2914,0.9531,0.0,26.03,OK
2026-05-01 00:22:03,899,0.2934,1.0163,0.0,26.0,OK
2026-05-01 00:22:03,900,0.2916,0.8529,0.0,25.97,OK
2026-05-01 00:22:03,901,0.2918,0.8676,0.0,25.94,OK
2026-05-01 00:22:03,902,0.3027,0.9365,0.0,25.91,OK
2026-05-01 00:22:03,903,0.3021,0.9682,0.0,25.88,OK
2026-05-01 00:22:03,904,0.2882,0.9103,0.0,25.86,OK
2026-05-01 00:22:03,905,0.3157,0.9672,0.0,25.83,OK
2026-05-01 00:22:03,906,0.3086,1.0182,0.0,25.8,OK
2026-05-01 00:22:03,907,0.3285,0.8789,0.0,25.77,OK
2026-05-01 00:22:03,908,0.3143,0.8806,0.0,25.74,OK
2026-05-01 00:22:03,909,0.307,0.875,0.0,25.71,OK
2026-05-01 00:22:03,910,0.3127,0.8907,0.0,25.69,OK
2026-05-01 00:22:03,911,0.3129,0.8954,0.0,25.66,OK
2026-05-01 00:22:03,912,0.3068,0.897,0.0,25.63,OK
2026-05-01 00:22:04,913,0.3138,0.9543,0.0,25.6,OK
2026-05-01 00:22:04,914,0.3122,0.9078,0.0,25.57,OK
2026-05-01 00:22:04,915,0.3197,0.923,0.0,25.55,OK
2026-05-01 00:22:04,916,0.3041,1.0309,0.0,25.52,OK
2026-05-01 00:22:04,917,0.3128,1.0309,0.0,25.49,OK
2026-05-01 00:22:04,918,0.2947,1.0145,0.0,25.46,OK
2026-05-01 00:22:04,919,0.2947,0.9996,0.0,25.43,OK
2026-05-01 00:22:04,920,0.3173,1.0005,0.0,25.41,OK
2026-05-01 00:22:04,921,0.3262,1.0155,0.0,25.38,OK
2026-05-01 00:22:04,922,0.3118,0.9686,0.0,25.35,OK
2026-05-01 00:22:04,923,0.3093,0.9385,0.0,25.32,OK
2026-05-01 00:22:04,924,0.3065,0.9254,0.0,25.3,OK
2026-05-01 00:22:04,925,0.3164,0.9684,0.0,25.27,OK
2026-05-01 00:22:04,926,0.3122,1.0476,0.0,25.24,OK
2026-05-01 00:22:04,927,0.3113,0.9556,0.0,25.22,OK
2026-05-01 00:22:04,928,0.3082,0.9258,0.0,25.19,OK
2026-05-01 00:22:04,929,0.3197,0.9692,0.0,25.16,OK
2026-05-01 00:22:04,930,0.3142,0.909,0.0,25.13,OK
2026-05-01 00:22:04,931,0.3302,0.8635,0.0,25.11,OK
2026-05-01 00:22:04,932,0.3302,0.9531,0.0,25.08,OK
2026-05-01 00:22:04,933,0.3302,1.0312,0.0,25.05,OK
2026-05-01 00:22:04,934,0.304,1.0968,0.0,25.03,OK
2026-05-01 00:22:04,935,0.3023,1.0982,0.0,25.0,OK
2026-05-01 00:22:04,936,0.3239,0.9839,0.0,24.97,OK
2026-05-01 00:22:04,937,0.3173,0.8937,0.0,24.95,OK
2026-05-01 00:22:04,938,0.2994,0.9286,0.0,24.92,OK
2026-05-01 00:22:04,939,0.2947,0.9426,0.0,24.89,OK
2026-05-01 00:22:05,940,0.2929,0.9429,0.0,24.87,OK
2026-05-01 00:22:05,941,0.2876,0.9425,0.0,24.84,OK
2026-05-01 00:22:05,942,0.2996,0.9232,0.0,24.81,OK
2026-05-01 00:22:05,943,0.2996,0.9385,0.0,24.79,OK
2026-05-01 00:22:05,944,0.282,0.894,0.0,24.76,OK
2026-05-01 00:22:05,945,0.2902,0.9077,0.0,24.74,OK
2026-05-01 00:22:05,946,0.3012,0.9394,0.0,24.71,OK
2026-05-01 00:22:05,947,0.3128,0.9095,0.0,24.68,OK
2026-05-01 00:22:05,948,0.2936,0.9546,0.0,24.66,OK
2026-05-01 00:22:05,949,0.2934,0.8907,0.0,24.63,OK
2026-05-01 00:22:05,950,0.297,0.9699,0.0,24.61,OK
2026-05-01 00:22:05,951,0.2931,0.9539,0.0,24.58,OK
2026-05-01 00:22:05,952,0.2842,0.9559,0.0,24.55,OK
2026-05-01 00:22:05,953,0.285,0.9702,0.0,24.53,OK
2026-05-01 00:22:05,954,0.3068,0.8383,0.0,24.5,OK
2026-05-01 00:22:05,955,0.3013,0.8383,0.0,24.48,OK
2026-05-01 00:22:05,956,0.2971,0.6361,0.0,24.45,OK
2026-05-01 00:22:05,957,0.297,0.3289,0.0,24.43,OK
2026-05-01 00:22:05,958,0.3171,0.3289,0.0,24.4,OK
2026-05-01 00:22:05,959,0.3003,0.2535,0.0,24.38,OK
2026-05-01 00:22:05,960,0.2973,0.2498,0.0,24.35,OK
2026-05-01 00:22:05,961,0.3198,0.1231,0.0,24.32,OK
2026-05-01 00:22:05,962,0.2973,0.1214,0.0,24.3,OK
2026-05-01 00:22:05,963,0.2992,0.0693,0.0,24.27,OK
2026-05-01 00:22:05,964,0.2977,0.0131,0.0,24.25,OK
2026-05-01 00:22:06,965,0.3096,0.029,0.0,24.22,OK
2026-05-01 00:22:06,966,0.3012,0.0135,0.0,24.2,OK
2026-05-01 00:22:06,967,0.3199,0.0,0.0,24.17,OK
2026-05-01 00:22:06,968,0.3408,0.0,0.0,24.15,OK
2026-05-01 00:22:06,969,0.3408,0.0,0.0,24.12,OK
2026-05-01 00:22:06,970,0.3403,0.0139,0.0,24.1,OK
2026-05-01 00:22:06,971,0.3458,0.0,0.0,24.07,OK
2026-05-01 00:22:06,972,0.3334,0.0135,0.0,24.05,OK
2026-05-01 00:22:06,973,0.3261,0.0,0.0,24.02,OK
2026-05-01 00:22:06,974,0.3382,0.1828,0.0,24.0,OK
2026-05-01 00:22:06,975,0.3337,0.3429,0.0,23.98,OK
2026-05-01 00:22:06,976,0.3307,0.5066,0.0,23.95,OK
2026-05-01 00:22:06,977,0.3287,0.5289,0.0,23.93,OK
2026-05-01 00:22:06,978,0.3336,0.5751,0.0,23.9,OK
2026-05-01 00:22:06,979,0.3368,0.5671,0.0,23.88,OK
2026-05-01 00:22:06,980,0.3219,0.7534,0.0,23.85,OK
2026-05-01 00:22:06,981,0.316,0.7433,0.0,23.83,OK
2026-05-01 00:22:06,982,0.3166,0.7429,0.0,23.8,OK
2026-05-01 00:22:06,983,0.331,0.7913,0.0,23.78,OK
2026-05-01 00:22:06,984,0.3347,0.8097,0.0,23.76,OK
2026-05-01 00:22:06,985,0.3401,0.8824,0.0,23.73,OK
2026-05-01 00:22:06,986,0.322,0.8407,0.0,23.71,OK
2026-05-01 00:22:07,987,0.3256,0.8561,0.0,23.68,OK
2026-05-01 00:22:07,988,0.3266,0.7888,0.0,23.66,OK
2026-05-01 00:22:07,989,0.3274,0.9852,0.0,23.64,OK
2026-05-01 00:22:07,990,0.3233,0.8681,0.0,23.61,OK
2026-05-01 00:22:07,991,0.328,0.8658,0.0,23.59,OK
2026-05-01 00:22:07,992,0.3335,0.9404,0.0,23.56,OK
2026-05-01 00:22:07,993,0.3341,0.8971,0.0,23.54,OK
2026-05-01 00:22:07,994,0.3263,0.9552,0.0,23.52,OK
2026-05-01 00:22:07,995,0.3263,0.9852,0.0,23.49,OK
2026-05-01 00:22:07,996,0.326,0.8792,0.0,23.47,OK
2026-05-01 00:22:07,997,0.3305,0.8658,0.0,23.45,OK
2026-05-01 00:22:07,998,0.3288,0.8813,0.0,23.42,OK
2026-05-01 00:22:07,999,0.331,0.9244,0.0,23.4,OK
2026-05-01 00:22:07,1000,0.3198,0.7682,0.0,23.38,OK
2026-05-01 00:22:07,1001,0.3192,0.7427,0.0,23.35,OK
2026-05-01 00:22:07,1002,0.3257,0.6021,0.0,23.33,OK
2026-05-01 00:22:07,1003,0.3023,0.4362,0.0,23.31,OK
2026-05-01 00:22:07,1004,0.3079,0.4221,0.0,23.28,OK
2026-05-01 00:22:07,1005,0.2843,0.3234,0.0,23.26,OK
2026-05-01 00:22:07,1006,0.3057,0.3193,0.0,23.24,OK
2026-05-01 00:22:07,1007,0.3113,0.2682,0.0,23.21,OK
2026-05-01 00:22:07,1008,0.2943,0.2502,0.0,23.19,OK
2026-05-01 00:22:07,1009,0.3027,0.1482,0.0,23.17,OK
2026-05-01 00:22:08,1010,0.2876,0.0833,0.0,23.15,OK
2026-05-01 00:22:08,1011,0.3095,0.0533,0.0,23.12,OK
2026-05-01 00:22:08,1012,0.312,0.0263,0.0,23.1,OK
2026-05-01 00:22:08,1013,0.3199,0.0,0.0,23.08,OK
2026-05-01 00:22:08,1014,0.3146,0.0,0.0,23.05,OK
2026-05-01 00:22:08,1015,0.3056,0.0,0.0,23.03,OK
2026-05-01 00:22:08,1016,0.3049,0.0,0.0,23.01,OK
2026-05-01 00:22:08,1017,0.3102,0.0,0.0,22.99,OK
2026-05-01 00:22:08,1018,0.3158,0.0137,0.0,22.96,OK
2026-05-01 00:22:08,1019,0.3123,0.0139,0.0,22.94,OK
2026-05-01 00:22:08,1020,0.3112,0.0,0.0,22.92,OK
2026-05-01 00:22:08,1021,0.3194,0.0,0.0,22.9,OK
2026-05-01 00:22:08,1022,0.3166,0.0139,0.0,22.87,OK
2026-05-01 00:22:08,1023,0.316,0.0139,0.0,22.85,OK
2026-05-01 00:22:08,1024,0.3176,0.0141,0.0,22.83,OK
2026-05-01 00:22:08,1025,0.3172,0.0,0.0,22.81,OK
2026-05-01 00:22:08,1026,0.3055,0.0,0.0,22.78,OK
2026-05-01 00:22:08,1027,0.304,0.0137,0.0,22.76,OK
2026-05-01 00:22:08,1028,0.3194,0.0,0.0,22.74,OK
2026-05-01 00:22:08,1029,0.3217,0.0,0.0,22.72,OK
2026-05-01 00:22:08,1030,0.3228,0.0,0.0,22.7,OK
2026-05-01 00:22:08,1031,0.3068,0.0139,0.0,22.67,OK
2026-05-01 00:22:08,1032,0.2933,0.0137,0.0,22.65,OK
2026-05-01 00:22:08,1033,0.1132,0.0,0.0,22.63,OK
2026-05-01 00:22:08,1034,0.0991,0.0,0.0,22.61,OK
2026-05-01 00:22:08,1035,0.0447,0.0137,0.0,22.59,OK
2026-05-01 00:22:08,1036,0.204,0.0135,0.0,22.57,OK
2026-05-01 00:22:09,1037,0.2071,0.0135,0.0,22.54,OK
2026-05-01 00:22:09,1038,0.2993,0.0,0.0,24.25,OK
2026-05-01 00:22:09,1039,0.3221,0.0,0.0,24.23,OK
2026-05-01 00:22:09,1040,0.316,0.0,0.0,24.21,OK
2026-05-01 00:22:09,1041,0.3234,0.0,0.0,24.18,OK
2026-05-01 00:22:09,1042,0.3289,0.0135,0.0,24.16,OK
2026-05-01 00:22:09,1043,0.3132,0.0,0.0,24.14,OK
2026-05-01 00:22:09,1044,0.3222,0.0137,0.0,24.11,OK
2026-05-01 00:22:09,1045,0.3167,0.0,0.0,24.09,OK
2026-05-01 00:22:09,1046,0.3146,0.0,0.0,24.07,OK
2026-05-01 00:22:09,1047,0.318,0.0,0.0,24.05,OK
2026-05-01 00:22:09,1048,0.296,0.0131,0.0,24.02,OK
2026-05-01 00:22:09,1049,0.2927,0.0131,0.0,24.0,OK
2026-05-01 00:22:09,1050,0.0475,0.0,0.0,23.98,OK
2026-05-01 00:22:09,1051,0.0703,0.0,0.0,23.95,OK
2026-05-01 00:22:09,1052,0.0815,0.0,0.0,23.93,OK
2026-05-01 00:22:09,1053,0.2168,0.0,0.0,23.91,OK
2026-05-01 00:22:09,1054,0.2945,0.0,0.0,25.59,OK
2026-05-01 00:22:09,1055,0.2949,0.0,0.0,25.57,OK
2026-05-01 00:22:09,1056,0.3086,0.0,0.0,25.54,OK
2026-05-01 00:22:09,1057,0.3126,0.0,0.0,25.52,OK
2026-05-01 00:22:09,1058,0.3163,0.0,0.0,25.5,OK
2026-05-01 00:22:09,1059,0.3129,0.0,0.0,25.47,OK
2026-05-01 00:22:09,1060,0.3014,0.0,0.0,25.45,OK
2026-05-01 00:22:09,1061,0.315,0.0,0.0,25.42,OK
2026-05-01 00:22:09,1062,0.3148,0.0,0.0,25.4,OK
2026-05-01 00:22:10,1063,0.3234,0.0298,0.0,25.38,OK
2026-05-01 00:22:10,1064,0.3204,0.0131,0.0,25.35,OK
2026-05-01 00:22:10,1065,0.2983,0.0,0.0,25.33,OK
2026-05-01 00:22:10,1066,0.2982,0.0194,0.0,25.3,OK
2026-05-01 00:22:10,1067,0.2544,0.0139,0.0,25.28,OK
2026-05-01 00:22:10,1068,0.0429,0.0,0.0,25.26,OK
2026-05-01 00:22:10,1069,0.0478,0.0,0.0,25.23,OK
2026-05-01 00:22:10,1070,0.0738,0.0,0.0,25.21,OK
2026-05-01 00:22:10,1071,0.0747,0.0,0.0,25.19,OK
2026-05-01 00:22:10,1072,0.2353,0.0,0.0,25.16,OK
2026-05-01 00:22:10,1073,0.2468,0.0,0.0,26.82,OK
2026-05-01 00:22:10,1074,0.2553,0.0139,0.0,26.79,OK
2026-05-01 00:22:10,1075,0.2481,0.0137,0.0,26.77,OK
2026-05-01 00:22:10,1076,0.1825,0.0133,0.0,26.74,OK
2026-05-01 00:22:10,1077,0.0582,0.0,0.0,26.72,OK
2026-05-01 00:22:10,1078,0.0572,0.0,0.0,26.69,OK
2026-05-01 00:22:10,1079,0.0502,0.0,0.0,26.67,OK
2026-05-01 00:22:10,1080,0.0509,0.0,0.0,26.64,OK
2026-05-01 00:22:10,1081,0.0467,0.0,0.0,26.62,OK
2026-05-01 00:22:10,1082,0.0467,0.0,0.0467,26.59,OK
2026-05-01 00:22:10,1083,0.0592,0.0,0.0533,26.57,OK
2026-05-01 00:22:10,1084,0.0491,0.0,0.06,26.54,OK
2026-05-01 00:22:10,1085,0.0585,0.0,0.0667,26.52,OK
2026-05-01 00:22:10,1086,0.0607,0.0,0.0733,26.49,OK
2026-05-01 00:22:10,1087,0.0645,0.0,0.08,26.47,OK
2026-05-01 00:22:10,1088,0.0698,0.0,0.0867,26.45,OK
2026-05-01 00:22:10,1089,0.0445,0.0277,0.0933,26.42,OK
2026-05-01 00:22:10,1090,0.0496,0.0139,0.1,26.4,OK
2026-05-01 00:22:10,1091,0.0523,0.0,0.1067,26.37,OK
2026-05-01 00:22:10,1092,0.0476,0.0,0.1133,26.35,OK
2026-05-01 00:22:11,1093,0.0513,0.0137,0.12,26.33,OK
2026-05-01 00:22:11,1094,0.0599,0.0131,0.1267,26.3,OK
2026-05-01 00:22:11,1095,0.0565,0.0,0.1333,26.28,OK
2026-05-01 00:22:11,1096,0.0449,0.0,0.14,26.25,OK
2026-05-01 00:22:11,1097,0.0859,0.0139,0.1467,26.23,OK
2026-05-01 00:22:11,1098,0.0802,0.0,0.1533,26.21,OK
2026-05-01 00:22:11,1099,0.0442,0.0,0.16,26.18,OK
2026-05-01 00:22:11,1100,0.0486,0.0,0.1667,26.16,OK
2026-05-01 00:22:11,1101,0.0494,0.0,0.1733,26.13,OK
2026-05-01 00:22:11,1102,0.0455,0.0,0.18,26.11,OK
2026-05-01 00:22:11,1103,0.0419,0.0133,0.1867,26.09,OK
2026-05-01 00:22:11,1104,0.0447,0.0,0.1933,26.06,OK
2026-05-01 00:22:11,1105,0.0498,0.0139,0.2,26.04,OK
2026-05-01 00:22:11,1106,0.0537,0.0,0.2067,26.02,OK
2026-05-01 00:22:11,1107,0.0541,0.0133,0.2133,25.99,OK
2026-05-01 00:22:11,1108,0.0454,0.0,0.22,25.97,OK
2026-05-01 00:22:11,1109,0.0473,0.0131,0.2267,25.95,OK
2026-05-01 00:22:11,1110,0.0469,0.013,0.2333,25.92,OK
2026-05-01 00:22:11,1111,0.0424,0.013,0.24,25.9,OK
2026-05-01 00:22:11,1112,0.0754,0.0,0.2467,25.88,OK
2026-05-01 00:22:11,1113,0.059,0.0147,0.2533,25.85,OK
2026-05-01 00:22:11,1114,0.058,0.0,0.26,25.83,OK
2026-05-01 00:22:11,1115,0.0483,0.0133,0.2667,25.81,OK
2026-05-01 00:22:11,1116,0.0378,0.0,0.2733,25.78,OK
2026-05-01 00:22:11,1117,0.085,0.0,0.28,25.76,OK
2026-05-01 00:22:11,1118,0.0786,0.0139,0.2867,25.74,OK
2026-05-01 00:22:11,1119,0.2491,0.0,0.2867,25.71,OK
2026-05-01 00:22:11,1120,0.2504,0.0,0.2867,25.69,OK
2026-05-01 00:22:11,1121,0.3275,0.0135,0.2867,25.67,OK
2026-05-01 00:22:11,1122,0.3235,0.0137,0.2867,25.65,OK
2026-05-01 00:22:12,1123,0.3259,0.0135,0.2867,25.62,OK
2026-05-01 00:22:12,1124,0.3176,0.0,0.2867,25.6,OK
2026-05-01 00:22:12,1125,0.3124,0.0,0.2867,25.58,OK
2026-05-01 00:22:12,1126,0.3218,0.0,0.2867,25.55,OK
2026-05-01 00:22:12,1127,0.2943,0.0,0.2867,25.53,OK
2026-05-01 00:22:12,1128,0.3264,0.0,0.2867,25.51,OK
2026-05-01 00:22:12,1129,0.3152,0.0,0.2867,25.49,OK
2026-05-01 00:22:12,1130,0.3392,0.0135,0.2867,25.46,OK
2026-05-01 00:22:12,1131,0.3356,0.0135,0.2867,25.44,OK
2026-05-01 00:22:12,1132,0.3227,0.0143,0.2867,25.42,OK
2026-05-01 00:22:12,1133,0.3136,0.014,0.2867,25.4,OK
2026-05-01 00:22:12,1134,0.3142,0.0,0.2867,25.37,OK
2026-05-01 00:22:12,1135,0.3027,0.0,0.2867,25.35,OK
2026-05-01 00:22:12,1136,0.2905,0.0,0.2867,25.33,OK
2026-05-01 00:22:12,1137,0.289,0.0,0.2867,25.31,OK
2026-05-01 00:22:12,1138,0.2845,0.0,0.2867,25.29,OK
2026-05-01 00:22:12,1139,0.2976,0.0141,0.2867,25.26,OK
2026-05-01 00:22:12,1140,0.2953,0.0141,0.2867,25.24,OK
2026-05-01 00:22:12,1141,0.3097,0.0,0.2867,25.22,OK
2026-05-01 00:22:12,1142,0.3145,0.0,0.2867,25.2,OK
2026-05-01 00:22:12,1143,0.3094,0.0139,0.2867,25.17,OK
2026-05-01 00:22:12,1144,0.3094,0.0274,0.2867,25.15,OK
2026-05-01 00:22:12,1145,0.3004,0.0141,0.2867,25.13,OK
2026-05-01 00:22:12,1146,0.3015,0.0422,0.2867,25.11,OK
2026-05-01 00:22:12,1147,0.2967,0.0141,0.2867,25.09,OK
2026-05-01 00:22:12,1148,0.3062,0.0137,0.2867,25.07,OK
2026-05-01 00:22:13,1149,0.3142,0.0,0.2867,25.04,LOW
2026-05-01 00:22:13,1150,0.3118,0.0,0.2867,25.02,LOW
2026-05-01 00:22:13,1151,0.3033,0.0139,0.2867,25.0,LOW
2026-05-01 00:22:13,1152,0.2997,0.0,0.2867,24.98,LOW
2026-05-01 00:22:13,1153,0.2906,0.0141,0.2867,24.96,LOW
2026-05-01 00:22:13,1154,0.293,0.0422,0.2867,24.94,LOW
2026-05-01 00:22:13,1155,0.3163,0.0,0.2867,24.91,LOW
2026-05-01 00:22:13,1156,0.3179,0.0139,0.2867,24.89,LOW
2026-05-01 00:22:13,1157,0.3179,0.0139,0.2867,24.87,LOW
2026-05-01 00:22:13,1158,0.2869,0.0,0.2867,24.85,LOW
2026-05-01 00:22:13,1159,0.2822,0.0139,0.2867,24.83,LOW
2026-05-01 00:22:13,1160,0.2901,0.0137,0.2867,24.81,LOW
2026-05-01 00:22:13,1161,0.28,0.027,0.2867,24.78,LOW
2026-05-01 00:22:13,1162,0.2837,0.0274,0.2867,24.76,LOW
2026-05-01 00:22:13,1163,0.2759,0.0,0.2867,24.74,LOW
2026-05-01 00:22:13,1164,0.2849,0.0141,0.2867,24.72,LOW
2026-05-01 00:22:13,1165,0.2848,0.014,0.2867,24.7,LOW
2026-05-01 00:22:13,1166,0.2695,0.0,0.2867,24.68,LOW
2026-05-01 00:22:13,1167,0.2865,0.0137,0.2867,24.66,LOW
2026-05-01 00:22:13,1168,0.2633,0.0,0.2867,24.64,LOW
2026-05-01 00:22:13,1169,0.2612,0.0,0.2867,24.62,LOW
2026-05-01 00:22:13,1170,0.2745,0.0,0.2867,24.59,LOW
2026-05-01 00:22:14,1171,0.2745,0.0,0.2867,24.57,LOW
2026-05-01 00:22:14,1172,0.2675,0.0,0.2867,24.55,LOW
2026-05-01 00:22:14,1173,0.27,0.0,0.2867,24.53,LOW
2026-05-01 00:22:14,1174,0.2798,0.0,0.2867,24.51,LOW
2026-05-01 00:22:14,1175,0.2783,0.029,0.2867,24.49,LOW
2026-05-01 00:22:14,1176,0.2751,0.0,0.2867,24.47,LOW
2026-05-01 00:22:14,1177,0.2859,0.0,0.2867,24.45,LOW
2026-05-01 00:22:14,1178,0.2812,0.0145,0.2867,24.43,LOW
2026-05-01 00:22:14,1179,0.2758,0.0139,0.2867,24.41,LOW
2026-05-01 00:22:14,1180,0.2758,0.0196,0.2867,24.39,LOW
2026-05-01 00:22:14,1181,0.2856,0.0,0.2867,24.37,LOW
2026-05-01 00:22:14,1182,0.2858,0.0,0.2867,24.34,LOW
2026-05-01 00:22:14,1183,0.2878,0.0143,0.2867,24.32,LOW
2026-05-01 00:22:14,1184,0.2865,0.0141,0.2867,24.3,LOW
2026-05-01 00:22:14,1185,0.2728,0.0142,0.2867,24.28,LOW
2026-05-01 00:22:14,1186,0.2682,0.0139,0.2867,24.26,LOW
2026-05-01 00:22:14,1187,0.2682,0.0139,0.2867,24.24,LOW
2026-05-01 00:22:14,1188,0.2734,0.0205,0.2867,24.22,LOW
2026-05-01 00:22:14,1189,0.2725,0.0143,0.2867,24.2,LOW
2026-05-01 00:22:14,1190,0.2666,0.0285,0.2867,24.18,LOW
2026-05-01 00:22:14,1191,0.2474,0.0,0.2867,24.16,OK
2026-05-01 00:22:14,1192,0.2543,0.014,0.2867,24.14,OK
2026-05-01 00:22:14,1193,0.2851,0.0145,0.2867,24.12,OK
2026-05-01 00:22:14,1194,0.2646,0.0145,0.2867,24.1,OK
2026-05-01 00:22:14,1195,0.2639,0.0145,0.2867,24.08,OK
2026-05-01 00:22:14,1196,0.2848,0.0,0.2867,24.06,OK
2026-05-01 00:22:15,1197,0.2841,0.0,0.2867,24.04,OK
2026-05-01 00:22:15,1198,0.261,0.0,0.2867,24.02,OK
2026-05-01 00:22:15,1199,0.2622,0.0,0.2867,24.0,OK
2026-05-01 00:22:15,1200,0.2674,0.0135,0.2867,23.98,OK
2026-05-01 00:22:15,1201,0.2644,0.0135,0.2867,23.96,OK
2026-05-01 00:22:15,1202,0.267,0.0,0.2867,23.94,OK
2026-05-01 00:22:15,1203,0.2666,0.0,0.2867,23.92,OK
2026-05-01 00:22:15,1204,0.2667,0.0,0.2867,23.9,OK
2026-05-01 00:22:15,1205,0.2677,0.0,0.2867,23.88,OK
2026-05-01 00:22:15,1206,0.2616,0.0,0.2867,23.86,OK
2026-05-01 00:22:15,1207,0.2627,0.0137,0.2867,23.84,OK
2026-05-01 00:22:15,1208,0.2594,0.0,0.2867,23.82,OK
2026-05-01 00:22:15,1209,0.2577,0.0,0.2867,23.8,OK
2026-05-01 00:22:15,1210,0.2626,0.0194,0.2867,23.78,OK
2026-05-01 00:22:15,1211,0.2726,0.0,0.2867,23.76,OK
2026-05-01 00:22:15,1212,0.2631,0.0,0.2867,23.74,OK
2026-05-01 00:22:15,1213,0.2665,0.0137,0.2867,23.72,OK
2026-05-01 00:22:15,1214,0.2721,0.0139,0.2867,23.7,OK
2026-05-01 00:22:15,1215,0.2629,0.0,0.2867,23.68,OK
2026-05-01 00:22:15,1216,0.2612,0.0137,0.2867,23.66,OK
2026-05-01 00:22:15,1217,0.2739,0.0,0.2867,23.65,OK
2026-05-01 00:22:15,1218,0.2636,0.0142,0.2867,23.63,OK
2026-05-01 00:22:15,1219,0.2751,0.0,0.2867,23.61,OK
2026-05-01 00:22:15,1220,0.2721,0.0,0.2867,23.59,OK
2026-05-01 00:22:16,1221,0.2727,0.014,0.2867,23.57,OK
2026-05-01 00:22:16,1222,0.2775,0.0,0.2867,23.55,OK
2026-05-01 00:22:16,1223,0.2754,0.0,0.2867,23.53,OK
2026-05-01 00:22:16,1224,0.276,0.0137,0.2867,23.51,OK
2026-05-01 00:22:16,1225,0.2733,0.0137,0.2867,23.49,OK
2026-05-01 00:22:16,1226,0.0419,0.0141,0.28,23.47,OK
2026-05-01 00:22:16,1227,0.0641,0.0137,0.2733,23.45,OK
2026-05-01 00:22:16,1228,0.0515,0.0,0.2667,23.43,OK
2026-05-01 00:22:16,1229,0.0509,0.0,0.26,23.41,OK
2026-05-01 00:22:16,1230,0.0509,0.0196,0.2533,23.4,OK
2026-05-01 00:22:16,1231,0.0388,0.0,0.2467,23.38,OK
2026-05-01 00:22:16,1232,0.0397,0.0,0.2867,23.36,OK
2026-05-01 00:22:16,1233,0.0384,0.0,0.2867,23.34,OK
2026-05-01 00:22:16,1234,0.059,0.0141,0.2867,23.32,OK
2026-05-01 00:22:16,1235,0.0847,0.0139,0.2867,23.3,OK
2026-05-01 00:22:16,1236,0.1778,0.014,0.2867,23.28,OK
2026-05-01 00:22:16,1237,0.1898,0.0,0.2867,23.26,OK
2026-05-01 00:22:16,1238,0.2202,0.0135,0.2867,23.24,OK
2026-05-01 00:22:16,1239,0.2213,0.0,0.2867,23.23,OK
2026-05-01 00:22:16,1240,0.2126,0.0143,0.2867,23.21,OK
2026-05-01 00:22:16,1241,0.2243,0.0285,0.2867,23.19,OK
2026-05-01 00:22:16,1242,0.232,0.0139,0.2867,23.17,OK
2026-05-01 00:22:16,1243,0.2232,0.0142,0.2867,23.15,OK
2026-05-01 00:22:16,1244,0.2369,0.0147,0.2867,23.13,OK
2026-05-01 00:22:16,1245,0.2438,0.0199,0.2867,23.11,OK
2026-05-01 00:22:17,1246,0.2408,0.0143,0.2867,23.1,OK
2026-05-01 00:22:17,1247,0.2533,0.0,0.28,24.52,OK
2026-05-01 00:22:17,1248,0.2593,0.0,0.2733,24.5,OK
2026-05-01 00:22:17,1249,0.2521,0.0135,0.2667,24.48,OK
2026-05-01 00:22:17,1250,0.2521,0.0135,0.26,24.46,OK
2026-05-01 00:22:17,1251,0.245,0.0,0.2533,24.44,OK
2026-05-01 00:22:17,1252,0.2509,0.0,0.2467,24.42,OK
2026-05-01 00:22:17,1253,0.2493,0.0,0.24,24.4,OK
2026-05-01 00:22:17,1254,0.246,0.0,0.2333,24.38,OK
2026-05-01 00:22:17,1255,0.2433,0.0,0.2267,24.36,OK
2026-05-01 00:22:17,1256,0.241,0.014,0.22,24.34,OK
2026-05-01 00:22:17,1257,0.2438,0.0,0.2133,24.32,OK
2026-05-01 00:22:17,1258,0.2612,0.0,0.2067,25.73,OK
2026-05-01 00:22:17,1259,0.2485,0.0139,0.2,25.71,OK
2026-05-01 00:22:17,1260,0.264,0.0,0.1933,25.69,OK
2026-05-01 00:22:17,1261,0.264,0.0,0.1867,25.67,OK
2026-05-01 00:22:17,1262,0.233,0.0,0.14,25.65,OK
2026-05-01 00:22:17,1263,0.2405,0.0139,0.14,25.63,OK
2026-05-01 00:22:17,1264,0.2394,0.0137,0.14,25.61,OK
2026-05-01 00:22:17,1265,0.2523,0.0,0.14,27.01,OK
2026-05-01 00:22:17,1266,0.2551,0.0139,0.14,26.99,OK
2026-05-01 00:22:17,1267,0.2623,0.0139,0.14,26.97,OK
2026-05-01 00:22:17,1268,0.2691,0.0,0.14,26.95,OK
2026-05-01 00:22:17,1269,0.2535,0.0,0.14,26.93,OK
2026-05-01 00:22:17,1270,0.2567,0.0,0.14,26.91,OK
2026-05-01 00:22:17,1271,0.2584,0.0,0.14,26.89,OK
2026-05-01 00:22:17,1272,0.2541,0.0,0.14,26.87,OK
2026-05-01 00:22:17,1273,0.2699,0.0,0.14,26.84,OK
2026-05-01 00:22:17,1274,0.2738,0.0,0.14,26.82,OK
2026-05-01 00:22:17,1275,0.2707,0.0,0.14,26.8,OK
2026-05-01 00:22:18,1276,0.2484,0.0,0.14,26.78,OK
2026-05-01 00:22:18,1277,0.2603,0.0,0.14,26.76,OK
2026-05-01 00:22:18,1278,0.2384,0.0193,0.14,26.74,OK
2026-05-01 00:22:18,1279,0.2384,0.0,0.14,26.72,OK
2026-05-01 00:22:18,1280,0.2646,0.0,0.14,28.1,OK
2026-05-01 00:22:18,1281,0.2609,0.0,0.14,28.08,OK
2026-05-01 00:22:18,1282,0.2609,0.0,0.14,28.06,OK
2026-05-01 00:22:18,1283,0.2589,0.0,0.14,28.04,OK
2026-05-01 00:22:18,1284,0.2604,0.0141,0.14,28.02,OK
2026-05-01 00:22:18,1285,0.2482,0.0,0.14,27.99,OK
2026-05-01 00:22:18,1286,0.2393,0.0,0.14,27.97,OK
2026-05-01 00:22:18,1287,0.2812,0.0,0.14,27.95,OK
2026-05-01 00:22:18,1288,0.2814,0.0,0.14,27.93,OK
2026-05-01 00:22:18,1289,0.263,0.0277,0.14,27.91,OK
2026-05-01 00:22:18,1290,0.2623,0.0199,0.14,27.89,OK
2026-05-01 00:22:18,1291,0.2546,0.0139,0.14,27.86,OK
2026-05-01 00:22:18,1292,0.2697,0.0274,0.14,27.84,OK
2026-05-01 00:22:18,1293,0.2637,0.027,0.14,27.82,OK
2026-05-01 00:22:18,1294,0.2516,0.0138,0.14,27.8,OK
2026-05-01 00:22:18,1295,0.2516,0.0,0.14,27.78,OK
2026-05-01 00:22:18,1296,0.2562,0.0141,0.14,27.76,OK
2026-05-01 00:22:18,1297,0.2647,0.0141,0.14,27.73,OK
2026-05-01 00:22:18,1298,0.2697,0.0,0.14,27.71,OK
2026-05-01 00:22:18,1299,0.2625,0.0137,0.14,27.69,OK
2026-05-01 00:22:18,1300,0.2519,0.0145,0.14,27.67,OK
2026-05-01 00:22:18,1301,0.255,0.0,0.14,27.65,OK
2026-05-01 00:22:18,1302,0.2572,0.0,0.14,27.63,OK
2026-05-01 00:22:18,1303,0.262,0.0139,0.14,27.61,OK
2026-05-01 00:22:18,1304,0.2561,0.0196,0.14,27.59,OK
2026-05-01 00:22:18,1305,0.2579,0.0,0.14,27.57,OK
2026-05-01 00:22:18,1306,0.2608,0.0141,0.14,27.54,OK
2026-05-01 00:22:19,1307,0.2615,0.0281,0.14,27.52,OK
2026-05-01 00:22:19,1308,0.2761,0.0281,0.14,27.5,OK
2026-05-01 00:22:19,1309,0.2597,0.0,0.14,27.48,OK
2026-05-01 00:22:19,1310,0.2654,0.0193,0.14,27.46,OK
2026-05-01 00:22:19,1311,0.2659,0.0,0.14,27.44,OK
2026-05-01 00:22:19,1312,0.2582,0.0142,0.14,27.42,OK
2026-05-01 00:22:19,1313,0.2628,0.0142,0.14,27.4,OK
2026-05-01 00:22:19,1314,0.2767,0.014,0.14,27.38,OK
2026-05-01 00:22:19,1315,0.2889,0.0,0.14,27.36,OK
2026-05-01 00:22:19,1316,0.261,0.0142,0.14,27.33,OK
2026-05-01 00:22:19,1317,0.265,0.0,0.14,27.31,OK
2026-05-01 00:22:19,1318,0.2677,0.0,0.14,27.29,OK
2026-05-01 00:22:19,1319,0.2494,0.0,0.14,27.27,OK
2026-05-01 00:22:19,1320,0.2494,0.0,0.14,27.25,OK
2026-05-01 00:22:19,1321,0.2675,0.0147,0.14,27.23,OK
2026-05-01 00:22:19,1322,0.2666,0.0,0.14,27.21,OK
2026-05-01 00:22:19,1323,0.2707,0.0,0.14,27.19,OK
2026-05-01 00:22:19,1324,0.2666,0.0,0.14,27.17,OK
2026-05-01 00:22:19,1325,0.256,0.0439,0.14,27.15,OK
2026-05-01 00:22:19,1326,0.2622,0.0281,0.14,27.13,OK
2026-05-01 00:22:19,1327,0.2486,0.0135,0.14,27.11,OK
2026-05-01 00:22:19,1328,0.2514,0.0,0.14,27.09,OK
2026-05-01 00:22:19,1329,0.0573,0.0,0.14,27.07,OK
2026-05-01 00:22:19,1330,0.0545,0.0139,0.14,27.05,OK
2026-05-01 00:22:20,1331,0.0495,0.0,0.14,27.03,OK
2026-05-01 00:22:20,1332,0.0751,0.0,0.14,27.01,OK
2026-05-01 00:22:20,1333,0.042,0.0133,0.14,26.99,OK
2026-05-01 00:22:20,1334,0.0429,0.0,0.14,26.97,OK
2026-05-01 00:22:20,1335,0.0354,0.0137,0.1867,26.95,OK
2026-05-01 00:22:20,1336,0.0354,0.0137,0.1933,26.93,OK
2026-05-01 00:22:20,1337,0.0584,0.0,0.2,26.91,OK
2026-05-01 00:22:20,1338,0.0597,0.0,0.2067,26.89,OK
2026-05-01 00:22:20,1339,0.0677,0.0,0.2133,26.87,OK
2026-05-01 00:22:20,1340,0.0677,0.0137,0.22,26.85,OK
2026-05-01 00:22:20,1341,0.053,0.0,0.2267,26.83,OK
2026-05-01 00:22:20,1342,0.0572,0.0139,0.2333,26.81,OK
2026-05-01 00:22:20,1343,0.0535,0.0,0.24,26.79,OK
2026-05-01 00:22:20,1344,0.0493,0.0,0.2467,26.77,OK
2026-05-01 00:22:20,1345,0.0512,0.0,0.2533,26.75,OK
2026-05-01 00:22:20,1346,0.0419,0.0,0.26,26.73,OK
2026-05-01 00:22:20,1347,0.0387,0.0,0.2667,26.71,OK
2026-05-01 00:22:20,1348,0.0507,0.0137,0.2733,26.69,OK
2026-05-01 00:22:20,1349,0.0416,0.0,0.28,26.67,OK
2026-05-01 00:22:20,1350,0.0358,0.0,0.2867,26.65,OK
2026-05-01 00:22:20,1351,0.0642,0.0,0.2933,26.63,OK
2026-05-01 00:22:20,1352,0.0595,0.0145,0.3,26.61,OK
2026-05-01 00:22:20,1353,0.0377,0.0145,0.3067,26.59,OK
2026-05-01 00:22:20,1354,0.0523,0.0,0.3133,26.57,OK
2026-05-01 00:22:20,1355,0.0492,0.0,0.32,26.55,OK
2026-05-01 00:22:20,1356,0.0569,0.0,0.3267,26.53,OK
2026-05-01 00:22:21,1357,0.0615,0.0,0.3333,26.51,OK
2026-05-01 00:22:21,1358,0.0609,0.0,0.34,26.49,OK
2026-05-01 00:22:21,1359,0.0604,0.0,0.3467,26.47,OK
2026-05-01 00:22:21,1360,0.0716,0.0147,0.3533,26.45,OK
2026-05-01 00:22:21,1361,0.0481,0.0133,0.36,26.43,OK
2026-05-01 00:22:21,1362,0.0524,0.0,0.3667,26.41,OK
2026-05-01 00:22:21,1363,0.0877,0.0,0.3733,26.39,OK
2026-05-01 00:22:21,1364,0.0707,0.0,0.38,26.37,OK
2026-05-01 00:22:21,1365,0.2386,0.0141,0.3867,26.35,OK
2026-05-01 00:22:21,1366,0.2752,0.0,0.3867,26.34,OK
2026-05-01 00:22:21,1367,0.2853,0.0,0.3867,26.32,HIGH
2026-05-01 00:22:21,1368,0.2789,0.0143,0.3867,26.3,HIGH
2026-05-01 00:22:21,1369,0.2732,0.0143,0.3867,26.28,HIGH
2026-05-01 00:22:21,1370,0.2823,0.0,0.3867,26.26,HIGH
2026-05-01 00:22:21,1371,0.2766,0.0,0.3867,26.24,HIGH
2026-05-01 00:22:21,1372,0.2873,0.0,0.3867,26.22,HIGH
2026-05-01 00:22:21,1373,0.2813,0.0,0.3867,26.2,HIGH
2026-05-01 00:22:21,1374,0.2838,0.0143,0.3867,26.18,HIGH
2026-05-01 00:22:21,1375,0.2824,0.0142,0.3867,26.16,HIGH
2026-05-01 00:22:21,1376,0.2874,0.0141,0.38,26.14,HIGH
2026-05-01 00:22:21,1377,0.2809,0.0,0.3733,26.12,HIGH
2026-05-01 00:22:21,1378,0.2746,0.0137,0.3667,26.11,HIGH
2026-05-01 00:22:21,1379,0.2866,0.0277,0.36,26.09,HIGH
2026-05-01 00:22:21,1380,0.2866,0.031,0.3533,26.07,HIGH
2026-05-01 00:22:21,1381,0.2924,0.0693,0.3467,26.05,HIGH
2026-05-01 00:22:21,1382,0.2976,0.0693,0.34,26.03,HIGH
2026-05-01 00:22:21,1383,0.2734,0.0,0.3333,26.01,HIGH
2026-05-01 00:22:21,1384,0.2923,0.0,0.3267,25.99,HIGH
2026-05-01 00:22:21,1385,0.2946,0.0,0.32,25.97,HIGH
2026-05-01 00:22:21,1386,0.2682,0.0,0.3133,25.96,HIGH
2026-05-01 00:22:22,1387,0.2672,0.0,0.3067,25.94,HIGH
2026-05-01 00:22:22,1388,0.2692,0.0,0.3,25.92,HIGH
2026-05-01 00:22:22,1389,0.2638,0.0133,0.2933,25.9,HIGH
2026-05-01 00:22:22,1390,0.2908,0.0,0.2467,25.88,HIGH
2026-05-01 00:22:22,1391,0.2788,0.0139,0.2467,25.86,HIGH
2026-05-01 00:22:22,1392,0.2775,0.0141,0.2467,25.84,HIGH
2026-05-01 00:22:22,1393,0.2749,0.0,0.2467,25.82,HIGH
2026-05-01 00:22:22,1394,0.2664,0.0,0.2467,25.81,HIGH
2026-05-01 00:22:22,1395,0.3013,0.0,0.2467,25.79,HIGH
2026-05-01 00:22:22,1396,0.2946,0.0,0.2467,25.77,HIGH
2026-05-01 00:22:22,1397,0.2807,0.0,0.2467,25.75,HIGH
2026-05-01 00:22:22,1398,0.2814,0.0,0.2467,25.73,HIGH
2026-05-01 00:22:22,1399,0.2754,0.0,0.2467,25.71,HIGH
2026-05-01 00:22:22,1400,0.2759,0.0,0.2467,25.7,HIGH
2026-05-01 00:22:22,1401,0.2681,0.0,0.2467,25.68,HIGH
2026-05-01 00:22:22,1402,0.2616,0.0143,0.2467,25.66,HIGH
2026-05-01 00:22:22,1403,0.2619,0.0143,0.2467,25.64,HIGH
2026-05-01 00:22:22,1404,0.269,0.0,0.2467,25.62,HIGH
2026-05-01 00:22:22,1405,0.269,0.0,0.2467,25.6,HIGH
2026-05-01 00:22:22,1406,0.2931,0.0,0.2467,25.59,HIGH
2026-05-01 00:22:22,1407,0.287,0.0,0.2467,25.57,HIGH
2026-05-01 00:22:22,1408,0.2677,0.0196,0.2467,25.55,HIGH
2026-05-01 00:22:22,1409,0.2718,0.0,0.2467,25.53,HIGH
2026-05-01 00:22:22,1410,0.2672,0.0147,0.2467,25.51,HIGH
2026-05-01 00:22:22,1411,0.2628,0.0294,0.2467,25.5,HIGH
2026-05-01 00:22:22,1412,0.2784,0.0,0.2467,25.48,HIGH
2026-05-01 00:22:22,1413,0.2725,0.014,0.2467,25.46,HIGH
2026-05-01 00:22:23,1414,0.263,0.0,0.2467,25.44,HIGH
2026-05-01 00:22:23,1415,0.2572,0.0,0.2467,25.42,HIGH
2026-05-01 00:22:23,1416,0.2736,0.0314,0.2467,25.41,HIGH
2026-05-01 00:22:23,1417,0.2737,0.0314,0.2467,25.39,HIGH
2026-05-01 00:22:23,1418,0.2782,0.0149,0.2467,25.37,HIGH
2026-05-01 00:22:23,1419,0.2681,0.0,0.2467,25.35,HIGH
2026-05-01 00:22:23,1420,0.2637,0.0196,0.2467,25.33,HIGH
2026-05-01 00:22:23,1421,0.2666,0.0191,0.2467,25.32,HIGH
2026-05-01 00:22:23,1422,0.2743,0.0191,0.2467,25.3,HIGH
2026-05-01 00:22:23,1423,0.2523,0.0,0.2467,25.28,HIGH
2026-05-01 00:22:23,1424,0.2466,0.0199,0.2467,25.26,HIGH
2026-05-01 00:22:23,1425,0.2706,0.0,0.2467,25.25,HIGH
2026-05-01 00:22:23,1426,0.2772,0.0,0.2467,25.23,HIGH
2026-05-01 00:22:23,1427,0.2807,0.0141,0.2467,25.21,HIGH
2026-05-01 00:22:23,1428,0.2677,0.0141,0.2467,25.19,HIGH
2026-05-01 00:22:23,1429,0.2699,0.0,0.2467,25.17,HIGH
2026-05-01 00:22:23,1430,0.2583,0.0,0.2467,25.16,HIGH
2026-05-01 00:22:23,1431,0.2721,0.0139,0.2467,25.14,HIGH
2026-05-01 00:22:23,1432,0.2671,0.0145,0.2467,25.12,HIGH
2026-05-01 00:22:23,1433,0.2767,0.0,0.2467,25.1,HIGH
2026-05-01 00:22:23,1434,0.2715,0.0149,0.2467,25.09,HIGH
2026-05-01 00:22:23,1435,0.2657,0.0298,0.2467,25.07,HIGH
2026-05-01 00:22:23,1436,0.2796,0.0,0.2467,25.05,HIGH
2026-05-01 00:22:23,1437,0.2747,0.0289,0.2467,25.03,HIGH
2026-05-01 00:22:23,1438,0.2601,0.0,0.2467,25.02,OK
2026-05-01 00:22:23,1439,0.261,0.0,0.2467,25.0,OK
2026-05-01 00:22:23,1440,0.2683,0.0,0.2467,24.98,OK
2026-05-01 00:22:24,1441,0.283,0.0,0.2467,24.97,OK
2026-05-01 00:22:24,1442,0.2688,0.014,0.2467,24.95,OK
2026-05-01 00:22:24,1443,0.2628,0.0143,0.2467,24.93,OK
2026-05-01 00:22:24,1444,0.2641,0.0143,0.2467,24.91,OK
2026-05-01 00:22:24,1445,0.272,0.0,0.2467,24.9,OK
2026-05-01 00:22:24,1446,0.2751,0.0,0.2467,24.88,OK
2026-05-01 00:22:24,1447,0.2665,0.0,0.2467,24.86,OK
2026-05-01 00:22:24,1448,0.2806,0.0,0.2467,24.84,OK
2026-05-01 00:22:24,1449,0.2593,0.0,0.2467,24.83,OK
2026-05-01 00:22:24,1450,0.2606,0.0141,0.2467,24.81,OK
2026-05-01 00:22:24,1451,0.2809,0.0143,0.2467,24.79,OK
2026-05-01 00:22:24,1452,0.2832,0.0,0.2467,24.78,OK
2026-05-01 00:22:24,1453,0.2632,0.0,0.2467,24.76,OK
2026-05-01 00:22:24,1454,0.2572,0.0143,0.2467,24.74,OK
2026-05-01 00:22:24,1455,0.2547,0.0145,0.2467,24.73,OK
2026-05-01 00:22:24,1456,0.2727,0.0199,0.2467,24.71,OK
2026-05-01 00:22:24,1457,0.2623,0.0141,0.2467,24.69,OK
2026-05-01 00:22:24,1458,0.2611,0.0,0.2467,24.67,OK
2026-05-01 00:22:24,1459,0.2669,0.0145,0.2467,24.66,OK
2026-05-01 00:22:24,1460,0.278,0.0,0.2467,24.64,OK
2026-05-01 00:22:24,1461,0.2667,0.0,0.2467,24.62,OK
2026-05-01 00:22:24,1462,0.2622,0.0,0.2467,24.61,OK
2026-05-01 00:22:24,1463,0.2858,0.0143,0.2467,24.59,OK
2026-05-01 00:22:24,1464,0.2745,0.0,0.2467,24.57,OK
2026-05-01 00:22:24,1465,0.3127,0.0,0.2467,24.56,OK
2026-05-01 00:22:24,1466,0.3092,0.0,0.2467,24.54,OK
2026-05-01 00:22:24,1467,0.3102,0.0135,0.2467,24.52,OK
2026-05-01 00:22:24,1468,0.3364,0.0147,0.2467,24.51,OK
2026-05-01 00:22:25,1469,0.3386,0.0,0.2467,24.49,OK
2026-05-01 00:22:25,1470,0.3129,0.0139,0.2467,24.47,OK
2026-05-01 00:22:25,1471,0.3216,0.0141,0.2467,24.46,OK
2026-05-01 00:22:25,1472,0.3284,0.014,0.2467,24.44,OK
2026-05-01 00:22:25,1473,0.3158,0.0139,0.2467,24.42,OK
2026-05-01 00:22:25,1474,0.3158,0.0,0.2467,24.41,OK
2026-05-01 00:22:25,1475,0.3162,0.0,0.2467,24.39,OK
2026-05-01 00:22:25,1476,0.3222,0.0421,0.2467,24.37,OK
2026-05-01 00:22:25,1477,0.3236,0.0399,0.2467,24.36,OK
2026-05-01 00:22:25,1478,0.3207,0.0,0.2467,24.34,OK
2026-05-01 00:22:25,1479,0.322,0.0143,0.24,24.32,OK
2026-05-01 00:22:25,1480,0.3101,0.0,0.2333,24.31,OK
2026-05-01 00:22:25,1481,0.3101,0.0,0.2267,24.29,OK
2026-05-01 00:22:25,1482,0.3127,0.0,0.22,24.28,OK
2026-05-01 00:22:25,1483,0.3143,0.0,0.2133,24.26,OK
2026-05-01 00:22:25,1484,0.2939,0.0,0.2067,24.24,OK
2026-05-01 00:22:25,1485,0.2998,0.0,0.2,24.23,OK
2026-05-01 00:22:25,1486,0.3029,0.0142,0.1933,24.21,OK
2026-05-01 00:22:25,1487,0.3255,0.014,0.1867,24.19,OK
2026-05-01 00:22:25,1488,0.3117,0.0263,0.18,24.18,OK
2026-05-01 00:22:25,1489,0.306,0.0394,0.1733,24.16,OK
2026-05-01 00:22:25,1490,0.3102,0.0,0.1667,24.14,OK
2026-05-01 00:22:25,1491,0.3053,0.0141,0.16,24.13,OK
2026-05-01 00:22:25,1492,0.2991,0.031,0.1533,24.11,OK
2026-05-01 00:22:25,1493,0.2977,0.0139,0.1467,24.1,OK
2026-05-01 00:22:26,1494,0.3046,0.0315,0.14,24.08,OK
2026-05-01 00:22:26,1495,0.299,0.0,0.1333,24.06,OK
2026-05-01 00:22:26,1496,0.297,0.0139,0.1267,24.05,OK
2026-05-01 00:22:26,1497,0.3031,0.0,0.12,24.03,OK
2026-05-01 00:22:26,1498,0.3117,0.0,0.1133,24.02,OK
2026-05-01 00:22:26,1499,0.3043,0.0,0.1067,24.0,OK
2026-05-01 00:22:26,1500,0.2758,0.0145,0.1,23.98,OK
2026-05-01 00:22:26,1501,0.2804,0.0145,0.0933,23.97,OK
2026-05-01 00:22:26,1502,0.2937,0.0,0.0867,23.95,OK
2026-05-01 00:22:26,1503,0.2933,0.0,0.08,23.94,OK
2026-05-01 00:22:26,1504,0.3049,0.0298,0.0733,23.92,OK
2026-05-01 00:22:26,1505,0.2958,0.0149,0.0667,23.9,OK
2026-05-01 00:22:26,1506,0.2952,0.0154,0.06,23.89,OK
2026-05-01 00:22:26,1507,0.2857,0.0486,0.0533,23.87,OK
2026-05-01 00:22:26,1508,0.306,0.0,0.0467,23.86,OK
2026-05-01 00:22:26,1509,0.3179,0.0,0.0,23.84,OK
2026-05-01 00:22:26,1510,0.3399,0.0,0.0,23.83,OK
2026-05-01 00:22:26,1511,0.3298,0.0,0.0,23.81,OK
2026-05-01 00:22:26,1512,0.3294,0.0,0.0,23.79,OK
2026-05-01 00:22:26,1513,0.3285,0.0159,0.0,23.78,OK
2026-05-01 00:22:26,1514,0.3349,0.0328,0.0,23.76,OK
2026-05-01 00:22:26,1515,0.3482,0.0164,0.0,23.75,OK
2026-05-01 00:22:26,1516,0.3386,0.0172,0.0,23.73,OK
2026-05-01 00:22:26,1517,0.3282,0.0447,0.0,23.72,OK
2026-05-01 00:22:26,1518,0.3242,0.0615,0.0,23.7,OK
2026-05-01 00:22:26,1519,0.3195,0.0,0.0,23.68,OK
2026-05-01 00:22:26,1520,0.3179,0.0,0.0,23.67,OK
2026-05-01 00:22:26,1521,0.2875,0.0,0.0,23.65,OK
2026-05-01 00:22:26,1522,0.3067,0.0562,0.0,23.64,OK
2026-05-01 00:22:26,1523,0.3024,0.0712,0.0,23.62,OK
2026-05-01 00:22:26,1524,0.333,0.0205,0.0,23.61,OK
2026-05-01 00:22:26,1525,0.3331,0.0141,0.0,23.59,OK
2026-05-01 00:22:27,1526,0.3285,0.0302,0.0,23.58,OK
2026-05-01 00:22:27,1527,0.3143,0.0139,0.0,23.56,OK
2026-05-01 00:22:27,1528,0.3087,0.0606,0.0,23.54,OK
2026-05-01 00:22:27,1529,0.3305,0.0294,0.0,23.53,OK
2026-05-01 00:22:27,1530,0.3244,0.0294,0.0,23.51,OK
2026-05-01 00:22:27,1531,0.3216,0.0,0.0,23.5,OK
2026-05-01 00:22:27,1532,0.3241,0.0,0.0,23.48,OK
2026-05-01 00:22:27,1533,0.3197,0.0,0.0,23.47,OK
2026-05-01 00:22:27,1534,0.3305,0.0151,0.0,23.45,OK
2026-05-01 00:22:27,1535,0.3296,0.0298,0.0,23.44,OK
2026-05-01 00:22:27,1536,0.319,0.0145,0.0,23.42,OK
2026-05-01 00:22:27,1537,0.3238,0.0141,0.0,23.41,OK
2026-05-01 00:22:27,1538,0.3268,0.0416,0.0,23.39,OK
2026-05-01 00:22:27,1539,0.3161,0.0451,0.0,23.38,OK
2026-05-01 00:22:27,1540,0.1868,0.0416,0.0,23.36,OK
2026-05-01 00:22:27,1541,0.1859,0.0428,0.0,23.35,OK
2026-05-01 00:22:27,1542,0.1403,0.0194,0.0,23.33,OK
2026-05-01 00:22:27,1543,0.1409,0.0202,0.0,23.32,OK
2026-05-01 00:22:27,1544,0.1364,0.029,0.0,23.3,OK
2026-05-01 00:22:27,1545,0.1488,0.0,0.0,23.29,OK
2026-05-01 00:22:27,1546,0.1491,0.0,0.0467,23.27,OK
2026-05-01 00:22:27,1547,0.2944,0.0423,0.0467,24.42,OK
2026-05-01 00:22:27,1548,0.2801,0.0417,0.0467,24.4,OK
2026-05-01 00:22:27,1549,0.3035,0.0159,0.0467,24.39,OK
2026-05-01 00:22:27,1550,0.3088,0.0,0.0467,24.37,OK
2026-05-01 00:22:27,1551,0.3075,0.0597,0.0467,24.36,OK
2026-05-01 00:22:27,1552,0.315,0.0465,0.0467,24.34,OK
2026-05-01 00:22:27,1553,0.3104,0.0145,0.0467,24.32,OK
2026-05-01 00:22:28,1554,0.316,0.0315,0.0467,24.31,OK
2026-05-01 00:22:28,1555,0.3106,0.0156,0.0467,24.29,OK
2026-05-01 00:22:28,1556,0.3036,0.0161,0.0467,24.28,OK
2026-05-01 00:22:28,1557,0.3112,0.0143,0.0467,24.26,OK
2026-05-01 00:22:28,1558,0.2872,0.0152,0.0467,24.25,OK
2026-05-01 00:22:28,1559,0.2877,0.0152,0.0467,24.23,OK
2026-05-01 00:22:28,1560,0.3056,0.0137,0.0467,24.22,OK
2026-05-01 00:22:28,1561,0.3028,0.0427,0.0467,24.2,OK
2026-05-01 00:22:28,1562,0.2442,0.1129,0.0467,24.18,OK
2026-05-01 00:22:28,1563,0.1668,0.0303,0.0467,24.17,OK
2026-05-01 00:22:28,1564,0.2462,0.0,0.0467,25.3,OK
2026-05-01 00:22:28,1565,0.2544,0.0145,0.0467,25.29,OK
2026-05-01 00:22:28,1566,0.2953,0.0308,0.0467,25.27,OK
2026-05-01 00:22:28,1567,0.2963,0.0308,0.0467,25.26,OK
2026-05-01 00:22:28,1568,0.3113,0.0869,0.0467,25.24,OK
2026-05-01 00:22:28,1569,0.3113,0.0894,0.0467,25.22,OK
2026-05-01 00:22:28,1570,0.2937,0.0615,0.0467,25.21,OK
2026-05-01 00:22:28,1571,0.3041,0.0728,0.0467,25.19,OK
2026-05-01 00:22:28,1572,0.3056,0.0572,0.0467,25.17,OK
2026-05-01 00:22:28,1573,0.3152,0.0147,0.0467,25.16,OK
2026-05-01 00:22:28,1574,0.3111,0.0,0.0467,25.14,OK
2026-05-01 00:22:28,1575,0.3002,0.0289,0.0467,25.13,OK
2026-05-01 00:22:28,1576,0.3091,0.0149,0.0467,25.11,OK
2026-05-01 00:22:28,1577,0.2889,0.0324,0.0467,25.1,OK
2026-05-01 00:22:28,1578,0.2922,0.0996,0.0467,25.08,OK
2026-05-01 00:22:28,1579,0.2978,0.0845,0.0467,25.06,OK
2026-05-01 00:22:28,1580,0.3158,0.0579,0.0467,25.05,OK
2026-05-01 00:22:29,1581,0.3111,0.0868,0.0467,25.03,OK
2026-05-01 00:22:29,1582,0.3123,0.0141,0.0467,25.02,OK
2026-05-01 00:22:29,1583,0.3103,0.0141,0.0467,25.0,OK
2026-05-01 00:22:29,1584,0.2977,0.0,0.0467,24.98,OK
2026-05-01 00:22:29,1585,0.3006,0.0,0.0467,24.97,OK
2026-05-01 00:22:29,1586,0.301,0.0141,0.0467,24.95,OK
2026-05-01 00:22:29,1587,0.2951,0.0141,0.0467,24.94,OK
2026-05-01 00:22:29,1588,0.2922,0.0259,0.0467,24.92,OK
2026-05-01 00:22:29,1589,0.2972,0.041,0.0467,24.91,OK
2026-05-01 00:22:29,1590,0.2988,0.0,0.0467,24.89,OK
2026-05-01 00:22:29,1591,0.2981,0.0299,0.0467,24.87,OK
2026-05-01 00:22:29,1592,0.3031,0.0294,0.0467,24.86,OK
2026-05-01 00:22:29,1593,0.3008,0.0289,0.0467,24.84,OK
2026-05-01 00:22:29,1594,0.3067,0.057,0.0467,24.83,OK
2026-05-01 00:22:29,1595,0.3008,0.0548,0.0467,24.81,OK
2026-05-01 00:22:29,1596,0.2844,0.0428,0.0467,24.8,OK
2026-05-01 00:22:29,1597,0.2808,0.0298,0.0467,24.78,OK
2026-05-01 00:22:29,1598,0.2992,0.0143,0.0467,24.77,OK
2026-05-01 00:22:29,1599,0.2966,0.0,0.0467,24.75,OK
2026-05-01 00:22:29,1600,0.3015,0.0,0.0467,24.73,OK
2026-05-01 00:22:29,1601,0.3199,0.0,0.0467,24.72,OK
2026-05-01 00:22:29,1602,0.3043,0.0,0.0467,24.7,OK
2026-05-01 00:22:29,1603,0.3175,0.0,0.0467,24.69,OK
2026-05-01 00:22:29,1604,0.3086,0.0,0.0467,24.67,OK
2026-05-01 00:22:29,1605,0.3315,0.0,0.0467,24.66,OK
2026-05-01 00:22:29,1606,0.3169,0.0281,0.0467,24.64,OK
2026-05-01 00:22:29,1607,0.2967,0.031,0.0467,24.63,OK
2026-05-01 00:22:30,1608,0.3301,0.0159,0.0467,24.61,OK
2026-05-01 00:22:30,1609,0.3316,0.0317,0.0467,24.6,OK
2026-05-01 00:22:30,1610,0.3344,0.0141,0.0467,24.58,OK
2026-05-01 00:22:30,1611,0.328,0.0147,0.0467,24.57,OK
2026-05-01 00:22:30,1612,0.3241,0.0205,0.0467,24.55,OK
2026-05-01 00:22:30,1613,0.3157,0.0154,0.0467,24.54,OK
2026-05-01 00:22:30,1614,0.3252,0.0427,0.0467,24.52,OK
2026-05-01 00:22:30,1615,0.3152,0.0,0.0467,24.5,OK
2026-05-01 00:22:30,1616,0.3205,0.0267,0.0467,24.49,OK
2026-05-01 00:22:30,1617,0.3206,0.0557,0.0467,24.47,OK
2026-05-01 00:22:30,1618,0.3181,0.0704,0.0467,24.46,OK
2026-05-01 00:22:30,1619,0.3238,0.0563,0.0467,24.44,OK
2026-05-01 00:22:30,1620,0.3154,0.0,0.0467,24.43,OK
2026-05-01 00:22:30,1621,0.324,0.0315,0.0467,24.41,OK
2026-05-01 00:22:30,1622,0.3188,0.0286,0.0467,24.4,OK
2026-05-01 00:22:30,1623,0.191,0.0196,0.0467,24.38,OK
2026-05-01 00:22:30,1624,0.2073,0.0281,0.0467,24.37,OK
2026-05-01 00:22:30,1625,0.31,0.0145,0.0467,25.46,OK
2026-05-01 00:22:30,1626,0.3192,0.0149,0.0467,25.45,OK
2026-05-01 00:22:30,1627,0.3361,0.0147,0.0467,25.43,OK
2026-05-01 00:22:30,1628,0.3112,0.0,0.0467,25.41,OK
2026-05-01 00:22:30,1629,0.307,0.0151,0.0467,25.4,OK
2026-05-01 00:22:30,1630,0.319,0.029,0.0467,25.38,OK
2026-05-01 00:22:30,1631,0.3267,0.0,0.0467,25.37,OK
2026-05-01 00:22:31,1632,0.3251,0.0,0.0467,25.35,OK
2026-05-01 00:22:31,1633,0.3224,0.0588,0.0467,25.34,OK
2026-05-01 00:22:31,1634,0.3212,0.0334,0.0467,25.32,OK
2026-05-01 00:22:31,1635,0.3139,0.0281,0.0467,25.31,OK
2026-05-01 00:22:31,1636,0.3176,0.0416,0.0467,25.29,OK
2026-05-01 00:22:31,1637,0.2754,0.0,0.0467,25.27,OK
2026-05-01 00:22:31,1638,0.2918,0.0,0.0467,25.26,OK
2026-05-01 00:22:31,1639,0.292,0.0139,0.0467,25.24,OK
2026-05-01 00:22:31,1640,0.2885,0.0199,0.0467,25.23,OK
2026-05-01 00:22:31,1641,0.1648,0.0,0.0467,25.21,OK
2026-05-01 00:22:31,1642,0.1763,0.0349,0.0467,25.2,OK
2026-05-01 00:22:31,1643,0.1581,0.0355,0.0467,25.18,OK
2026-05-01 00:22:31,1644,0.2595,0.0154,0.0467,26.26,OK
2026-05-01 00:22:31,1645,0.2896,0.0294,0.0467,26.25,OK
2026-05-01 00:22:31,1646,0.3065,0.0303,0.0467,26.23,OK
2026-05-01 00:22:31,1647,0.3044,0.0208,0.0467,26.21,OK
2026-05-01 00:22:31,1648,0.3063,0.0,0.0467,26.2,OK
2026-05-01 00:22:31,1649,0.2978,0.0,0.0467,26.18,OK
2026-05-01 00:22:31,1650,0.287,0.0,0.0467,26.17,OK
2026-05-01 00:22:31,1651,0.3045,0.0149,0.0467,26.15,OK
2026-05-01 00:22:31,1652,0.2524,0.0149,0.0467,26.13,OK
2026-05-01 00:22:31,1653,0.2669,0.0214,0.0467,26.12,OK
2026-05-01 00:22:31,1654,0.2734,0.0,0.0467,26.1,OK
2026-05-01 00:22:31,1655,0.2725,0.0141,0.0467,26.09,OK
2026-05-01 00:22:32,1656,0.268,0.0145,0.0467,26.07,OK
2026-05-01 00:22:32,1657,0.277,0.0,0.0467,26.06,OK
2026-05-01 00:22:32,1658,0.2694,0.0143,0.0467,26.04,OK
2026-05-01 00:22:32,1659,0.2666,0.0139,0.0467,26.02,OK
2026-05-01 00:22:32,1660,0.2669,0.0141,0.0467,26.01,OK
2026-05-01 00:22:32,1661,0.2503,0.0143,0.0467,25.99,OK
2026-05-01 00:22:32,1662,0.2453,0.0,0.0467,25.98,OK
2026-05-01 00:22:32,1663,0.253,0.0,0.0467,25.96,OK
2026-05-01 00:22:32,1664,0.2503,0.0145,0.0467,25.95,OK
2026-05-01 00:22:32,1665,0.2437,0.0145,0.0467,25.93,OK
2026-05-01 00:22:32,1666,0.2346,0.0,0.0467,25.91,OK
2026-05-01 00:22:32,1667,0.2396,0.0,0.0467,25.9,OK
2026-05-01 00:22:32,1668,0.2302,0.0,0.0467,25.88,OK
2026-05-01 00:22:32,1669,0.2209,0.0,0.0467,25.87,OK
2026-05-01 00:22:32,1670,0.2437,0.0137,0.0467,25.85,OK
2026-05-01 00:22:32,1671,0.2347,0.0,0.0933,25.84,OK
2026-05-01 00:22:32,1672,0.2241,0.0,0.1,25.82,OK
2026-05-01 00:22:32,1673,0.2301,0.0,0.1067,25.81,OK
2026-05-01 00:22:32,1674,0.2468,0.0133,0.1067,26.87,OK
2026-05-01 00:22:32,1675,0.2342,0.0135,0.1067,26.85,OK
2026-05-01 00:22:32,1676,0.2632,0.0,0.1067,26.83,OK
2026-05-01 00:22:32,1677,0.2262,0.0,0.1067,26.82,OK
2026-05-01 00:22:32,1678,0.2221,0.0141,0.1067,26.8,OK
2026-05-01 00:22:32,1679,0.227,0.0,0.1067,26.79,OK
2026-05-01 00:22:32,1680,0.2337,0.0,0.1067,26.77,OK
2026-05-01 00:22:32,1681,0.2231,0.0137,0.1067,26.75,OK
2026-05-01 00:22:32,1682,0.2335,0.0,0.1067,26.74,OK
2026-05-01 00:22:32,1683,0.2254,0.0,0.1533,26.72,OK
2026-05-01 00:22:32,1684,0.2167,0.0,0.16,26.71,OK
2026-05-01 00:22:32,1685,0.2224,0.0,0.1667,26.69,OK
2026-05-01 00:22:33,1686,0.2085,0.0,0.1733,26.67,OK
2026-05-01 00:22:33,1687,0.2064,0.0,0.18,26.66,OK
2026-05-01 00:22:33,1688,0.2097,0.0,0.1867,26.64,OK
2026-05-01 00:22:33,1689,0.2103,0.0,0.1933,26.63,OK
2026-05-01 00:22:33,1690,0.2202,0.0141,0.1533,26.61,OK
2026-05-01 00:22:33,1691,0.2309,0.0143,0.16,26.6,OK
2026-05-01 00:22:33,1692,0.2107,0.0141,0.1667,26.58,OK
2026-05-01 00:22:33,1693,0.2135,0.0,0.1733,26.56,OK
2026-05-01 00:22:33,1694,0.223,0.0,0.18,26.55,OK
2026-05-01 00:22:33,1695,0.2365,0.0141,0.1867,26.53,OK
2026-05-01 00:22:33,1696,0.2201,0.0154,0.1933,26.52,OK
2026-05-01 00:22:33,1697,0.2268,0.0,0.2,26.5,OK
2026-05-01 00:22:33,1698,0.2401,0.0135,0.2067,26.49,OK
2026-05-01 00:22:33,1699,0.2335,0.0135,0.2133,26.47,OK
2026-05-01 00:22:33,1700,0.2284,0.0,0.22,26.46,OK
2026-05-01 00:22:33,1701,0.2288,0.0,0.2267,26.44,OK
2026-05-01 00:22:33,1702,0.2298,0.0143,0.2333,26.42,OK
2026-05-01 00:22:33,1703,0.2059,0.0,0.24,26.41,OK
2026-05-01 00:22:33,1704,0.2042,0.0,0.2467,26.39,OK
2026-05-01 00:22:33,1705,0.2332,0.0,0.2533,26.38,OK
2026-05-01 00:22:33,1706,0.2034,0.0,0.26,26.36,OK
2026-05-01 00:22:33,1707,0.2131,0.0,0.2667,26.35,OK
2026-05-01 00:22:33,1708,0.2267,0.0,0.2733,26.33,OK
2026-05-01 00:22:33,1709,0.2235,0.0154,0.28,26.32,OK
2026-05-01 00:22:33,1710,0.2202,0.0,0.2867,26.3,OK
2026-05-01 00:22:33,1711,0.2047,0.0,0.2933,26.29,OK
2026-05-01 00:22:34,1712,0.2067,0.0,0.3,26.27,OK
2026-05-01 00:22:34,1713,0.2432,0.0,0.3067,26.25,OK
2026-05-01 00:22:34,1714,0.2339,0.0,0.3133,26.24,OK
2026-05-01 00:22:34,1715,0.2468,0.0139,0.3133,26.22,OK
2026-05-01 00:22:34,1716,0.2276,0.0,0.3133,26.21,OK
2026-05-01 00:22:34,1717,0.2276,0.0202,0.3133,26.19,OK
2026-05-01 00:22:34,1718,0.2273,0.0,0.3133,26.18,OK
2026-05-01 00:22:34,1719,0.2356,0.0,0.3133,26.16,OK
2026-05-01 00:22:34,1720,0.2324,0.0147,0.3133,26.15,OK
2026-05-01 00:22:34,1721,0.2388,0.0145,0.3133,26.13,OK
2026-05-01 00:22:34,1722,0.2302,0.0,0.36,26.12,OK
2026-05-01 00:22:34,1723,0.2302,0.0154,0.3667,26.1,OK
2026-05-01 00:22:34,1724,0.1393,0.0,0.3733,26.09,OK
2026-05-01 00:22:34,1725,0.1345,0.0161,0.38,26.07,OK
2026-05-01 00:22:34,1726,0.127,0.0,0.3867,26.06,OK
2026-05-01 00:22:34,1727,0.1777,0.0161,0.3933,26.04,OK
2026-05-01 00:22:34,1728,0.167,0.0161,0.4,26.03,OK
2026-05-01 00:22:34,1729,0.2104,0.0143,0.4067,26.01,OK
2026-05-01 00:22:34,1730,0.2119,0.0479,0.4133,26.0,OK
2026-05-01 00:22:34,1731,0.1993,0.0164,0.42,25.98,OK
2026-05-01 00:22:34,1732,0.2126,0.0236,0.4267,25.97,OK
2026-05-01 00:22:34,1733,0.2289,0.0145,0.4333,25.95,OK
2026-05-01 00:22:34,1734,0.2267,0.0147,0.44,25.94,OK
2026-05-01 00:22:34,1735,0.2535,0.0,0.44,26.96,OK
2026-05-01 00:22:34,1736,0.2615,0.0,0.44,26.94,OK
2026-05-01 00:22:34,1737,0.2716,0.0141,0.44,26.93,OK
2026-05-01 00:22:34,1738,0.2669,0.0274,0.44,26.91,OK
2026-05-01 00:22:34,1739,0.2653,0.0277,0.44,26.9,OK
2026-05-01 00:22:34,1740,0.2736,0.0,0.44,26.88,OK
2026-05-01 00:22:35,1741,0.2907,0.0,0.44,26.87,OK
2026-05-01 00:22:35,1742,0.2907,0.0434,0.44,26.85,OK
2026-05-01 00:22:35,1743,0.2749,0.0587,0.44,26.83,OK
2026-05-01 00:22:35,1744,0.2997,0.014,0.44,26.82,OK
2026-05-01 00:22:35,1745,0.3055,0.0302,0.44,26.8,OK
2026-05-01 00:22:35,1746,0.3004,0.0,0.44,26.79,OK
2026-05-01 00:22:35,1747,0.3,0.0202,0.44,26.77,OK
2026-05-01 00:22:35,1748,0.2975,0.0145,0.44,26.76,OK
2026-05-01 00:22:35,1749,0.3053,0.014,0.44,26.74,OK
2026-05-01 00:22:35,1750,0.3079,0.0,0.44,26.73,OK
2026-05-01 00:22:35,1751,0.3202,0.0,0.44,26.71,OK
2026-05-01 00:22:35,1752,0.3063,0.0146,0.44,26.7,OK
2026-05-01 00:22:35,1753,0.302,0.0149,0.44,26.68,OK
2026-05-01 00:22:35,1754,0.2802,0.0,0.44,26.67,OK
2026-05-01 00:22:35,1755,0.2882,0.0,0.44,26.65,OK
2026-05-01 00:22:35,1756,0.2954,0.0434,0.44,26.64,OK
2026-05-01 00:22:35,1757,0.2969,0.0285,0.44,26.62,OK
2026-05-01 00:22:35,1758,0.1636,0.0191,0.44,26.61,OK
2026-05-01 00:22:35,1759,0.1719,0.0142,0.44,26.59,OK
2026-05-01 00:22:35,1760,0.1284,0.0147,0.44,26.58,OK
2026-05-01 00:22:35,1761,0.2788,0.0147,0.44,27.58,OK
2026-05-01 00:22:35,1762,0.2657,0.0434,0.44,27.57,OK
2026-05-01 00:22:35,1763,0.2996,0.0569,0.44,27.55,OK
2026-05-01 00:22:35,1764,0.2919,0.0561,0.44,27.54,OK
2026-05-01 00:22:35,1765,0.3075,0.0,0.44,27.52,OK
2026-05-01 00:22:35,1766,0.2952,0.0,0.44,27.5,OK
2026-05-01 00:22:35,1767,0.3094,0.0138,0.44,27.49,OK
2026-05-01 00:22:35,1768,0.3094,0.014,0.44,27.47,OK
2026-05-01 00:22:35,1769,0.3148,0.041,0.44,27.46,OK
2026-05-01 00:22:35,1770,0.3156,0.0415,0.44,27.44,OK
2026-05-01 00:22:35,1771,0.2937,0.0,0.44,27.43,OK
2026-05-01 00:22:36,1772,0.3026,0.0,0.44,27.41,OK
2026-05-01 00:22:36,1773,0.3061,0.0305,0.44,27.4,OK
2026-05-01 00:22:36,1774,0.3214,0.0289,0.44,27.38,OK
2026-05-01 00:22:36,1775,0.3285,0.0293,0.44,27.36,OK
2026-05-01 00:22:36,1776,0.303,0.0,0.44,27.35,OK
2026-05-01 00:22:36,1777,0.3086,0.014,0.44,27.33,OK
2026-05-01 00:22:36,1778,0.3066,0.0137,0.44,27.32,OK
2026-05-01 00:22:36,1779,0.3189,0.0432,0.44,27.3,OK
2026-05-01 00:22:36,1780,0.3028,0.0285,0.44,27.29,OK
2026-05-01 00:22:36,1781,0.3286,0.0202,0.44,27.27,OK
2026-05-01 00:22:36,1782,0.3022,0.0486,0.44,27.26,OK
2026-05-01 00:22:36,1783,0.3102,0.0,0.44,27.24,OK
2026-05-01 00:22:36,1784,0.3123,0.0145,0.44,27.23,OK
2026-05-01 00:22:36,1785,0.3148,0.0145,0.44,27.21,OK
2026-05-01 00:22:36,1786,0.3168,0.0,0.44,27.2,OK
2026-05-01 00:22:36,1787,0.3137,0.0294,0.44,27.18,OK
2026-05-01 00:22:36,1788,0.3278,0.0454,0.44,27.17,OK
2026-05-01 00:22:36,1789,0.3156,0.0735,0.44,27.15,OK
2026-05-01 00:22:36,1790,0.3246,0.0207,0.44,27.14,LOW
2026-05-01 00:22:36,1791,0.3316,0.0289,0.44,27.12,LOW
2026-05-01 00:22:36,1792,0.3259,0.0439,0.44,27.11,LOW
2026-05-01 00:22:36,1793,0.3248,0.0476,0.44,27.09,LOW
2026-05-01 00:22:36,1794,0.3256,0.0,0.44,27.08,LOW
2026-05-01 00:22:36,1795,0.3233,0.0,0.44,27.06,LOW
2026-05-01 00:22:36,1796,0.3133,0.029,0.44,27.05,LOW
2026-05-01 00:22:37,1797,0.3227,0.0208,0.44,27.03,LOW
2026-05-01 00:22:37,1798,0.3092,0.0,0.44,27.02,LOW
2026-05-01 00:22:37,1799,0.3082,0.0,0.44,27.0,LOW
2026-05-01 00:22:37,1800,0.3071,0.0928,0.44,27.0,LOW
2026-05-01 00:22:37,1801,0.3133,0.0943,0.44,27.0,LOW
2026-05-01 00:22:37,1802,0.322,0.0151,0.44,27.0,LOW
2026-05-01 00:22:37,1803,0.3318,0.0281,0.44,27.0,LOW
2026-05-01 00:22:37,1804,0.3253,0.0749,0.44,27.0,LOW
2026-05-01 00:22:37,1805,0.3131,0.0738,0.44,27.0,LOW
2026-05-01 00:22:37,1806,0.3154,0.0338,0.44,27.0,LOW
2026-05-01 00:22:37,1807,0.3242,0.0333,0.44,27.0,LOW
2026-05-01 00:22:37,1808,0.3153,0.0454,0.44,27.0,LOW
2026-05-01 00:22:37,1809,0.3118,0.0149,0.44,27.0,LOW
2026-05-01 00:22:37,1810,0.3228,0.0151,0.44,27.0,LOW
2026-05-01 00:22:37,1811,0.3287,0.0,0.44,27.0,LOW
2026-05-01 00:22:37,1812,0.3212,0.0143,0.44,27.0,LOW
2026-05-01 00:22:37,1813,0.3279,0.0,0.44,27.0,LOW
2026-05-01 00:22:37,1814,0.3175,0.0298,0.44,27.0,LOW
2026-05-01 00:22:37,1815,0.3179,0.0,0.4333,27.0,LOW
2026-05-01 00:22:37,1816,0.3116,0.0149,0.4267,27.0,LOW
2026-05-01 00:22:37,1817,0.3215,0.0154,0.38,27.0,LOW
2026-05-01 00:22:37,1818,0.3131,0.0164,0.38,27.0,LOW
2026-05-01 00:22:37,1819,0.1327,0.0145,0.38,27.0,LOW
2026-05-01 00:22:38,1820,0.1904,0.0147,0.38,27.0,LOW
2026-05-01 00:22:38,1821,0.1794,0.0145,0.38,27.0,LOW
2026-05-01 00:22:38,1822,0.2219,0.0137,0.38,27.0,LOW
2026-05-01 00:22:38,1823,0.2504,0.0145,0.38,28.0,LOW
2026-05-01 00:22:38,1824,0.2467,0.0,0.38,28.0,LOW
2026-05-01 00:22:38,1825,0.2364,0.058,0.38,28.0,LOW
2026-05-01 00:22:38,1826,0.2424,0.0202,0.38,28.0,LOW
2026-05-01 00:22:38,1827,0.2388,0.0,0.3733,28.0,LOW
2026-05-01 00:22:38,1828,0.2367,0.0,0.3667,28.0,LOW
2026-05-01 00:22:38,1829,0.2553,0.0139,0.36,29.0,LOW
2026-05-01 00:22:38,1830,0.255,0.0,0.3533,29.0,LOW
2026-05-01 00:22:38,1831,0.2361,0.0152,0.3467,29.0,LOW
2026-05-01 00:22:38,1832,0.2422,0.0152,0.34,29.0,LOW
2026-05-01 00:22:38,1833,0.2567,0.0147,0.3333,30.0,LOW
2026-05-01 00:22:38,1834,0.2629,0.0615,0.3267,30.0,LOW
2026-05-01 00:22:38,1835,0.2566,0.0634,0.32,30.0,LOW
2026-05-01 00:22:38,1836,0.2371,0.0,0.3133,30.0,LOW
2026-05-01 00:22:38,1837,0.232,0.0,0.3067,30.0,LOW
2026-05-01 00:22:38,1838,0.2581,0.0,0.3,31.0,LOW
2026-05-01 00:22:38,1839,0.258,0.0147,0.2933,31.0,LOW
2026-05-01 00:22:38,1840,0.2497,0.0286,0.2867,31.0,LOW
2026-05-01 00:22:38,1841,0.232,0.0149,0.28,31.0,LOW
2026-05-01 00:22:38,1842,0.2646,0.0,0.2733,31.0,LOW
2026-05-01 00:22:38,1843,0.271,0.0141,0.2667,31.0,LOW
2026-05-01 00:22:38,1844,0.2704,0.0145,0.26,31.0,LOW
2026-05-01 00:22:38,1845,0.2736,0.0423,0.2533,31.0,LOW
2026-05-01 00:22:38,1846,0.2665,0.0141,0.2467,31.0,LOW
2026-05-01 00:22:38,1847,0.2571,0.0417,0.24,31.0,LOW
2026-05-01 00:22:39,1848,0.2514,0.0282,0.2333,31.0,LOW
2026-05-01 00:22:39,1849,0.1838,0.0147,0.2267,31.0,LOW
2026-05-01 00:22:39,1850,0.055,0.0344,0.22,31.0,LOW
2026-05-01 00:22:39,1851,0.1595,0.0145,0.2133,30.0,LOW
2026-05-01 00:22:39,1852,0.1522,0.0,0.2067,30.0,LOW
2026-05-01 00:22:39,1853,0.1918,0.0139,0.2,30.0,LOW
2026-05-01 00:22:39,1854,0.1931,0.0196,0.1933,30.0,LOW
2026-05-01 00:22:39,1855,0.2082,0.0,0.2333,30.0,LOW
2026-05-01 00:22:39,1856,0.2093,0.0,0.2333,30.0,LOW
2026-05-01 00:22:39,1857,0.2055,0.0147,0.2333,30.0,LOW
2026-05-01 00:22:39,1858,0.2211,0.0,0.1933,30.0,LOW
2026-05-01 00:22:39,1859,0.2098,0.0143,0.2,30.0,LOW
2026-05-01 00:22:39,1860,0.2305,0.0,0.2067,30.0,LOW
2026-05-01 00:22:39,1861,0.2399,0.0,0.2133,30.0,LOW
2026-05-01 00:22:39,1862,0.2335,0.0286,0.22,30.0,LOW
2026-05-01 00:22:39,1863,0.2384,0.0,0.2267,30.0,LOW
2026-05-01 00:22:39,1864,0.2664,0.0141,0.2267,31.0,LOW
2026-05-01 00:22:39,1865,0.2669,0.0141,0.2267,31.0,LOW
2026-05-01 00:22:39,1866,0.2393,0.0,0.22,31.0,LOW
2026-05-01 00:22:39,1867,0.2423,0.0,0.2133,31.0,LOW
2026-05-01 00:22:39,1868,0.2576,0.0,0.2067,32.0,LOW
2026-05-01 00:22:39,1869,0.2579,0.0,0.2,32.0,LOW
2026-05-01 00:22:39,1870,0.2437,0.0,0.1933,32.0,LOW
2026-05-01 00:22:39,1871,0.2499,0.0,0.1867,32.0,LOW
2026-05-01 00:22:39,1872,0.2779,0.0135,0.18,32.0,LOW
2026-05-01 00:22:39,1873,0.2779,0.0,0.1733,32.0,LOW
2026-05-01 00:22:40,1874,0.2693,0.0145,0.1667,32.0,LOW
2026-05-01 00:22:40,1875,0.2548,0.0139,0.16,32.0,LOW
2026-05-01 00:22:40,1876,0.2577,0.0141,0.1533,32.0,LOW
2026-05-01 00:22:40,1877,0.27,0.0139,0.1467,32.0,LOW
2026-05-01 00:22:40,1878,0.2699,0.0139,0.1,32.0,LOW
2026-05-01 00:22:40,1879,0.2695,0.0,0.1,32.0,LOW
2026-05-01 00:22:40,1880,0.2508,0.0145,0.1,32.0,LOW
2026-05-01 00:22:40,1881,0.2685,0.0135,0.1,32.0,LOW
2026-05-01 00:22:40,1882,0.2764,0.0191,0.1,32.0,LOW
2026-05-01 00:22:40,1883,0.2588,0.0141,0.1,32.0,LOW
2026-05-01 00:22:40,1884,0.252,0.0286,0.1,32.0,LOW
2026-05-01 00:22:40,1885,0.2556,0.0137,0.1,32.0,LOW
2026-05-01 00:22:40,1886,0.2652,0.0274,0.1,32.0,LOW
2026-05-01 00:22:40,1887,0.2676,0.0274,0.1,32.0,LOW
2026-05-01 00:22:40,1888,0.2806,0.0143,0.1,32.0,LOW
2026-05-01 00:22:40,1889,0.2868,0.0143,0.1,32.0,LOW
2026-05-01 00:22:40,1890,0.2987,0.0,0.1,32.0,LOW
2026-05-01 00:22:40,1891,0.308,0.0141,0.1,32.0,LOW
2026-05-01 00:22:40,1892,0.3003,0.0746,0.1,32.0,LOW
2026-05-01 00:22:40,1893,0.3062,0.0746,0.1,32.0,LOW
2026-05-01 00:22:40,1894,0.3146,0.0141,0.1,32.0,LOW
2026-05-01 00:22:40,1895,0.3065,0.0139,0.1,32.0,LOW
2026-05-01 00:22:40,1896,0.3011,0.0143,0.1,32.0,LOW
2026-05-01 00:22:40,1897,0.3087,0.0141,0.1,32.0,LOW
2026-05-01 00:22:41,1898,0.2995,0.0137,0.1,32.0,LOW
2026-05-01 00:22:41,1899,0.2599,0.0,0.1,32.0,LOW
2026-05-01 00:22:41,1900,0.2489,0.0145,0.1,32.0,LOW
2026-05-01 00:22:41,1901,0.2556,0.0145,0.1,32.0,LOW
2026-05-01 00:22:41,1902,0.2261,0.0,0.1,32.0,LOW
2026-05-01 00:22:41,1903,0.2266,0.0,0.1,32.0,LOW
2026-05-01 00:22:41,1904,0.2298,0.0278,0.1,32.0,OK
2026-05-01 00:22:41,1905,0.242,0.0,0.1,32.0,OK
2026-05-01 00:22:41,1906,0.2405,0.0145,0.1,32.0,OK
2026-05-01 00:22:41,1907,0.2472,0.0145,0.1,33.0,OK
2026-05-01 00:22:41,1908,0.2357,0.0139,0.1,33.0,OK
2026-05-01 00:22:41,1909,0.2423,0.0141,0.1,33.0,OK
2026-05-01 00:22:41,1910,0.2284,0.0202,0.1,33.0,OK
2026-05-01 00:22:41,1911,0.2483,0.0208,0.1,34.0,OK
2026-05-01 00:22:41,1912,0.2182,0.0,0.1,34.0,OK
2026-05-01 00:22:41,1913,0.2347,0.0,0.1,34.0,OK
2026-05-01 00:22:41,1914,0.2246,0.0,0.1,33.0,OK
2026-05-01 00:22:41,1915,0.243,0.0145,0.1,33.0,OK
2026-05-01 00:22:41,1916,0.2381,0.031,0.1,33.0,OK
2026-05-01 00:22:41,1917,0.246,0.0,0.1,34.0,OK
2026-05-01 00:22:41,1918,0.2283,0.0,0.1,34.0,OK
2026-05-01 00:22:41,1919,0.2253,0.0417,0.1,34.0,OK
2026-05-01 00:22:42,1920,0.2257,0.0417,0.1,34.0,OK
2026-05-01 00:22:42,1921,0.254,0.0145,0.1,35.0,OK
2026-05-01 00:22:42,1922,0.2523,0.0208,0.1,35.0,OK
2026-05-01 00:22:42,1923,0.2285,0.0151,0.1,35.0,OK
2026-05-01 00:22:42,1924,0.2338,0.0,0.1,35.0,OK
2026-05-01 00:22:42,1925,0.2358,0.0,0.1,35.0,OK
2026-05-01 00:22:42,1926,0.259,0.0,0.1,36.0,OK
2026-05-01 00:22:42,1927,0.2602,0.0422,0.1,36.0,OK
2026-05-01 00:22:42,1928,0.2711,0.0411,0.1,36.0,OK
2026-05-01 00:22:42,1929,0.2408,0.0147,0.1,36.0,OK
2026-05-01 00:22:42,1930,0.2533,0.0145,0.1,36.0,OK
2026-05-01 00:22:42,1931,0.0893,0.0,0.1,36.0,OK
2026-05-01 00:22:42,1932,0.097,0.0141,0.1,36.0,OK
2026-05-01 00:22:42,1933,0.0993,0.0278,0.1,36.0,OK
2026-05-01 00:22:42,1934,0.2417,0.0141,0.1,36.0,OK
2026-05-01 00:22:42,1935,0.2216,0.0,0.1,36.0,OK
2026-05-01 00:22:42,1936,0.27,0.0145,0.1,37.0,OK
2026-05-01 00:22:42,1937,0.2488,0.0,0.1,37.0,OK
2026-05-01 00:22:42,1938,0.2489,0.0278,0.1,37.0,OK
2026-05-01 00:22:42,1939,0.2813,0.0143,0.1,37.0,OK
2026-05-01 00:22:42,1940,0.2849,0.0435,0.1,37.0,OK
2026-05-01 00:22:42,1941,0.2646,0.0,0.1,37.0,OK
2026-05-01 00:22:42,1942,0.2813,0.0,0.1,37.0,OK
2026-05-01 00:22:43,1943,0.2813,0.0,0.1,37.0,OK
2026-05-01 00:22:43,1944,0.2519,0.0,0.1,37.0,OK
2026-05-01 00:22:43,1945,0.271,0.0,0.1,37.0,OK
2026-05-01 00:22:43,1946,0.2608,0.0,0.1,37.0,OK
2026-05-01 00:22:43,1947,0.2554,0.0,0.1,37.0,OK
2026-05-01 00:22:43,1948,0.273,0.0145,0.1,37.0,OK
2026-05-01 00:22:43,1949,0.2707,0.0143,0.1,37.0,OK
2026-05-01 00:22:43,1950,0.2694,0.0,0.1,37.0,OK
2026-05-01 00:22:43,1951,0.2763,0.0184,0.1,37.0,OK
2026-05-01 00:22:43,1952,0.2737,0.0143,0.1,37.0,OK
2026-05-01 00:22:43,1953,0.2872,0.0,0.1,37.0,OK
2026-05-01 00:22:43,1954,0.2851,0.0,0.1,37.0,OK
2026-05-01 00:22:43,1955,0.2963,0.0263,0.1,37.0,OK
2026-05-01 00:22:43,1956,0.3031,0.0,0.1,37.0,OK
2026-05-01 00:22:43,1957,0.3069,0.0,0.1,37.0,OK
2026-05-01 00:22:43,1958,0.2943,0.0,0.1,37.0,OK
2026-05-01 00:22:43,1959,0.2936,0.0319,0.1,37.0,OK
2026-05-01 00:22:43,1960,0.2862,0.0319,0.1,37.0,OK
2026-05-01 00:22:43,1961,0.295,0.0588,0.1,37.0,OK
2026-05-01 00:22:43,1962,0.2898,0.0465,0.1,37.0,OK
2026-05-01 00:22:43,1963,0.3055,0.0556,0.1,37.0,OK
2026-05-01 00:22:43,1964,0.321,0.0,0.1,37.0,OK
2026-05-01 00:22:43,1965,0.3102,0.0132,0.1,37.0,OK
2026-05-01 00:22:44,1966,0.2931,0.0137,0.1,37.0,OK
2026-05-01 00:22:44,1967,0.3016,0.0278,0.1,37.0,OK
2026-05-01 00:22:44,1968,0.3022,0.0,0.1,37.0,OK
2026-05-01 00:22:44,1969,0.2886,0.0,0.1,37.0,OK
2026-05-01 00:22:44,1970,0.2976,0.0,0.1,37.0,OK
2026-05-01 00:22:44,1971,0.2897,0.0,0.1,37.0,OK
2026-05-01 00:22:44,1972,0.3185,0.0685,0.1,37.0,OK
2026-05-01 00:22:44,1973,0.3245,0.0572,0.1,37.0,OK
2026-05-01 00:22:44,1974,0.3016,0.0282,0.1,37.0,OK
2026-05-01 00:22:44,1975,0.2897,0.0,0.1,37.0,OK
2026-05-01 00:22:44,1976,0.2841,0.0,0.1,37.0,OK
2026-05-01 00:22:44,1977,0.2763,0.029,0.1,37.0,OK
2026-05-01 00:22:44,1978,0.2838,0.0145,0.1,37.0,OK
2026-05-01 00:22:44,1979,0.3033,0.0,0.1,37.0,OK
2026-05-01 00:22:44,1980,0.2976,0.0,0.1,37.0,OK
2026-05-01 00:22:44,1981,0.3016,0.0,0.1,37.0,OK
2026-05-01 00:22:44,1982,0.304,0.0,0.1,37.0,OK
2026-05-01 00:22:44,1983,0.2974,0.0315,0.1,37.0,OK
2026-05-01 00:22:44,1984,0.2945,0.0315,0.1,37.0,OK
2026-05-01 00:22:44,1985,0.2988,0.0,0.1,37.0,OK
2026-05-01 00:22:44,1986,0.3058,0.0143,0.1,37.0,OK
2026-05-01 00:22:44,1987,0.2906,0.0324,0.1,37.0,OK
2026-05-01 00:22:44,1988,0.2923,0.0,0.1,37.0,OK
2026-05-01 00:22:45,1989,0.2916,0.0,0.1,37.0,OK
2026-05-01 00:22:45,1990,0.2982,0.0199,0.1,37.0,OK
2026-05-01 00:22:45,1991,0.2922,0.0199,0.1,37.0,OK
2026-05-01 00:22:45,1992,0.2872,0.0,0.1,37.0,OK
2026-05-01 00:22:45,1993,0.2942,0.0143,0.1,37.0,OK
2026-05-01 00:22:45,1994,0.3156,0.0,0.1,37.0,OK
2026-05-01 00:22:45,1995,0.3136,0.0143,0.1,37.0,OK
2026-05-01 00:22:45,1996,0.3004,0.0,0.1,37.0,OK
2026-05-01 00:22:45,1997,0.2841,0.0,0.1,37.0,OK
2026-05-01 00:22:45,1998,0.277,0.0,0.1,37.0,OK
2026-05-01 00:22:45,1999,0.28,0.0,0.0933,37.0,OK
2026-05-01 00:22:45,2000,0.2576,0.0,0.0867,37.0,OK
2026-05-01 00:22:45,2001,0.2703,0.0143,0.08,37.0,OK
2026-05-01 00:22:45,2002,0.2811,0.0,0.0733,37.0,OK
2026-05-01 00:22:45,2003,0.2672,0.0,0.0667,37.0,OK
2026-05-01 00:22:45,2004,0.2605,0.0,0.06,37.0,OK
2026-05-01 00:22:45,2005,0.2796,0.0,0.0533,37.0,OK
2026-05-01 00:22:45,2006,0.273,0.0143,0.0467,37.0,OK
2026-05-01 00:22:45,2007,0.2713,0.0,0.0,37.0,OK
2026-05-01 00:22:45,2008,0.2526,0.0,0.0,37.0,OK
2026-05-01 00:22:45,2009,0.261,0.0,0.0,37.0,OK
2026-05-01 00:22:45,2010,0.2362,0.0137,0.0,37.0,OK
2026-05-01 00:22:45,2011,0.2513,0.0,0.0,37.0,OK
2026-05-01 00:22:45,2012,0.2549,0.0139,0.0,37.0,OK
2026-05-01 00:22:45,2013,0.2458,0.0,0.0,37.0,OK
2026-05-01 00:22:45,2014,0.2453,0.0,0.0,37.0,OK
2026-05-01 00:22:45,2015,0.2575,0.0,0.0,37.0,OK
2026-05-01 00:22:45,2016,0.2639,0.0,0.0,37.0,OK
2026-05-01 00:22:45,2017,0.2511,0.0145,0.0,37.0,OK
2026-05-01 00:22:45,2018,0.2486,0.0143,0.0,37.0,OK
2026-05-01 00:22:45,2019,0.255,0.0,0.0,37.0,OK
2026-05-01 00:22:46,2020,0.2519,0.0132,0.0,37.0,OK
2026-05-01 00:22:46,2021,0.2741,0.0147,0.0,37.0,OK
2026-05-01 00:22:46,2022,0.2643,0.0,0.0,37.0,OK
2026-05-01 00:22:46,2023,0.2637,0.0,0.0,37.0,OK
2026-05-01 00:22:46,2024,0.2467,0.0,0.0,37.0,OK
2026-05-01 00:22:46,2025,0.2418,0.0,0.0,37.0,OK
2026-05-01 00:22:46,2026,0.2359,0.0,0.0,37.0,OK
2026-05-01 00:22:46,2027,0.2386,0.0,0.0,37.0,OK
2026-05-01 00:22:46,2028,0.2454,0.0,0.0,37.0,OK
2026-05-01 00:22:46,2029,0.2454,0.0,0.0,37.0,OK
2026-05-01 00:22:46,2030,0.2416,0.0,0.0,37.0,OK
2026-05-01 00:22:46,2031,0.263,0.0,0.0,38.0,OK
2026-05-01 00:22:46,2032,0.2553,0.0194,0.0,38.0,OK
2026-05-01 00:22:46,2033,0.2555,0.0137,0.0,38.0,OK
2026-05-01 00:22:46,2034,0.253,0.0133,0.0,38.0,OK
2026-05-01 00:22:46,2035,0.257,0.0,0.0,38.0,OK
2026-05-01 00:22:46,2036,0.2443,0.0184,0.0,38.0,OK
2026-05-01 00:22:46,2037,0.254,0.0,0.0,38.0,OK
2026-05-01 00:22:46,2038,0.2535,0.0,0.0,38.0,OK
2026-05-01 00:22:46,2039,0.2415,0.0,0.0,38.0,OK
2026-05-01 00:22:46,2040,0.2273,0.0,0.0,38.0,OK
2026-05-01 00:22:46,2041,0.2338,0.0,0.0,38.0,OK
2026-05-01 00:22:46,2042,0.2384,0.0,0.0,38.0,OK
2026-05-01 00:22:47,2043,0.2501,0.0127,0.0,39.0,OK
2026-05-01 00:22:47,2044,0.2048,0.0132,0.0,39.0,OK
2026-05-01 00:22:47,2045,0.1928,0.0,0.0,39.0,OK
2026-05-01 00:22:47,2046,0.2191,0.0,0.0,39.0,OK
2026-05-01 00:22:47,2047,0.2305,0.0,0.0,39.0,OK
2026-05-01 00:22:47,2048,0.2246,0.0186,0.0,39.0,OK
2026-05-01 00:22:47,2049,0.22,0.0135,0.0,39.0,OK
2026-05-01 00:22:47,2050,0.2315,0.0,0.0467,39.0,OK
2026-05-01 00:22:47,2051,0.2315,0.0,0.0533,39.0,OK
2026-05-01 00:22:47,2052,0.2289,0.0,0.06,39.0,OK
2026-05-01 00:22:47,2053,0.2179,0.0,0.0667,39.0,OK
2026-05-01 00:22:47,2054,0.2202,0.0,0.0733,39.0,OK
2026-05-01 00:22:47,2055,0.2471,0.0,0.0733,40.0,OK
2026-05-01 00:22:47,2056,0.2485,0.0,0.0733,40.0,OK
2026-05-01 00:22:47,2057,0.2393,0.0133,0.0733,40.0,OK
2026-05-01 00:22:47,2058,0.2447,0.0,0.0733,40.0,OK
2026-05-01 00:22:47,2059,0.2633,0.0132,0.0733,41.0,OK
2026-05-01 00:22:47,2060,0.2666,0.0132,0.0733,41.0,OK
2026-05-01 00:22:47,2061,0.2184,0.0133,0.0733,41.0,OK
2026-05-01 00:22:47,2062,0.2499,0.0,0.0733,40.0,OK
2026-05-01 00:22:47,2063,0.2449,0.0,0.0733,40.0,OK
2026-05-01 00:22:47,2064,0.2384,0.0,0.0733,40.0,OK
2026-05-01 00:22:47,2065,0.2347,0.0,0.0733,40.0,OK
2026-05-01 00:22:47,2066,0.2178,0.0135,0.0733,40.0,OK
2026-05-01 00:22:47,2067,0.2337,0.0135,0.0733,40.0,OK
2026-05-01 00:22:47,2068,0.2516,0.0,0.0733,41.0,OK
2026-05-01 00:22:47,2069,0.2377,0.0,0.0733,41.0,OK
2026-05-01 00:22:47,2070,0.2285,0.0,0.0733,40.0,OK
2026-05-01 00:22:47,2071,0.2285,0.0132,0.0733,40.0,OK
2026-05-01 00:22:48,2072,0.209,0.0,0.0733,40.0,OK
2026-05-01 00:22:48,2073,0.227,0.0,0.0733,40.0,OK
2026-05-01 00:22:48,2074,0.2241,0.0,0.0733,40.0,OK
2026-05-01 00:22:48,2075,0.2087,0.0,0.12,40.0,OK
2026-05-01 00:22:48,2076,0.2146,0.0,0.1267,40.0,OK
2026-05-01 00:22:48,2077,0.234,0.0,0.1333,40.0,OK
2026-05-01 00:22:48,2078,0.2404,0.0,0.14,40.0,OK
2026-05-01 00:22:48,2079,0.223,0.0137,0.1467,40.0,OK
2026-05-01 00:22:48,2080,0.2435,0.0,0.1533,40.0,OK
2026-05-01 00:22:48,2081,0.2542,0.0141,0.1533,41.0,OK
2026-05-01 00:22:48,2082,0.2413,0.0,0.1533,41.0,OK
2026-05-01 00:22:48,2083,0.2498,0.013,0.1533,41.0,OK
2026-05-01 00:22:48,2084,0.2546,0.0,0.1533,41.0,OK
2026-05-01 00:22:48,2085,0.247,0.0137,0.1533,41.0,OK
2026-05-01 00:22:48,2086,0.2421,0.0,0.1533,41.0,OK
2026-05-01 00:22:48,2087,0.245,0.0137,0.1533,41.0,OK
2026-05-01 00:22:48,2088,0.2069,0.0,0.1533,41.0,OK
2026-05-01 00:22:48,2089,0.211,0.0164,0.1533,41.0,OK
2026-05-01 00:22:48,2090,0.2236,0.0161,0.1533,41.0,OK
2026-05-01 00:22:48,2091,0.241,0.0,0.1533,41.0,OK
2026-05-01 00:22:48,2092,0.2374,0.0149,0.2,41.0,OK
2026-05-01 00:22:48,2093,0.2403,0.0,0.2067,41.0,OK
2026-05-01 00:22:48,2094,0.2561,0.1104,0.2067,42.0,OK
2026-05-01 00:22:48,2095,0.2495,0.0149,0.2067,42.0,OK
2026-05-01 00:22:48,2096,0.2688,0.0298,0.2067,42.0,OK
2026-05-01 00:22:49,2097,0.295,0.0151,0.2067,42.0,OK
2026-05-01 00:22:49,2098,0.3012,0.0,0.2067,42.0,OK
2026-05-01 00:22:49,2099,0.3177,0.0,0.2067,42.0,OK
2026-05-01 00:22:49,2100,0.311,0.0,0.2067,42.0,OK
2026-05-01 00:22:49,2101,0.2969,0.0149,0.2067,42.0,OK
2026-05-01 00:22:49,2102,0.3112,0.0294,0.2067,42.0,OK
2026-05-01 00:22:49,2103,0.313,0.0277,0.2067,42.0,OK
2026-05-01 00:22:49,2104,0.3163,0.0281,0.2067,42.0,OK
2026-05-01 00:22:49,2105,0.338,0.0145,0.2067,42.0,OK
2026-05-01 00:22:49,2106,0.3133,0.0,0.2067,42.0,OK
2026-05-01 00:22:49,2107,0.327,0.0298,0.2067,42.0,OK
2026-05-01 00:22:49,2108,0.3001,0.0,0.2067,42.0,OK
2026-05-01 00:22:49,2109,0.3319,0.0434,0.2067,42.0,OK
2026-05-01 00:22:49,2110,0.334,0.0328,0.2067,42.0,OK
2026-05-01 00:22:49,2111,0.3089,0.0277,0.2067,42.0,OK
2026-05-01 00:22:49,2112,0.3117,0.0285,0.2067,42.0,OK
2026-05-01 00:22:49,2113,0.3229,0.0452,0.2067,42.0,OK
2026-05-01 00:22:49,2114,0.3224,0.0143,0.2067,42.0,OK
2026-05-01 00:22:49,2115,0.3258,0.0141,0.2067,42.0,OK
2026-05-01 00:22:49,2116,0.336,0.0294,0.2067,42.0,OK
2026-05-01 00:22:49,2117,0.3355,0.0428,0.2067,42.0,OK
2026-05-01 00:22:49,2118,0.3326,0.0143,0.2067,42.0,OK
2026-05-01 00:22:49,2119,0.3356,0.031,0.2067,42.0,OK
2026-05-01 00:22:49,2120,0.3146,0.0211,0.2067,42.0,OK
2026-05-01 00:22:49,2121,0.3266,0.0149,0.2067,42.0,OK
2026-05-01 00:22:49,2122,0.3331,0.0205,0.2067,42.0,OK
2026-05-01 00:22:49,2123,0.304,0.0214,0.2067,42.0,OK
2026-05-01 00:22:49,2124,0.3099,0.0487,0.2067,42.0,OK
2026-05-01 00:22:49,2125,0.3109,0.0433,0.2067,42.0,OK
2026-05-01 00:22:50,2126,0.3033,0.0278,0.2067,42.0,OK
2026-05-01 00:22:50,2127,0.282,0.0164,0.2067,42.0,OK
2026-05-01 00:22:50,2128,0.2275,0.0205,0.2067,42.0,OK
2026-05-01 00:22:50,2129,0.241,0.0,0.2067,42.0,OK
2026-05-01 00:22:50,2130,0.1736,0.0448,0.2067,42.0,OK
2026-05-01 00:22:50,2131,0.1692,0.0784,0.2067,42.0,OK
2026-05-01 00:22:50,2132,0.1786,0.0147,0.2067,42.0,OK
2026-05-01 00:22:50,2133,0.177,0.0,0.2067,42.0,OK
2026-05-01 00:22:50,2134,0.2621,0.0193,0.2067,43.0,OK
2026-05-01 00:22:50,2135,0.2571,0.0137,0.2067,43.0,OK
2026-05-01 00:22:50,2136,0.2663,0.0,0.2067,43.0,OK
2026-05-01 00:22:50,2137,0.2723,0.0208,0.2067,42.0,OK
2026-05-01 00:22:50,2138,0.2718,0.0147,0.2067,42.0,OK
2026-05-01 00:22:50,2139,0.2486,0.0145,0.2067,42.0,OK
2026-05-01 00:22:50,2140,0.2638,0.0143,0.2067,42.0,OK
2026-05-01 00:22:50,2141,0.2453,0.0294,0.2067,42.0,OK
2026-05-01 00:22:50,2142,0.257,0.0141,0.2067,42.0,OK
2026-05-01 00:22:50,2143,0.2835,0.0,0.2067,42.0,OK
2026-05-01 00:22:50,2144,0.2846,0.0,0.2067,42.0,OK
2026-05-01 00:22:50,2145,0.2476,0.0228,0.2067,42.0,OK
2026-05-01 00:22:50,2146,0.2517,0.0214,0.2067,42.0,OK
2026-05-01 00:22:50,2147,0.2703,0.0,0.2067,42.0,OK
2026-05-01 00:22:50,2148,0.2625,0.0,0.2067,42.0,OK
2026-05-01 00:22:50,2149,0.2823,0.0137,0.2067,42.0,OK
2026-05-01 00:22:50,2150,0.2923,0.0137,0.2067,42.0,OK
2026-05-01 00:22:50,2151,0.2692,0.0196,0.2067,42.0,OK
2026-05-01 00:22:50,2152,0.2503,0.0,0.2067,42.0,OK
2026-05-01 00:22:50,2153,0.263,0.0137,0.2067,42.0,OK
2026-05-01 00:22:50,2154,0.2676,0.0606,0.2067,42.0,OK
2026-05-01 00:22:50,2155,0.2821,0.0724,0.2067,42.0,OK
2026-05-01 00:22:51,2156,0.2585,0.0184,0.2067,42.0,OK
2026-05-01 00:22:51,2157,0.2654,0.0,0.2067,42.0,OK
2026-05-01 00:22:51,2158,0.2497,0.0422,0.2067,42.0,OK
2026-05-01 00:22:51,2159,0.277,0.0199,0.2067,42.0,OK
2026-05-01 00:22:51,2160,0.2909,0.0135,0.2067,42.0,OK
2026-05-01 00:22:51,2161,0.2755,0.0137,0.2067,42.0,OK
2026-05-01 00:22:51,2162,0.2355,0.0,0.2067,42.0,OK
2026-05-01 00:22:51,2163,0.2502,0.0139,0.2067,42.0,OK
2026-05-01 00:22:51,2164,0.2635,0.0196,0.2067,42.0,OK
2026-05-01 00:22:51,2165,0.282,0.0,0.2067,42.0,OK
2026-05-01 00:22:51,2166,0.2946,0.0143,0.2067,42.0,OK
2026-05-01 00:22:51,2167,0.2853,0.0,0.2067,42.0,OK
2026-05-01 00:22:51,2168,0.2619,0.0,0.2067,42.0,OK
2026-05-01 00:22:51,2169,0.2761,0.0,0.2067,42.0,OK
2026-05-01 00:22:51,2170,0.2822,0.0139,0.2067,42.0,OK
2026-05-01 00:22:51,2171,0.283,0.0,0.2067,42.0,OK
2026-05-01 00:22:51,2172,0.2862,0.0149,0.2067,42.0,OK
2026-05-01 00:22:51,2173,0.2752,0.0149,0.2067,42.0,OK
2026-05-01 00:22:51,2174,0.2724,0.0132,0.2067,42.0,OK
2026-05-01 00:22:51,2175,0.2292,0.0,0.2067,42.0,OK
2026-05-01 00:22:51,2176,0.2441,0.0,0.2067,42.0,OK
2026-05-01 00:22:51,2177,0.2764,0.0147,0.2067,43.0,OK
2026-05-01 00:22:51,2178,0.2547,0.0145,0.2067,43.0,OK
2026-05-01 00:22:51,2179,0.2684,0.0145,0.2067,43.0,OK
2026-05-01 00:22:51,2180,0.2688,0.0208,0.2067,43.0,OK
2026-05-01 00:22:51,2181,0.2731,0.0149,0.2067,43.0,OK
2026-05-01 00:22:51,2182,0.2801,0.0,0.2067,43.0,OK
2026-05-01 00:22:51,2183,0.2712,0.0,0.2067,43.0,OK
2026-05-01 00:22:51,2184,0.2824,0.0128,0.2067,43.0,OK
2026-05-01 00:22:51,2185,0.2665,0.0,0.2067,43.0,OK
2026-05-01 00:22:51,2186,0.2649,0.0,0.2067,43.0,OK
2026-05-01 00:22:52,2187,0.2541,0.0139,0.2067,43.0,OK
2026-05-01 00:22:52,2188,0.278,0.0199,0.2067,43.0,OK
2026-05-01 00:22:52,2189,0.2703,0.0314,0.2067,43.0,OK
2026-05-01 00:22:52,2190,0.2688,0.0,0.2067,43.0,OK
2026-05-01 00:22:52,2191,0.2817,0.0,0.2067,43.0,OK
2026-05-01 00:22:52,2192,0.2784,0.0,0.2067,43.0,OK
2026-05-01 00:22:52,2193,0.2762,0.0,0.2067,42.0,OK
2026-05-01 00:22:52,2194,0.2693,0.0,0.2,42.0,OK
2026-05-01 00:22:52,2195,0.2579,0.0,0.1933,42.0,OK
2026-05-01 00:22:52,2196,0.2588,0.0149,0.1867,42.0,OK
2026-05-01 00:22:52,2197,0.2873,0.0194,0.18,42.0,OK
2026-05-01 00:22:52,2198,0.2826,0.0,0.1333,42.0,OK
2026-05-01 00:22:52,2199,0.2757,0.0,0.1333,42.0,OK
2026-05-01 00:22:52,2200,0.2772,0.0,0.1333,42.0,OK
2026-05-01 00:22:52,2201,0.2673,0.0,0.1333,42.0,OK
2026-05-01 00:22:52,2202,0.2745,0.0,0.1333,42.0,OK
2026-05-01 00:22:52,2203,0.2939,0.0196,0.1333,42.0,OK
2026-05-01 00:22:52,2204,0.254,0.0,0.1333,42.0,OK
2026-05-01 00:22:52,2205,0.2497,0.0,0.1333,41.0,OK
2026-05-01 00:22:52,2206,0.2762,0.0,0.1333,41.0,OK
2026-05-01 00:22:52,2207,0.2787,0.0145,0.1333,41.0,OK
2026-05-01 00:22:52,2208,0.2574,0.0513,0.1333,41.0,OK
2026-05-01 00:22:52,2209,0.2453,0.0519,0.1333,41.0,OK
2026-05-01 00:22:52,2210,0.2586,0.0202,0.1333,41.0,OK
2026-05-01 00:22:52,2211,0.2731,0.0145,0.1333,41.0,OK
2026-05-01 00:22:52,2212,0.2609,0.0147,0.1333,41.0,OK
2026-05-01 00:22:52,2213,0.281,0.0,0.1333,41.0,OK
2026-05-01 00:22:52,2214,0.2571,0.0,0.1333,41.0,OK
2026-05-01 00:22:52,2215,0.2543,0.0427,0.1333,41.0,OK
2026-05-01 00:22:53,2216,0.2612,0.0278,0.1333,41.0,OK
2026-05-01 00:22:53,2217,0.248,0.0,0.1333,41.0,OK
2026-05-01 00:22:53,2218,0.2568,0.0,0.1333,41.0,OK
2026-05-01 00:22:53,2219,0.2768,0.0184,0.1267,41.0,OK
2026-05-01 00:22:53,2220,0.2793,0.0181,0.12,41.0,OK
2026-05-01 00:22:53,2221,0.2374,0.048,0.1133,41.0,OK
2026-05-01 00:22:53,2222,0.2278,0.0199,0.1067,41.0,OK
2026-05-01 00:22:53,2223,0.2647,0.0139,0.1,42.0,OK
2026-05-01 00:22:53,2224,0.2652,0.0,0.0533,42.0,OK
2026-05-01 00:22:53,2225,0.2727,0.0,0.0533,42.0,OK
2026-05-01 00:22:53,2226,0.2619,0.0186,0.0533,42.0,OK
2026-05-01 00:22:53,2227,0.2587,0.0189,0.0533,42.0,OK
2026-05-01 00:22:53,2228,0.2256,0.0,0.0533,42.0,OK
2026-05-01 00:22:53,2229,0.2234,0.0,0.0533,42.0,OK
2026-05-01 00:22:53,2230,0.2317,0.0141,0.0533,42.0,OK
2026-05-01 00:22:53,2231,0.2504,0.0,0.0533,43.0,OK
2026-05-01 00:22:53,2232,0.2595,0.0,0.0533,43.0,OK
2026-05-01 00:22:53,2233,0.2547,0.0147,0.0533,42.0,OK
2026-05-01 00:22:53,2234,0.2483,0.0137,0.0533,42.0,OK
2026-05-01 00:22:53,2235,0.2495,0.0,0.0533,42.0,OK
2026-05-01 00:22:53,2236,0.2436,0.0311,0.0467,42.0,OK
2026-05-01 00:22:53,2237,0.2733,0.0,0.0,42.0,OK
2026-05-01 00:22:53,2238,0.2731,0.0,0.0,42.0,OK
2026-05-01 00:22:53,2239,0.247,0.0139,0.0,42.0,OK
2026-05-01 00:22:53,2240,0.2598,0.0145,0.0,42.0,OK
2026-05-01 00:22:53,2241,0.2532,0.0202,0.0,42.0,OK
2026-05-01 00:22:53,2242,0.2506,0.0,0.0,42.0,OK
2026-05-01 00:22:53,2243,0.2414,0.0,0.0,42.0,OK
2026-05-01 00:22:53,2244,0.213,0.0,0.0,42.0,OK
2026-05-01 00:22:54,2245,0.2207,0.0,0.0,42.0,OK
2026-05-01 00:22:54,2246,0.2652,0.0,0.0,43.0,OK
2026-05-01 00:22:54,2247,0.2549,0.0,0.0,43.0,OK
2026-05-01 00:22:54,2248,0.2705,0.0,0.0,43.0,OK
2026-05-01 00:22:54,2249,0.262,0.0149,0.0,43.0,OK
2026-05-01 00:22:54,2250,0.2468,0.0224,0.0,43.0,OK
2026-05-01 00:22:54,2251,0.2763,0.0,0.0,43.0,OK
2026-05-01 00:22:54,2252,0.2672,0.0139,0.0,43.0,OK
2026-05-01 00:22:54,2253,0.2501,0.0147,0.0,43.0,OK
2026-05-01 00:22:54,2254,0.2557,0.0298,0.0,43.0,OK
2026-05-01 00:22:54,2255,0.2969,0.0145,0.0,43.0,OK
2026-05-01 00:22:54,2256,0.2753,0.0145,0.0,43.0,OK
2026-05-01 00:22:54,2257,0.2908,0.0205,0.0,43.0,OK
2026-05-01 00:22:54,2258,0.3046,0.0441,0.0,43.0,OK
2026-05-01 00:22:54,2259,0.3075,0.0,0.0,43.0,OK
2026-05-01 00:22:54,2260,0.3159,0.0145,0.0,43.0,OK
2026-05-01 00:22:54,2261,0.3192,0.0149,0.0,43.0,OK
2026-05-01 00:22:54,2262,0.3216,0.0698,0.0,43.0,OK
2026-05-01 00:22:54,2263,0.3197,0.0581,0.0,43.0,OK
2026-05-01 00:22:54,2264,0.3334,0.0614,0.0,43.0,OK
2026-05-01 00:22:54,2265,0.3366,0.0448,0.0,43.0,OK
2026-05-01 00:22:54,2266,0.3177,0.0,0.0,43.0,OK
2026-05-01 00:22:54,2267,0.3241,0.087,0.0,43.0,OK
2026-05-01 00:22:54,2268,0.3279,0.0143,0.0,43.0,OK
2026-05-01 00:22:54,2269,0.3388,0.0141,0.0,43.0,OK
2026-05-01 00:22:54,2270,0.3315,0.0156,0.0,43.0,OK
2026-05-01 00:22:54,2271,0.3308,0.0,0.0,43.0,OK
2026-05-01 00:22:54,2272,0.3109,0.0411,0.0,43.0,OK
2026-05-01 00:22:55,2273,0.3126,0.0411,0.0,43.0,OK
2026-05-01 00:22:55,2274,0.3324,0.0143,0.0,43.0,OK
2026-05-01 00:22:55,2275,0.3359,0.0154,0.0,43.0,OK
2026-05-01 00:22:55,2276,0.3406,0.0211,0.0,43.0,OK
2026-05-01 00:22:55,2277,0.3354,0.0149,0.0,43.0,OK
2026-05-01 00:22:55,2278,0.3361,0.0149,0.0,43.0,OK
2026-05-01 00:22:55,2279,0.3348,0.0423,0.0,43.0,OK
2026-05-01 00:22:55,2280,0.3326,0.0452,0.0,43.0,OK
2026-05-01 00:22:55,2281,0.3433,0.0145,0.0,43.0,OK
2026-05-01 00:22:55,2282,0.3274,0.1336,0.0,43.0,OK
2026-05-01 00:22:55,2283,0.3297,0.1336,0.0,43.0,OK
2026-05-01 00:22:55,2284,0.3249,0.0299,0.0,43.0,OK
2026-05-01 00:22:55,2285,0.33,0.0299,0.0,43.0,OK
2026-05-01 00:22:55,2286,0.3254,0.0161,0.0,43.0,OK
2026-05-01 00:22:55,2287,0.3414,0.0,0.0,43.0,OK
2026-05-01 00:22:55,2288,0.3248,0.1275,0.0,43.0,OK
2026-05-01 00:22:55,2289,0.3325,0.0634,0.0,43.0,OK
2026-05-01 00:22:55,2290,0.3269,0.0278,0.0,43.0,OK
2026-05-01 00:22:55,2291,0.3392,0.0278,0.0,43.0,OK
2026-05-01 00:22:55,2292,0.3362,0.0411,0.0,43.0,OK
2026-05-01 00:22:55,2293,0.3375,0.0405,0.0,43.0,OK
2026-05-01 00:22:55,2294,0.335,0.0981,0.0,43.0,OK
2026-05-01 00:22:55,2295,0.3305,0.0922,0.0,43.0,OK
2026-05-01 00:22:55,2296,0.3253,0.0,0.0,43.0,OK
2026-05-01 00:22:55,2297,0.3205,0.0,0.0,43.0,OK
2026-05-01 00:22:55,2298,0.3206,0.0,0.0,43.0,OK
2026-05-01 00:22:55,2299,0.3159,0.0145,0.0,43.0,OK
2026-05-01 00:22:56,2300,0.2912,0.0,0.0,43.0,OK
2026-05-01 00:22:56,2301,0.1263,0.0405,0.0,43.0,OK
2026-05-01 00:22:56,2302,0.1159,0.0557,0.0,43.0,OK
2026-05-01 00:22:56,2303,0.1338,0.0286,0.0,43.0,OK
2026-05-01 00:22:56,2304,0.1256,0.0563,0.0,43.0,OK
2026-05-01 00:22:56,2305,0.2405,0.0,0.0,43.0,OK
2026-05-01 00:22:56,2306,0.2335,0.0,0.0,43.0,OK
2026-05-01 00:22:56,2307,0.2872,0.0,0.0,44.0,OK
2026-05-01 00:22:56,2308,0.2811,0.0,0.0,44.0,OK
2026-05-01 00:22:56,2309,0.2945,0.0199,0.0,44.0,OK
2026-05-01 00:22:56,2310,0.3002,0.0132,0.0,44.0,OK
2026-05-01 00:22:56,2311,0.2905,0.013,0.0,44.0,OK
2026-05-01 00:22:56,2312,0.292,0.0411,0.0,44.0,OK
2026-05-01 00:22:56,2313,0.2897,0.027,0.0,44.0,OK
2026-05-01 00:22:56,2314,0.2957,0.0405,0.0,44.0,OK
2026-05-01 00:22:56,2315,0.3011,0.0548,0.0,44.0,OK
2026-05-01 00:22:56,2316,0.2815,0.0286,0.0,44.0,OK
2026-05-01 00:22:56,2317,0.3217,0.0,0.0,44.0,OK
2026-05-01 00:22:56,2318,0.3247,0.0139,0.0,44.0,OK
2026-05-01 00:22:56,2319,0.3205,0.0417,0.0,44.0,OK
2026-05-01 00:22:56,2320,0.3276,0.0274,0.0,44.0,OK
2026-05-01 00:22:56,2321,0.2829,0.0,0.0,44.0,OK
2026-05-01 00:22:56,2322,0.2789,0.0,0.0,44.0,OK
2026-05-01 00:22:56,2323,0.1643,0.0,0.0,44.0,OK
2026-05-01 00:22:56,2324,0.15,0.0135,0.0,44.0,OK
2026-05-01 00:22:56,2325,0.131,0.0311,0.0,44.0,OK
2026-05-01 00:22:56,2326,0.2417,0.0557,0.0,44.0,OK
2026-05-01 00:22:56,2327,0.2498,0.0278,0.0,45.0,OK
2026-05-01 00:22:56,2328,0.279,0.0139,0.0,45.0,OK
2026-05-01 00:22:56,2329,0.2682,0.0,0.0,45.0,OK
2026-05-01 00:22:57,2330,0.2845,0.0145,0.0,45.0,OK
2026-05-01 00:22:57,2331,0.2843,0.0205,0.0,45.0,OK
2026-05-01 00:22:57,2332,0.2983,0.0145,0.0,45.0,OK
2026-05-01 00:22:57,2333,0.3039,0.0145,0.0,45.0,OK
2026-05-01 00:22:57,2334,0.3186,0.0141,0.0,45.0,OK
2026-05-01 00:22:57,2335,0.3176,0.0139,0.0,45.0,OK
2026-05-01 00:22:57,2336,0.3425,0.0139,0.0,45.0,OK
2026-05-01 00:22:57,2337,0.3398,0.0141,0.0,45.0,OK
2026-05-01 00:22:57,2338,0.3427,0.0139,0.0,45.0,OK
2026-05-01 00:22:57,2339,0.3474,0.0267,0.0,45.0,OK
2026-05-01 00:22:57,2340,0.3446,0.0427,0.0,45.0,OK
2026-05-01 00:22:57,2341,0.3391,0.0132,0.0,45.0,OK
2026-05-01 00:22:57,2342,0.3491,0.013,0.0,45.0,OK
2026-05-01 00:22:57,2343,0.3548,0.0202,0.0,45.0,OK
2026-05-01 00:22:57,2344,0.349,0.0,0.0,45.0,OK
2026-05-01 00:22:57,2345,0.3436,0.0,0.0,45.0,OK
2026-05-01 00:22:57,2346,0.3486,0.0141,0.0,45.0,OK
2026-05-01 00:22:57,2347,0.3411,0.0411,0.0,45.0,OK
2026-05-01 00:22:57,2348,0.3446,0.0,0.0,45.0,OK
2026-05-01 00:22:57,2349,0.3425,0.0,0.0,45.0,OK
2026-05-01 00:22:57,2350,0.3401,0.0143,0.0,45.0,OK
2026-05-01 00:22:57,2351,0.2948,0.0132,0.0,45.0,OK
2026-05-01 00:22:57,2352,0.1181,0.0,0.0,45.0,OK
2026-05-01 00:22:57,2353,0.1095,0.0,0.0,45.0,OK
2026-05-01 00:22:57,2354,0.243,0.0698,0.0,45.0,OK
2026-05-01 00:22:57,2355,0.2471,0.0685,0.0,46.0,OK
2026-05-01 00:22:58,2356,0.3228,0.0405,0.0,46.0,OK
2026-05-01 00:22:58,2357,0.3248,0.0405,0.0,46.0,OK
2026-05-01 00:22:58,2358,0.3241,0.055,0.0,46.0,OK
2026-05-01 00:22:58,2359,0.33,0.0141,0.0,46.0,OK
2026-05-01 00:22:58,2360,0.3251,0.0141,0.0,46.0,OK
2026-05-01 00:22:58,2361,0.3187,0.0,0.0,46.0,OK
2026-05-01 00:22:58,2362,0.3285,0.0,0.0,46.0,OK
2026-05-01 00:22:58,2363,0.3358,0.0311,0.0,46.0,OK
2026-05-01 00:22:58,2364,0.3291,0.0139,0.0,46.0,OK
2026-05-01 00:22:58,2365,0.3256,0.0282,0.0,46.0,OK
2026-05-01 00:22:58,2366,0.2654,0.0278,0.0,46.0,OK
2026-05-01 00:22:58,2367,0.1206,0.0542,0.0,46.0,OK
2026-05-01 00:22:58,2368,0.1252,0.0421,0.0,46.0,OK
2026-05-01 00:22:58,2369,0.281,0.0433,0.0,47.0,OK
2026-05-01 00:22:58,2370,0.2813,0.0194,0.0,47.0,OK
2026-05-01 00:22:58,2371,0.296,0.0137,0.0,47.0,OK
2026-05-01 00:22:58,2372,0.2916,0.0194,0.0,47.0,OK
2026-05-01 00:22:58,2373,0.1196,0.0145,0.0,47.0,OK
2026-05-01 00:22:58,2374,0.1338,0.0,0.0,47.0,OK
2026-05-01 00:22:58,2375,0.1351,0.0448,0.0,47.0,OK
2026-05-01 00:22:58,2376,0.2449,0.0698,0.0,47.0,OK
2026-05-01 00:22:58,2377,0.2775,0.0202,0.0,48.0,OK
2026-05-01 00:22:58,2378,0.2735,0.0202,0.0,48.0,OK
2026-05-01 00:22:58,2379,0.1288,0.0417,0.0,48.0,OK
2026-05-01 00:22:58,2380,0.1209,0.0563,0.0,48.0,OK
2026-05-01 00:22:59,2381,0.2003,0.0,0.0,48.0,OK
2026-05-01 00:22:59,2382,0.2154,0.0,0.0,48.0,OK
2026-05-01 00:22:59,2383,0.2983,0.0315,0.0,49.0,OK
2026-05-01 00:22:59,2384,0.2524,0.0423,0.0,49.0,OK
2026-05-01 00:22:59,2385,0.2401,0.0728,0.0,49.0,OK
2026-05-01 00:22:59,2386,0.1328,0.0141,0.0,49.0,OK
2026-05-01 00:22:59,2387,0.1382,0.0139,0.0,49.0,OK
2026-05-01 00:22:59,2388,0.185,0.0324,0.0,49.0,OK
2026-05-01 00:22:59,2389,0.1918,0.0143,0.0,49.0,OK
2026-05-01 00:22:59,2390,0.2031,0.0,0.0,49.0,OK
2026-05-01 00:22:59,2391,0.1043,0.0,0.0467,49.0,OK
2026-05-01 00:22:59,2392,0.1106,0.0139,0.0533,49.0,OK
2026-05-01 00:22:59,2393,0.2562,0.0278,0.0533,50.0,OK
2026-05-01 00:22:59,2394,0.2516,0.0311,0.0533,50.0,OK
2026-05-01 00:22:59,2395,0.2812,0.0145,0.0533,50.0,OK
2026-05-01 00:22:59,2396,0.28,0.0145,0.0533,50.0,OK
2026-05-01 00:22:59,2397,0.198,0.0145,0.0533,50.0,OK
2026-05-01 00:22:59,2398,0.1927,0.0147,0.0533,50.0,OK
2026-05-01 00:22:59,2399,0.1064,0.0141,0.0533,50.0,OK
2026-05-01 00:22:59,2400,0.2697,0.0519,0.0533,51.0,OK
2026-05-01 00:22:59,2401,0.1253,0.0,0.0533,51.0,OK
2026-05-01 00:22:59,2402,0.1096,0.0,0.0533,51.0,OK
2026-05-01 00:22:59,2403,0.144,0.0133,0.0533,51.0,OK
2026-05-01 00:22:59,2404,0.1457,0.0132,0.0533,51.0,OK
2026-05-01 00:22:59,2405,0.1127,0.0685,0.0533,51.0,OK
2026-05-01 00:23:00,2406,0.1136,0.0822,0.0533,51.0,OK
2026-05-01 00:23:00,2407,0.1414,0.0149,0.1,51.0,OK
2026-05-01 00:23:00,2408,0.1225,0.0211,0.1067,51.0,OK
2026-05-01 00:23:00,2409,0.2414,0.0,0.1133,51.0,OK
2026-05-01 00:23:00,2410,0.2343,0.029,0.12,51.0,OK
2026-05-01 00:23:00,2411,0.2335,0.0294,0.1267,51.0,OK
2026-05-01 00:23:00,2412,0.1477,0.0,0.1333,50.0,OK
2026-05-01 00:23:00,2413,0.2536,0.029,0.1333,51.0,OK
2026-05-01 00:23:00,2414,0.1433,0.0,0.1333,51.0,OK
2026-05-01 00:23:00,2415,0.1417,0.0,0.1333,51.0,OK
2026-05-01 00:23:00,2416,0.103,0.0,0.1333,51.0,OK
2026-05-01 00:23:00,2417,0.1022,0.0141,0.1333,51.0,OK
2026-05-01 00:23:00,2418,0.1676,0.0274,0.1333,51.0,OK
2026-05-01 00:23:00,2419,0.1751,0.0137,0.1333,51.0,OK
2026-05-01 00:23:00,2420,0.2637,0.0718,0.1333,52.0,OK
2026-05-01 00:23:00,2421,0.2717,0.0708,0.1333,52.0,OK
2026-05-01 00:23:00,2422,0.1172,0.0556,0.1333,52.0,OK
2026-05-01 00:23:00,2423,0.2045,0.0199,0.1333,52.0,LOW
2026-05-01 00:23:00,2424,0.2768,0.0139,0.1333,53.0,LOW
2026-05-01 00:23:00,2425,0.2728,0.0141,0.1333,53.0,LOW
2026-05-01 00:23:00,2426,0.3106,0.0588,0.1333,53.0,LOW
2026-05-01 00:23:00,2427,0.3119,0.058,0.1333,53.0,LOW
2026-05-01 00:23:00,2428,0.3002,0.0298,0.1333,53.0,LOW
2026-05-01 00:23:00,2429,0.2875,0.0278,0.1333,53.0,LOW
2026-05-01 00:23:00,2430,0.2862,0.0278,0.1333,53.0,LOW
2026-05-01 00:23:00,2431,0.2964,0.0143,0.1333,53.0,LOW
2026-05-01 00:23:01,2432,0.3036,0.0143,0.1333,53.0,LOW
2026-05-01 00:23:01,2433,0.3092,0.0286,0.1333,53.0,LOW
2026-05-01 00:23:01,2434,0.3041,0.0411,0.1333,53.0,LOW
2026-05-01 00:23:01,2435,0.3061,0.0,0.1333,53.0,LOW
2026-05-01 00:23:01,2436,0.3021,0.0143,0.1333,53.0,LOW
2026-05-01 00:23:01,2437,0.3094,0.0,0.1333,53.0,LOW
2026-05-01 00:23:01,2438,0.3064,0.0137,0.1333,53.0,LOW
2026-05-01 00:23:01,2439,0.3199,0.0274,0.1333,53.0,LOW
2026-05-01 00:23:01,2440,0.3036,0.0135,0.1333,53.0,LOW
2026-05-01 00:23:01,2441,0.3058,0.0,0.1333,53.0,LOW
2026-05-01 00:23:01,2442,0.3133,0.0286,0.1333,53.0,LOW
2026-05-01 00:23:01,2443,0.3227,0.0286,0.1333,53.0,LOW
2026-05-01 00:23:01,2444,0.3193,0.0315,0.1333,53.0,LOW
2026-05-01 00:23:01,2445,0.316,0.0282,0.1333,53.0,LOW
2026-05-01 00:23:01,2446,0.3085,0.0685,0.1333,53.0,LOW
2026-05-01 00:23:01,2447,0.3039,0.0822,0.1333,53.0,LOW
2026-05-01 00:23:01,2448,0.3052,0.0417,0.1333,53.0,LOW
2026-05-01 00:23:01,2449,0.3194,0.0411,0.1333,53.0,LOW
2026-05-01 00:23:01,2450,0.3214,0.0135,0.1333,53.0,LOW
2026-05-01 00:23:01,2451,0.3185,0.0,0.1333,53.0,LOW
2026-05-01 00:23:01,2452,0.3233,0.0152,0.1333,53.0,LOW
2026-05-01 00:23:01,2453,0.2921,0.0,0.1333,53.0,LOW
2026-05-01 00:23:01,2454,0.2971,0.0,0.1333,53.0,LOW
2026-05-01 00:23:01,2455,0.3178,0.0143,0.1333,53.0,LOW
2026-05-01 00:23:01,2456,0.333,0.0,0.1333,53.0,LOW
2026-05-01 00:23:01,2457,0.3154,0.0465,0.1333,53.0,LOW
2026-05-01 00:23:01,2458,0.3137,0.0286,0.1333,53.0,LOW
2026-05-01 00:23:02,2459,0.3256,0.0,0.1333,53.0,LOW
2026-05-01 00:23:02,2460,0.3254,0.0141,0.1333,53.0,LOW
2026-05-01 00:23:02,2461,0.3282,0.0143,0.1333,53.0,LOW
2026-05-01 00:23:02,2462,0.3003,0.0141,0.1333,53.0,LOW
2026-05-01 00:23:02,2463,0.2992,0.0143,0.1333,53.0,LOW
2026-05-01 00:23:02,2464,0.3023,0.0,0.1333,53.0,LOW
2026-05-01 00:23:02,2465,0.3023,0.0,0.1333,53.0,OK
2026-05-01 00:23:02,2466,0.3091,0.0606,0.1333,53.0,OK
2026-05-01 00:23:02,2467,0.3159,0.0454,0.1333,53.0,OK
2026-05-01 00:23:02,2468,0.3217,0.0147,0.1333,52.0,OK
2026-05-01 00:23:02,2469,0.3091,0.0294,0.1333,52.0,OK
2026-05-01 00:23:02,2470,0.3146,0.0139,0.1333,52.0,OK
2026-05-01 00:23:02,2471,0.3269,0.0141,0.1333,52.0,OK
2026-05-01 00:23:02,2472,0.313,0.0556,0.1333,52.0,OK
2026-05-01 00:23:02,2473,0.3111,0.0556,0.1333,52.0,OK
2026-05-01 00:23:02,2474,0.3231,0.0149,0.1333,52.0,OK
2026-05-01 00:23:02,2475,0.3214,0.0299,0.1333,52.0,OK
2026-05-01 00:23:02,2476,0.3005,0.0,0.1333,52.0,OK
2026-05-01 00:23:02,2477,0.3088,0.0306,0.1333,52.0,OK
2026-05-01 00:23:02,2478,0.3021,0.0,0.1333,52.0,OK
2026-05-01 00:23:02,2479,0.3106,0.0139,0.1333,52.0,OK
2026-05-01 00:23:02,2480,0.3142,0.0149,0.1333,52.0,OK
2026-05-01 00:23:02,2481,0.3044,0.0141,0.1333,52.0,OK
2026-05-01 00:23:02,2482,0.3099,0.0143,0.1333,52.0,OK
2026-05-01 00:23:02,2483,0.1047,0.0137,0.1333,52.0,OK
2026-05-01 00:23:03,2484,0.2042,0.0,0.1333,52.0,OK
2026-05-01 00:23:03,2485,0.2663,0.0132,0.1333,53.0,OK
2026-05-01 00:23:03,2486,0.2713,0.0135,0.1333,53.0,OK
2026-05-01 00:23:03,2487,0.2912,0.0,0.1333,53.0,OK
2026-05-01 00:23:03,2488,0.2928,0.0,0.1333,53.0,OK
2026-05-01 00:23:03,2489,0.2945,0.0,0.1333,53.0,OK
2026-05-01 00:23:03,2490,0.3015,0.0,0.1333,53.0,OK
2026-05-01 00:23:03,2491,0.3096,0.0,0.1333,53.0,OK
2026-05-01 00:23:03,2492,0.2977,0.0845,0.1333,53.0,OK
2026-05-01 00:23:03,2493,0.3108,0.0704,0.1333,53.0,OK
2026-05-01 00:23:03,2494,0.2771,0.029,0.1333,53.0,OK
2026-05-01 00:23:03,2495,0.2755,0.0205,0.1333,53.0,OK
2026-05-01 00:23:03,2496,0.1321,0.0422,0.1333,53.0,OK
2026-05-01 00:23:03,2497,0.1456,0.0422,0.1333,53.0,OK
2026-05-01 00:23:03,2498,0.11,0.0137,0.1333,53.0,OK
2026-05-01 00:23:03,2499,0.1099,0.0274,0.1333,53.0,OK
2026-05-01 00:23:03,2500,0.1528,0.0196,0.1333,53.0,OK
2026-05-01 00:23:03,2501,0.1454,0.0139,0.1333,53.0,OK
2026-05-01 00:23:03,2502,0.2616,0.0145,0.1333,54.0,OK
2026-05-01 00:23:03,2503,0.1122,0.0141,0.1333,54.0,OK
2026-05-01 00:23:03,2504,0.1179,0.0141,0.1333,54.0,OK
2026-05-01 00:23:03,2505,0.1042,0.0,0.1333,54.0,OK
2026-05-01 00:23:03,2506,0.1051,0.0,0.1333,54.0,OK
2026-05-01 00:23:03,2507,0.1854,0.0,0.1333,54.0,OK
2026-05-01 00:23:03,2508,0.1847,0.0147,0.1333,54.0,OK
2026-05-01 00:23:03,2509,0.2732,0.0145,0.1333,55.0,OK
2026-05-01 00:23:04,2510,0.2753,0.0145,0.1333,55.0,OK
2026-05-01 00:23:04,2511,0.2646,0.0141,0.1333,54.0,OK
2026-05-01 00:23:04,2512,0.2745,0.0199,0.1333,54.0,OK
2026-05-01 00:23:04,2513,0.2898,0.0274,0.1333,54.0,OK
2026-05-01 00:23:04,2514,0.2729,0.0302,0.1333,54.0,OK
2026-05-01 00:23:04,2515,0.28,0.0416,0.1333,54.0,OK
2026-05-01 00:23:04,2516,0.2818,0.0389,0.1333,54.0,OK
2026-05-01 00:23:04,2517,0.298,0.0141,0.1333,54.0,OK
2026-05-01 00:23:04,2518,0.2986,0.0311,0.1333,54.0,OK
2026-05-01 00:23:04,2519,0.2868,0.0311,0.1333,54.0,OK
2026-05-01 00:23:04,2520,0.3011,0.1,0.1333,54.0,OK
2026-05-01 00:23:04,2521,0.3101,0.1,0.1333,54.0,OK
2026-05-01 00:23:04,2522,0.3177,0.0581,0.1333,54.0,OK
2026-05-01 00:23:04,2523,0.3111,0.0143,0.1333,54.0,OK
2026-05-01 00:23:04,2524,0.2817,0.0147,0.1333,54.0,OK
2026-05-01 00:23:04,2525,0.2951,0.0145,0.1333,54.0,OK
2026-05-01 00:23:04,2526,0.2711,0.0,0.1333,54.0,OK
2026-05-01 00:23:04,2527,0.2711,0.0202,0.1333,54.0,OK
2026-05-01 00:23:04,2528,0.2798,0.1178,0.1333,54.0,OK
2026-05-01 00:23:04,2529,0.2753,0.0996,0.1333,54.0,OK
2026-05-01 00:23:04,2530,0.2741,0.0,0.1333,54.0,OK
2026-05-01 00:23:04,2531,0.2709,0.0143,0.1333,54.0,OK
2026-05-01 00:23:04,2532,0.2623,0.0147,0.1333,54.0,OK
2026-05-01 00:23:04,2533,0.2333,0.0143,0.1333,54.0,OK
2026-05-01 00:23:04,2534,0.2566,0.0141,0.1333,54.0,OK
2026-05-01 00:23:05,2535,0.2683,0.0286,0.1267,54.0,OK
2026-05-01 00:23:05,2536,0.2666,0.0143,0.08,54.0,OK
2026-05-01 00:23:05,2537,0.2306,0.0152,0.08,54.0,OK
2026-05-01 00:23:05,2538,0.2769,0.0,0.08,54.0,OK
2026-05-01 00:23:05,2539,0.2832,0.0,0.08,54.0,OK
2026-05-01 00:23:05,2540,0.2678,0.0139,0.08,54.0,OK
2026-05-01 00:23:05,2541,0.2818,0.0,0.08,54.0,OK
2026-05-01 00:23:05,2542,0.2815,0.0,0.08,54.0,OK
2026-05-01 00:23:05,2543,0.2709,0.0,0.08,54.0,OK
2026-05-01 00:23:05,2544,0.274,0.0,0.08,54.0,OK
2026-05-01 00:23:05,2545,0.2831,0.0143,0.08,54.0,OK
2026-05-01 00:23:05,2546,0.2799,0.0143,0.08,54.0,OK
2026-05-01 00:23:05,2547,0.2868,0.0,0.08,53.0,OK
2026-05-01 00:23:05,2548,0.2801,0.0141,0.08,53.0,OK
2026-05-01 00:23:05,2549,0.33,0.0,0.08,53.0,OK
2026-05-01 00:23:05,2550,0.3286,0.0,0.08,53.0,OK
2026-05-01 00:23:05,2551,0.3362,0.0,0.0733,53.0,OK
2026-05-01 00:23:05,2552,0.3131,0.0143,0.0667,53.0,OK
2026-05-01 00:23:05,2553,0.31,0.0,0.06,53.0,OK
2026-05-01 00:23:05,2554,0.3191,0.0,0.0533,53.0,OK
2026-05-01 00:23:05,2555,0.3224,0.0,0.0467,53.0,OK
2026-05-01 00:23:05,2556,0.339,0.0,0.0,53.0,OK
2026-05-01 00:23:05,2557,0.3421,0.0139,0.0,53.0,OK
2026-05-01 00:23:05,2558,0.353,0.0143,0.0,53.0,OK
2026-05-01 00:23:06,2559,0.3291,0.0,0.0,53.0,OK
2026-05-01 00:23:06,2560,0.3364,0.0,0.0,53.0,OK
2026-05-01 00:23:06,2561,0.3405,0.0,0.0,53.0,OK
2026-05-01 00:23:06,2562,0.3311,0.0,0.0,53.0,OK
2026-05-01 00:23:06,2563,0.3032,0.0,0.0,53.0,OK
2026-05-01 00:23:06,2564,0.3254,0.0,0.0,53.0,OK
2026-05-01 00:23:06,2565,0.3225,0.0,0.0,53.0,OK
2026-05-01 00:23:06,2566,0.3123,0.0143,0.0,53.0,OK
2026-05-01 00:23:06,2567,0.2958,0.0557,0.0,53.0,OK
2026-05-01 00:23:06,2568,0.2771,0.0557,0.0,53.0,OK
2026-05-01 00:23:06,2569,0.2653,0.0285,0.0,53.0,OK
2026-05-01 00:23:06,2570,0.2739,0.0458,0.0,53.0,OK
2026-05-01 00:23:06,2571,0.3083,0.0156,0.0,53.0,OK
2026-05-01 00:23:06,2572,0.2846,0.0156,0.0,53.0,OK
2026-05-01 00:23:06,2573,0.309,0.0161,0.0,53.0,OK
2026-05-01 00:23:06,2574,0.2427,0.0195,0.0,53.0,OK
2026-05-01 00:23:06,2575,0.2374,0.0,0.0,53.0,OK
2026-05-01 00:23:06,2576,0.3189,0.0212,0.0,54.0,OK
2026-05-01 00:23:06,2577,0.2858,0.0,0.0,54.0,OK
2026-05-01 00:23:06,2578,0.4118,0.0,0.0,54.0,OK
2026-05-01 00:23:06,2579,0.3815,0.0,0.0,54.0,OK
2026-05-01 00:23:06,2580,0.3646,0.0543,0.0,54.0,OK
2026-05-01 00:23:06,2581,0.3857,0.0529,0.0,54.0,OK
2026-05-01 00:23:06,2582,0.3733,0.0248,0.0,54.0,OK
2026-05-01 00:23:06,2583,0.3884,0.0254,0.0,54.0,OK
2026-05-01 00:23:06,2584,0.4077,0.0276,0.0,54.0,OK
2026-05-01 00:23:06,2585,0.36,0.035,0.0,54.0,OK
2026-05-01 00:23:06,2586,0.3804,0.0,0.0,54.0,OK
2026-05-01 00:23:06,2587,0.3411,0.0243,0.0,54.0,OK
2026-05-01 00:23:06,2588,0.3161,0.0243,0.0,54.0,OK
2026-05-01 00:23:06,2589,0.3147,0.0,0.0,54.0,OK
2026-05-01 00:23:07,2590,0.3201,0.0,0.0,54.0,OK
2026-05-01 00:23:07,2591,0.4467,0.0262,0.0,54.0,OK
2026-05-01 00:23:07,2592,0.4392,0.0,0.0,54.0,OK
2026-05-01 00:23:07,2593,0.4748,0.0,0.0,54.0,OK
2026-05-01 00:23:07,2594,0.5419,0.0,0.0,54.0,OK
2026-05-01 00:23:07,2595,0.5245,0.0248,0.0,54.0,OK
2026-05-01 00:23:07,2596,0.5946,0.0,0.0,54.0,OK
2026-05-01 00:23:07,2597,0.5641,0.0262,0.0,54.0,OK
2026-05-01 00:23:07,2598,0.5995,0.0,0.0,54.0,OK
2026-05-01 00:23:07,2599,0.6164,0.0254,0.0,54.0,OK
2026-05-01 00:23:07,2600,0.5477,0.0,0.0,54.0,OK
2026-05-01 00:23:07,2601,0.4056,0.0255,0.0,54.0,OK
2026-05-01 00:23:07,2602,0.4513,0.0243,0.0,54.0,OK
2026-05-01 00:23:07,2603,0.5869,0.0,0.0,54.0,OK
2026-05-01 00:23:07,2604,0.5242,0.0249,0.0,54.0,OK
2026-05-01 00:23:07,2605,0.4737,0.0,0.0,54.0,OK
2026-05-01 00:23:07,2606,0.4948,0.0226,0.0,54.0,OK
2026-05-01 00:23:07,2607,0.4963,0.0,0.0,54.0,OK
2026-05-01 00:23:07,2608,0.4364,0.0231,0.0,54.0,OK
2026-05-01 00:23:07,2609,0.4489,0.0216,0.0,54.0,OK
2026-05-01 00:23:07,2610,0.4116,0.0522,0.0,54.0,OK
2026-05-01 00:23:07,2611,0.4,0.0268,0.0,54.0,OK
2026-05-01 00:23:07,2612,0.5285,0.0,0.0,54.0,OK
2026-05-01 00:23:07,2613,0.4668,0.0312,0.0,54.0,OK
2026-05-01 00:23:07,2614,0.4306,0.022,0.0,54.0,OK
2026-05-01 00:23:07,2615,0.4496,0.0342,0.0,54.0,OK
2026-05-01 00:23:07,2616,0.3508,0.0249,0.0,54.0,OK
2026-05-01 00:23:07,2617,0.3881,0.0242,0.0,54.0,OK
2026-05-01 00:23:07,2618,0.3957,0.0328,0.0,54.0,OK
2026-05-01 00:23:07,2619,0.439,0.0226,0.0,54.0,OK
2026-05-01 00:23:07,2620,0.3848,0.0242,0.0,54.0,OK
2026-05-01 00:23:08,2621,0.3549,0.0242,0.0,54.0,OK
2026-05-01 00:23:08,2622,0.3803,0.0248,0.0,54.0,OK
2026-05-01 00:23:08,2623,0.3762,0.0,0.0,54.0,OK
2026-05-01 00:23:08,2624,0.3691,0.0,0.0,54.0,OK
2026-05-01 00:23:08,2625,0.4055,0.0327,0.0,54.0,OK
2026-05-01 00:23:08,2626,0.4211,0.0231,0.0,54.0,OK
2026-05-01 00:23:08,2627,0.3827,0.0243,0.0,54.0,OK
2026-05-01 00:23:08,2628,0.3632,0.0353,0.0,54.0,OK
2026-05-01 00:23:08,2629,0.395,0.0231,0.0,54.0,OK
2026-05-01 00:23:08,2630,0.4242,0.0,0.0,54.0,OK
2026-05-01 00:23:08,2631,0.4084,0.0224,0.0,54.0,OK
2026-05-01 00:23:08,2632,0.4015,0.0227,0.0,54.0,OK
2026-05-01 00:23:08,2633,0.391,0.0243,0.0,54.0,OK
2026-05-01 00:23:08,2634,0.3071,0.0,0.0,54.0,OK
2026-05-01 00:23:08,2635,0.3553,0.0237,0.0,54.0,OK
2026-05-01 00:23:08,2636,0.4119,0.0,0.0,54.0,OK
2026-05-01 00:23:08,2637,0.3974,0.0,0.0,54.0,OK
2026-05-01 00:23:08,2638,0.3986,0.0217,0.0,54.0,OK
2026-05-01 00:23:08,2639,0.3876,0.0,0.0,54.0,OK
2026-05-01 00:23:08,2640,0.3663,0.0,0.0,54.0,OK
2026-05-01 00:23:08,2641,0.3631,0.0,0.0,53.0,OK
2026-05-01 00:23:08,2642,0.3909,0.0,0.0,53.0,OK
2026-05-01 00:23:08,2643,0.3319,0.0217,0.0,53.0,OK
2026-05-01 00:23:08,2644,0.3034,0.0294,0.0,53.0,OK
2026-05-01 00:23:08,2645,0.3826,0.0,0.0,53.0,OK
2026-05-01 00:23:08,2646,0.3906,0.0,0.0,53.0,OK
2026-05-01 00:23:08,2647,0.3626,0.0,0.0,53.0,OK
2026-05-01 00:23:08,2648,0.336,0.0,0.0,53.0,OK
2026-05-01 00:23:08,2649,0.3471,0.0217,0.0,53.0,OK
2026-05-01 00:23:09,2650,0.2907,0.0,0.0,53.0,OK
2026-05-01 00:23:09,2651,0.381,0.0,0.0,53.0,OK
2026-05-01 00:23:09,2652,0.3799,0.0,0.0,53.0,OK
2026-05-01 00:23:09,2653,0.3207,0.0,0.0,53.0,OK
2026-05-01 00:23:09,2654,0.3774,0.0,0.0,53.0,OK
2026-05-01 00:23:09,2655,0.3821,0.0,0.0,53.0,OK
2026-05-01 00:23:09,2656,0.4491,0.0213,0.0,53.0,OK
2026-05-01 00:23:09,2657,0.3852,0.0212,0.0,53.0,OK
2026-05-01 00:23:09,2658,0.4295,0.0,0.0,53.0,OK
2026-05-01 00:23:09,2659,0.429,0.0307,0.0,53.0,OK
2026-05-01 00:23:09,2660,0.381,0.0306,0.0,53.0,OK
2026-05-01 00:23:09,2661,0.4156,0.0217,0.0,53.0,OK
2026-05-01 00:23:09,2662,0.4266,0.0,0.0,53.0,OK
2026-05-01 00:23:09,2663,0.393,0.0321,0.0,53.0,OK
2026-05-01 00:23:09,2664,0.3991,0.0,0.0,53.0,OK
2026-05-01 00:23:09,2665,0.4424,0.0212,0.0,53.0,OK
2026-05-01 00:23:09,2666,0.4345,0.0217,0.0,53.0,OK
2026-05-01 00:23:09,2667,0.4918,0.0,0.0,53.0,OK
2026-05-01 00:23:09,2668,0.3857,0.0226,0.0,53.0,OK
2026-05-01 00:23:09,2669,0.3643,0.0,0.0,53.0,OK
2026-05-01 00:23:09,2670,0.421,0.0,0.0,53.0,OK
2026-05-01 00:23:09,2671,0.4155,0.0,0.0,53.0,OK
2026-05-01 00:23:09,2672,0.4204,0.0,0.0,53.0,OK
2026-05-01 00:23:09,2673,0.404,0.0,0.0,53.0,OK
2026-05-01 00:23:09,2674,0.3625,0.0,0.0,53.0,OK
2026-05-01 00:23:09,2675,0.313,0.0,0.0,53.0,OK
2026-05-01 00:23:09,2676,0.3208,0.0,0.0,53.0,OK
2026-05-01 00:23:09,2677,0.2964,0.0,0.0,53.0,OK
2026-05-01 00:23:09,2678,0.2915,0.0,0.0,53.0,OK
2026-05-01 00:23:09,2679,0.2703,0.0,0.0,53.0,OK
2026-05-01 00:23:10,2680,0.2537,0.0211,0.0,53.0,OK
2026-05-01 00:23:10,2681,0.2525,0.0132,0.0,53.0,OK
2026-05-01 00:23:10,2682,0.2687,0.0882,0.0,53.0,OK
2026-05-01 00:23:10,2683,0.2587,0.0137,0.0,53.0,OK
2026-05-01 00:23:10,2684,0.2992,0.0615,0.0,53.0,OK
2026-05-01 00:23:10,2685,0.2991,0.0615,0.0,53.0,OK
2026-05-01 00:23:10,2686,0.3293,0.0654,0.0,53.0,OK
2026-05-01 00:23:10,2687,0.3385,0.036,0.0,53.0,OK
2026-05-01 00:23:10,2688,0.3433,0.0633,0.0,53.0,OK
2026-05-01 00:23:10,2689,0.332,0.0224,0.0,53.0,OK
2026-05-01 00:23:10,2690,0.3612,0.0783,0.0,53.0,OK
2026-05-01 00:23:10,2691,0.3589,0.0379,0.0,53.0,OK
2026-05-01 00:23:10,2692,0.3246,0.0172,0.0,53.0,OK
2026-05-01 00:23:10,2693,0.3421,0.0357,0.0,53.0,OK
2026-05-01 00:23:10,2694,0.317,0.0564,0.0,53.0,OK
2026-05-01 00:23:10,2695,0.343,0.0399,0.0,53.0,OK
2026-05-01 00:23:10,2696,0.3061,0.0961,0.0,53.0,OK
2026-05-01 00:23:10,2697,0.2824,0.0357,0.0,53.0,OK
2026-05-01 00:23:10,2698,0.2887,0.0178,0.0,53.0,OK
2026-05-01 00:23:10,2699,0.281,0.0,0.0,53.0,OK
2026-05-01 00:23:10,2700,0.3017,0.0,0.0,53.0,OK
2026-05-01 00:23:10,2701,0.3107,0.024,0.0,53.0,OK
2026-05-01 00:23:10,2702,0.3036,0.0164,0.0,53.0,OK
2026-05-01 00:23:10,2703,0.2438,0.0178,0.0,53.0,OK
2026-05-01 00:23:10,2704,0.2389,0.0,0.0,53.0,OK
2026-05-01 00:23:10,2705,0.2492,0.0526,0.0,54.0,OK
2026-05-01 00:23:10,2706,0.2322,0.0863,0.0,54.0,OK
2026-05-01 00:23:10,2707,0.264,0.0847,0.0,54.0,OK
2026-05-01 00:23:10,2708,0.2787,0.0,0.0,54.0,OK
2026-05-01 00:23:10,2709,0.2673,0.0,0.0,54.0,OK
2026-05-01 00:23:10,2710,0.2349,0.1052,0.0,54.0,OK
2026-05-01 00:23:11,2711,0.2682,0.0736,0.0,54.0,OK
2026-05-01 00:23:11,2712,0.2478,0.0351,0.0,54.0,OK
2026-05-01 00:23:11,2713,0.2456,0.0483,0.0,54.0,OK
2026-05-01 00:23:11,2714,0.2287,0.0366,0.0,54.0,OK
2026-05-01 00:23:11,2715,0.288,0.0399,0.0,55.0,OK
2026-05-01 00:23:11,2716,0.3141,0.0545,0.0,55.0,OK
2026-05-01 00:23:11,2717,0.3072,0.0,0.0,55.0,OK
