timestamp,frame,ear,mar,perclos,blink_rate,score,microsleep_duration,pose_pitch,pose_yaw,pose_roll,pose_score,alert_level
2026-05-01 01:38:51,0,0.2097,0.04,0.0,0.0,1.49,0.033,8.51,-5.73,1.02,0.0,OK
2026-05-01 01:38:51,1,0.2076,0.0417,0.0,0.0,2.83,0.067,-1.67,6.66,1.05,0.0,OK
2026-05-01 01:38:51,2,0.2513,0.02,0.0,0.0,2.61,0.0,-0.32,6.6,1.92,0.0,OK
2026-05-01 01:38:51,3,0.2395,0.0408,0.0,0.0,2.4,0.0,-0.54,4.82,1.54,0.0,OK
2026-05-01 01:38:51,4,0.2518,0.0208,0.0,0.0,2.21,0.0,-0.55,4.58,1.86,0.0,OK
2026-05-01 01:38:51,5,0.2667,0.0208,0.0,0.0,2.03,0.0,-0.49,6.27,1.71,0.0,OK
2026-05-01 01:38:51,6,0.2668,0.0417,0.0,0.0,1.87,0.0,-1.36,7.26,1.13,0.0,OK
2026-05-01 01:38:51,7,0.2749,0.0456,0.0,0.0,1.72,0.0,-1.4,6.63,1.51,0.0,OK
2026-05-01 01:38:51,8,0.2672,0.04,0.0,0.0,1.58,0.0,-0.55,5.73,1.55,0.0,OK
2026-05-01 01:38:51,9,0.2475,0.04,0.0,0.0,1.45,0.0,-2.22,6.2,1.69,0.0,OK
2026-05-01 01:38:51,10,0.2674,0.04,0.0,0.0,1.34,0.0,-1.86,6.12,1.32,0.0,OK
2026-05-01 01:38:51,11,0.303,0.04,0.0,0.0,1.23,0.0,-1.86,5.61,1.46,0.0,OK
2026-05-01 01:38:51,12,0.303,0.04,0.0,0.0,1.13,0.0,-2.21,5.61,1.57,0.0,OK
2026-05-01 01:38:51,13,0.2782,0.0408,0.0,0.0,1.04,0.0,0.23,6.06,1.96,0.0,OK
2026-05-01 01:38:51,14,0.2786,0.0408,0.0,0.0,0.96,0.0,0.55,6.37,1.78,0.0,OK
2026-05-01 01:38:51,15,0.2842,0.0408,0.0,0.0,0.88,0.0,1.64,5.37,1.78,0.0,OK
2026-05-01 01:38:51,16,0.285,0.04,0.0,0.0,0.81,0.0,-0.15,5.87,1.86,0.0,OK
2026-05-01 01:38:51,17,0.2948,0.0408,0.0,0.0,0.75,0.0,-1.61,5.25,1.57,0.0,OK
2026-05-01 01:38:51,18,0.2745,0.0447,0.0,0.0,0.69,0.0,-0.62,5.78,1.49,0.0,OK
2026-05-01 01:38:52,19,0.2982,0.0417,0.0,0.0,0.63,0.0,-0.59,6.81,1.22,0.0,OK
2026-05-01 01:38:52,20,0.2982,0.0408,0.0,0.0,0.58,0.0,-0.55,7.14,1.4,0.0,OK
2026-05-01 01:38:52,21,0.2975,0.04,0.0,0.0,0.53,0.0,-0.6,6.69,2.19,0.0,OK
2026-05-01 01:38:52,22,0.306,0.0204,0.0,0.0,0.49,0.0,0.99,5.64,1.52,0.0,OK
2026-05-01 01:38:52,23,0.2983,0.0204,0.0,0.0,0.45,0.0,1.03,5.53,1.76,0.0,OK
2026-05-01 01:38:52,24,0.2938,0.02,0.0,0.0,0.42,0.0,7.11,-7.69,1.3,0.0,OK
2026-05-01 01:38:52,25,0.297,0.0447,0.0,0.0,0.38,0.0,0.46,5.25,1.24,0.0,OK
2026-05-01 01:38:52,26,0.2819,0.0208,0.0,0.0,0.35,0.0,0.91,6.35,1.1,0.0,OK
2026-05-01 01:38:52,27,0.2745,0.0417,0.0,0.0,0.32,0.0,0.66,5.77,1.19,0.0,OK
2026-05-01 01:38:52,28,0.2863,0.0204,0.0,0.0,0.3,0.0,-0.61,6.62,1.51,0.0,OK
2026-05-01 01:38:52,29,0.2709,0.0204,0.0,0.0,0.27,0.0,-0.63,4.96,1.66,0.0,OK
2026-05-01 01:38:52,30,0.2749,0.02,0.0,0.0,0.25,0.0,-1.16,5.11,1.08,0.0,OK
2026-05-01 01:38:52,31,0.3021,0.02,0.0,0.0,0.23,0.0,0.32,6.3,0.99,0.0,OK
2026-05-01 01:38:52,32,0.2937,0.04,0.0,0.0,0.21,0.0,0.32,6.3,0.99,0.0,OK
2026-05-01 01:38:52,33,0.2978,0.0417,0.0,0.0,0.2,0.0,-1.28,6.68,1.23,0.0,OK
2026-05-01 01:38:52,34,0.3026,0.0417,0.0,0.0,0.18,0.0,0.08,6.74,1.23,0.0,OK
2026-05-01 01:38:52,35,0.29,0.0392,0.0,0.0,0.17,0.0,6.87,-7.23,0.73,0.0,OK
2026-05-01 01:38:52,36,0.275,0.04,0.0,0.0,0.15,0.0,-1.59,5.64,0.81,0.0,OK
2026-05-01 01:38:52,37,0.2801,0.02,0.0,0.0,0.14,0.0,0.78,7.19,1.35,0.0,OK
2026-05-01 01:38:52,38,0.26,0.0417,0.0,0.0,0.13,0.0,1.05,7.18,0.33,0.0,OK
2026-05-01 01:38:52,39,0.2641,0.0417,0.0,0.0,0.12,0.0,-0.38,7.3,0.74,0.0,OK
2026-05-01 01:38:52,40,0.1868,0.0204,0.0,0.0,2.96,0.033,-0.37,5.64,0.29,0.0,OK
2026-05-01 01:38:52,41,0.1882,0.0204,0.0,0.0,4.97,0.067,-0.14,5.17,0.29,0.0,OK
2026-05-01 01:38:52,42,0.2122,0.0417,0.0,0.0,5.06,0.1,-0.96,6.03,-0.04,0.0,OK
2026-05-01 01:38:52,43,0.2194,0.0417,0.0,0.0,5.03,0.133,-0.46,6.18,0.03,0.0,OK
2026-05-01 01:38:52,44,0.2361,0.0447,0.0,0.0,4.63,0.0,-1.65,5.33,0.52,0.0,OK
2026-05-01 01:38:52,45,0.2354,0.04,0.0,0.0,4.26,0.0,-1.62,6.87,0.35,0.0,OK
2026-05-01 01:38:52,46,0.2753,0.02,0.0,0.0,3.92,0.0,-0.67,5.87,0.34,0.0,OK
2026-05-01 01:38:52,47,0.2978,0.0204,0.0,0.0,3.6,0.0,1.87,6.57,0.43,0.0,OK
2026-05-01 01:38:53,48,0.2904,0.0408,0.0,0.0,3.32,0.0,-0.38,5.92,0.12,0.0,OK
2026-05-01 01:38:53,49,0.2982,0.0408,0.0,0.0,3.05,0.0,0.17,6.42,0.14,0.0,OK
2026-05-01 01:38:53,50,0.3135,0.0408,0.0,0.0,2.81,0.0,2.02,8.36,-0.14,0.0,OK
2026-05-01 01:38:53,51,0.3019,0.04,0.0,0.0,2.58,0.0,9.19,-3.9,0.21,0.0,OK
2026-05-01 01:38:53,52,0.3053,0.02,0.0,0.0,2.38,0.0,8.34,-6.48,0.14,0.0,OK
2026-05-01 01:38:53,53,0.2823,0.0408,0.0,0.0,2.19,0.0,-0.96,6.21,0.41,0.0,OK
2026-05-01 01:38:53,54,0.2789,0.0456,0.0,0.0,2.01,0.0,-1.2,5.65,0.63,0.0,OK
2026-05-01 01:38:53,55,0.2945,0.02,0.0,0.0,1.85,0.0,0.2,6.71,0.64,0.0,OK
2026-05-01 01:38:53,56,0.2825,0.0408,0.0,0.0,1.7,0.0,0.38,5.95,0.33,0.0,OK
2026-05-01 01:38:53,57,0.2869,0.0392,0.0,0.0,1.57,0.0,8.24,-4.8,0.36,0.0,OK
2026-05-01 01:38:53,58,0.295,0.04,0.0,0.0,1.44,0.0,-0.59,5.91,0.34,0.0,OK
2026-05-01 01:38:53,59,0.2945,0.04,0.0,0.0,1.33,0.0,-0.18,6.23,0.42,0.0,OK
2026-05-01 01:38:53,60,0.2869,0.04,0.0,0.0,1.22,0.0,7.77,-6.14,0.05,0.0,OK
2026-05-01 01:38:53,61,0.2993,0.0408,0.0,0.0,1.12,0.0,6.22,-7.05,-0.15,0.0,OK
2026-05-01 01:38:53,62,0.2874,0.0645,0.0,0.0,1.03,0.0,-0.44,6.33,0.24,0.0,OK
2026-05-01 01:38:53,63,0.2859,0.0645,0.0,0.0,0.95,0.0,-0.09,6.68,0.06,0.0,OK
2026-05-01 01:38:53,64,0.248,0.0408,0.0,0.0,0.87,0.0,8.09,-8.73,-0.19,0.0,OK
2026-05-01 01:38:53,65,0.2554,0.0456,0.0,0.0,0.8,0.0,8.22,-5.73,-0.37,0.0,OK
2026-05-01 01:38:53,66,0.1833,0.0204,0.0,0.0,3.62,0.033,-2.26,6.43,-0.48,0.0,OK
2026-05-01 01:38:53,67,0.1915,0.0417,0.0,0.0,5.2,0.067,-2.09,5.97,-0.37,0.0,OK
2026-05-01 01:38:53,68,0.2239,0.04,0.0,0.0,5.03,0.1,-2.69,7.62,-0.42,0.0,OK
2026-05-01 01:38:53,69,0.26,0.0456,0.0,0.0,4.63,0.0,1.44,7.6,0.33,0.0,OK
2026-05-01 01:38:53,70,0.2561,0.0417,0.0,0.0,4.26,0.0,-1.03,5.84,0.35,0.0,OK
2026-05-01 01:38:53,71,0.2594,0.0408,0.0,0.0,3.92,0.0,-1.82,5.88,0.36,0.0,OK
2026-05-01 01:38:53,72,0.2671,0.0408,0.0,0.0,3.61,0.0,-0.25,5.93,0.34,0.0,OK
2026-05-01 01:38:53,73,0.2904,0.0456,0.0,0.0,3.32,0.0,0.86,6.8,-0.43,0.0,OK
2026-05-01 01:38:53,74,0.2825,0.0456,0.0,0.0,3.05,0.0,1.2,7.13,-0.61,0.0,OK
2026-05-01 01:38:53,75,0.2865,0.04,0.0,0.0,2.81,0.0,1.06,6.39,0.46,0.0,OK
2026-05-01 01:38:53,76,0.2982,0.04,0.0,0.0,2.58,0.0,8.03,-1.31,0.09,0.0,OK
2026-05-01 01:38:53,77,0.2982,0.04,0.0,0.0,2.38,0.0,7.86,-3.72,-0.01,0.0,OK
2026-05-01 01:38:54,78,0.2904,0.0289,0.0,0.0,2.19,0.0,0.53,5.6,-0.18,0.0,OK
2026-05-01 01:38:54,79,0.2949,0.02,0.0,0.0,2.01,0.0,0.31,7.55,0.08,0.0,OK
2026-05-01 01:38:54,80,0.3025,0.02,0.0,0.0,1.85,0.0,1.68,6.85,0.59,0.0,OK
2026-05-01 01:38:54,81,0.2982,0.0456,0.0,0.0,1.7,0.0,1.7,6.87,0.27,0.0,OK
2026-05-01 01:38:54,82,0.2904,0.0408,0.0,0.0,1.57,0.0,1.49,5.66,0.49,0.0,OK
2026-05-01 01:38:54,83,0.2773,0.04,0.0,0.0,1.44,0.0,10.04,-5.32,0.53,0.0,OK
2026-05-01 01:38:54,84,0.303,0.04,0.0,0.0,1.33,0.0,8.17,-5.38,0.4,0.0,OK
2026-05-01 01:38:54,85,0.287,0.0417,0.0,0.0,1.22,0.0,0.34,6.55,-0.05,0.0,OK
2026-05-01 01:38:54,86,0.2947,0.0417,0.0,0.0,1.12,0.0,1.73,6.96,-0.33,0.0,OK
2026-05-01 01:38:54,87,0.2749,0.0392,0.0,0.0,1.03,0.0,1.99,6.15,-0.07,0.0,OK
2026-05-01 01:38:54,88,0.2826,0.0196,0.0,0.0,0.95,0.0,0.48,6.06,-0.06,0.0,OK
2026-05-01 01:38:54,89,0.2982,0.0289,0.0,0.0,0.87,0.0,0.79,6.35,0.13,0.0,OK
2026-05-01 01:38:54,90,0.3029,0.0408,0.0,0.0,0.8,0.0,0.64,6.53,0.07,0.0,OK
2026-05-01 01:38:54,91,0.3025,0.0277,0.0,0.0,0.74,0.0,-0.3,6.48,0.53,0.0,OK
2026-05-01 01:38:54,92,0.3057,0.02,0.0,0.0,0.68,0.0,-0.38,6.8,-0.32,0.0,OK
2026-05-01 01:38:54,93,0.3012,0.0408,0.0,0.0,0.63,0.0,-0.18,8.21,-0.18,0.0,OK
2026-05-01 01:38:54,94,0.2751,0.0408,0.0,0.0,0.58,0.0,-0.68,7.35,0.1,0.0,OK
2026-05-01 01:38:54,95,0.2723,0.0408,0.0,0.0,0.53,0.0,-0.68,7.35,0.1,0.0,OK
2026-05-01 01:38:54,96,0.2859,0.0196,0.0,0.0,0.49,0.0,-1.03,6.79,0.25,0.0,OK
2026-05-01 01:38:54,97,0.2826,0.0283,0.0,0.0,0.45,0.0,-0.87,6.32,0.36,0.0,OK
2026-05-01 01:38:54,98,0.2792,0.04,0.0,0.0,0.41,0.0,-1.1,4.8,0.01,0.0,OK
2026-05-01 01:38:54,99,0.2749,0.0456,0.0,0.0,0.38,0.0,-0.95,5.37,0.12,0.0,OK
2026-05-01 01:38:54,100,0.2982,0.04,0.0,0.0,0.35,0.0,0.15,5.75,-0.07,0.0,OK
2026-05-01 01:38:54,101,0.2978,0.04,0.0,0.0,0.32,0.0,0.15,5.75,-0.07,0.0,OK
2026-05-01 01:38:54,102,0.2978,0.0208,0.0,0.0,0.3,0.0,1.48,6.4,0.12,0.0,OK
2026-05-01 01:38:54,103,0.2933,0.0417,0.0,0.0,0.27,0.0,0.89,5.97,0.0,0.0,OK
2026-05-01 01:38:54,104,0.2794,0.0456,0.0,0.0,0.25,0.0,0.53,7.03,-0.03,0.0,OK
2026-05-01 01:38:54,105,0.2995,0.0447,0.0,0.0,0.23,0.0,2.43,8.31,0.54,0.0,OK
2026-05-01 01:38:54,106,0.2745,0.04,0.0,0.0,0.21,0.0,-0.8,5.91,0.24,0.0,OK
2026-05-01 01:38:54,107,0.2982,0.0408,0.0,0.0,0.19,0.0,-0.22,5.48,0.47,0.0,OK
2026-05-01 01:38:55,108,0.2892,0.0408,0.0,0.0,0.18,0.0,7.38,-5.98,0.51,0.0,OK
2026-05-01 01:38:55,109,0.2827,0.0456,0.0,0.0,0.16,0.0,0.6,5.91,0.0,0.0,OK
2026-05-01 01:38:55,110,0.2978,0.0408,0.0,0.0,0.15,0.0,0.48,5.41,0.1,0.0,OK
2026-05-01 01:38:55,111,0.2952,0.0204,0.0,0.0,0.14,0.0,-0.88,7.28,0.15,0.0,OK
2026-05-01 01:38:55,112,0.2868,0.0408,0.0,0.0,0.13,0.0,-0.65,7.3,-0.21,0.0,OK
2026-05-01 01:38:55,113,0.3208,0.0408,0.0,0.0,0.12,0.0,0.42,6.86,0.36,0.0,OK
2026-05-01 01:38:55,114,0.2872,0.0426,0.0,0.0,0.11,0.0,1.41,7.67,0.1,0.0,OK
2026-05-01 01:38:55,115,0.2847,0.0301,0.0,0.0,0.1,0.0,2.51,9.27,-0.15,0.0,OK
2026-05-01 01:38:55,116,0.3029,0.0208,0.0,0.0,0.09,0.0,1.34,6.61,-0.16,0.0,OK
2026-05-01 01:38:55,117,0.2868,0.0204,0.0,0.0,0.08,0.0,8.09,-6.88,-0.31,0.0,OK
2026-05-01 01:38:55,118,0.2749,0.0625,0.0,0.0,0.08,0.0,1.18,7.07,-0.03,0.0,OK
2026-05-01 01:38:55,119,0.2868,0.0612,0.0,0.0,0.07,0.0,-0.29,6.96,-0.03,0.0,OK
2026-05-01 01:38:55,120,0.2928,0.0426,0.0,0.0,0.07,0.0,1.6,7.24,0.07,0.0,OK
2026-05-01 01:38:55,121,0.2982,0.0447,0.0,0.0,0.06,0.0,1.87,6.13,0.39,0.0,OK
2026-05-01 01:38:55,122,0.3059,0.04,0.0,0.0,0.06,0.0,1.32,6.87,0.03,0.0,OK
2026-05-01 01:38:55,123,0.2994,0.04,0.0,0.0,0.05,0.0,9.63,-3.88,-0.13,0.0,OK
2026-05-01 01:38:55,124,0.2994,0.0408,0.0,0.0,0.05,0.0,9.63,-3.88,-0.13,0.0,OK
2026-05-01 01:38:55,125,0.2904,0.04,0.0,0.0,0.04,0.0,8.64,-3.69,0.51,0.0,OK
2026-05-01 01:38:55,126,0.2961,0.0392,0.0,0.0,0.04,0.0,1.16,8.85,0.26,0.0,OK
2026-05-01 01:38:55,127,0.2904,0.0204,0.0,0.0,0.04,0.0,1.39,8.64,-0.33,0.0,OK
2026-05-01 01:38:55,128,0.2904,0.0204,0.0,0.0,0.03,0.0,1.39,8.64,-0.33,0.0,OK
2026-05-01 01:38:55,129,0.2979,0.02,0.0,0.0,0.03,0.0,7.87,-4.18,0.01,0.0,OK
2026-05-01 01:38:55,130,0.2888,0.0289,0.0,0.0,0.03,0.0,7.8,-6.54,-0.24,0.0,OK
2026-05-01 01:38:55,131,0.2949,0.0408,0.0,0.0,0.03,0.0,-0.24,5.32,0.12,0.0,OK
2026-05-01 01:38:55,132,0.2949,0.0204,0.0,0.0,0.02,0.0,9.02,-4.66,0.64,0.0,OK
2026-05-01 01:38:55,133,0.2982,0.0204,0.0,0.0,0.02,0.0,2.93,6.37,0.45,0.0,OK
2026-05-01 01:38:55,134,0.2982,0.04,0.0,0.0,0.02,0.0,-0.04,7.05,0.16,0.0,OK
2026-05-01 01:38:55,135,0.2861,0.04,0.0,0.0,0.02,0.0,0.08,7.07,0.16,0.0,OK
2026-05-01 01:38:55,136,0.2976,0.0408,0.0,0.0,0.02,0.0,9.54,-3.86,-0.13,0.0,OK
2026-05-01 01:38:55,137,0.3057,0.0408,0.0,0.0,0.02,0.0,2.98,9.01,-0.65,0.0,OK
2026-05-01 01:38:55,138,0.2884,0.0417,0.0,0.0,0.01,0.0,2.57,7.78,-0.12,0.0,OK
2026-05-01 01:38:56,139,0.2792,0.0417,0.0,0.0,0.01,0.0,2.57,7.78,-0.12,0.0,OK
2026-05-01 01:38:56,140,0.2982,0.0417,0.0,0.0,0.01,0.0,1.47,5.49,-0.13,0.0,OK
2026-05-01 01:38:56,141,0.3019,0.0426,0.0,0.0,0.01,0.0,2.41,5.24,-0.6,0.0,OK
2026-05-01 01:38:56,142,0.3131,0.0426,0.0,0.0,0.01,0.0,3.07,6.63,-0.47,0.0,OK
2026-05-01 01:38:56,143,0.2869,0.0466,0.0,0.0,0.01,0.0,7.81,-4.93,0.2,0.0,OK
2026-05-01 01:38:56,144,0.2794,0.0417,0.0,0.0,0.01,0.0,1.41,6.14,0.41,0.0,OK
2026-05-01 01:38:56,145,0.2671,0.0408,0.0,0.0,0.01,0.0,1.17,5.58,-0.19,0.0,OK
2026-05-01 01:38:56,146,0.2671,0.0456,0.0,0.0,0.01,0.0,1.37,5.93,-0.0,0.0,OK
2026-05-01 01:38:56,147,0.2949,0.0289,0.0,0.0,0.01,0.0,7.81,-4.93,0.2,0.0,OK
2026-05-01 01:38:56,148,0.2826,0.0408,0.0,0.0,0.01,0.0,6.63,-4.93,0.17,0.0,OK
2026-05-01 01:38:56,149,0.2904,0.02,0.0,0.0,0.01,0.0,7.78,-7.02,0.53,0.0,OK
2026-05-01 01:38:56,150,0.2906,0.0277,0.0,0.0,0.01,0.0,-0.09,5.15,0.49,0.0,OK
2026-05-01 01:38:56,151,0.2965,0.0208,0.0,0.0,0.0,0.0,0.95,5.07,-0.31,0.0,OK
2026-05-01 01:38:56,152,0.2714,0.04,0.0,0.0,0.0,0.0,0.74,6.37,0.45,0.0,OK
2026-05-01 01:38:56,153,0.2716,0.0408,0.0,0.0,0.0,0.0,-0.4,6.85,0.24,0.0,OK
2026-05-01 01:38:56,154,0.2749,0.0456,0.0,0.0,0.0,0.0,-0.24,5.39,0.11,0.0,OK
2026-05-01 01:38:56,155,0.2749,0.0612,0.0,0.0,0.0,0.0,7.54,-9.28,-0.07,0.0,OK
2026-05-01 01:38:56,156,0.2982,0.0466,0.0,0.0,0.0,0.0,1.24,5.21,-0.32,0.0,OK
2026-05-01 01:38:56,157,0.2902,0.0466,0.0,0.0,0.0,0.0,1.59,5.51,-0.49,0.0,OK
2026-05-01 01:38:56,158,0.301,0.0645,0.0,0.0,0.0,0.0,0.3,6.63,0.52,0.0,OK
2026-05-01 01:38:56,159,0.3055,0.0417,0.0,0.0,0.0,0.0,1.75,5.51,0.08,0.0,OK
2026-05-01 01:38:56,160,0.3135,0.0466,0.0,0.0,0.0,0.0,2.07,6.61,-0.56,0.0,OK
2026-05-01 01:38:56,161,0.2997,0.04,0.0,0.0,0.0,0.0,7.93,-6.84,-0.14,0.0,OK
2026-05-01 01:38:56,162,0.3011,0.0447,0.0,0.0,0.0,0.0,7.93,-6.84,-0.14,0.0,OK
2026-05-01 01:38:56,163,0.2827,0.0417,0.0,0.0,0.0,0.0,7.78,-7.78,0.08,0.0,OK
2026-05-01 01:38:56,164,0.2671,0.0456,0.0,0.0,0.0,0.0,7.1,-9.09,0.4,0.0,OK
2026-05-01 01:38:56,165,0.3035,0.0289,0.0,0.0,0.0,0.0,7.21,-7.01,-0.15,0.0,OK
2026-05-01 01:38:56,166,0.2898,0.0408,0.0,0.0,0.0,0.0,8.66,-4.77,0.48,0.0,OK
2026-05-01 01:38:56,167,0.2898,0.0408,0.0,0.0,0.0,0.0,9.04,-5.65,0.4,0.0,OK
2026-05-01 01:38:57,168,0.2902,0.0456,0.0,0.0,0.0,0.0,2.48,5.82,-0.15,0.0,OK
2026-05-01 01:38:57,169,0.2979,0.0204,0.0,0.0,0.0,0.0,2.48,5.82,-0.15,0.0,OK
2026-05-01 01:38:57,170,0.2978,0.0208,0.0,0.0,0.0,0.0,7.38,-6.07,0.32,0.0,OK
2026-05-01 01:38:57,171,0.2982,0.0204,0.0,0.0,0.0,0.0,1.51,4.51,0.32,0.0,OK
2026-05-01 01:38:57,172,0.282,0.02,0.0,0.0,0.0,0.0,0.34,4.58,-0.15,0.0,OK
2026-05-01 01:38:57,173,0.2749,0.0408,0.0,0.0,0.0,0.0,0.98,5.68,0.39,0.0,OK
2026-05-01 01:38:57,174,0.2917,0.0283,0.0,0.0,0.0,0.0,8.87,-5.53,0.03,0.0,OK
2026-05-01 01:38:57,175,0.2917,0.0277,0.0,0.0,0.0,0.0,8.87,-5.53,0.03,0.0,OK
2026-05-01 01:38:57,176,0.2749,0.0408,0.0,0.0,0.0,0.0,0.72,6.03,0.0,0.0,OK
2026-05-01 01:38:57,177,0.2749,0.0408,0.0,0.0,0.0,0.0,7.3,-6.61,0.03,0.0,OK
2026-05-01 01:38:57,178,0.2979,0.0426,0.0,0.0,0.0,0.0,1.39,5.57,-0.14,0.0,OK
2026-05-01 01:38:57,179,0.2749,0.0408,0.0,0.0,0.0,0.0,7.82,-6.55,0.03,0.0,OK
2026-05-01 01:38:57,180,0.2671,0.0408,0.0,0.0,0.0,0.0,8.43,-6.58,0.13,0.0,OK
2026-05-01 01:38:57,181,0.2824,0.0283,0.0,0.0,0.0,0.0,1.9,5.53,0.08,0.0,OK
2026-05-01 01:38:57,182,0.2826,0.0283,0.0,0.0,0.0,0.0,0.15,5.83,-0.07,0.0,OK
2026-05-01 01:38:57,183,0.2778,0.0204,0.0,0.0,0.0,0.0,1.23,4.36,0.03,0.0,OK
2026-05-01 01:38:57,184,0.2853,0.0283,0.0,0.0,0.0,0.0,1.23,4.36,0.03,0.0,OK
2026-05-01 01:38:57,185,0.2632,0.0392,0.0,0.0,0.0,0.0,-0.56,4.81,0.27,0.0,OK
2026-05-01 01:38:57,186,0.2596,0.0447,0.0,0.0,0.0,0.0,-0.22,4.83,0.49,0.0,OK
2026-05-01 01:38:57,187,0.2826,0.0196,0.0,0.0,0.0,0.0,-0.61,5.46,0.22,0.0,OK
2026-05-01 01:38:57,188,0.2904,0.0277,0.0,0.0,0.0,0.0,-0.44,5.63,-0.17,0.0,OK
2026-05-01 01:38:57,189,0.2671,0.0408,0.0,0.0,0.0,0.0,-0.53,5.85,0.62,0.0,OK
2026-05-01 01:38:57,190,0.2757,0.0417,0.0,0.0,0.0,0.0,-0.15,4.53,0.09,0.0,OK
2026-05-01 01:38:57,191,0.2757,0.0417,0.0,0.0,0.0,0.0,-0.15,4.53,0.09,0.0,OK
2026-05-01 01:38:57,192,0.263,0.04,0.0,0.0,0.0,0.0,0.09,6.27,-0.64,0.0,OK
2026-05-01 01:38:57,193,0.263,0.0392,0.0,0.0,0.0,0.0,7.26,-6.13,-0.38,0.0,OK
2026-05-01 01:38:57,194,0.2749,0.0204,0.0,0.0,0.0,0.0,0.68,2.68,-0.32,0.0,OK
2026-05-01 01:38:57,195,0.2794,0.0408,0.0,0.0,0.0,0.0,0.37,5.1,-0.31,0.0,OK
2026-05-01 01:38:57,196,0.2518,0.0289,0.0,0.0,0.0,0.0,-0.33,5.41,0.11,0.0,OK
2026-05-01 01:38:57,197,0.2716,0.0213,0.0,0.0,0.0,0.0,-0.35,5.34,-0.19,0.0,OK
2026-05-01 01:38:57,198,0.2751,0.0301,0.0,0.0,0.0,0.0,-0.54,4.91,-0.42,0.0,OK
2026-05-01 01:38:58,199,0.2553,0.02,0.0,0.0,0.0,0.0,-1.34,6.7,-0.27,0.0,OK
2026-05-01 01:38:58,200,0.259,0.0283,0.0,0.0,0.0,0.0,5.52,-6.81,0.01,0.0,OK
2026-05-01 01:38:58,201,0.2744,0.0408,0.0,0.0,0.0,0.0,-0.89,5.92,0.01,0.0,OK
2026-05-01 01:38:58,202,0.2789,0.0289,0.0,0.0,0.0,0.0,-0.95,6.43,0.13,0.0,OK
2026-05-01 01:38:58,203,0.279,0.0408,0.0,0.0,0.0,0.0,-0.46,5.82,0.62,0.0,OK
2026-05-01 01:38:58,204,0.2913,0.0417,0.0,0.0,0.0,0.0,6.31,-7.06,-0.15,0.0,OK
2026-05-01 01:38:58,205,0.29,0.0417,0.0,0.0,0.0,0.0,-0.65,5.45,0.12,0.0,OK
2026-05-01 01:38:58,206,0.2751,0.06,0.0,0.0,0.0,0.0,-1.39,5.82,-0.06,0.0,OK
2026-05-01 01:38:58,207,0.2673,0.04,0.0,0.0,0.0,0.0,-1.48,5.73,0.22,0.0,OK
2026-05-01 01:38:58,208,0.2826,0.0196,0.0,0.0,0.0,0.0,7.94,-7.05,0.57,0.0,OK
2026-05-01 01:38:58,209,0.2904,0.02,0.0,0.0,0.0,0.0,0.97,4.89,0.57,0.0,OK
2026-05-01 01:38:58,210,0.2514,0.0196,0.0,0.0,0.0,0.0,7.13,-7.37,-0.44,0.0,OK
2026-05-01 01:38:58,211,0.243,0.02,0.0,0.0,0.0,0.0,7.13,-7.37,-0.44,0.0,OK
2026-05-01 01:38:58,212,0.1946,0.0408,0.0,0.0,2.41,0.033,7.42,-6.57,0.01,0.0,OK
2026-05-01 01:38:58,213,0.2028,0.0456,0.0,0.0,3.72,0.067,6.68,-7.17,-0.29,0.0,OK
2026-05-01 01:38:58,214,0.2122,0.0438,0.0,0.0,4.25,0.1,-2.5,5.79,-0.28,0.0,OK
2026-05-01 01:38:58,215,0.24,0.0408,0.0,0.0,3.91,0.0,-0.2,4.12,-0.04,0.0,OK
2026-05-01 01:38:58,216,0.2355,0.0417,0.0,0.0,3.6,0.0,-0.73,3.88,-0.11,0.0,OK
2026-05-01 01:38:58,217,0.2396,0.0408,0.0,0.0,3.31,0.0,-1.13,6.57,-0.16,0.0,OK
2026-05-01 01:38:58,218,0.2402,0.0408,0.0,0.0,3.05,0.0,-1.14,5.96,-0.23,0.0,OK
2026-05-01 01:38:58,219,0.2707,0.0408,0.0,0.0,2.8,0.0,0.28,4.0,-0.35,0.0,OK
2026-05-01 01:38:58,220,0.2669,0.0612,0.0,0.0,2.58,0.0,-0.03,3.94,-0.44,0.0,OK
2026-05-01 01:38:58,221,0.2589,0.0408,0.0,0.0,2.37,0.0,-0.91,5.41,0.17,0.0,OK
2026-05-01 01:38:58,222,0.2705,0.0408,0.0,0.0,2.18,0.0,-1.02,3.9,0.27,0.0,OK
2026-05-01 01:38:58,223,0.2904,0.02,0.0,0.0,2.01,0.0,0.17,5.82,0.39,0.0,OK
2026-05-01 01:38:58,224,0.2825,0.0456,0.0,0.0,1.85,0.0,0.48,5.49,0.1,0.0,OK
2026-05-01 01:38:58,225,0.2911,0.0417,0.0,0.0,1.7,0.0,-1.52,6.38,-0.56,0.0,OK
2026-05-01 01:38:58,226,0.2872,0.04,0.0,0.0,1.56,0.0,0.48,5.49,0.1,0.0,OK
2026-05-01 01:38:58,227,0.279,0.04,0.0,0.0,1.44,0.0,0.53,7.11,-0.03,0.0,OK
2026-05-01 01:38:58,228,0.2904,0.0392,0.0,0.0,1.32,0.0,5.82,-8.1,-0.1,0.0,OK
2026-05-01 01:38:59,229,0.2904,0.0392,0.0,0.0,1.22,0.0,5.85,-7.97,0.1,0.0,OK
2026-05-01 01:38:59,230,0.2918,0.0456,0.0,0.0,1.12,0.0,1.04,5.44,0.09,0.0,OK
2026-05-01 01:38:59,231,0.2904,0.04,0.0,0.0,1.03,0.0,1.43,5.81,0.37,0.0,OK
2026-05-01 01:38:59,232,0.3043,0.04,0.0,0.0,0.95,0.0,0.78,6.3,0.51,0.0,OK
2026-05-01 01:38:59,233,0.2965,0.0426,0.0,0.0,0.87,0.0,2.5,6.25,0.29,0.0,OK
2026-05-01 01:38:59,234,0.2807,0.0408,0.0,0.0,0.8,0.0,8.11,-7.46,0.16,0.0,OK
2026-05-01 01:38:59,235,0.2978,0.0408,0.0,0.0,0.74,0.0,-0.52,4.01,0.34,0.0,OK
2026-05-01 01:38:59,236,0.2904,0.0466,0.0,0.0,0.68,0.0,6.33,-6.08,0.4,0.0,OK
2026-05-01 01:38:59,237,0.2982,0.0417,0.0,0.0,0.62,0.0,1.29,5.02,0.32,0.0,OK
2026-05-01 01:38:59,238,0.2789,0.0204,0.0,0.0,0.57,0.0,7.93,-8.02,-0.08,0.0,OK
2026-05-01 01:38:59,239,0.2762,0.04,0.0,0.0,0.53,0.0,7.66,-6.56,-0.13,0.0,OK
2026-05-01 01:38:59,240,0.2895,0.0204,0.0,0.0,0.49,0.0,-0.58,4.29,0.32,0.0,OK
2026-05-01 01:38:59,241,0.2979,0.04,0.0,0.0,0.45,0.0,-0.02,6.3,0.41,0.0,OK
2026-05-01 01:38:59,242,0.295,0.0204,0.0,0.0,0.41,0.0,1.36,5.29,0.37,0.0,OK
2026-05-01 01:38:59,243,0.295,0.0204,0.0,0.0,0.38,0.0,1.7,5.36,0.47,0.0,OK
2026-05-01 01:38:59,244,0.2982,0.04,0.0,0.0,0.35,0.0,-0.96,6.48,0.13,0.0,OK
2026-05-01 01:38:59,245,0.2982,0.04,0.0,0.0,0.32,0.0,6.1,-7.51,0.26,0.0,OK
2026-05-01 01:38:59,246,0.2982,0.0408,0.0,0.0,0.3,0.0,1.03,3.99,-0.06,0.0,OK
2026-05-01 01:38:59,247,0.2982,0.0408,0.0,0.0,0.27,0.0,1.34,6.57,0.12,0.0,OK
2026-05-01 01:38:59,248,0.299,0.0204,0.0,0.0,0.25,0.0,0.7,3.41,0.79,0.0,OK
2026-05-01 01:38:59,249,0.2841,0.0456,0.0,0.0,0.23,0.0,0.21,2.93,0.53,0.0,OK
2026-05-01 01:38:59,250,0.2979,0.0289,0.0,0.0,0.21,0.0,-0.1,6.02,0.01,0.0,OK
2026-05-01 01:38:59,251,0.3222,0.04,0.0,0.0,0.19,0.0,0.64,4.41,0.81,0.0,OK
2026-05-01 01:38:59,252,0.3141,0.04,0.0,0.0,0.18,0.0,0.67,6.01,0.68,0.0,OK
2026-05-01 01:38:59,253,0.2941,0.0612,0.0,0.0,0.16,0.0,0.12,5.86,0.59,0.0,OK
2026-05-01 01:38:59,254,0.2896,0.0417,0.0,0.0,0.15,0.0,0.13,5.66,0.64,0.0,OK
2026-05-01 01:38:59,255,0.2904,0.0408,0.0,0.0,0.14,0.0,-0.24,4.21,0.65,0.0,OK
2026-05-01 01:38:59,256,0.2902,0.0408,0.0,0.0,0.13,0.0,0.28,4.55,0.46,0.0,OK
2026-05-01 01:38:59,257,0.2982,0.0408,0.0,0.0,0.12,0.0,-0.24,5.68,0.29,0.0,OK
2026-05-01 01:39:00,258,0.2904,0.0408,0.0,0.0,0.11,0.0,-0.57,4.25,0.16,0.0,OK
2026-05-01 01:39:00,259,0.277,0.02,0.0,0.0,0.1,0.0,7.56,-7.92,0.21,0.0,OK
2026-05-01 01:39:00,260,0.2849,0.02,0.0,0.0,0.09,0.0,7.87,-9.74,0.18,0.0,OK
2026-05-01 01:39:00,261,0.1833,0.0204,0.0,0.0,3.16,0.033,0.07,4.59,0.28,0.0,OK
2026-05-01 01:39:00,262,0.2132,0.0204,0.0,0.0,3.57,0.067,-1.5,5.39,-0.87,0.0,OK
2026-05-01 01:39:00,263,0.2201,0.0208,0.0,0.0,3.67,0.1,-1.83,5.38,-0.97,0.0,OK
2026-05-01 01:39:00,264,0.2759,0.04,0.0,0.0,3.38,0.0,-0.62,6.41,0.52,0.0,OK
2026-05-01 01:39:00,265,0.252,0.0408,0.0,0.0,3.11,0.0,-1.41,4.19,0.58,0.0,OK
2026-05-01 01:39:00,266,0.2754,0.0408,0.0,0.0,2.86,0.0,-0.28,4.86,0.27,0.0,OK
2026-05-01 01:39:00,267,0.2754,0.02,0.0,0.0,2.63,0.0,-0.44,5.41,0.17,0.0,OK
2026-05-01 01:39:00,268,0.2982,0.0408,0.0,0.0,2.42,0.0,-0.1,6.5,0.81,0.0,OK
2026-05-01 01:39:00,269,0.2904,0.04,0.0,0.0,2.23,0.0,0.62,6.51,0.81,0.0,OK
2026-05-01 01:39:00,270,0.2982,0.02,0.0,0.0,2.05,0.0,6.75,-6.09,0.66,0.0,OK
2026-05-01 01:39:00,271,0.2872,0.0204,0.0,0.0,1.88,0.0,-0.87,4.91,0.28,0.0,OK
2026-05-01 01:39:00,272,0.2872,0.0204,0.0,0.0,1.73,0.0,-0.56,4.5,0.46,0.0,OK
2026-05-01 01:39:00,273,0.2979,0.0408,0.0,0.0,1.59,0.0,6.77,-11.11,0.25,0.0,OK
2026-05-01 01:39:00,274,0.3027,0.0408,0.0,0.0,1.47,0.0,7.14,-9.53,0.27,0.0,OK
2026-05-01 01:39:00,275,0.2975,0.0408,0.0,0.0,1.35,0.0,5.88,-8.15,0.2,0.0,OK
2026-05-01 01:39:00,276,0.2929,0.0447,0.0,0.0,1.24,0.0,4.04,-9.48,0.03,0.0,OK
2026-05-01 01:39:00,277,0.2874,0.0196,0.0,0.0,1.14,0.0,9.06,-7.14,0.38,0.0,OK
2026-05-01 01:39:00,278,0.2913,0.0426,0.0,0.0,1.05,0.0,6.59,-6.04,0.2,0.0,OK
2026-05-01 01:39:00,279,0.2872,0.0425,0.0,0.0,0.97,0.0,0.27,4.25,0.48,0.0,OK
2026-05-01 01:39:00,280,0.2979,0.0417,0.0,0.0,0.89,0.0,0.23,5.32,0.44,0.0,OK
2026-05-01 01:39:00,281,0.2979,0.0456,0.0,0.0,0.82,0.0,6.48,-8.77,0.34,0.0,OK
2026-05-01 01:39:00,282,0.2826,0.0408,0.0,0.0,0.75,0.0,0.73,3.58,0.4,0.0,OK
2026-05-01 01:39:00,283,0.2826,0.0408,0.0,0.0,0.69,0.0,0.73,3.58,0.4,0.0,OK
2026-05-01 01:39:00,284,0.2826,0.04,0.0,0.0,0.64,0.0,0.09,6.47,0.45,0.0,OK
2026-05-01 01:39:00,285,0.2826,0.04,0.0,0.0,0.59,0.0,0.45,4.74,0.94,0.0,OK
2026-05-01 01:39:00,286,0.2672,0.0408,0.0,0.0,0.54,0.0,-0.16,5.59,0.79,0.0,OK
2026-05-01 01:39:00,287,0.2827,0.0204,0.0,0.0,0.5,0.0,-0.09,5.4,0.16,0.0,OK
2026-05-01 01:39:01,288,0.278,0.0204,0.0,0.0,0.46,0.0,0.08,5.92,0.29,0.0,OK
2026-05-01 01:39:01,289,0.2631,0.0612,0.0,0.0,0.42,0.0,-0.73,5.61,0.12,0.0,OK
2026-05-01 01:39:01,290,0.2592,0.0625,0.0,0.0,0.39,0.0,-0.58,5.23,-0.01,0.0,OK
2026-05-01 01:39:01,291,0.2948,0.0408,0.0,0.0,0.36,0.0,6.86,-5.64,0.84,0.0,OK
2026-05-01 01:39:01,292,0.2978,0.04,0.0,0.0,0.33,0.0,-0.1,6.5,0.81,0.0,OK
2026-05-01 01:39:01,293,0.2736,0.0447,0.0,0.0,0.3,0.0,5.89,-8.03,0.15,0.0,OK
2026-05-01 01:39:01,294,0.2749,0.04,0.0,0.0,0.28,0.0,5.38,-7.73,0.25,0.0,OK
2026-05-01 01:39:01,295,0.2375,0.0466,0.0,0.0,0.25,0.0,-1.34,4.6,-0.07,0.0,OK
2026-05-01 01:39:01,296,0.2368,0.0625,0.0,0.0,0.23,0.0,-1.42,6.34,0.02,0.0,OK
2026-05-01 01:39:01,297,0.1834,0.0295,0.0,0.0,3.25,0.033,-1.08,3.07,0.41,0.0,OK
2026-05-01 01:39:01,298,0.2281,0.0204,0.0,0.0,3.13,0.067,-1.74,3.98,-0.4,0.0,OK
2026-05-01 01:39:01,299,0.2355,0.0417,0.0,0.0,2.88,0.0,-1.85,4.97,-0.68,0.0,OK
2026-05-01 01:39:01,300,0.2634,0.0408,0.0,0.0,2.65,0.0,-2.18,3.85,-0.0,0.0,OK
2026-05-01 01:39:01,301,0.2747,0.0408,0.0,0.0,2.44,0.0,-1.64,5.26,0.42,0.0,OK
2026-05-01 01:39:01,302,0.2552,0.0456,0.0,0.0,2.24,0.0,-0.59,5.29,0.73,0.0,OK
2026-05-01 01:39:01,303,0.2592,0.0204,0.0,0.0,2.06,0.0,-0.17,5.23,0.4,0.0,OK
2026-05-01 01:39:01,304,0.2476,0.0283,0.0,0.0,1.9,0.0,-2.77,6.32,0.06,0.0,OK
2026-05-01 01:39:01,305,0.2435,0.0283,0.0,0.0,1.74,0.0,-2.74,5.81,-0.04,0.0,OK
2026-05-01 01:39:01,306,0.2441,0.0392,0.0,0.0,1.61,0.0,-1.25,5.26,0.1,0.0,OK
2026-05-01 01:39:01,307,0.2556,0.0447,0.0,0.0,1.48,0.0,-1.36,7.2,0.07,0.0,OK
2026-05-01 01:39:01,308,0.2596,0.04,0.0,0.0,1.36,0.0,-1.47,3.69,0.16,0.0,OK
2026-05-01 01:39:01,309,0.2555,0.0283,0.0,0.0,1.25,0.0,-2.26,4.25,-0.47,0.0,OK
2026-05-01 01:39:01,310,0.2665,0.0204,0.0,0.0,1.15,0.0,-0.67,3.75,-0.41,0.0,OK
2026-05-01 01:39:01,311,0.2441,0.0196,0.0,0.0,1.06,0.0,-2.33,4.8,0.25,0.0,OK
2026-05-01 01:39:01,312,0.2475,0.0392,0.0,0.0,0.97,0.0,-3.97,3.54,0.18,0.0,OK
2026-05-01 01:39:01,313,0.2547,0.0204,0.0,0.0,0.9,0.0,-6.22,3.55,-0.74,0.0,OK
2026-05-01 01:39:01,314,0.2669,0.0417,0.0,0.0,0.82,0.0,-4.78,3.67,-0.6,0.0,OK
2026-05-01 01:39:01,315,0.2795,0.0447,0.0,0.0,0.76,0.0,-5.39,3.37,0.24,0.0,OK
2026-05-01 01:39:01,316,0.263,0.0204,0.0,0.0,0.7,0.0,-8.04,5.05,-0.77,0.0,OK
2026-05-01 01:39:01,317,0.2584,0.0204,0.0,0.0,0.64,0.0,-8.13,5.64,-0.69,0.0,OK
2026-05-01 01:39:02,318,0.2586,0.04,0.0,0.0,0.59,0.0,-9.88,3.67,0.03,0.0,OK
2026-05-01 01:39:02,319,0.2552,0.0196,0.0,0.0,0.54,0.0,-10.41,4.05,-0.14,0.0,OK
2026-05-01 01:39:02,320,0.243,0.0288,0.0,0.0,0.5,0.0,-8.87,2.57,-1.02,0.0,OK
2026-05-01 01:39:02,321,0.2471,0.02,0.0,0.0,0.46,0.0,-8.44,3.39,-0.68,0.0,OK
2026-05-01 01:39:02,322,0.2221,0.02,0.0,0.0,1.04,0.033,-12.37,3.23,0.03,0.0,OK
2026-05-01 01:39:02,323,0.2349,0.04,0.0,0.0,0.95,0.0,-13.25,3.48,-0.46,0.0,OK
2026-05-01 01:39:02,324,0.2347,0.02,0.0,0.0,0.88,0.0,-11.44,5.29,-0.82,0.0,OK
2026-05-01 01:39:02,325,0.2464,0.02,0.0,0.0,0.81,0.0,-12.42,4.34,-0.32,0.0,OK
2026-05-01 01:39:02,326,0.2504,0.0283,0.0,0.0,0.74,0.0,-12.42,4.34,-0.32,0.0,OK
2026-05-01 01:39:02,327,0.2389,0.0456,0.0,0.0,0.68,0.0,-13.62,3.35,-0.77,0.0,OK
2026-05-01 01:39:02,328,0.2395,0.0456,0.0,0.0,0.63,0.0,-13.62,3.35,-0.77,0.0,OK
2026-05-01 01:39:02,329,0.2256,0.0204,0.0,0.0,0.93,0.033,-12.84,2.24,-0.63,0.0,OK
2026-05-01 01:39:02,330,0.2301,0.0408,0.0,0.0,1.1,0.067,-13.0,2.91,-0.58,0.0,OK
2026-05-01 01:39:02,331,0.2218,0.0208,0.0,0.0,1.96,0.1,-15.56,3.05,-0.46,0.0,OK
2026-05-01 01:39:02,332,0.231,0.0456,0.0,0.0,1.8,0.0,-15.71,4.45,-0.63,0.0,OK
2026-05-01 01:39:02,333,0.2261,0.0204,0.0,0.0,1.77,0.033,-14.52,3.7,-0.21,0.0,OK
2026-05-01 01:39:02,334,0.223,0.04,0.0,0.0,2.08,0.067,-15.6,3.07,-0.31,0.0,OK
2026-05-01 01:39:02,335,0.2347,0.04,0.0,0.0,1.92,0.0,-16.68,4.04,-0.65,0.0,OK
2026-05-01 01:39:02,336,0.2294,0.0408,0.0,0.0,1.83,0.033,-15.53,3.22,-0.11,0.0,OK
2026-05-01 01:39:02,337,0.23,0.0612,0.0,0.0,1.8,0.067,-16.75,3.29,-0.08,0.0,OK
2026-05-01 01:39:02,338,0.2219,0.02,0.0,0.0,2.41,0.1,-17.05,4.25,0.49,0.0,OK
2026-05-01 01:39:02,339,0.2216,0.0196,0.0,0.0,3.07,0.133,-17.35,3.63,0.6,0.0,OK
2026-05-01 01:39:02,340,0.2146,0.0447,0.0,0.0,4.16,0.167,-17.52,3.44,-0.15,0.0,OK
2026-05-01 01:39:02,341,0.231,0.04,0.0,0.0,3.83,0.0,-16.86,4.05,-0.58,0.0,OK
2026-05-01 01:39:02,342,0.2336,0.0417,0.0,0.0,3.53,0.0,-16.63,2.55,0.01,0.0,OK
2026-05-01 01:39:02,343,0.2342,0.0408,0.0,0.0,3.24,0.0,-17.37,3.6,-0.32,0.0,OK
2026-05-01 01:39:02,344,0.2297,0.0447,0.0,0.0,3.05,0.033,-17.44,3.91,0.2,0.0,OK
2026-05-01 01:39:02,345,0.2258,0.02,0.0,0.0,2.98,0.067,-17.84,3.14,0.07,0.0,OK
2026-05-01 01:39:02,346,0.2219,0.0447,0.0,0.0,3.18,0.1,-18.74,2.92,-0.2,0.0,OK
2026-05-01 01:39:02,347,0.2014,0.0196,0.0,0.0,4.79,0.133,-18.59,2.55,0.66,0.0,OK
2026-05-01 01:39:03,348,0.2098,0.0196,0.0,0.0,5.58,0.167,-17.89,2.68,0.04,0.0,OK
2026-05-01 01:39:03,349,0.2177,0.04,0.0,0.0,5.85,0.2,-19.08,4.18,-0.76,0.0,OK
2026-05-01 01:39:03,350,0.2252,0.0204,0.0467,0.0,5.85,0.233,-19.35,4.05,-0.45,0.0,OK
2026-05-01 01:39:03,351,0.2344,0.0,0.0467,0.0,5.38,0.0,-18.81,3.89,0.25,0.0,OK
2026-05-01 01:39:03,352,0.225,0.0196,0.0467,0.0,5.08,0.033,-18.73,3.69,0.4,0.0,OK
2026-05-01 01:39:03,353,0.2074,0.02,0.0467,0.0,5.18,0.067,-18.57,3.16,0.01,0.0,OK
2026-05-01 01:39:03,354,0.2044,0.0283,0.0467,0.0,5.67,0.1,-18.93,2.86,-0.14,0.0,OK
2026-05-01 01:39:03,355,0.209,0.0447,0.0467,0.0,5.96,0.133,-19.82,3.71,-0.7,0.0,OK
2026-05-01 01:39:03,356,0.2127,0.02,0.0467,0.0,6.16,0.167,-19.11,3.77,0.33,0.0,OK
2026-05-01 01:39:03,357,0.1991,0.0283,0.0467,0.0,7.37,0.2,-20.45,3.88,0.34,0.0,OK
2026-05-01 01:39:03,358,0.2155,0.0192,0.0933,0.0,7.4,0.233,-20.64,3.49,0.24,0.0,OK
2026-05-01 01:39:03,359,0.209,0.0192,0.1,0.0,8.06,0.267,-20.51,4.0,0.28,0.0,OK
2026-05-01 01:39:03,360,0.1994,0.0447,0.1067,0.0,9.55,0.3,-19.22,2.88,-0.18,0.0,OK
2026-05-01 01:39:03,361,0.2325,0.0196,0.1067,0.0,8.84,0.0,-21.87,2.96,-0.42,0.0,OK
2026-05-01 01:39:03,362,0.2298,0.02,0.1067,0.0,8.25,0.033,-22.23,3.01,-0.42,0.0,OK
2026-05-01 01:39:03,363,0.2164,0.0,0.1067,0.0,7.95,0.067,-20.9,3.23,0.05,0.0,OK
2026-05-01 01:39:03,364,0.1988,0.0204,0.1067,0.0,8.04,0.1,-21.16,2.55,0.3,0.0,OK
2026-05-01 01:39:03,365,0.1906,0.0196,0.1067,0.0,8.85,0.133,-22.04,2.67,-0.04,0.0,OK
2026-05-01 01:39:03,366,0.2041,0.0196,0.1067,0.0,8.84,0.167,-22.45,2.93,-0.21,0.0,OK
2026-05-01 01:39:03,367,0.2104,0.0283,0.1067,0.0,8.79,0.2,-20.91,3.74,0.95,0.0,OK
2026-05-01 01:39:03,368,0.2183,0.0196,0.1533,0.0,10.02,0.233,-21.19,3.68,1.05,0.0,OK
2026-05-01 01:39:03,369,0.2075,0.0283,0.16,0.0,11.95,0.267,-21.4,3.11,0.18,0.0,OK
2026-05-01 01:39:03,370,0.1845,0.0192,0.1667,0.0,15.09,0.3,-22.73,3.21,0.21,0.0,OK
2026-05-01 01:39:03,371,0.1823,0.0,0.1733,0.0,17.74,0.333,-23.33,3.21,0.23,0.0,OK
2026-05-01 01:39:03,372,0.1648,0.0196,0.18,0.0,21.0,0.367,-22.7,3.73,-0.18,0.0,OK
2026-05-01 01:39:03,373,0.1648,0.0196,0.1867,0.0,23.6,0.4,-21.82,3.7,-0.21,0.0,OK
2026-05-01 01:39:03,374,0.1732,0.04,0.1933,0.0,25.26,0.433,-21.28,4.3,0.68,0.0,OK
2026-05-01 01:39:03,375,0.1821,0.04,0.2,0.0,26.28,0.467,-20.87,3.28,0.87,0.0,OK
2026-05-01 01:39:03,376,0.1852,0.0196,0.2067,0.0,27.22,0.5,-22.92,2.75,0.36,0.0,OK
2026-05-01 01:39:03,377,0.2009,0.0196,0.2133,0.0,27.37,0.533,-23.36,3.22,0.08,0.0,OK
2026-05-01 01:39:03,378,0.1703,0.0196,0.22,0.0,29.79,0.567,-22.8,2.57,0.67,0.0,OK
2026-05-01 01:39:04,379,0.1703,0.0192,0.2267,0.0,31.85,0.6,-22.86,2.08,0.59,0.0,OK
2026-05-01 01:39:04,380,0.1449,0.0277,0.2333,0.0,35.21,0.633,-22.81,2.97,0.11,0.0,OK
2026-05-01 01:39:04,381,0.1564,0.0196,0.24,0.0,37.18,0.667,-21.7,3.0,0.43,0.0,OK
2026-05-01 01:39:04,382,0.1563,0.0196,0.2467,0.0,38.94,0.7,-22.27,3.92,0.51,0.0,OK
2026-05-01 01:39:04,383,0.2041,0.0192,0.2533,0.0,38.65,0.733,-23.37,2.18,0.66,0.0,OK
2026-05-01 01:39:04,384,0.2069,0.0192,0.26,0.0,38.45,0.767,-23.31,2.66,0.74,0.0,OK
2026-05-01 01:39:04,385,0.1559,0.0283,0.2667,0.0,41.22,0.8,-22.61,3.28,0.23,0.0,OK
2026-05-01 01:39:04,386,0.1703,0.0196,0.2733,0.0,42.63,0.833,-22.36,3.35,-0.19,0.0,OK
2026-05-01 01:39:04,387,0.1923,0.0196,0.28,0.0,42.7,0.867,-22.71,2.82,1.17,0.04,OK
2026-05-01 01:39:04,388,0.1991,0.0277,0.2867,0.0,42.84,0.9,-22.11,2.66,1.13,0.12,OK
2026-05-01 01:39:04,389,0.1759,0.0272,0.2933,0.0,44.85,0.933,-22.13,2.88,0.26,0.22,OK
2026-05-01 01:39:04,390,0.1706,0.0192,0.3,0.0,47.0,0.967,-22.45,3.12,0.61,0.33,OK
2026-05-01 01:39:04,391,0.1822,0.0408,0.3067,0.0,48.2,1.0,-19.61,2.0,0.19,0.43,OK
2026-05-01 01:39:04,392,0.1685,0.0392,0.3133,0.0,50.34,1.033,-21.1,2.78,0.51,0.57,OK
2026-05-01 01:39:04,393,0.1685,0.02,0.32,0.0,52.26,1.067,-21.1,2.78,0.51,0.71,OK
2026-05-01 01:39:04,394,0.1966,0.0283,0.3267,0.0,52.29,1.1,-17.85,4.18,-0.12,0.75,OK
2026-05-01 01:39:04,395,0.1816,0.0408,0.3333,0.0,53.73,1.133,-18.05,2.98,0.34,0.82,OK
2026-05-01 01:39:04,396,0.1808,0.0196,0.34,0.0,55.19,1.167,-16.26,3.81,0.56,0.82,OK
2026-05-01 01:39:04,397,0.1644,0.0204,0.3467,0.0,57.61,1.2,-16.28,3.49,0.67,0.8,OK
2026-05-01 01:39:04,398,0.1979,0.0196,0.3533,0.0,57.61,1.233,-14.2,4.63,1.08,0.74,OK
2026-05-01 01:39:04,399,0.2074,0.0,0.36,0.0,57.58,1.267,-13.08,2.74,0.75,0.69,OK
2026-05-01 01:39:04,400,0.2103,0.0192,0.3667,0.0,57.75,1.3,-13.04,3.68,0.5,0.63,OK
2026-05-01 01:39:04,401,0.1862,0.0277,0.3733,0.0,59.78,1.333,-9.14,3.25,1.13,0.58,OK
2026-05-01 01:39:04,402,0.2104,0.02,0.38,0.0,60.09,1.367,-9.05,1.08,1.23,0.53,OK
2026-05-01 01:39:04,403,0.2069,0.0288,0.3867,0.0,60.97,1.4,-7.35,3.86,0.05,0.49,OK
2026-05-01 01:39:04,404,0.2225,0.0196,0.3933,0.0,61.06,1.433,-8.52,2.74,0.3,0.45,OK
2026-05-01 01:39:04,405,0.2107,0.0196,0.4,0.0,62.3,1.467,-3.06,2.53,0.96,0.42,OK
2026-05-01 01:39:04,406,0.2098,0.0,0.4067,0.0,63.39,1.5,-2.42,2.8,0.72,0.38,OK
2026-05-01 01:39:04,407,0.2313,0.0204,0.4067,0.0,60.75,0.0,-2.0,2.91,0.52,0.35,OK
2026-05-01 01:39:05,408,0.2016,0.037,0.4067,0.0,58.77,0.033,-1.16,2.43,1.12,0.32,OK
2026-05-01 01:39:05,409,0.2314,0.0,0.4067,0.0,56.49,0.0,7.15,-11.71,0.19,0.3,OK
2026-05-01 01:39:05,410,0.2099,0.0192,0.4067,0.0,54.73,0.033,8.12,-12.46,0.79,0.27,OK
2026-05-01 01:39:05,411,0.229,0.02,0.4067,0.0,52.9,0.067,8.33,-10.28,0.62,0.25,OK
2026-05-01 01:39:05,412,0.2265,0.0392,0.4067,0.0,51.31,0.1,10.64,-12.06,1.05,0.23,OK
2026-05-01 01:39:05,413,0.2356,0.0392,0.4067,0.0,49.62,0.0,10.09,-12.72,0.76,0.21,OK
2026-05-01 01:39:05,414,0.2314,0.0189,0.4067,0.0,48.07,0.0,12.66,-8.49,1.1,0.2,OK
2026-05-01 01:39:05,415,0.2369,0.0189,0.4067,0.0,46.64,0.0,13.93,-8.75,0.86,0.18,OK
2026-05-01 01:39:05,416,0.2416,0.0185,0.4067,0.0,45.32,0.0,16.89,-9.5,1.47,0.17,OK
2026-05-01 01:39:05,417,0.264,0.0192,0.4067,0.0,44.11,0.0,18.93,-8.52,0.79,0.15,OK
2026-05-01 01:39:05,418,0.2634,0.0272,0.4067,0.0,42.99,0.0,19.04,-7.72,0.75,0.14,OK
2026-05-01 01:39:05,419,0.2548,0.0182,0.4067,0.0,41.96,0.0,19.99,-7.52,1.65,0.13,OK
2026-05-01 01:39:05,420,0.2451,0.0178,0.4067,0.0,41.01,0.0,21.61,-7.14,1.55,0.12,OK
2026-05-01 01:39:05,421,0.2511,0.0267,0.4067,0.0,40.14,0.0,19.77,-6.54,1.18,0.11,OK
2026-05-01 01:39:05,422,0.2451,0.0272,0.4067,0.0,39.34,0.0,21.87,-6.39,0.95,0.1,OK
2026-05-01 01:39:05,423,0.2626,0.0192,0.4067,0.0,38.6,0.0,20.94,-8.12,1.19,0.09,OK
2026-05-01 01:39:05,424,0.273,0.0267,0.4067,0.0,37.92,0.0,22.18,-6.81,1.43,0.09,OK
2026-05-01 01:39:05,425,0.2689,0.0189,0.4067,0.0,37.29,0.0,22.21,-6.62,1.3,0.08,OK
2026-05-01 01:39:05,426,0.2638,0.0185,0.4067,0.0,36.71,0.0,20.99,-6.64,1.29,0.07,OK
2026-05-01 01:39:05,427,0.2787,0.0257,0.4067,0.0,36.18,0.0,22.2,-6.54,0.34,0.07,OK
2026-05-01 01:39:05,428,0.253,0.0188,0.4067,0.0,35.69,0.0,21.76,-7.51,1.63,0.06,OK
2026-05-01 01:39:05,429,0.2621,0.037,0.4067,0.0,35.24,0.0,21.82,-8.53,1.4,0.06,OK
2026-05-01 01:39:05,430,0.2923,0.0385,0.4067,0.0,34.82,0.0,21.17,-7.71,0.6,0.05,OK
2026-05-01 01:39:05,431,0.2768,0.0196,0.4067,0.0,34.44,0.0,19.74,-6.55,0.84,0.05,OK
2026-05-01 01:39:05,432,0.2601,0.0189,0.4067,0.0,34.09,0.0,19.97,-6.71,1.21,0.04,OK
2026-05-01 01:39:05,433,0.2601,0.0189,0.4067,0.0,33.77,0.0,19.69,-5.78,1.13,0.04,OK
2026-05-01 01:39:05,434,0.264,0.0277,0.4067,0.0,33.47,0.0,18.86,-7.3,1.05,0.04,OK
2026-05-01 01:39:05,435,0.2655,0.0392,0.4067,0.0,33.19,0.0,18.77,-7.47,1.18,0.03,OK
2026-05-01 01:39:05,436,0.2769,0.0,0.4067,0.0,32.94,0.0,20.66,-7.38,1.18,0.03,OK
2026-05-01 01:39:05,437,0.2761,0.0385,0.4067,0.0,32.71,0.0,21.07,-6.99,0.93,0.03,OK
2026-05-01 01:39:06,438,0.2873,0.0392,0.4067,0.0,32.49,0.0,20.0,-6.59,0.84,0.03,OK
2026-05-01 01:39:06,439,0.2934,0.0385,0.4067,0.0,32.3,0.0,18.65,-5.22,0.54,0.02,OK
2026-05-01 01:39:06,440,0.2925,0.0385,0.4067,0.0,32.11,0.0,18.86,-7.32,0.27,0.02,OK
2026-05-01 01:39:06,441,0.275,0.0189,0.4067,0.0,31.95,0.0,19.23,-6.27,0.9,0.02,OK
2026-05-01 01:39:06,442,0.2742,0.0192,0.4067,0.0,31.79,0.0,19.08,-6.71,0.59,0.02,LOW
2026-05-01 01:39:06,443,0.2513,0.0192,0.4067,0.0,31.65,0.0,19.31,-7.71,0.88,0.02,LOW
2026-05-01 01:39:06,444,0.2788,0.0189,0.4067,0.0,31.52,0.0,21.96,-8.08,1.01,0.02,LOW
2026-05-01 01:39:06,445,0.2876,0.0189,0.4067,0.0,31.4,0.0,21.47,-7.12,1.31,0.01,LOW
2026-05-01 01:39:06,446,0.2751,0.0277,0.4067,0.0,31.29,0.0,20.54,-6.21,0.98,0.01,LOW
2026-05-01 01:39:06,447,0.2751,0.0196,0.4067,0.0,31.19,0.0,20.54,-6.21,0.98,0.01,LOW
2026-05-01 01:39:06,448,0.2601,0.0189,0.4067,0.0,31.09,0.0,20.95,-7.01,1.05,0.01,LOW
2026-05-01 01:39:06,449,0.2601,0.0189,0.4067,0.0,31.01,0.0,20.95,-7.01,1.05,0.01,LOW
2026-05-01 01:39:06,450,0.273,0.02,0.4067,0.0,30.93,0.0,19.42,-6.95,0.55,0.01,LOW
2026-05-01 01:39:06,451,0.2728,0.04,0.4067,0.0,30.85,0.0,19.55,-6.94,0.55,0.01,LOW
2026-05-01 01:39:06,452,0.2731,0.0189,0.4067,0.0,30.79,0.0,19.81,-6.63,0.34,0.01,LOW
2026-05-01 01:39:06,453,0.2617,0.0189,0.4067,0.0,30.72,0.0,20.39,-6.12,0.63,0.01,LOW
2026-05-01 01:39:06,454,0.2677,0.0192,0.4067,0.0,30.67,0.0,20.5,-5.47,1.67,0.01,LOW
2026-05-01 01:39:06,455,0.2659,0.0196,0.4067,0.0,30.61,0.0,19.33,-5.46,1.11,0.01,LOW
2026-05-01 01:39:06,456,0.2586,0.0392,0.4067,0.0,30.56,0.0,19.58,-7.68,0.43,0.01,LOW
2026-05-01 01:39:06,457,0.2656,0.0363,0.4067,0.0,30.52,0.0,19.56,-7.38,1.29,0.01,LOW
2026-05-01 01:39:06,458,0.2677,0.0185,0.4067,0.0,30.48,0.0,20.53,-6.63,1.33,0.01,LOW
2026-05-01 01:39:06,459,0.2476,0.0385,0.4067,0.0,30.44,0.0,18.07,-7.6,0.7,0.0,LOW
2026-05-01 01:39:06,460,0.2537,0.0192,0.4067,0.0,30.41,0.0,18.0,-7.76,0.83,0.0,LOW
2026-05-01 01:39:06,461,0.2673,0.0189,0.4067,0.0,30.37,0.0,20.6,-8.21,0.51,0.0,LOW
2026-05-01 01:39:06,462,0.2661,0.0189,0.4067,0.0,30.34,0.0,20.51,-6.83,0.6,0.0,LOW
2026-05-01 01:39:06,463,0.2681,0.0438,0.4067,0.0,30.32,0.0,18.22,-7.25,0.8,0.0,LOW
2026-05-01 01:39:06,464,0.2755,0.0392,0.4067,0.0,30.29,0.0,18.58,-6.53,0.85,0.0,LOW
2026-05-01 01:39:06,465,0.2587,0.0377,0.4067,0.0,30.27,0.0,20.34,-8.55,0.38,0.0,LOW
2026-05-01 01:39:06,466,0.2514,0.0192,0.4067,0.0,30.25,0.0,18.41,-8.41,0.52,0.0,LOW
2026-05-01 01:39:06,467,0.2661,0.0392,0.4067,0.0,30.23,0.0,16.41,-7.84,0.59,0.0,LOW
2026-05-01 01:39:07,468,0.2405,0.0283,0.4067,0.0,30.21,0.0,17.87,-5.47,0.81,0.0,LOW
2026-05-01 01:39:07,469,0.2482,0.0204,0.4067,0.0,30.19,0.0,19.94,-5.45,0.96,0.0,LOW
2026-05-01 01:39:07,470,0.2659,0.0385,0.4067,0.0,30.18,0.0,19.46,-7.88,0.55,0.0,LOW
2026-05-01 01:39:07,471,0.261,0.0392,0.4067,0.0,30.16,0.0,19.46,-7.88,0.55,0.0,LOW
2026-05-01 01:39:07,472,0.2655,0.0192,0.4067,0.0,30.15,0.0,18.96,-9.39,0.94,0.0,LOW
2026-05-01 01:39:07,473,0.244,0.0272,0.4067,0.0,30.14,0.0,18.9,-8.09,1.05,0.0,LOW
2026-05-01 01:39:07,474,0.2462,0.0392,0.4067,0.0,30.13,0.0,18.25,-8.04,1.16,0.0,LOW
2026-05-01 01:39:07,475,0.2611,0.0385,0.4067,0.0,30.12,0.0,18.07,-7.57,1.03,0.0,LOW
2026-05-01 01:39:07,476,0.2614,0.0392,0.4067,0.0,30.11,0.0,17.99,-8.03,0.76,0.0,LOW
2026-05-01 01:39:07,477,0.1871,0.0196,0.4067,0.0,32.93,0.033,20.16,-6.49,0.74,0.0,LOW
2026-05-01 01:39:07,478,0.2006,0.0385,0.4067,0.0,34.2,0.067,18.18,-5.59,0.76,0.0,LOW
2026-05-01 01:39:07,479,0.2132,0.0189,0.4067,0.0,34.5,0.1,19.23,-7.35,1.2,0.0,LOW
2026-05-01 01:39:07,480,0.2234,0.0196,0.4067,0.0,34.46,0.133,19.22,-6.23,0.99,0.0,LOW
2026-05-01 01:39:07,481,0.2238,0.0196,0.4067,0.0,34.51,0.167,19.22,-6.23,0.99,0.0,LOW
2026-05-01 01:39:07,482,0.2574,0.0385,0.4067,0.0,34.15,0.0,18.94,-8.83,0.57,0.0,LOW
2026-05-01 01:39:07,483,0.2701,0.0192,0.4067,0.0,33.82,0.0,18.36,-8.16,0.95,0.0,LOW
2026-05-01 01:39:07,484,0.2444,0.0185,0.4067,0.0,33.51,0.0,20.93,-7.14,1.07,0.0,LOW
2026-05-01 01:39:07,485,0.2336,0.0189,0.4067,0.0,33.23,0.0,20.92,-7.49,1.21,0.0,LOW
2026-05-01 01:39:07,486,0.2685,0.0189,0.4067,0.0,32.97,0.0,19.43,-7.34,1.2,0.0,LOW
2026-05-01 01:39:07,487,0.2663,0.0192,0.4067,0.0,32.74,0.0,19.43,-7.34,1.2,0.0,LOW
2026-05-01 01:39:07,488,0.275,0.0377,0.4067,0.0,32.52,0.0,18.9,-8.09,1.05,0.0,LOW
2026-05-01 01:39:07,489,0.2751,0.0192,0.4067,0.0,32.32,0.0,19.06,-7.78,0.89,0.0,LOW
2026-05-01 01:39:07,490,0.2677,0.043,0.4067,0.0,32.13,0.0,17.88,-8.22,1.24,0.0,LOW
2026-05-01 01:39:07,491,0.2712,0.0196,0.4067,0.0,31.96,0.0,16.69,-7.29,0.66,0.0,LOW
2026-05-01 01:39:07,492,0.2587,0.0392,0.4067,0.0,31.8,0.0,17.93,-7.22,0.66,0.0,LOW
2026-05-01 01:39:07,493,0.2475,0.0414,0.4067,0.0,31.66,0.0,17.95,-6.65,0.66,0.0,LOW
2026-05-01 01:39:07,494,0.2567,0.0,0.36,0.0,31.21,0.0,18.17,-7.52,0.77,0.0,LOW
2026-05-01 01:39:07,495,0.2644,0.0447,0.36,0.0,30.79,0.0,16.71,-7.51,0.12,0.0,LOW
2026-05-01 01:39:07,496,0.2755,0.0408,0.36,0.0,30.41,0.0,17.21,-6.04,0.7,0.0,LOW
2026-05-01 01:39:07,497,0.2661,0.0196,0.36,0.0,30.05,0.0,18.36,-7.11,0.95,0.0,LOW
2026-05-01 01:39:08,498,0.2443,0.0196,0.36,0.0,29.73,0.0,18.53,-7.1,0.94,0.0,LOW
2026-05-01 01:39:08,499,0.2501,0.0377,0.36,0.0,29.43,0.0,18.04,-7.64,0.69,0.0,LOW
2026-05-01 01:39:08,500,0.2617,0.0385,0.36,0.0,29.16,0.0,19.33,-7.16,1.09,0.0,LOW
2026-05-01 01:39:08,501,0.2804,0.0192,0.36,0.0,28.9,0.0,17.19,-7.16,0.94,0.0,LOW
2026-05-01 01:39:08,502,0.264,0.0392,0.3533,0.0,28.62,0.0,17.77,-8.83,0.58,0.0,LOW
2026-05-01 01:39:08,503,0.2681,0.043,0.3467,0.0,28.3,0.0,17.02,-9.08,0.31,0.0,LOW
2026-05-01 01:39:08,504,0.2659,0.0272,0.3,0.0,27.64,0.0,19.06,-8.22,0.66,0.0,LOW
2026-05-01 01:39:08,505,0.2626,0.0192,0.3,0.0,27.03,0.0,17.71,-6.87,0.87,0.0,LOW
2026-05-01 01:39:08,506,0.2476,0.0196,0.3,0.0,26.47,0.0,17.42,-8.16,0.54,0.0,LOW
2026-05-01 01:39:08,507,0.2517,0.0196,0.3,0.0,25.95,0.0,16.82,-8.48,0.38,0.0,LOW
2026-05-01 01:39:08,508,0.2477,0.0392,0.3,0.0,25.47,0.0,17.62,-6.18,0.98,0.0,LOW
2026-05-01 01:39:08,509,0.2477,0.0392,0.3,0.0,25.03,0.0,17.49,-7.79,0.75,0.0,LOW
2026-05-01 01:39:08,510,0.2728,0.0189,0.3,0.0,24.63,0.0,19.94,-6.13,0.99,0.0,LOW
2026-05-01 01:39:08,511,0.2865,0.0189,0.3,0.0,24.26,0.0,16.51,-7.48,1.41,0.0,LOW
2026-05-01 01:39:08,512,0.2873,0.0189,0.2933,0.0,23.87,0.0,16.78,-7.88,1.04,0.0,LOW
2026-05-01 01:39:08,513,0.2659,0.0196,0.2867,0.0,23.45,0.0,17.33,-6.54,1.18,0.0,LOW
2026-05-01 01:39:08,514,0.2755,0.0392,0.28,0.0,23.01,0.0,17.73,-5.82,1.23,0.0,LOW
2026-05-01 01:39:08,515,0.2853,0.0192,0.2733,0.0,22.56,0.0,16.82,-8.48,0.38,0.0,LOW
2026-05-01 01:39:08,516,0.2661,0.0189,0.2667,0.0,22.09,0.0,16.82,-8.48,0.38,0.0,LOW
2026-05-01 01:39:08,517,0.2663,0.0385,0.26,0.0,21.6,0.0,16.97,-6.18,0.7,0.0,LOW
2026-05-01 01:39:08,518,0.2804,0.02,0.2533,0.0,21.1,0.0,16.03,-6.64,0.91,0.0,LOW
2026-05-01 01:39:08,519,0.2978,0.0204,0.2467,0.0,20.59,0.0,16.07,-6.55,0.76,0.0,LOW
2026-05-01 01:39:08,520,0.2839,0.0189,0.24,0.0,20.06,0.0,18.46,-7.12,0.17,0.0,LOW
2026-05-01 01:39:08,521,0.2624,0.0267,0.2333,0.0,19.52,0.0,18.56,-5.74,0.38,0.0,LOW
2026-05-01 01:39:08,522,0.2861,0.0267,0.2267,0.0,18.97,0.0,18.67,-7.78,0.7,0.0,LOW
2026-05-01 01:39:08,523,0.2811,0.0267,0.22,0.0,18.41,0.0,18.76,-7.91,0.84,0.0,LOW
2026-05-01 01:39:08,524,0.2655,0.0385,0.2133,0.0,17.85,0.0,17.18,-6.57,1.17,0.0,LOW
2026-05-01 01:39:08,525,0.2823,0.0192,0.2067,0.0,17.27,0.0,18.28,-6.18,0.72,0.0,LOW
2026-05-01 01:39:08,526,0.2853,0.0192,0.2,0.0,16.69,0.0,16.7,-7.83,0.63,0.0,LOW
2026-05-01 01:39:08,527,0.2753,0.0392,0.1933,0.0,16.1,0.0,16.97,-6.13,0.57,0.0,LOW
2026-05-01 01:39:09,528,0.2949,0.0392,0.1867,0.0,15.51,0.0,16.92,-6.42,0.72,0.0,LOW
2026-05-01 01:39:09,529,0.2801,0.0189,0.18,0.0,14.91,0.0,17.82,-5.84,1.42,0.0,LOW
2026-05-01 01:39:09,530,0.2844,0.0189,0.1733,0.0,14.3,0.0,17.78,-7.27,1.21,0.0,LOW
2026-05-01 01:39:09,531,0.2896,0.0192,0.1667,0.0,13.69,0.0,17.04,-6.32,0.83,0.0,LOW
2026-05-01 01:39:09,532,0.2728,0.0196,0.16,0.0,13.08,0.0,16.19,-5.53,0.99,0.0,LOW
2026-05-01 01:39:09,533,0.2835,0.0196,0.1533,0.0,12.46,0.0,16.58,-6.12,0.35,0.0,LOW
2026-05-01 01:39:09,534,0.2793,0.0196,0.1467,0.0,11.83,0.0,16.44,-6.92,0.45,0.0,LOW
2026-05-01 01:39:09,535,0.2745,0.0189,0.14,0.0,11.21,0.0,19.36,-6.55,1.33,0.0,LOW
2026-05-01 01:39:09,536,0.2683,0.0189,0.1333,0.0,10.58,0.0,20.84,-6.5,1.33,0.0,LOW
2026-05-01 01:39:09,537,0.2654,0.0283,0.1267,0.0,9.94,0.0,17.13,-6.7,1.32,0.0,LOW
2026-05-01 01:39:09,538,0.2677,0.0392,0.12,0.0,9.31,0.0,18.9,-7.13,1.13,0.0,LOW
2026-05-01 01:39:09,539,0.2728,0.0196,0.1133,0.0,8.67,0.0,17.62,-7.82,0.88,0.0,LOW
2026-05-01 01:39:09,540,0.2661,0.0272,0.1067,0.0,8.03,0.0,20.36,-6.13,1.0,0.0,LOW
2026-05-01 01:39:09,541,0.2661,0.0196,0.1,0.0,7.39,0.0,20.46,-6.1,0.99,0.0,LOW
2026-05-01 01:39:09,542,0.2805,0.02,0.0933,0.0,6.8,0.0,18.47,-5.46,1.25,0.0,LOW
2026-05-01 01:39:09,543,0.2834,0.0196,0.0867,0.0,6.25,0.0,18.58,-5.41,1.04,0.0,LOW
2026-05-01 01:39:09,544,0.2691,0.0185,0.08,0.0,5.75,0.0,20.02,-7.28,1.46,0.0,LOW
2026-05-01 01:39:09,545,0.2657,0.0185,0.0733,0.0,5.29,0.0,20.02,-7.28,1.46,0.0,LOW
2026-05-01 01:39:09,546,0.269,0.0272,0.0667,0.0,4.87,0.0,19.44,-6.31,1.07,0.0,LOW
2026-05-01 01:39:09,547,0.275,0.0272,0.06,0.0,4.48,0.0,18.39,-6.14,0.58,0.0,LOW
2026-05-01 01:39:09,548,0.2651,0.0189,0.0533,0.0,4.12,0.0,18.52,-6.33,1.09,0.0,LOW
2026-05-01 01:39:09,549,0.264,0.0192,0.0467,0.0,3.79,0.0,17.9,-6.59,1.32,0.0,LOW
2026-05-01 01:39:09,550,0.2621,0.0385,0.0,0.0,3.49,0.0,19.23,-7.84,1.13,0.0,LOW
2026-05-01 01:39:09,551,0.2836,0.0385,0.0,0.0,3.21,0.0,18.08,-6.91,0.92,0.0,LOW
2026-05-01 01:39:09,552,0.2894,0.0192,0.0,0.0,2.95,0.0,17.47,-7.91,1.03,0.0,LOW
2026-05-01 01:39:09,553,0.2776,0.0438,0.0,0.0,2.72,0.0,17.28,-7.41,0.55,0.0,LOW
2026-05-01 01:39:09,554,0.2619,0.0438,0.0,0.0,2.5,0.0,17.28,-6.74,0.65,0.0,LOW
2026-05-01 01:39:09,555,0.2712,0.0196,0.0,0.0,2.3,0.0,16.37,-9.38,0.5,0.0,LOW
2026-05-01 01:39:09,556,0.2952,0.0196,0.0,0.0,2.12,0.0,16.33,-7.79,0.45,0.0,LOW
2026-05-01 01:39:09,557,0.2922,0.0196,0.0,0.0,1.95,0.0,17.87,-7.72,0.45,0.0,LOW
2026-05-01 01:39:10,558,0.273,0.0189,0.0,0.0,1.79,0.0,17.92,-7.31,1.06,0.0,LOW
2026-05-01 01:39:10,559,0.264,0.0377,0.0,0.0,1.65,0.0,19.24,-7.09,0.94,0.0,OK
2026-05-01 01:39:10,560,0.2697,0.0392,0.0,0.0,1.52,0.0,16.88,-8.35,0.26,0.0,OK
2026-05-01 01:39:10,561,0.2808,0.0392,0.0,0.0,1.39,0.0,15.41,-6.93,0.45,0.0,OK
2026-05-01 01:39:10,562,0.2766,0.0189,0.0,0.0,1.28,0.0,19.37,-7.23,1.09,0.0,OK
2026-05-01 01:39:10,563,0.2868,0.0196,0.0,0.0,1.18,0.0,17.93,-10.78,0.41,0.0,OK
2026-05-01 01:39:10,564,0.2886,0.0196,0.0,0.0,1.09,0.0,17.66,-10.19,0.45,0.0,OK
2026-05-01 01:39:10,565,0.3023,0.0192,0.0,0.0,1.0,0.0,15.66,-12.57,0.54,0.0,OK
2026-05-01 01:39:10,566,0.2856,0.0192,0.0,0.0,0.92,0.0,17.14,-12.27,0.18,0.0,OK
2026-05-01 01:39:10,567,0.2932,0.0196,0.0,0.0,0.85,0.0,14.32,-14.79,0.22,0.0,OK
2026-05-01 01:39:10,568,0.278,0.0192,0.0,0.0,0.78,0.0,16.27,-13.71,-0.36,0.0,OK
2026-05-01 01:39:10,569,0.2718,0.0385,0.0,0.0,0.72,0.0,9.57,-24.17,-0.49,0.0,OK
2026-05-01 01:39:10,570,0.2495,0.0192,0.0,0.0,0.66,0.0,10.62,-22.54,-0.86,0.0,OK
2026-05-01 01:39:10,571,0.2825,0.0185,0.0,0.0,0.61,0.0,8.91,-29.58,-1.63,0.0,OK
2026-05-01 01:39:10,572,0.2781,0.0185,0.0,0.0,0.56,0.0,8.79,-30.31,-1.98,0.0,OK
2026-05-01 01:39:10,573,0.3408,0.0217,0.0,0.0,0.51,0.0,4.68,-38.11,-1.64,0.0,OK
2026-05-01 01:39:10,574,0.3092,0.0453,0.0,0.0,0.47,0.0,3.45,-42.34,-1.08,0.0,OK
2026-05-01 01:39:10,575,0.3325,0.0507,0.0,0.0,0.43,0.0,2.38,-42.81,-1.13,0.0,OK
2026-05-01 01:39:10,576,0.3163,0.0544,0.0,0.0,0.4,0.0,0.84,-46.98,-0.87,0.0,OK
2026-05-01 01:39:10,577,0.3356,0.0544,0.0,0.0,0.37,0.0,3.0,-46.7,-1.54,0.0,OK
2026-05-01 01:39:10,578,0.2987,0.0476,0.0,0.0,0.34,0.0,0.93,-48.17,0.75,0.0,OK
2026-05-01 01:39:10,579,0.3241,0.0237,0.0,0.0,0.31,0.0,1.83,-49.7,-0.53,0.0,OK
2026-05-01 01:39:10,580,0.324,0.0513,0.0,0.0,0.29,0.0,-2.18,-50.71,2.46,0.0,OK
2026-05-01 01:39:10,581,0.3359,0.0512,0.0,0.0,0.26,0.0,-2.32,-51.36,1.54,0.0,OK
2026-05-01 01:39:10,582,0.352,0.05,0.0,0.0,0.24,0.0,-2.54,-51.89,4.11,0.0,OK
2026-05-01 01:39:10,583,0.3633,0.0513,0.0,0.0,0.22,0.0,-2.43,-52.66,3.98,0.0,OK
2026-05-01 01:39:10,584,0.3456,0.0513,0.0,0.0,0.2,0.0,-4.43,-53.81,4.11,0.0,OK
2026-05-01 01:39:10,585,0.3573,0.0526,0.0,0.0,0.19,0.0,-3.62,-53.25,3.64,0.0,OK
2026-05-01 01:39:10,586,0.3383,0.0769,0.0,0.0,0.17,0.0,-5.1,-53.71,5.83,0.0,OK
2026-05-01 01:39:10,587,0.3292,0.0526,0.0,0.0,0.16,0.0,-6.65,-53.91,6.6,0.0,OK
2026-05-01 01:39:11,588,0.3393,0.0278,0.0,0.0,0.15,0.0,-6.34,-55.92,6.55,0.0,OK
2026-05-01 01:39:11,589,0.36,0.054,0.0,0.0,0.13,0.0,-6.89,-55.57,8.03,0.0,OK
2026-05-01 01:39:11,590,0.3564,0.0604,0.0,0.0,0.12,0.0,-6.44,-55.85,7.47,0.0,OK
2026-05-01 01:39:11,591,0.3268,0.0256,0.0,0.0,0.11,0.0,-5.61,-54.86,6.66,0.0,OK
2026-05-01 01:39:11,592,0.3655,0.0526,0.0,0.0,0.11,0.0,-6.24,-56.63,7.33,0.0,OK
2026-05-01 01:39:11,593,0.3449,0.0294,0.0,0.0,0.1,0.0,-8.06,-56.84,9.33,0.0,OK
2026-05-01 01:39:11,594,0.3331,0.0277,0.0,0.0,0.09,0.0,-9.01,-57.29,10.6,0.0,OK
2026-05-01 01:39:11,595,0.3399,0.027,0.0,0.0,0.08,0.0,-8.31,-57.24,10.06,0.0,OK
2026-05-01 01:39:11,596,0.3236,0.0286,0.0,0.0,0.08,0.0,-8.84,-58.2,9.62,0.0,OK
2026-05-01 01:39:11,597,0.3512,0.0286,0.0,0.0,0.07,0.0,-9.92,-57.94,10.21,0.0,OK
2026-05-01 01:39:11,598,0.356,0.0269,0.0,0.0,0.06,0.0,-8.41,-57.3,10.37,0.0,OK
2026-05-01 01:39:11,599,0.3606,0.027,0.0,39.0,0.06,0.0,-8.31,-59.54,10.06,0.0,OK
2026-05-01 01:39:11,600,0.3444,0.0277,0.0,38.94,0.05,0.0,-9.58,-57.54,10.45,0.0,OK
2026-05-01 01:39:11,601,0.3252,0.0392,0.0,38.87,0.05,0.0,-8.85,-56.44,9.51,0.0,OK
2026-05-01 01:39:11,602,0.3351,0.027,0.0,38.81,0.05,0.0,-8.98,-56.64,9.54,0.0,OK
2026-05-01 01:39:11,603,0.3401,0.0278,0.0,38.74,0.04,0.0,-6.84,-58.51,8.32,0.0,OK
2026-05-01 01:39:11,604,0.3405,0.0278,0.0,38.68,0.04,0.0,-9.35,-58.26,10.0,0.0,OK
2026-05-01 01:39:11,605,0.3142,0.0555,0.0,38.61,0.04,0.0,-8.59,-56.92,10.12,0.0,OK
2026-05-01 01:39:11,606,0.3319,0.0555,0.0,38.55,0.03,0.0,-8.53,-57.08,9.86,0.0,OK
2026-05-01 01:39:11,607,0.3574,0.0571,0.0,38.49,0.03,0.0,-9.4,-58.53,10.22,0.0,OK
2026-05-01 01:39:11,608,0.329,0.0588,0.0,38.42,0.03,0.0,-9.55,-58.53,9.92,0.0,OK
2026-05-01 01:39:11,609,0.3318,0.0555,0.0,38.36,0.03,0.0,-9.01,-58.3,9.74,0.0,OK
2026-05-01 01:39:11,610,0.3346,0.0555,0.0,38.3,0.02,0.0,-7.64,-57.76,9.02,0.0,OK
2026-05-01 01:39:11,611,0.3394,0.0278,0.0,38.24,0.02,0.0,-7.05,-58.03,8.59,0.0,OK
2026-05-01 01:39:11,612,0.3309,0.0277,0.0,38.17,0.02,0.0,-8.79,-57.95,10.85,0.0,OK
2026-05-01 01:39:11,613,0.3536,0.0587,0.0,38.11,0.02,0.0,-9.94,-58.69,11.29,0.0,OK
2026-05-01 01:39:11,614,0.3177,0.027,0.0,38.05,0.02,0.0,-9.75,-57.62,10.69,0.0,OK
2026-05-01 01:39:11,615,0.32,0.0277,0.0,37.99,0.02,0.0,-9.69,-58.05,10.64,0.0,OK
2026-05-01 01:39:11,616,0.3214,0.0286,0.0,37.93,0.01,0.0,-6.76,-60.4,9.16,0.0,OK
2026-05-01 01:39:11,617,0.3332,0.0286,0.0,37.86,0.01,0.0,-5.72,-59.56,7.9,0.0,OK
2026-05-01 01:39:11,618,0.3275,0.0277,0.0,37.8,0.01,0.0,-8.71,-57.88,10.57,0.0,OK
2026-05-01 01:39:12,619,0.3436,0.0286,0.0,37.74,0.01,0.0,-10.59,-59.77,11.66,0.0,OK
2026-05-01 01:39:12,620,0.324,0.0277,0.0,37.68,0.01,0.0,-9.16,-59.96,11.98,0.0,OK
2026-05-01 01:39:12,621,0.3366,0.0,0.0,37.62,0.01,0.0,-8.21,-60.17,11.29,0.0,OK
2026-05-01 01:39:12,622,0.3248,0.0285,0.0,37.56,0.01,0.0,-7.76,-61.2,10.38,0.0,OK
2026-05-01 01:39:12,623,0.375,0.0303,0.0,37.5,0.01,0.0,-10.33,-61.78,11.92,0.0,OK
2026-05-01 01:39:12,624,0.3527,0.0294,0.0,37.44,0.01,0.0,-8.43,-62.32,10.74,0.0,OK
2026-05-01 01:39:12,625,0.3188,0.0294,0.0,37.38,0.01,0.0,-7.03,-62.7,10.25,0.0,OK
2026-05-01 01:39:12,626,0.3361,0.0294,0.0,37.32,0.01,0.0,-7.8,-60.7,10.68,0.0,OK
2026-05-01 01:39:12,627,0.2922,0.0303,0.0,37.26,0.01,0.0,-7.51,-63.28,8.99,0.0,OK
2026-05-01 01:39:12,628,0.2857,0.0,0.0,37.2,0.01,0.0,-7.02,-63.12,9.0,0.0,OK
2026-05-01 01:39:12,629,0.3188,0.0,0.0,37.14,0.0,0.0,-6.79,-65.71,10.54,0.0,OK
2026-05-01 01:39:12,630,0.3181,0.0429,0.0,37.08,0.0,0.0,-7.33,-67.14,8.57,0.0,OK
2026-05-01 01:39:12,631,0.3278,0.0,0.0,37.03,0.0,0.0,-4.12,-66.62,7.9,0.0,OK
2026-05-01 01:39:12,632,0.3447,0.0322,0.0,36.97,0.0,0.0,-7.84,-68.43,9.4,0.0,OK
2026-05-01 01:39:12,633,0.3324,0.0323,0.0,36.91,0.0,0.0,-10.04,-68.15,11.25,0.0,OK
2026-05-01 01:39:12,634,0.4437,0.0,0.0,36.85,0.0,0.0,-7.57,-69.83,10.09,0.0,OK
2026-05-01 01:39:12,635,0.441,0.0,0.0,36.79,0.0,0.0,-6.3,-70.25,9.76,0.0,OK
2026-05-01 01:39:12,636,0.4019,0.0333,0.0,36.73,0.0,0.0,-7.95,-69.63,9.86,0.0,OK
2026-05-01 01:39:12,637,0.4401,0.0333,0.0,36.68,0.0,0.0,-8.2,-69.61,9.81,0.0,OK
2026-05-01 01:39:12,638,0.4936,0.0,0.0,36.62,0.01,0.0,-8.57,-70.24,8.96,0.01,OK
2026-05-01 01:39:12,639,0.4976,0.0345,0.0,36.56,0.02,0.0,-12.04,-71.43,10.54,0.05,OK
2026-05-01 01:39:12,640,0.4867,0.0,0.0,36.51,0.04,0.0,-12.14,-70.92,9.96,0.08,OK
2026-05-01 01:39:12,641,0.5277,0.0345,0.0,36.45,0.07,0.0,-16.5,-71.07,11.9,0.11,OK
2026-05-01 01:39:12,642,0.5432,0.0,0.0,36.39,0.1,0.0,-13.12,-71.81,8.9,0.15,OK
2026-05-01 01:39:12,643,0.5745,0.0,0.0,36.34,0.13,0.0,-18.69,-71.92,13.5,0.2,OK
2026-05-01 01:39:12,644,0.5541,0.0345,0.0,36.28,0.17,0.0,-14.05,-73.06,9.71,0.25,OK
2026-05-01 01:39:12,645,0.5802,0.0357,0.0,36.22,0.22,0.0,-22.61,-72.55,15.54,0.32,OK
2026-05-01 01:39:12,646,0.6098,0.0505,0.0,36.17,0.28,0.0,-26.04,-72.74,16.48,0.39,OK
2026-05-01 01:39:12,647,0.6004,0.0488,0.0,36.11,0.35,0.0,-25.67,-73.06,16.47,0.47,OK
2026-05-01 01:39:13,648,0.5818,0.0357,0.0,36.06,0.42,0.0,-27.39,-73.45,17.1,0.54,OK
2026-05-01 01:39:13,649,0.4981,0.0345,0.0,36.0,0.49,0.0,-27.11,-73.0,16.71,0.62,OK
2026-05-01 01:39:13,650,0.5676,0.0487,0.0,35.94,0.56,0.0,-24.6,-71.85,12.57,0.69,OK
2026-05-01 01:39:13,651,0.4828,0.0344,0.0,35.89,0.62,0.0,-21.32,-71.63,9.5,0.74,OK
2026-05-01 01:39:13,652,0.5101,0.0,0.0,35.83,0.68,0.0,-23.63,-72.55,12.82,0.78,OK
2026-05-01 01:39:13,653,0.5835,0.0356,0.0,35.78,0.72,0.0,-24.9,-73.78,13.47,0.8,OK
2026-05-01 01:39:13,654,0.6154,0.0345,0.0,35.73,0.77,0.0,-23.14,-73.56,12.97,0.87,OK
2026-05-01 01:39:13,655,0.536,0.0357,0.0,35.67,0.82,0.0,-23.24,-73.35,13.9,0.92,OK
2026-05-01 01:39:13,656,0.5285,0.0522,0.0,35.62,0.88,0.0,-24.65,-72.49,12.41,1.0,OK
2026-05-01 01:39:13,657,0.5291,0.0504,0.0,35.56,0.95,0.0,-23.97,-72.5,11.68,1.06,OK
2026-05-01 01:39:13,658,0.5005,0.0356,0.0,35.51,1.01,0.0,-20.67,-72.27,9.76,1.14,OK
2026-05-01 01:39:13,659,0.5952,0.0823,0.0,35.45,1.09,0.0,-24.49,-73.01,10.91,1.23,OK
2026-05-01 01:39:13,660,0.544,0.0502,0.0,35.4,1.16,0.0,-21.51,-73.19,8.59,1.29,OK
2026-05-01 01:39:13,661,0.5054,0.0344,0.0,35.35,1.23,0.0,-22.74,-74.12,11.58,1.35,OK
2026-05-01 01:39:13,662,0.5854,0.0344,0.0,35.29,1.29,0.0,-22.62,-73.8,12.73,1.41,OK
2026-05-01 01:39:13,663,0.5671,0.0369,0.0,35.24,1.35,0.0,-22.5,-73.18,12.31,1.47,OK
2026-05-01 01:39:13,664,0.5362,0.0369,0.0,35.19,1.41,0.0,-23.74,-72.83,12.68,1.52,OK
2026-05-01 01:39:13,665,0.446,0.0345,0.0,35.14,1.47,0.0,-22.81,-71.06,10.3,1.59,OK
2026-05-01 01:39:13,666,0.4953,0.0344,0.0,35.08,1.54,0.0,-20.55,-71.48,8.55,1.68,OK
2026-05-01 01:39:13,667,0.5876,0.0357,0.0,35.03,1.61,0.0,-23.72,-73.36,14.87,1.74,OK
2026-05-01 01:39:13,668,0.4952,0.047,0.0,34.98,1.69,0.0,-24.86,-71.5,11.85,1.83,OK
2026-05-01 01:39:13,669,0.4887,0.0333,0.0,34.93,1.75,0.0,-24.97,-72.23,12.18,1.88,OK
2026-05-01 01:39:13,670,0.4949,0.0343,0.0,34.87,1.82,0.0,-21.24,-73.11,10.61,1.94,OK
2026-05-01 01:39:13,671,0.5119,0.0,0.0,34.82,1.88,0.0,-20.11,-72.25,10.01,1.99,OK
2026-05-01 01:39:13,672,0.549,0.0,0.0,34.77,1.94,0.0,-22.04,-73.56,11.0,2.05,OK
2026-05-01 01:39:13,673,0.608,0.0,0.0,34.72,2.0,0.0,-22.27,-73.38,10.72,2.1,OK
2026-05-01 01:39:13,674,0.5168,0.0356,0.0,34.67,2.05,0.0,-26.3,-71.73,14.33,2.16,OK
2026-05-01 01:39:13,675,0.4643,0.0,0.0,34.62,2.12,0.0,-28.32,-70.95,15.05,2.24,OK
2026-05-01 01:39:13,676,0.524,0.0505,0.0,34.56,2.18,0.0,-27.79,-71.4,14.89,2.29,OK
2026-05-01 01:39:13,677,0.4431,0.0322,0.0,34.51,2.24,0.0,-27.21,-71.08,14.23,2.35,OK
2026-05-01 01:39:14,678,0.5007,0.0745,0.0,34.46,2.3,0.0,-26.08,-70.8,12.9,2.41,OK
2026-05-01 01:39:14,679,0.4381,0.0344,0.0,34.41,2.36,0.0,-24.09,-71.13,11.49,2.48,OK
2026-05-01 01:39:14,680,0.4757,0.0333,0.0,34.36,2.42,0.0,-24.03,-70.86,11.5,2.54,OK
2026-05-01 01:39:14,681,0.4667,0.0,0.0,34.31,2.5,0.0,-26.35,-71.44,12.71,2.63,OK
2026-05-01 01:39:14,682,0.4597,0.0,0.0,34.26,2.57,0.0,-25.56,-70.99,12.33,2.72,OK
2026-05-01 01:39:14,683,0.4756,0.0712,0.0,34.21,2.68,0.0,-27.34,-72.0,13.13,2.89,OK
2026-05-01 01:39:14,684,0.4353,0.0714,0.0,34.16,2.82,0.0,-26.95,-70.47,14.9,3.08,OK
2026-05-01 01:39:14,685,0.4665,0.0714,0.0,34.11,2.99,0.0,-26.73,-71.16,14.88,3.31,OK
2026-05-01 01:39:14,686,0.466,0.0345,0.0,34.06,3.18,0.0,-29.53,-71.52,14.66,3.53,OK
2026-05-01 01:39:14,687,0.4901,0.0356,0.0,34.01,3.39,0.0,-27.93,-71.86,13.76,3.78,OK
2026-05-01 01:39:14,688,0.5007,0.0357,0.0,33.96,3.62,0.0,-27.27,-71.86,12.42,4.06,OK
2026-05-01 01:39:14,689,0.4936,0.0356,0.0,33.91,3.84,0.0,-27.92,-71.6,13.7,4.25,OK
2026-05-01 01:39:14,690,0.4798,0.0356,0.0,33.86,4.05,0.0,-25.13,-71.62,12.1,4.43,OK
2026-05-01 01:39:14,691,0.4843,0.0357,0.0,33.82,4.25,0.0,-28.63,-71.95,15.58,4.62,OK
2026-05-01 01:39:14,692,0.4584,0.0333,0.0,33.77,4.45,0.0,-29.51,-71.58,16.55,4.82,OK
2026-05-01 01:39:14,693,0.4992,0.0344,0.0,33.72,4.67,0.0,-26.25,-72.69,12.52,5.09,OK
2026-05-01 01:39:14,694,0.3812,0.0344,0.0,33.67,4.92,0.0,-25.54,-71.17,12.78,5.38,OK
2026-05-01 01:39:14,695,0.3766,0.0471,0.0,33.62,5.19,0.0,-28.05,-70.71,14.59,5.69,OK
2026-05-01 01:39:14,696,0.4884,0.0357,0.0,33.57,5.45,0.0,-29.55,-71.85,16.78,5.95,OK
2026-05-01 01:39:14,697,0.3973,0.0688,0.0,33.52,5.73,0.0,-26.63,-72.35,13.72,6.24,OK
2026-05-01 01:39:14,698,0.46,0.0357,0.0,33.48,5.97,0.0,-25.96,-73.28,13.32,6.42,OK
2026-05-01 01:39:14,699,0.4586,0.0369,0.0,33.43,6.21,0.0,-25.49,-71.32,13.51,6.65,OK
2026-05-01 01:39:14,700,0.4312,0.0504,0.0,33.38,6.4,0.0,-26.75,-72.21,15.23,6.76,OK
2026-05-01 01:39:14,701,0.4723,0.0487,0.0,33.33,6.58,0.0,-26.59,-72.13,13.46,6.91,OK
2026-05-01 01:39:14,702,0.5007,0.0504,0.0,33.29,6.72,0.0,-24.45,-72.2,11.44,6.99,OK
2026-05-01 01:39:14,703,0.5,0.0369,0.0,33.24,6.85,0.0,-26.33,-72.56,13.87,7.08,OK
2026-05-01 01:39:14,704,0.4679,0.037,0.0,33.19,6.94,0.0,-25.77,-72.45,12.94,7.11,OK
2026-05-01 01:39:14,705,0.3993,0.0488,0.0,33.14,7.02,0.0,-25.63,-72.26,15.52,7.17,OK
2026-05-01 01:39:14,706,0.4451,0.0345,0.0,33.1,7.14,0.0,-24.76,-72.36,13.66,7.36,OK
2026-05-01 01:39:14,707,0.4243,0.0487,0.0,33.05,7.29,0.0,-27.99,-71.98,16.53,7.56,OK
2026-05-01 01:39:15,708,0.4766,0.0345,0.0,33.0,7.46,0.0,-24.37,-71.56,12.73,7.77,OK
2026-05-01 01:39:15,709,0.427,0.0797,0.0,32.96,7.64,0.0,-24.98,-71.99,12.77,7.98,OK
2026-05-01 01:39:15,710,0.3704,0.0504,0.0,32.91,7.83,0.0,-24.3,-71.28,11.77,8.19,OK
2026-05-01 01:39:15,711,0.4041,0.0357,0.0,32.87,8.03,0.0,-25.06,-70.79,13.18,8.39,OK
2026-05-01 01:39:15,712,0.4263,0.0345,0.0,32.82,8.23,0.0,-25.39,-71.53,13.76,8.62,OK
2026-05-01 01:39:15,713,0.4068,0.0322,0.0,32.77,8.46,0.0,-28.53,-70.31,14.96,8.89,OK
2026-05-01 01:39:15,714,0.4125,0.0322,0.0,32.73,8.68,0.0,-27.73,-70.46,13.99,9.07,OK
2026-05-01 01:39:15,715,0.4717,0.0504,0.0,32.68,8.89,0.0,-26.32,-72.19,14.47,9.27,OK
2026-05-01 01:39:15,716,0.4328,0.0357,0.0,32.64,9.09,0.0,-26.32,-72.19,14.47,9.46,OK
2026-05-01 01:39:15,717,0.4578,0.0502,0.0,32.59,9.29,0.0,-21.08,-72.56,9.86,9.66,OK
2026-05-01 01:39:15,718,0.4383,0.0854,0.0,32.55,9.48,0.0,-19.97,-73.35,8.81,9.84,OK
2026-05-01 01:39:15,719,0.4045,0.0,0.0,32.5,9.67,0.0,-23.96,-70.88,12.52,10.02,OK
2026-05-01 01:39:15,720,0.4333,0.0345,0.0,32.45,9.87,0.0,-26.38,-71.34,14.24,10.24,OK
2026-05-01 01:39:15,721,0.4304,0.0345,0.0,32.41,10.07,0.0,-28.68,-70.74,15.51,10.45,OK
2026-05-01 01:39:15,722,0.5006,0.0369,0.0,32.37,10.27,0.0,-26.07,-73.07,13.04,10.64,OK
2026-05-01 01:39:15,723,0.4418,0.0356,0.0,32.32,10.45,0.0,-27.25,-72.2,13.69,10.79,OK
2026-05-01 01:39:15,724,0.4314,0.0,0.0,32.28,10.62,0.0,-28.3,-70.76,15.1,10.93,OK
2026-05-01 01:39:15,725,0.4081,0.0357,0.0,32.23,10.77,0.0,-28.56,-70.92,15.44,11.06,OK
2026-05-01 01:39:15,726,0.4348,0.0714,0.0,32.19,10.93,0.0,-28.78,-71.21,17.22,11.21,OK
2026-05-01 01:39:15,727,0.4333,0.0,0.0,32.14,11.07,0.0,-27.49,-71.33,17.0,11.33,OK
2026-05-01 01:39:15,728,0.4491,0.0345,0.0,32.1,11.2,0.0,-24.46,-71.93,12.31,11.45,OK
2026-05-01 01:39:15,729,0.3976,0.069,0.0,32.05,11.32,0.0,-24.48,-70.57,12.12,11.54,OK
2026-05-01 01:39:15,730,0.3749,0.0,0.0,32.01,11.46,0.0,-22.82,-70.47,12.2,11.73,OK
2026-05-01 01:39:15,731,0.4113,0.0345,0.0,31.97,11.64,0.0,-26.27,-71.11,13.7,11.97,OK
2026-05-01 01:39:15,732,0.4305,0.0345,0.0,31.92,11.86,0.0,-26.42,-71.7,14.8,12.27,OK
2026-05-01 01:39:15,733,0.4626,0.037,0.0,31.88,12.1,0.0,-28.21,-71.85,17.4,12.56,OK
2026-05-01 01:39:15,734,0.452,0.0524,0.0,31.84,12.38,0.0,-28.47,-71.81,18.33,12.9,OK
2026-05-01 01:39:15,735,0.4523,0.0471,0.0,31.79,12.65,0.0,-26.14,-70.24,14.17,13.15,OK
2026-05-01 01:39:15,736,0.4118,0.0471,0.0,31.75,12.85,0.0,-24.28,-71.3,13.62,13.22,OK
2026-05-01 01:39:15,737,0.4548,0.0333,0.0,31.71,13.01,0.0,-22.26,-70.33,8.83,13.29,OK
2026-05-01 01:39:15,738,0.3927,0.0455,0.0,31.66,13.11,0.0,-21.34,-69.3,8.21,13.3,OK
2026-05-01 01:39:16,739,0.307,0.0294,0.0,31.62,13.2,0.0,-19.66,-64.81,7.9,13.37,OK
2026-05-01 01:39:16,740,0.3135,0.0303,0.0,31.58,13.26,0.0,-21.01,-65.76,9.34,13.37,OK
2026-05-01 01:39:16,741,0.2719,0.0513,0.0,31.54,13.31,0.0,-22.65,-57.41,10.14,13.42,OK
2026-05-01 01:39:16,742,0.2332,0.0465,0.0,31.49,13.4,0.0,-22.01,-53.13,10.25,13.55,OK
2026-05-01 01:39:16,743,0.2233,0.0238,0.0,31.45,14.14,0.033,-21.39,-53.24,9.02,13.64,OK
2026-05-01 01:39:16,744,0.2713,0.0233,0.0,31.41,14.11,0.0,-18.02,-49.7,9.29,13.75,OK
2026-05-01 01:39:16,745,0.2563,0.0222,0.0,31.37,14.09,0.0,-18.11,-48.8,8.14,13.86,OK
2026-05-01 01:39:16,746,0.2844,0.0465,0.0,31.33,14.07,0.0,-7.28,-20.04,3.82,13.87,OK
2026-05-01 01:39:16,747,0.2657,0.0222,0.0,31.28,14.06,0.0,-11.27,-44.11,5.14,13.85,OK
2026-05-01 01:39:16,748,0.2422,0.0435,0.0,31.24,14.04,0.0,-5.45,-17.69,3.58,13.8,OK
2026-05-01 01:39:16,749,0.2624,0.0408,0.0,31.2,14.01,0.0,-7.61,-16.08,3.74,13.71,OK
2026-05-01 01:39:16,750,0.2418,0.0408,0.0,31.16,13.98,0.0,-5.33,-12.45,3.59,13.59,OK
2026-05-01 01:39:16,751,0.2336,0.02,0.0,31.12,13.94,0.0,-3.89,-9.26,2.02,13.48,OK
2026-05-01 01:39:16,752,0.2415,0.0196,0.0,31.08,13.89,0.0,-4.58,-8.71,2.59,13.34,OK
2026-05-01 01:39:16,753,0.2427,0.0277,0.0,31.03,13.83,0.0,-4.51,-6.04,1.01,13.2,OK
2026-05-01 01:39:16,754,0.2366,0.0277,0.0,30.99,13.77,0.0,-4.02,-6.01,0.82,13.04,OK
2026-05-01 01:39:16,755,0.2629,0.0392,0.0,30.95,13.7,0.0,-2.69,-4.38,0.42,12.88,OK
2026-05-01 01:39:16,756,0.2519,0.0192,0.0,30.91,13.62,0.0,-2.9,-3.16,0.42,12.71,OK
2026-05-01 01:39:16,757,0.2594,0.0283,0.0,30.87,13.53,0.0,-3.5,-2.44,-0.17,12.53,OK
2026-05-01 01:39:16,758,0.2588,0.0385,0.0,30.83,13.44,0.0,-2.43,-0.61,-0.94,12.36,OK
2026-05-01 01:39:16,759,0.2581,0.0192,0.0,30.79,13.34,0.0,-2.88,-0.97,-0.57,12.17,OK
2026-05-01 01:39:16,760,0.2403,0.043,0.0,30.75,13.23,0.0,2.91,-14.61,-1.58,11.97,OK
2026-05-01 01:39:16,761,0.2397,0.0272,0.0,30.71,13.11,0.0,-3.61,1.59,-0.7,11.71,OK
2026-05-01 01:39:16,762,0.2664,0.0196,0.0,30.67,12.97,0.0,2.41,-14.55,-1.62,11.43,OK
2026-05-01 01:39:16,763,0.2623,0.0189,0.0,30.63,12.82,0.0,-3.14,1.48,-1.02,11.12,OK
2026-05-01 01:39:16,764,0.2701,0.0196,0.0,30.59,12.66,0.0,-2.59,2.69,-0.71,10.81,OK
2026-05-01 01:39:16,765,0.2813,0.0384,0.0,30.55,12.49,0.0,4.95,-8.44,-1.13,10.52,OK
2026-05-01 01:39:16,766,0.2813,0.0385,0.0,30.51,12.31,0.0,5.0,-9.18,-1.08,10.23,OK
2026-05-01 01:39:16,767,0.2816,0.0438,0.0,30.47,12.12,0.0,-1.65,4.4,-0.09,9.94,OK
2026-05-01 01:39:17,768,0.2891,0.0192,0.0,30.43,11.92,0.0,5.03,-5.85,-0.22,9.66,OK
2026-05-01 01:39:17,769,0.2855,0.0438,0.0,30.39,11.72,0.0,-1.41,4.14,-0.83,9.35,OK
2026-05-01 01:39:17,770,0.2781,0.0196,0.0,30.35,11.5,0.0,5.23,-5.39,-0.94,9.04,OK
2026-05-01 01:39:17,771,0.2817,0.0385,0.0,30.31,11.28,0.0,5.59,-7.01,-0.97,8.73,OK
2026-05-01 01:39:17,772,0.2812,0.043,0.0,30.27,11.05,0.0,-2.2,6.28,-0.88,8.38,OK
2026-05-01 01:39:17,773,0.2553,0.0392,0.0,30.23,10.81,0.0,-0.67,6.06,-1.53,8.04,OK
2026-05-01 01:39:17,774,0.2586,0.0588,0.0,30.19,10.56,0.0,6.1,-5.31,-1.49,7.67,OK
2026-05-01 01:39:17,775,0.2778,0.0385,0.0,30.15,10.3,0.0,-1.06,6.85,-0.95,7.31,OK
2026-05-01 01:39:17,776,0.2888,0.0192,0.0,30.12,10.03,0.0,5.38,-5.6,-1.13,6.95,OK
2026-05-01 01:39:17,777,0.2887,0.0189,0.0,30.08,9.76,0.0,6.45,-3.92,-0.94,6.61,OK
2026-05-01 01:39:17,778,0.2662,0.043,0.0,30.04,9.48,0.0,6.31,-4.88,-1.33,6.29,OK
2026-05-01 01:39:17,779,0.2702,0.043,0.0,30.0,9.2,0.0,6.31,-4.88,-1.33,6.0,OK
2026-05-01 01:39:17,780,0.2551,0.0192,0.0,29.96,8.92,0.0,4.23,-4.65,-1.2,5.73,OK
2026-05-01 01:39:17,781,0.2629,0.0196,0.0,29.92,8.65,0.0,-2.13,7.05,-1.36,5.45,OK
2026-05-01 01:39:17,782,0.2605,0.0438,0.0,29.89,8.37,0.0,-1.62,5.69,-1.92,5.19,OK
2026-05-01 01:39:17,783,0.2675,0.0277,0.0,29.85,8.09,0.0,5.1,-3.15,-1.62,4.94,OK
2026-05-01 01:39:17,784,0.2662,0.0377,0.0,29.81,7.82,0.0,6.4,-4.87,-1.07,4.7,OK
2026-05-01 01:39:17,785,0.2662,0.0422,0.0,29.77,7.55,0.0,5.71,-4.69,-1.18,4.46,OK
2026-05-01 01:39:17,786,0.2475,0.0185,0.0,29.73,7.29,0.0,4.2,-4.39,-0.79,4.23,OK
2026-05-01 01:39:17,787,0.2586,0.0262,0.0,29.7,7.03,0.0,4.62,-4.61,-0.94,4.01,OK
2026-05-01 01:39:17,788,0.2631,0.0577,0.0,29.66,6.77,0.0,5.6,-2.26,-1.03,3.79,OK
2026-05-01 01:39:17,789,0.2475,0.0272,0.0,29.62,6.51,0.0,-1.59,6.6,-1.5,3.59,OK
2026-05-01 01:39:17,790,0.2549,0.0272,0.0,29.58,6.26,0.0,-1.59,6.6,-1.5,3.39,OK
2026-05-01 01:39:17,791,0.2591,0.0377,0.0,29.55,6.02,0.0,-1.38,6.15,-1.05,3.2,OK
2026-05-01 01:39:17,792,0.2511,0.0185,0.0,29.51,5.78,0.0,6.16,-5.56,-0.84,3.01,OK
2026-05-01 01:39:17,793,0.1881,0.0384,0.0,29.47,7.55,0.033,-4.16,8.11,-1.89,2.84,OK
2026-05-01 01:39:17,794,0.1952,0.0272,0.0,29.43,8.46,0.067,-3.62,8.6,-2.19,2.65,OK
2026-05-01 01:39:17,795,0.2071,0.0392,0.0,29.4,8.5,0.1,-0.64,6.24,-1.73,2.47,OK
2026-05-01 01:39:17,796,0.2594,0.0392,0.0,31.62,8.01,0.0,5.37,-3.5,-1.42,2.31,OK
2026-05-01 01:39:17,797,0.2566,0.0392,0.0,31.58,7.54,0.0,6.38,-1.5,-1.49,2.14,OK
2026-05-01 01:39:18,798,0.2627,0.0196,0.0,31.54,7.09,0.0,-0.39,8.38,-1.31,1.98,OK
2026-05-01 01:39:18,799,0.2618,0.0196,0.0,31.5,6.67,0.0,0.33,8.13,-1.68,1.83,OK
2026-05-01 01:39:18,800,0.2661,0.0385,0.0,31.46,6.27,0.0,-1.83,7.07,-1.03,1.69,OK
2026-05-01 01:39:18,801,0.2661,0.0385,0.0,31.42,5.9,0.0,-3.34,7.02,-1.04,1.55,OK
2026-05-01 01:39:18,802,0.3012,0.0385,0.0,31.38,5.54,0.0,-0.98,6.82,-0.49,1.43,OK
2026-05-01 01:39:18,803,0.2662,0.0422,0.0,31.34,5.2,0.0,-1.9,5.91,-1.43,1.31,OK
2026-05-01 01:39:18,804,0.2737,0.0377,0.0,31.3,4.88,0.0,-1.93,6.7,-1.15,1.21,OK
2026-05-01 01:39:18,805,0.2888,0.0392,0.0,31.27,4.58,0.0,-0.7,7.2,-1.35,1.11,OK
2026-05-01 01:39:18,806,0.2776,0.0392,0.0,31.23,4.3,0.0,-0.53,6.2,-1.09,1.02,OK
2026-05-01 01:39:18,807,0.2858,0.0196,0.0,31.19,4.03,0.0,5.7,-3.85,-1.56,0.94,OK
2026-05-01 01:39:18,808,0.2861,0.0196,0.0,31.15,3.77,0.0,-1.32,6.33,-1.37,0.87,OK
2026-05-01 01:39:18,809,0.2661,0.0272,0.0,31.11,3.54,0.0,5.53,-4.86,-1.07,0.8,OK
2026-05-01 01:39:18,810,0.2816,0.043,0.0,31.07,3.31,0.0,6.15,-7.76,-1.17,0.73,OK
2026-05-01 01:39:18,811,0.2849,0.0196,0.0,31.03,3.1,0.0,-0.31,6.05,-0.97,0.67,OK
2026-05-01 01:39:18,812,0.2891,0.04,0.0,31.0,2.9,0.0,0.05,6.97,-1.07,0.62,OK
2026-05-01 01:39:18,813,0.289,0.0385,0.0,30.96,2.72,0.0,5.29,-4.26,-0.77,0.57,OK
2026-05-01 01:39:18,814,0.2891,0.0196,0.0,30.92,2.54,0.0,-0.56,6.69,-0.98,0.53,OK
2026-05-01 01:39:18,815,0.2816,0.0277,0.0,30.88,2.38,0.0,-0.57,6.38,-1.15,0.48,OK
2026-05-01 01:39:18,816,0.2594,0.0392,0.0,30.84,2.22,0.0,-0.98,5.93,-0.9,0.44,OK
2026-05-01 01:39:18,817,0.2668,0.0385,0.0,30.81,2.08,0.0,-0.4,6.85,-0.58,0.41,OK
2026-05-01 01:39:18,818,0.2812,0.0385,0.0,30.77,1.94,0.0,6.04,-7.11,-1.22,0.38,OK
2026-05-01 01:39:18,819,0.2662,0.0392,0.0,30.73,1.81,0.0,6.04,-7.11,-1.22,0.35,OK
2026-05-01 01:39:18,820,0.2662,0.0392,0.0,30.69,1.69,0.0,4.79,-6.5,-1.17,0.32,OK
2026-05-01 01:39:18,821,0.2662,0.0385,0.0,30.66,1.58,0.0,4.8,-6.68,-1.36,0.29,OK
2026-05-01 01:39:18,822,0.2588,0.0438,0.0,30.62,1.48,0.0,-1.39,5.54,-0.71,0.27,OK
2026-05-01 01:39:18,823,0.2666,0.04,0.0,30.58,1.38,0.0,-1.23,6.51,-0.75,0.25,OK
2026-05-01 01:39:18,824,0.292,0.0196,0.0,30.55,1.29,0.0,0.38,5.78,-1.0,0.23,OK
2026-05-01 01:39:18,825,0.3006,0.043,0.0,30.51,1.2,0.0,-1.4,4.72,-0.94,0.21,OK
2026-05-01 01:39:18,826,0.3039,0.0272,0.0,30.47,1.12,0.0,0.09,4.8,-0.97,0.19,OK
2026-05-01 01:39:18,827,0.2889,0.0438,0.0,30.43,1.04,0.0,0.45,4.38,-0.59,0.18,OK
2026-05-01 01:39:19,828,0.2891,0.0438,0.0,30.4,0.97,0.0,0.16,4.71,-0.75,0.16,OK
2026-05-01 01:39:19,829,0.2782,0.0392,0.0,30.36,0.91,0.0,6.48,-7.39,-1.44,0.15,OK
2026-05-01 01:39:19,830,0.2737,0.0392,0.0,30.32,0.85,0.0,-1.24,4.64,-1.05,0.14,OK
2026-05-01 01:39:19,831,0.2668,0.0277,0.0,30.29,0.79,0.0,-0.17,4.66,-0.4,0.13,OK
2026-05-01 01:39:19,832,0.2663,0.0277,0.0,30.25,0.74,0.0,-0.24,4.37,-0.58,0.12,OK
2026-05-01 01:39:19,833,0.2782,0.0392,0.0,30.22,0.68,0.0,5.21,-4.61,-0.52,0.11,OK
2026-05-01 01:39:19,834,0.2904,0.0438,0.0,30.18,0.64,0.0,-1.29,5.39,-0.44,0.1,OK
2026-05-01 01:39:19,835,0.278,0.0392,0.0,30.14,0.59,0.0,6.85,-6.3,-0.63,0.09,OK
2026-05-01 01:39:19,836,0.2352,0.0422,0.0,30.11,0.55,0.0,6.85,-7.07,-0.99,0.08,OK
2026-05-01 01:39:19,837,0.2431,0.0385,0.0,30.07,0.52,0.0,5.7,-7.81,-0.78,0.08,OK
2026-05-01 01:39:19,838,0.1981,0.0392,0.0,30.04,2.56,0.033,6.62,-4.18,-1.02,0.07,OK
2026-05-01 01:39:19,839,0.2004,0.0392,0.0,30.0,3.99,0.067,7.9,-4.6,-0.59,0.07,OK
2026-05-01 01:39:19,840,0.2008,0.04,0.0,29.96,5.14,0.1,-2.16,7.81,-1.64,0.06,OK
2026-05-01 01:39:19,841,0.2088,0.0196,0.0,29.93,5.64,0.133,-1.55,5.49,-0.73,0.06,OK
2026-05-01 01:39:19,842,0.2055,0.04,0.0,29.89,6.41,0.167,-1.81,5.0,-0.94,0.05,OK
2026-05-01 01:39:19,843,0.2363,0.0392,0.0,31.99,5.9,0.0,-0.78,6.14,-0.44,0.05,OK
2026-05-01 01:39:19,844,0.2317,0.043,0.0,31.95,5.43,0.0,4.64,-4.4,-0.53,0.04,OK
2026-05-01 01:39:19,845,0.2018,0.0384,0.0,31.91,5.52,0.033,-3.63,5.17,-0.98,0.04,OK
2026-05-01 01:39:19,846,0.2165,0.0277,0.0,31.88,5.38,0.067,-3.21,7.18,-1.17,0.04,OK
2026-05-01 01:39:19,847,0.2353,0.0192,0.0,33.96,4.95,0.0,4.89,-3.55,-0.69,0.03,OK
2026-05-01 01:39:19,848,0.255,0.0192,0.0,33.92,4.56,0.0,-2.82,8.22,-0.6,0.03,OK
2026-05-01 01:39:19,849,0.2323,0.0189,0.0,33.88,4.2,0.0,5.31,-5.9,-1.12,0.03,OK
2026-05-01 01:39:19,850,0.2364,0.0385,0.0,33.84,3.86,0.0,-1.33,6.75,-0.9,0.03,OK
2026-05-01 01:39:19,851,0.2287,0.0385,0.0,33.8,3.63,0.033,6.78,-6.78,-1.03,0.02,OK
2026-05-01 01:39:19,852,0.2212,0.0283,0.0,33.76,3.58,0.067,-2.2,6.33,-1.39,0.02,OK
2026-05-01 01:39:19,853,0.2117,0.0283,0.0,33.72,4.2,0.1,-2.2,6.33,-1.39,0.02,OK
2026-05-01 01:39:19,854,0.2202,0.0438,0.0,33.68,4.32,0.133,-1.49,6.86,-1.28,0.02,OK
2026-05-01 01:39:19,855,0.2132,0.04,0.0,33.64,5.07,0.167,-2.08,5.17,-1.22,0.02,OK
2026-05-01 01:39:19,856,0.2364,0.0385,0.0,35.71,4.67,0.0,-2.75,6.74,-0.91,0.02,OK
2026-05-01 01:39:19,857,0.2364,0.0385,0.0,35.66,4.3,0.0,5.1,-5.3,-0.7,0.01,OK
2026-05-01 01:39:20,858,0.2323,0.0196,0.0,35.62,3.95,0.0,-3.49,4.63,-1.01,0.01,OK
2026-05-01 01:39:20,859,0.2358,0.0438,0.0,35.58,3.64,0.0,-4.11,5.08,-0.89,0.01,OK
2026-05-01 01:39:20,860,0.2321,0.0588,0.0,35.54,3.35,0.0,4.53,-5.58,-0.9,0.01,OK
2026-05-01 01:39:20,861,0.24,0.0632,0.0,35.5,3.08,0.0,-3.71,5.53,-0.97,0.01,OK
2026-05-01 01:39:20,862,0.2276,0.06,0.0,35.46,2.93,0.033,-4.01,5.52,-1.06,0.01,OK
2026-05-01 01:39:20,863,0.2328,0.0816,0.0,35.42,2.69,0.0,-2.08,4.06,-0.4,0.01,OK
2026-05-01 01:39:20,864,0.2368,0.102,0.0,35.38,2.48,0.0,-1.43,4.27,-0.48,0.01,OK
2026-05-01 01:39:20,865,0.2363,0.2448,0.0,35.33,2.28,0.0,-5.79,5.71,-0.55,0.01,OK
2026-05-01 01:39:20,866,0.2367,0.2244,0.0,35.29,2.1,0.0,-4.81,3.78,-0.23,0.01,OK
2026-05-01 01:39:20,867,0.2406,0.4399,0.0,35.25,1.93,0.0,-6.82,2.67,-0.05,0.01,OK
2026-05-01 01:39:20,868,0.2259,0.3999,0.0,35.21,1.89,0.033,-5.8,2.78,-0.5,0.01,OK
2026-05-01 01:39:20,869,0.2734,0.5207,0.0,35.17,1.74,0.0,-4.58,3.24,-0.18,0.01,OK
2026-05-01 01:39:20,870,0.2946,0.4897,0.0,35.13,1.6,0.0,-5.9,0.4,0.87,0.0,OK
2026-05-01 01:39:20,871,0.2844,0.4902,0.0,35.09,1.48,0.0,-6.38,1.76,0.52,0.0,OK
2026-05-01 01:39:20,872,0.2884,0.4791,0.0,35.05,1.36,0.0,-4.13,-2.63,0.94,0.0,OK
2026-05-01 01:39:20,873,0.2691,0.4564,0.0,35.01,1.25,0.0,-4.75,-1.28,0.67,0.0,OK
2026-05-01 01:39:20,874,0.267,0.625,0.0,34.97,1.19,0.0,-5.47,-1.23,0.87,0.0,OK
2026-05-01 01:39:20,875,0.2713,0.6252,0.0,34.93,1.18,0.0,-5.56,-2.2,0.71,0.0,OK
2026-05-01 01:39:20,876,0.2811,0.6599,0.0,34.89,1.33,0.0,-6.41,-0.8,1.23,0.0,OK
2026-05-01 01:39:20,877,0.2932,0.6809,0.0,34.85,1.61,0.0,-6.69,-1.22,1.1,0.0,OK
2026-05-01 01:39:20,878,0.2969,0.6809,0.0,34.81,1.98,0.0,-7.66,0.18,0.75,0.0,OK
2026-05-01 01:39:20,879,0.2544,0.7347,0.0,34.77,2.41,0.0,-8.96,-0.88,1.36,0.0,OK
2026-05-01 01:39:20,880,0.2615,0.7603,0.0,34.73,2.87,0.0,-8.77,-1.51,1.25,0.0,OK
2026-05-01 01:39:20,881,0.2663,0.6875,0.0,34.69,3.36,0.0,-10.21,-0.82,1.26,0.0,OK
2026-05-01 01:39:20,882,0.2703,0.7661,0.0,34.65,3.87,0.0,-9.08,1.4,1.24,0.0,OK
2026-05-01 01:39:20,883,0.2693,0.7293,0.0,34.62,4.38,0.0,-9.47,0.08,1.29,0.0,OK
2026-05-01 01:39:20,884,0.262,0.7236,0.0,34.58,4.9,0.0,-9.25,-1.21,1.99,0.0,OK
2026-05-01 01:39:20,885,0.2734,0.8164,0.0,34.54,5.43,0.0,-9.01,1.6,1.24,0.0,OK
2026-05-01 01:39:20,886,0.254,0.7197,0.0,34.5,5.95,0.0,-10.0,2.13,0.17,0.0,OK
2026-05-01 01:39:20,887,0.2553,0.796,0.0,34.46,6.48,0.0,-10.18,0.1,0.67,0.0,OK
2026-05-01 01:39:21,888,0.246,0.7554,0.0,34.42,7.01,0.0,-9.88,-0.2,1.88,0.0,OK
2026-05-01 01:39:21,889,0.2617,0.7003,0.0,34.38,7.36,0.0,-10.64,1.28,1.48,0.0,OK
2026-05-01 01:39:21,890,0.2658,0.765,0.0,34.34,7.58,0.0,-9.46,0.52,1.86,0.0,OK
2026-05-01 01:39:21,891,0.2663,0.7454,0.0,34.3,7.73,0.0,-10.21,0.46,1.98,0.0,OK
2026-05-01 01:39:21,892,0.262,0.7146,0.0,34.27,7.82,0.0,-10.16,0.16,1.28,0.0,OK
2026-05-01 01:39:21,893,0.2693,0.7345,0.0,34.23,7.89,0.0,-9.7,1.51,1.46,0.0,OK
2026-05-01 01:39:21,894,0.2898,0.6534,0.0,34.19,7.93,0.0,-9.54,1.18,1.83,0.0,OK
2026-05-01 01:39:21,895,0.2782,0.6878,0.0,34.15,7.95,0.0,-9.29,0.02,1.51,0.0,OK
2026-05-01 01:39:21,896,0.2535,0.6864,0.0,34.11,7.97,0.0,-10.47,2.4,1.95,0.0,OK
2026-05-01 01:39:21,897,0.2464,0.694,0.0,34.08,7.98,0.0,-9.77,1.85,1.73,0.0,OK
2026-05-01 01:39:21,898,0.2537,0.5494,0.0,34.04,7.34,0.0,-10.28,2.61,1.86,0.0,OK
2026-05-01 01:39:21,899,0.246,0.5196,0.0,34.0,6.75,0.0,-9.92,2.58,2.53,0.0,OK
2026-05-01 01:39:21,900,0.2461,0.5003,0.0,33.96,6.21,0.0,-9.68,3.09,1.95,0.0,OK
2026-05-01 01:39:21,901,0.2421,0.44,0.0,33.92,5.72,0.0,-9.95,3.11,1.4,0.0,OK
2026-05-01 01:39:21,902,0.2313,0.4599,0.0,33.89,5.26,0.0,-10.2,2.73,1.33,0.0,OK
2026-05-01 01:39:21,903,0.2386,0.2941,0.0,33.85,4.84,0.0,-9.31,1.7,1.47,0.0,OK
2026-05-01 01:39:21,904,0.2422,0.2999,0.0,33.81,4.45,0.0,-9.17,2.53,1.36,0.0,OK
2026-05-01 01:39:21,905,0.2206,0.2361,0.0,33.77,4.29,0.033,-9.74,-0.42,1.81,0.0,OK
2026-05-01 01:39:21,906,0.2308,0.2,0.0,33.74,3.94,0.0,-10.23,1.97,1.5,0.0,OK
2026-05-01 01:39:21,907,0.2228,0.22,0.0,33.7,3.79,0.033,-8.63,1.02,0.22,0.0,OK
2026-05-01 01:39:21,908,0.2386,0.1569,0.0,33.66,3.48,0.0,-8.36,2.85,0.16,0.0,OK
2026-05-01 01:39:21,909,0.2308,0.1346,0.0,33.63,3.2,0.0,-8.42,1.29,0.5,0.0,OK
2026-05-01 01:39:21,910,0.2343,0.1346,0.0,33.59,2.95,0.0,-6.15,3.05,0.71,0.0,OK
2026-05-01 01:39:21,911,0.2381,0.1176,0.0,33.55,2.71,0.0,-7.23,2.47,0.68,0.0,OK
2026-05-01 01:39:21,912,0.2427,0.1346,0.0,33.52,2.5,0.0,-7.74,4.02,0.02,0.0,OK
2026-05-01 01:39:21,913,0.2436,0.1346,0.0,33.48,2.3,0.0,-7.14,3.02,0.33,0.0,OK
2026-05-01 01:39:21,914,0.2354,0.0943,0.0,33.44,2.11,0.0,-6.86,5.38,-0.31,0.0,OK
2026-05-01 01:39:21,915,0.2433,0.0566,0.0,33.41,1.94,0.0,-4.3,4.54,-0.34,0.0,OK
2026-05-01 01:39:21,916,0.2466,0.0597,0.0,33.37,1.79,0.0,-5.23,4.46,-0.21,0.0,OK
2026-05-01 01:39:21,917,0.2436,0.0536,0.0,33.33,1.64,0.0,-4.89,5.94,-0.2,0.0,OK
2026-05-01 01:39:22,918,0.2471,0.0536,0.0,33.3,1.51,0.0,-4.47,5.5,-0.01,0.0,OK
2026-05-01 01:39:22,919,0.2554,0.0377,0.0,33.26,1.39,0.0,-3.74,8.48,-0.83,0.0,OK
2026-05-01 01:39:22,920,0.2476,0.037,0.0,33.22,1.28,0.0,-4.35,8.01,-0.91,0.0,OK
2026-05-01 01:39:22,921,0.2436,0.037,0.0,33.19,1.18,0.0,-2.92,6.87,-0.5,0.0,OK
2026-05-01 01:39:22,922,0.2323,0.0364,0.0,33.15,1.08,0.0,-2.97,6.53,-0.76,0.0,OK
2026-05-01 01:39:22,923,0.2318,0.0257,0.0,33.12,1.0,0.0,-2.81,6.92,-0.86,0.0,OK
2026-05-01 01:39:22,924,0.2667,0.0252,0.0,33.08,0.92,0.0,-2.58,7.34,-1.06,0.0,OK
2026-05-01 01:39:22,925,0.2596,0.0357,0.0,33.05,0.84,0.0,8.79,-4.75,-0.21,0.0,OK
2026-05-01 01:39:22,926,0.2558,0.0357,0.0,33.01,0.78,0.0,-2.98,8.44,-0.64,0.0,OK
2026-05-01 01:39:22,927,0.2553,0.0357,0.0,32.97,0.71,0.0,-2.98,8.44,-0.64,0.0,OK
2026-05-01 01:39:22,928,0.2518,0.0182,0.0,32.94,0.66,0.0,9.95,-3.95,-0.49,0.0,OK
2026-05-01 01:39:22,929,0.2518,0.0182,0.0,32.9,0.6,0.0,8.51,-3.98,-0.53,0.0,OK
2026-05-01 01:39:22,930,0.2751,0.037,0.0,32.87,0.56,0.0,-1.37,6.08,-0.84,0.0,OK
2026-05-01 01:39:22,931,0.2634,0.0179,0.0,32.83,0.51,0.0,-1.0,7.5,-0.66,0.0,OK
2026-05-01 01:39:22,932,0.2686,0.0185,0.0,32.8,0.47,0.0,-1.33,7.03,-0.61,0.0,OK
2026-05-01 01:39:22,933,0.2627,0.037,0.0,32.76,0.43,0.0,9.29,-5.56,-0.66,0.0,OK
2026-05-01 01:39:22,934,0.2626,0.0185,0.0,32.73,0.4,0.0,9.35,-5.5,-0.85,0.0,OK
2026-05-01 01:39:22,935,0.2706,0.0185,0.0,32.69,0.37,0.0,7.98,-5.36,-0.51,0.0,OK
2026-05-01 01:39:22,936,0.2706,0.0185,0.0,32.66,0.34,0.0,7.33,-5.44,-0.42,0.0,OK
2026-05-01 01:39:22,937,0.2633,0.0185,0.0,32.62,0.31,0.0,8.69,-4.88,-0.66,0.0,OK
2026-05-01 01:39:22,938,0.2673,0.0185,0.0,32.59,0.29,0.0,8.61,-4.92,-0.47,0.0,OK
2026-05-01 01:39:22,939,0.2671,0.0262,0.0,32.55,0.26,0.0,9.17,-7.52,-0.7,0.0,OK
2026-05-01 01:39:22,940,0.2596,0.0182,0.0,32.52,0.24,0.0,9.31,-7.69,-0.87,0.0,OK
2026-05-01 01:39:22,941,0.2737,0.0185,0.0,32.48,0.22,0.0,7.01,-6.13,-0.63,0.0,OK
2026-05-01 01:39:22,942,0.2599,0.0262,0.0,32.45,0.2,0.0,7.64,-4.87,-0.89,0.0,OK
2026-05-01 01:39:22,943,0.2392,0.0192,0.0,32.42,0.19,0.0,7.11,-6.84,-1.27,0.0,OK
2026-05-01 01:39:22,944,0.2547,0.0385,0.0,32.38,0.17,0.0,-0.18,5.46,-1.15,0.0,OK
2026-05-01 01:39:22,945,0.2904,0.0267,0.0,32.35,0.16,0.0,9.65,-4.42,-0.84,0.0,OK
2026-05-01 01:39:22,946,0.2825,0.0185,0.0,32.31,0.15,0.0,8.94,-5.85,-1.18,0.0,OK
2026-05-01 01:39:22,947,0.2749,0.0189,0.0,32.28,0.13,0.0,8.76,-6.01,-1.34,0.0,OK
2026-05-01 01:39:23,948,0.2749,0.0185,0.0,32.24,0.12,0.0,-0.72,6.59,-0.16,0.0,OK
2026-05-01 01:39:23,949,0.2904,0.037,0.0,32.21,0.11,0.0,7.37,-6.17,-0.29,0.0,OK
2026-05-01 01:39:23,950,0.2825,0.0377,0.0,32.18,0.1,0.0,7.28,-7.37,-0.78,0.0,OK
2026-05-01 01:39:23,951,0.2673,0.0185,0.0,32.14,0.1,0.0,7.28,-7.32,-0.59,0.0,OK
2026-05-01 01:39:23,952,0.2749,0.0192,0.0,32.11,0.09,0.0,0.68,7.21,-0.2,0.0,OK
2026-05-01 01:39:23,953,0.2673,0.0,0.0,32.08,0.08,0.0,10.7,-6.68,-0.15,0.0,OK
2026-05-01 01:39:23,954,0.2673,0.0,0.0,32.04,0.08,0.0,9.64,-6.74,-0.16,0.0,OK
2026-05-01 01:39:23,955,0.2673,0.0189,0.0,32.01,0.07,0.0,9.29,-5.67,-0.19,0.0,OK
2026-05-01 01:39:23,956,0.2673,0.0185,0.0,31.97,0.06,0.0,10.64,-6.74,-0.15,0.0,OK
2026-05-01 01:39:23,957,0.2626,0.0182,0.0,31.94,0.06,0.0,7.47,-6.89,-0.83,0.0,OK
2026-05-01 01:39:23,958,0.2647,0.0182,0.0,31.91,0.05,0.0,8.83,-5.84,-0.46,0.0,OK
2026-05-01 01:39:23,959,0.244,0.0189,0.0,31.88,0.05,0.0,9.75,-4.26,-1.26,0.0,OK
2026-05-01 01:39:23,960,0.1971,0.0377,0.0,31.84,2.29,0.033,9.51,-8.0,-1.13,0.0,OK
2026-05-01 01:39:23,961,0.1975,0.0377,0.0,31.81,3.97,0.067,9.66,-7.02,-1.12,0.0,OK
2026-05-01 01:39:23,962,0.2023,0.0422,0.0,31.78,5.01,0.1,-0.91,7.45,-1.07,0.0,OK
2026-05-01 01:39:23,963,0.1767,0.043,0.0,31.74,7.49,0.133,-0.87,5.98,-0.93,0.0,OK
2026-05-01 01:39:23,964,0.2121,0.0422,0.0,31.71,7.42,0.167,-0.41,5.73,-0.76,0.0,OK
2026-05-01 01:39:23,965,0.2088,0.0385,0.0,31.68,7.6,0.2,8.47,-6.51,-1.02,0.0,OK
2026-05-01 01:39:23,966,0.2105,0.0267,0.0467,31.64,7.85,0.233,9.79,-4.88,-1.23,0.0,OK
2026-05-01 01:39:23,967,0.2325,0.0189,0.0467,33.47,7.22,0.0,8.65,-4.99,-1.17,0.0,OK
2026-05-01 01:39:23,968,0.2402,0.0377,0.0467,33.44,6.65,0.0,9.13,-8.51,-0.57,0.0,OK
2026-05-01 01:39:23,969,0.244,0.0192,0.0467,33.4,6.11,0.0,8.38,-6.48,-0.36,0.0,OK
2026-05-01 01:39:23,970,0.2287,0.0185,0.0467,33.37,5.7,0.033,8.55,-6.95,-0.32,0.0,OK
2026-05-01 01:39:23,971,0.248,0.037,0.0467,33.33,5.25,0.0,8.54,-7.3,-0.54,0.0,OK
2026-05-01 01:39:23,972,0.2441,0.0185,0.0467,33.3,4.83,0.0,8.33,-7.42,-0.7,0.0,OK
2026-05-01 01:39:23,973,0.2511,0.0189,0.0467,33.26,4.44,0.0,6.28,-4.73,-0.68,0.0,OK
2026-05-01 01:39:23,974,0.2637,0.0385,0.0467,33.23,4.09,0.0,5.73,-5.52,-0.71,0.0,OK
2026-05-01 01:39:23,975,0.2282,0.0262,0.0467,33.2,3.84,0.033,-1.51,5.45,-0.55,0.0,OK
2026-05-01 01:39:23,976,0.2276,0.0422,0.0467,33.16,3.68,0.067,-1.05,5.45,-0.66,0.0,OK
2026-05-01 01:39:23,977,0.2363,0.0267,0.0467,34.97,3.39,0.0,-1.41,6.15,-0.52,0.0,OK
2026-05-01 01:39:23,978,0.2376,0.0185,0.0467,34.93,3.12,0.0,8.6,-7.29,-0.34,0.0,OK
2026-05-01 01:39:24,979,0.2455,0.0438,0.0467,34.9,2.87,0.0,-0.1,5.45,-0.26,0.0,OK
2026-05-01 01:39:24,980,0.2448,0.0438,0.0467,34.86,2.64,0.0,0.4,6.18,-0.53,0.0,OK
2026-05-01 01:39:24,981,0.2518,0.037,0.0467,34.83,2.43,0.0,7.88,-7.02,-0.42,0.0,OK
2026-05-01 01:39:24,982,0.2363,0.0189,0.0467,34.79,2.23,0.0,7.45,-8.07,-0.55,0.0,OK
2026-05-01 01:39:24,983,0.2392,0.0422,0.0467,34.76,2.06,0.0,7.66,-7.49,-0.8,0.0,OK
2026-05-01 01:39:24,984,0.2441,0.0385,0.0467,34.72,1.89,0.0,-2.55,6.07,-0.84,0.0,OK
2026-05-01 01:39:24,985,0.2363,0.0392,0.0467,34.69,1.74,0.0,-2.55,6.07,-0.84,0.0,OK
2026-05-01 01:39:24,986,0.2359,0.0189,0.0467,34.65,1.6,0.0,7.52,-8.36,-0.57,0.0,OK
2026-05-01 01:39:24,987,0.2402,0.0377,0.0467,34.62,1.47,0.0,7.74,-6.4,-0.66,0.0,OK
2026-05-01 01:39:24,988,0.2209,0.0189,0.0467,34.58,1.77,0.033,8.66,-6.75,-0.99,0.0,OK
2026-05-01 01:39:24,989,0.2243,0.0385,0.0467,34.55,2.0,0.067,8.01,-8.63,-1.59,0.0,OK
2026-05-01 01:39:24,990,0.2442,0.0262,0.0467,36.33,1.84,0.0,7.18,-7.67,-1.07,0.0,OK
2026-05-01 01:39:24,991,0.2279,0.0196,0.0467,36.29,1.78,0.033,-1.73,6.0,-1.26,0.0,OK
2026-05-01 01:39:24,992,0.2378,0.0385,0.0467,36.25,1.63,0.0,-2.12,6.02,-0.91,0.0,OK
2026-05-01 01:39:24,993,0.2441,0.0377,0.0467,36.22,1.5,0.0,7.64,-5.46,-0.0,0.0,OK
2026-05-01 01:39:24,994,0.2453,0.0377,0.0467,36.18,1.38,0.0,7.62,-6.53,-0.56,0.0,OK
2026-05-01 01:39:24,995,0.2716,0.0189,0.0467,36.14,1.27,0.0,9.0,-5.58,0.16,0.0,OK
2026-05-01 01:39:24,996,0.2669,0.0189,0.0467,36.11,1.17,0.0,6.98,-8.17,-0.3,0.0,OK
2026-05-01 01:39:24,997,0.2115,0.0192,0.0467,36.07,2.14,0.033,7.27,-7.04,-1.86,0.0,OK
2026-05-01 01:39:24,998,0.2138,0.0272,0.0467,36.04,2.88,0.067,8.17,-8.71,-1.31,0.0,OK
2026-05-01 01:39:24,999,0.2321,0.0189,0.0467,37.8,2.65,0.0,8.36,-9.64,-1.11,0.0,OK
2026-05-01 01:39:24,1000,0.2456,0.043,0.0467,37.76,2.44,0.0,0.08,6.48,-0.35,0.0,OK
2026-05-01 01:39:24,1001,0.2441,0.0196,0.0467,37.72,2.24,0.0,8.08,-8.49,-0.6,0.0,OK
2026-05-01 01:39:24,1002,0.2482,0.0385,0.0467,37.69,2.06,0.0,9.14,-7.11,-0.79,0.0,OK
2026-05-01 01:39:24,1003,0.2518,0.0185,0.0467,37.65,1.9,0.0,8.09,-7.57,-0.62,0.0,OK
2026-05-01 01:39:24,1004,0.1723,0.0189,0.0467,37.61,5.0,0.033,-5.12,5.3,-0.53,0.0,OK
2026-05-01 01:39:24,1005,0.1894,0.0189,0.0467,37.57,6.22,0.067,-2.66,6.02,-0.94,0.0,OK
2026-05-01 01:39:24,1006,0.2105,0.0189,0.0467,37.54,6.17,0.1,10.97,-6.82,-0.33,0.0,OK
2026-05-01 01:39:24,1007,0.2591,0.037,0.0467,39.29,5.67,0.0,8.74,-6.82,-0.16,0.0,OK
2026-05-01 01:39:25,1008,0.2596,0.037,0.0467,39.25,5.22,0.0,7.34,-6.89,-0.16,0.0,OK
2026-05-01 01:39:25,1009,0.2138,0.0384,0.0467,39.21,5.08,0.033,10.04,-6.56,-1.29,0.0,OK
2026-05-01 01:39:25,1010,0.2138,0.043,0.0467,39.17,5.02,0.067,10.61,-3.83,-0.79,0.0,OK
2026-05-01 01:39:25,1011,0.1823,0.0385,0.0467,39.13,6.91,0.1,7.32,-7.18,-1.03,0.0,OK
2026-05-01 01:39:25,1012,0.1803,0.0385,0.0467,39.09,8.51,0.133,-1.22,5.53,-1.14,0.0,OK
2026-05-01 01:39:25,1013,0.1804,0.0192,0.0467,39.05,9.79,0.167,1.66,6.93,-0.35,0.0,OK
2026-05-01 01:39:25,1014,0.1803,0.0392,0.0467,39.01,10.87,0.2,11.04,-5.66,0.09,0.0,OK
2026-05-01 01:39:25,1015,0.1827,0.0438,0.0933,38.98,11.67,0.233,-1.22,4.75,-0.76,0.0,OK
2026-05-01 01:39:25,1016,0.1803,0.0192,0.1,38.94,12.58,0.267,-1.22,4.75,-0.76,0.0,OK
2026-05-01 01:39:25,1017,0.2041,0.0196,0.1067,38.9,12.49,0.3,8.15,-5.98,0.09,0.0,OK
2026-05-01 01:39:25,1018,0.2105,0.0392,0.1133,38.86,12.43,0.333,8.25,-6.09,-0.63,0.0,OK
2026-05-01 01:39:25,1019,0.2108,0.0196,0.12,38.82,12.66,0.367,-0.44,5.87,-1.03,0.0,OK
2026-05-01 01:39:25,1020,0.2574,0.0392,0.12,40.55,11.81,0.0,8.56,-6.11,-0.54,0.0,OK
2026-05-01 01:39:25,1021,0.26,0.0392,0.12,40.51,11.02,0.0,7.56,-6.3,-0.55,0.0,OK
2026-05-01 01:39:25,1022,0.2235,0.0196,0.12,40.47,10.45,0.033,10.81,-4.02,-0.12,0.0,OK
2026-05-01 01:39:25,1023,0.2123,0.0196,0.12,40.43,10.13,0.067,9.1,-4.13,-0.01,0.0,OK
2026-05-01 01:39:25,1024,0.1902,0.0385,0.12,40.39,10.45,0.1,8.34,-7.05,-0.64,0.0,OK
2026-05-01 01:39:25,1025,0.1894,0.0385,0.12,40.35,10.96,0.133,8.15,-8.05,-0.43,0.0,OK
2026-05-01 01:39:25,1026,0.2087,0.0192,0.12,40.31,10.82,0.167,-0.22,6.25,-0.34,0.0,OK
2026-05-01 01:39:25,1027,0.2123,0.0192,0.12,40.27,10.7,0.2,10.09,-5.52,-0.18,0.0,OK
2026-05-01 01:39:25,1028,0.2402,0.037,0.12,41.98,10.0,0.0,10.63,-5.62,0.27,0.0,OK
2026-05-01 01:39:25,1029,0.2636,0.0392,0.12,41.94,9.36,0.0,0.2,6.39,-0.46,0.0,OK
2026-05-01 01:39:25,1030,0.2596,0.0392,0.12,41.9,8.77,0.0,0.2,6.39,-0.46,0.0,OK
2026-05-01 01:39:25,1031,0.2441,0.0267,0.12,41.86,8.23,0.0,8.19,-3.25,-0.05,0.0,OK
2026-05-01 01:39:25,1032,0.2519,0.0189,0.12,41.82,7.73,0.0,8.04,-5.37,0.01,0.0,OK
2026-05-01 01:39:25,1033,0.2441,0.0385,0.12,41.78,7.27,0.0,9.84,-4.88,0.28,0.0,OK
2026-05-01 01:39:25,1034,0.2516,0.0385,0.12,41.74,6.85,0.0,9.09,-7.33,0.03,0.0,OK
2026-05-01 01:39:25,1035,0.2529,0.043,0.12,41.7,6.46,0.0,8.89,-5.46,0.02,0.0,OK
2026-05-01 01:39:25,1036,0.2378,0.0392,0.12,41.66,6.11,0.0,8.79,-6.4,0.12,0.0,OK
2026-05-01 01:39:25,1037,0.2548,0.0272,0.12,41.62,5.78,0.0,8.62,-6.26,0.29,0.0,OK
2026-05-01 01:39:26,1038,0.2649,0.0392,0.12,41.58,5.48,0.0,9.48,-7.12,0.82,0.0,OK
2026-05-01 01:39:26,1039,0.2441,0.0392,0.12,41.54,5.2,0.0,0.59,6.46,0.45,0.0,OK
2026-05-01 01:39:26,1040,0.2594,0.0385,0.12,41.5,4.94,0.0,6.31,-6.89,0.68,0.0,OK
2026-05-01 01:39:26,1041,0.244,0.0385,0.12,41.46,4.71,0.0,7.65,-6.8,0.68,0.0,OK
2026-05-01 01:39:26,1042,0.2708,0.0385,0.12,41.42,4.49,0.0,8.62,-3.19,0.28,0.0,OK
2026-05-01 01:39:26,1043,0.2751,0.0189,0.12,41.38,4.29,0.0,8.38,-8.1,-0.11,0.0,OK
2026-05-01 01:39:26,1044,0.2751,0.0192,0.12,41.34,4.11,0.0,0.4,5.35,-0.21,0.0,OK
2026-05-01 01:39:26,1045,0.2631,0.0385,0.12,41.3,3.94,0.0,7.51,-7.53,0.04,0.0,OK
2026-05-01 01:39:26,1046,0.2671,0.0377,0.12,41.26,3.78,0.0,-0.28,5.4,0.47,0.0,OK
2026-05-01 01:39:26,1047,0.2829,0.0392,0.12,41.22,3.64,0.0,6.54,-8.07,0.07,0.0,OK
2026-05-01 01:39:26,1048,0.2826,0.043,0.12,41.18,3.51,0.0,7.62,-8.79,-0.06,0.0,OK
2026-05-01 01:39:26,1049,0.2916,0.0277,0.12,41.14,3.39,0.0,8.87,-6.54,0.13,0.0,OK
2026-05-01 01:39:26,1050,0.2796,0.0438,0.12,41.1,3.28,0.0,8.68,-6.45,0.29,0.0,OK
2026-05-01 01:39:26,1051,0.2902,0.0392,0.12,41.06,3.18,0.0,8.61,-5.14,-0.38,0.0,OK
2026-05-01 01:39:26,1052,0.2902,0.0392,0.12,41.03,3.08,0.0,8.61,-5.14,-0.38,0.0,OK
2026-05-01 01:39:26,1053,0.2739,0.0385,0.12,40.99,3.0,0.0,7.98,-7.95,-0.05,0.0,OK
2026-05-01 01:39:26,1054,0.1826,0.0377,0.12,40.95,5.79,0.033,7.49,-9.97,-0.75,0.0,OK
2026-05-01 01:39:26,1055,0.1982,0.0377,0.12,40.91,6.9,0.067,-1.38,5.97,-0.33,0.0,OK
2026-05-01 01:39:26,1056,0.1963,0.0189,0.12,40.87,7.98,0.1,-0.25,4.76,-0.15,0.0,OK
2026-05-01 01:39:26,1057,0.1855,0.0192,0.12,40.83,9.59,0.133,-0.32,4.47,-0.33,0.0,OK
2026-05-01 01:39:26,1058,0.2378,0.0385,0.12,42.49,8.98,0.0,8.43,-5.83,-0.01,0.0,OK
2026-05-01 01:39:26,1059,0.2087,0.0192,0.12,42.45,8.78,0.033,8.58,-8.42,0.01,0.0,OK
2026-05-01 01:39:26,1060,0.2393,0.0392,0.12,42.41,8.24,0.0,8.55,-4.79,-0.15,0.0,OK
2026-05-01 01:39:26,1061,0.2494,0.04,0.12,42.37,7.74,0.0,9.45,-3.12,0.4,0.0,OK
2026-05-01 01:39:26,1062,0.1826,0.0392,0.12,42.33,8.87,0.033,8.53,-7.34,-0.45,0.0,OK
2026-05-01 01:39:26,1063,0.197,0.0192,0.12,42.29,8.97,0.067,10.12,-8.11,-0.29,0.0,OK
2026-05-01 01:39:26,1064,0.1901,0.0392,0.12,42.25,9.7,0.1,8.6,-8.62,-1.04,0.0,OK
2026-05-01 01:39:26,1065,0.2248,0.0189,0.12,42.21,9.39,0.133,8.21,-8.28,0.02,0.0,OK
2026-05-01 01:39:26,1066,0.2161,0.0192,0.12,42.17,9.27,0.167,-0.9,6.68,0.32,0.0,OK
2026-05-01 01:39:26,1067,0.1716,0.0189,0.12,42.13,11.76,0.2,-3.66,4.96,-0.46,0.0,OK
2026-05-01 01:39:26,1068,0.1795,0.0377,0.1667,42.1,14.78,0.233,6.43,-8.76,-0.16,0.0,OK
2026-05-01 01:39:27,1069,0.2088,0.0392,0.1733,42.06,15.43,0.267,-1.94,3.96,-0.07,0.0,OK
2026-05-01 01:39:27,1070,0.2088,0.0392,0.18,42.02,16.33,0.3,-1.87,4.3,0.1,0.0,OK
2026-05-01 01:39:27,1071,0.2181,0.0385,0.1867,41.98,16.84,0.333,9.78,-8.37,-0.01,0.0,OK
2026-05-01 01:39:27,1072,0.1982,0.0392,0.1933,41.94,18.85,0.367,-0.03,7.31,0.04,0.0,OK
2026-05-01 01:39:27,1073,0.2157,0.0385,0.2,41.9,19.57,0.4,10.19,-7.75,0.18,0.0,OK
2026-05-01 01:39:27,1074,0.1902,0.0272,0.2067,41.86,22.07,0.433,-1.09,4.63,-0.21,0.0,OK
2026-05-01 01:39:27,1075,0.1883,0.0392,0.2133,41.82,24.29,0.467,-1.29,6.12,-0.36,0.0,OK
2026-05-01 01:39:27,1076,0.1921,0.0377,0.22,41.78,25.98,0.5,9.72,-7.74,0.52,0.0,OK
2026-05-01 01:39:27,1077,0.1816,0.0192,0.2267,41.74,28.2,0.533,9.62,-6.86,0.52,0.0,OK
2026-05-01 01:39:27,1078,0.2218,0.0192,0.2333,41.71,28.08,0.567,9.66,-6.72,0.69,0.0,OK
2026-05-01 01:39:27,1079,0.2201,0.0438,0.24,41.67,28.18,0.6,8.38,-5.66,0.48,0.0,OK
2026-05-01 01:39:27,1080,0.1689,0.0392,0.2467,41.63,31.83,0.633,-1.97,4.71,-0.47,0.0,OK
2026-05-01 01:39:27,1081,0.1893,0.0385,0.2533,41.59,33.44,0.667,8.66,-6.91,-0.01,0.0,OK
2026-05-01 01:39:27,1082,0.1979,0.0196,0.26,41.55,34.45,0.7,-0.4,6.47,-0.24,0.0,OK
2026-05-01 01:39:27,1083,0.2448,0.0192,0.26,43.17,32.97,0.0,9.41,-6.35,0.03,0.0,OK
2026-05-01 01:39:27,1084,0.245,0.0196,0.26,43.13,31.61,0.0,9.41,-6.35,0.03,0.0,OK
2026-05-01 01:39:27,1085,0.2358,0.0385,0.26,43.09,30.36,0.0,9.41,-6.35,0.03,0.0,OK
2026-05-01 01:39:27,1086,0.2433,0.0385,0.26,43.05,29.21,0.0,9.45,-3.54,0.2,0.0,OK
2026-05-01 01:39:27,1087,0.1916,0.0392,0.26,43.01,28.75,0.033,9.39,-11.06,-0.75,0.0,OK
2026-05-01 01:39:27,1088,0.1843,0.0189,0.26,42.98,28.48,0.067,9.71,-8.25,-0.2,0.0,OK
2026-05-01 01:39:27,1089,0.2272,0.0392,0.26,42.94,27.69,0.1,9.72,-8.75,-0.08,0.0,OK
2026-05-01 01:39:27,1090,0.2671,0.0392,0.26,44.55,26.76,0.0,9.99,-5.62,0.69,0.0,OK
2026-05-01 01:39:27,1091,0.2671,0.0392,0.26,44.51,25.9,0.0,9.12,-5.07,0.2,0.0,OK
2026-05-01 01:39:27,1092,0.2936,0.04,0.26,44.46,25.1,0.0,7.82,-6.11,0.3,0.0,OK
2026-05-01 01:39:27,1093,0.2912,0.0392,0.26,44.42,24.38,0.0,10.07,-4.64,0.25,0.0,OK
2026-05-01 01:39:27,1094,0.2913,0.0196,0.26,44.38,23.71,0.0,8.65,-6.42,-0.16,0.0,OK
2026-05-01 01:39:27,1095,0.2944,0.0392,0.26,44.34,23.09,0.0,10.21,-5.1,-0.13,0.0,OK
2026-05-01 01:39:27,1096,0.311,0.0377,0.26,44.3,22.52,0.0,11.0,-6.15,0.47,0.0,OK
2026-05-01 01:39:27,1097,0.3113,0.0377,0.26,44.26,22.0,0.0,11.0,-6.15,0.47,0.0,OK
2026-05-01 01:39:27,1098,0.2913,0.0422,0.26,44.22,21.52,0.0,9.38,-7.67,0.53,0.0,OK
2026-05-01 01:39:28,1099,0.3049,0.0377,0.26,44.18,21.08,0.0,9.38,-7.67,0.53,0.0,OK
2026-05-01 01:39:28,1100,0.2989,0.043,0.26,44.14,20.67,0.0,7.64,-8.1,0.29,0.0,OK
2026-05-01 01:39:28,1101,0.3025,0.0192,0.26,44.1,20.3,0.0,8.95,-7.25,0.09,0.0,OK
2026-05-01 01:39:28,1102,0.3072,0.0196,0.26,44.06,19.95,0.0,8.95,-7.25,0.09,0.0,OK
2026-05-01 01:39:28,1103,0.3155,0.043,0.26,44.02,19.64,0.0,8.71,-6.48,0.03,0.0,OK
2026-05-01 01:39:28,1104,0.3151,0.0385,0.26,43.98,19.35,0.0,8.71,-6.48,0.03,0.0,OK
2026-05-01 01:39:28,1105,0.2987,0.0192,0.26,43.94,19.08,0.0,9.62,-6.15,0.87,0.0,OK
2026-05-01 01:39:28,1106,0.2936,0.0385,0.26,43.9,18.83,0.0,9.58,-6.95,0.52,0.0,OK
2026-05-01 01:39:28,1107,0.2837,0.0192,0.26,43.86,18.61,0.0,2.85,6.52,0.78,0.0,OK
2026-05-01 01:39:28,1108,0.2899,0.0385,0.26,43.82,18.4,0.0,9.31,-5.86,0.68,0.0,OK
2026-05-01 01:39:28,1109,0.3159,0.04,0.26,43.78,18.21,0.0,9.39,-7.63,0.13,0.0,OK
2026-05-01 01:39:28,1110,0.2934,0.0196,0.2133,43.74,17.66,0.0,8.95,-6.2,0.55,0.0,OK
2026-05-01 01:39:28,1111,0.2857,0.0392,0.2133,43.71,17.15,0.0,8.96,-8.7,0.42,0.0,OK
2026-05-01 01:39:28,1112,0.3051,0.02,0.2133,43.67,16.69,0.0,2.46,4.41,0.41,0.0,OK
2026-05-01 01:39:28,1113,0.2963,0.0196,0.2133,43.63,16.26,0.0,2.69,5.61,0.74,0.0,OK
2026-05-01 01:39:28,1114,0.3059,0.0192,0.2133,43.59,15.86,0.0,7.0,-7.28,0.51,0.0,OK
2026-05-01 01:39:28,1115,0.2982,0.0192,0.2133,43.55,15.5,0.0,8.73,-7.06,0.51,0.0,OK
2026-05-01 01:39:28,1116,0.3097,0.0192,0.2133,43.51,15.17,0.0,9.86,-6.74,1.03,0.0,OK
2026-05-01 01:39:28,1117,0.2767,0.0189,0.2133,43.47,14.86,0.0,8.24,-8.31,0.11,0.0,OK
2026-05-01 01:39:28,1118,0.2825,0.0385,0.2133,43.43,14.58,0.0,8.76,-6.68,-0.13,0.0,OK
2026-05-01 01:39:28,1119,0.2942,0.04,0.2133,43.39,14.32,0.0,0.62,5.36,0.67,0.0,OK
2026-05-01 01:39:28,1120,0.2958,0.04,0.2133,43.35,14.08,0.0,0.71,4.92,0.54,0.0,OK
2026-05-01 01:39:28,1121,0.315,0.0196,0.2133,43.32,13.86,0.0,8.6,-8.17,0.86,0.0,OK
2026-05-01 01:39:28,1122,0.3173,0.0189,0.2133,43.28,13.66,0.0,9.29,-6.92,0.41,0.0,OK
2026-05-01 01:39:28,1123,0.2934,0.0377,0.2133,43.24,13.47,0.0,8.41,-9.83,0.53,0.0,OK
2026-05-01 01:39:28,1124,0.2947,0.0189,0.2133,43.2,13.3,0.0,8.91,-9.63,0.28,0.0,OK
2026-05-01 01:39:28,1125,0.2978,0.0189,0.2133,43.16,13.14,0.0,10.61,-5.26,1.71,0.0,OK
2026-05-01 01:39:28,1126,0.2706,0.0192,0.2133,43.12,13.0,0.0,8.03,-9.55,0.41,0.0,OK
2026-05-01 01:39:28,1127,0.2749,0.0272,0.2133,43.09,12.87,0.0,8.21,-5.65,0.57,0.0,OK
2026-05-01 01:39:29,1128,0.2992,0.0438,0.2133,43.05,12.74,0.0,8.13,-2.02,0.17,0.0,OK
2026-05-01 01:39:29,1129,0.2978,0.0438,0.2133,43.01,12.63,0.0,7.16,-2.12,0.38,0.0,OK
2026-05-01 01:39:29,1130,0.2645,0.0385,0.2133,42.97,12.53,0.0,0.35,6.45,0.79,0.0,OK
2026-05-01 01:39:29,1131,0.2645,0.0385,0.2133,42.93,12.43,0.0,0.35,6.45,0.79,0.0,OK
2026-05-01 01:39:29,1132,0.2904,0.0392,0.2133,42.89,12.34,0.0,7.72,-5.34,0.16,0.0,OK
2026-05-01 01:39:29,1133,0.2861,0.043,0.2133,42.86,12.26,0.0,7.47,-5.23,0.32,0.0,OK
2026-05-01 01:39:29,1134,0.296,0.0385,0.2133,42.82,12.19,0.0,7.82,-5.46,1.0,0.0,OK
2026-05-01 01:39:29,1135,0.2749,0.0377,0.2133,42.78,12.12,0.0,8.15,-7.1,0.52,0.0,OK
2026-05-01 01:39:29,1136,0.2674,0.04,0.2133,42.74,12.06,0.0,6.08,-7.98,0.92,0.0,OK
2026-05-01 01:39:29,1137,0.2671,0.0385,0.2133,42.71,12.0,0.0,-0.66,5.09,1.04,0.0,OK
2026-05-01 01:39:29,1138,0.2671,0.0385,0.2133,42.67,11.95,0.0,-0.26,5.07,0.93,0.0,OK
2026-05-01 01:39:29,1139,0.2749,0.0385,0.2133,42.63,11.9,0.0,7.78,-8.38,0.12,0.0,OK
2026-05-01 01:39:29,1140,0.2749,0.0385,0.2133,42.59,11.85,0.0,0.67,5.62,0.44,0.0,OK
2026-05-01 01:39:29,1141,0.2825,0.0196,0.2133,42.56,11.81,0.0,8.16,-7.93,0.07,0.0,OK
2026-05-01 01:39:29,1142,0.2979,0.0392,0.2133,42.52,11.77,0.0,8.16,-7.93,0.07,0.0,OK
2026-05-01 01:39:29,1143,0.2749,0.0392,0.2133,42.48,11.74,0.0,-0.54,5.94,0.23,0.0,OK
2026-05-01 01:39:29,1144,0.2861,0.0385,0.2133,42.45,11.7,0.0,-0.03,6.48,0.44,0.0,OK
2026-05-01 01:39:29,1145,0.2721,0.0392,0.2133,42.41,11.67,0.0,0.0,6.42,0.69,0.0,OK
2026-05-01 01:39:29,1146,0.2842,0.04,0.2133,42.37,11.65,0.0,-0.77,6.08,0.3,0.0,OK
2026-05-01 01:39:29,1147,0.2723,0.0385,0.2133,42.33,11.62,0.0,0.58,5.04,1.01,0.0,OK
2026-05-01 01:39:29,1148,0.2827,0.0392,0.2133,42.3,11.6,0.0,6.95,-8.17,0.32,0.0,OK
2026-05-01 01:39:29,1149,0.2904,0.0438,0.2133,42.26,11.58,0.0,-0.48,7.0,0.24,0.0,OK
2026-05-01 01:39:29,1150,0.2982,0.0385,0.2133,42.22,11.56,0.0,-0.67,4.64,0.77,0.0,OK
2026-05-01 01:39:29,1151,0.2901,0.0196,0.2133,42.19,11.54,0.0,6.92,-8.26,0.44,0.0,OK
2026-05-01 01:39:29,1152,0.2888,0.0385,0.2133,42.15,11.52,0.0,-0.76,5.18,0.93,0.0,OK
2026-05-01 01:39:29,1153,0.278,0.0192,0.2133,42.11,11.51,0.0,-1.0,6.02,0.68,0.0,OK
2026-05-01 01:39:29,1154,0.2904,0.0392,0.2133,42.08,11.49,0.0,7.61,-9.43,0.43,0.0,OK
2026-05-01 01:39:29,1155,0.2749,0.0192,0.2133,42.04,11.48,0.0,9.6,-5.81,0.69,0.0,OK
2026-05-01 01:39:29,1156,0.275,0.0192,0.2133,42.01,11.47,0.0,0.18,6.02,0.67,0.0,OK
2026-05-01 01:39:29,1157,0.2926,0.0384,0.2133,41.97,11.46,0.0,6.61,-7.86,1.02,0.0,OK
2026-05-01 01:39:30,1158,0.2892,0.0385,0.2133,41.93,11.45,0.0,7.54,-7.4,1.08,0.0,OK
2026-05-01 01:39:30,1159,0.2982,0.0392,0.2067,41.9,11.39,0.0,-1.15,4.19,0.44,0.0,OK
2026-05-01 01:39:30,1160,0.2905,0.04,0.2,41.86,11.28,0.0,-1.45,4.16,0.35,0.0,OK
2026-05-01 01:39:30,1161,0.2749,0.0438,0.1933,41.82,11.12,0.0,-1.07,5.01,0.94,0.0,OK
2026-05-01 01:39:30,1162,0.2777,0.02,0.1867,41.79,10.92,0.0,7.06,-8.15,0.63,0.0,OK
2026-05-01 01:39:30,1163,0.2779,0.0277,0.14,41.75,10.37,0.0,7.35,-8.74,0.45,0.0,OK
2026-05-01 01:39:30,1164,0.2897,0.0204,0.14,41.72,9.86,0.0,0.16,4.47,0.46,0.0,OK
2026-05-01 01:39:30,1165,0.2827,0.0408,0.14,41.68,9.39,0.0,-0.16,5.16,-0.01,0.0,OK
2026-05-01 01:39:30,1166,0.2904,0.0392,0.14,41.65,8.96,0.0,5.88,-6.58,0.28,0.0,OK
2026-05-01 01:39:30,1167,0.2936,0.0385,0.14,41.61,8.56,0.0,-0.83,6.12,0.69,0.0,OK
2026-05-01 01:39:30,1168,0.2722,0.0392,0.14,41.57,8.2,0.0,2.18,5.66,0.75,0.0,OK
2026-05-01 01:39:30,1169,0.2722,0.04,0.14,41.54,7.86,0.0,0.71,5.64,0.77,0.0,OK
2026-05-01 01:39:30,1170,0.2741,0.04,0.14,41.5,7.55,0.0,-0.84,4.11,0.93,0.0,OK
2026-05-01 01:39:30,1171,0.2829,0.0447,0.14,41.47,7.27,0.0,-0.39,4.5,0.81,0.0,OK
2026-05-01 01:39:30,1172,0.2764,0.0377,0.14,41.43,7.01,0.0,7.77,-6.21,1.32,0.0,OK
2026-05-01 01:39:30,1173,0.2913,0.0385,0.14,41.4,6.77,0.0,8.17,-6.34,1.06,0.0,OK
2026-05-01 01:39:30,1174,0.2904,0.0192,0.14,41.36,6.55,0.0,7.78,-9.33,0.59,0.0,OK
2026-05-01 01:39:30,1175,0.2816,0.0392,0.14,41.33,6.34,0.0,-1.39,5.7,0.41,0.0,OK
2026-05-01 01:39:30,1176,0.2933,0.0392,0.14,41.29,6.15,0.0,0.07,5.09,0.55,0.0,OK
2026-05-01 01:39:30,1177,0.2706,0.04,0.14,41.26,5.98,0.0,1.31,4.16,0.27,0.0,OK
2026-05-01 01:39:30,1178,0.2706,0.0447,0.14,41.22,5.82,0.0,1.31,4.16,0.27,0.0,OK
2026-05-01 01:39:30,1179,0.2706,0.0196,0.14,41.19,5.68,0.0,7.69,-7.57,0.1,0.0,OK
2026-05-01 01:39:30,1180,0.2671,0.04,0.14,41.15,5.54,0.0,7.9,-7.37,0.26,0.0,OK
2026-05-01 01:39:30,1181,0.2666,0.0192,0.14,41.12,5.42,0.0,-0.67,5.54,0.48,0.0,OK
2026-05-01 01:39:30,1182,0.2906,0.0189,0.14,41.08,5.31,0.0,0.85,5.55,0.46,0.0,OK
2026-05-01 01:39:30,1183,0.2933,0.0392,0.14,41.05,5.2,0.0,1.68,4.63,0.71,0.0,OK
2026-05-01 01:39:30,1184,0.2933,0.0392,0.14,41.01,5.11,0.0,1.33,5.57,0.43,0.0,OK
2026-05-01 01:39:30,1185,0.2671,0.0392,0.14,40.98,5.02,0.0,0.18,6.02,0.67,0.0,OK
2026-05-01 01:39:30,1186,0.2782,0.0196,0.14,40.94,4.94,0.0,0.25,4.73,0.26,0.0,OK
2026-05-01 01:39:30,1187,0.2671,0.0196,0.14,40.91,4.86,0.0,9.21,-8.88,0.2,0.0,OK
2026-05-01 01:39:31,1188,0.2749,0.04,0.14,40.87,4.79,0.0,0.31,6.15,0.61,0.0,OK
2026-05-01 01:39:31,1189,0.2749,0.0277,0.14,40.84,4.73,0.0,0.38,5.06,0.65,0.0,OK
2026-05-01 01:39:31,1190,0.2933,0.0196,0.14,40.81,4.67,0.0,6.24,-6.16,0.45,0.0,OK
2026-05-01 01:39:31,1191,0.2861,0.0196,0.14,40.77,4.62,0.0,6.45,-5.25,0.41,0.0,OK
2026-05-01 01:39:31,1192,0.2708,0.0438,0.14,40.74,4.57,0.0,7.02,-5.58,0.72,0.0,OK
2026-05-01 01:39:31,1193,0.2858,0.0392,0.14,40.7,4.52,0.0,0.51,5.13,0.65,0.0,OK
2026-05-01 01:39:31,1194,0.2858,0.0392,0.14,40.67,4.48,0.0,6.26,-7.44,0.51,0.0,OK
2026-05-01 01:39:31,1195,0.2984,0.0392,0.14,40.64,4.44,0.0,0.4,6.47,0.12,0.0,OK
2026-05-01 01:39:31,1196,0.2904,0.0196,0.14,40.6,4.41,0.0,0.26,6.13,0.4,0.0,OK
2026-05-01 01:39:31,1197,0.2749,0.0196,0.14,40.57,4.37,0.0,0.1,5.9,0.61,0.0,OK
2026-05-01 01:39:31,1198,0.2773,0.0277,0.14,40.53,4.34,0.0,0.12,7.46,0.47,0.0,OK
2026-05-01 01:39:31,1199,0.2622,0.0385,0.14,40.5,4.32,0.0,-0.02,5.66,0.2,0.0,OK
2026-05-01 01:39:31,1200,0.275,0.04,0.14,40.47,4.29,0.0,0.87,6.41,1.37,0.0,OK
2026-05-01 01:39:31,1201,0.275,0.04,0.14,40.43,4.27,0.0,0.87,6.41,1.37,0.0,OK
2026-05-01 01:39:31,1202,0.2984,0.04,0.14,40.4,4.25,0.0,7.3,-6.65,0.22,0.0,OK
2026-05-01 01:39:31,1203,0.2982,0.04,0.14,40.37,4.23,0.0,7.3,-6.65,0.22,0.0,OK
2026-05-01 01:39:31,1204,0.2708,0.0385,0.14,40.33,4.21,0.0,7.3,-6.65,0.22,0.0,OK
2026-05-01 01:39:31,1205,0.2936,0.0392,0.14,40.3,4.19,0.0,7.59,-7.06,0.41,0.0,OK
2026-05-01 01:39:31,1206,0.2937,0.0385,0.14,40.27,4.18,0.0,-0.14,4.69,0.43,0.0,OK
2026-05-01 01:39:31,1207,0.2939,0.0377,0.14,40.23,4.16,0.0,-0.18,4.95,0.62,0.0,OK
2026-05-01 01:39:31,1208,0.2947,0.0385,0.14,40.2,4.15,0.0,7.86,-7.62,0.23,0.0,OK
2026-05-01 01:39:31,1209,0.2982,0.0392,0.14,40.17,4.14,0.0,0.31,5.49,0.77,0.0,OK
2026-05-01 01:39:31,1210,0.2936,0.0385,0.14,40.13,4.13,0.0,0.43,5.55,0.78,0.0,OK
2026-05-01 01:39:31,1211,0.2888,0.02,0.14,40.1,4.12,0.0,0.02,4.88,0.15,0.0,OK
2026-05-01 01:39:31,1212,0.2888,0.02,0.1333,40.07,4.05,0.0,6.36,-6.6,0.03,0.0,OK
2026-05-01 01:39:31,1213,0.2889,0.0272,0.1267,40.03,3.94,0.0,0.73,4.48,0.44,0.0,OK
2026-05-01 01:39:31,1214,0.2885,0.0385,0.12,40.0,3.79,0.0,0.75,6.01,0.32,0.0,OK
2026-05-01 01:39:31,1215,0.2853,0.0192,0.1133,39.97,3.59,0.0,0.85,6.53,0.9,0.0,OK
2026-05-01 01:39:31,1216,0.2904,0.0385,0.1067,39.93,3.36,0.0,-0.42,6.03,0.9,0.0,OK
2026-05-01 01:39:31,1217,0.2917,0.02,0.1,39.9,3.09,0.0,0.2,4.27,0.35,0.0,OK
2026-05-01 01:39:31,1218,0.2859,0.02,0.0933,39.87,2.84,0.0,0.43,4.83,0.47,0.0,OK
2026-05-01 01:39:31,1219,0.2708,0.0283,0.0867,39.84,2.61,0.0,7.6,-4.76,0.61,0.0,OK
2026-05-01 01:39:32,1220,0.2784,0.0408,0.08,39.8,2.4,0.0,6.6,-8.34,-0.08,0.0,OK
2026-05-01 01:39:32,1221,0.3059,0.0192,0.0733,39.77,2.21,0.0,7.65,-8.94,0.76,0.0,OK
2026-05-01 01:39:32,1222,0.2939,0.0392,0.0667,39.74,2.04,0.0,-0.77,4.55,-0.17,0.0,OK
2026-05-01 01:39:32,1223,0.2741,0.0196,0.06,39.71,1.87,0.0,-0.09,4.51,0.14,0.0,OK
2026-05-01 01:39:32,1224,0.2941,0.0196,0.0533,39.67,1.72,0.0,9.77,-7.92,0.67,0.0,OK
2026-05-01 01:39:32,1225,0.2745,0.0392,0.0467,39.64,1.59,0.0,10.18,-6.0,0.89,0.0,OK
2026-05-01 01:39:32,1226,0.2982,0.0189,0.0,39.61,1.46,0.0,0.12,5.13,0.64,0.0,OK
2026-05-01 01:39:32,1227,0.2936,0.0192,0.0,39.58,1.34,0.0,0.32,5.64,0.76,0.0,OK
2026-05-01 01:39:32,1228,0.2934,0.0385,0.0,39.54,1.23,0.0,-1.27,5.99,0.58,0.0,OK
2026-05-01 01:39:32,1229,0.2736,0.0385,0.0,39.51,1.14,0.0,-1.15,5.34,0.76,0.0,OK
2026-05-01 01:39:32,1230,0.2888,0.0385,0.0,39.48,1.04,0.0,-0.03,5.6,0.67,0.0,OK
2026-05-01 01:39:32,1231,0.2979,0.02,0.0,39.45,0.96,0.0,-0.62,6.86,0.62,0.0,OK
2026-05-01 01:39:32,1232,0.2982,0.04,0.0,39.42,0.88,0.0,-0.82,7.0,0.7,0.0,OK
2026-05-01 01:39:32,1233,0.2902,0.04,0.0,39.38,0.81,0.0,8.72,-7.6,0.69,0.0,OK
2026-05-01 01:39:32,1234,0.2825,0.0392,0.0,39.35,0.75,0.0,8.12,-7.48,0.4,0.0,OK
2026-05-01 01:39:32,1235,0.2828,0.0196,0.0,39.32,0.69,0.0,-0.78,5.84,0.39,0.0,OK
2026-05-01 01:39:32,1236,0.2826,0.0196,0.0,39.29,0.63,0.0,8.45,-7.66,0.33,0.0,OK
2026-05-01 01:39:32,1237,0.2982,0.04,0.0,39.26,0.58,0.0,-0.01,5.45,0.68,0.0,OK
2026-05-01 01:39:32,1238,0.3026,0.04,0.0,39.23,0.54,0.0,-0.17,4.88,0.56,0.0,OK
2026-05-01 01:39:32,1239,0.2982,0.0447,0.0,39.19,0.49,0.0,0.21,5.99,0.58,0.0,OK
2026-05-01 01:39:32,1240,0.2948,0.0385,0.0,39.16,0.45,0.0,0.42,5.85,1.17,0.0,OK
2026-05-01 01:39:32,1241,0.2948,0.0385,0.0,39.13,0.42,0.0,0.42,5.85,1.17,0.0,OK
2026-05-01 01:39:32,1242,0.2982,0.0192,0.0,39.1,0.38,0.0,7.78,-7.97,0.9,0.0,OK
2026-05-01 01:39:32,1243,0.2859,0.0385,0.0,39.07,0.35,0.0,6.93,-7.88,1.17,0.0,OK
2026-05-01 01:39:32,1244,0.2737,0.0438,0.0,39.04,0.33,0.0,1.01,5.72,0.87,0.0,OK
2026-05-01 01:39:32,1245,0.2816,0.0385,0.0,39.0,0.3,0.0,0.52,5.43,1.04,0.0,OK
2026-05-01 01:39:32,1246,0.2826,0.04,0.0,38.97,0.28,0.0,6.5,-7.22,0.67,0.0,OK
2026-05-01 01:39:32,1247,0.2936,0.02,0.0,38.94,0.25,0.0,0.5,5.2,0.65,0.0,OK
2026-05-01 01:39:33,1248,0.2982,0.0289,0.0,38.91,0.23,0.0,0.37,6.25,0.4,0.0,OK
2026-05-01 01:39:33,1249,0.3021,0.0456,0.0,38.88,0.21,0.0,1.05,6.16,0.97,0.0,OK
2026-05-01 01:39:33,1250,0.2786,0.04,0.0,38.85,0.2,0.0,0.49,6.95,0.7,0.0,OK
2026-05-01 01:39:33,1251,0.2991,0.0208,0.0,38.82,0.18,0.0,0.84,5.69,0.85,0.0,OK
2026-05-01 01:39:33,1252,0.2991,0.0408,0.0,38.79,0.17,0.0,0.49,3.95,0.88,0.0,OK
2026-05-01 01:39:33,1253,0.2671,0.04,0.0,38.76,0.15,0.0,-0.89,5.59,0.79,0.0,OK
2026-05-01 01:39:33,1254,0.2749,0.0392,0.0,38.73,0.14,0.0,-0.89,5.59,0.79,0.0,OK
2026-05-01 01:39:33,1255,0.2358,0.0447,0.0,38.69,0.13,0.0,-2.21,5.36,0.06,0.0,OK
2026-05-01 01:39:33,1256,0.2298,0.0392,0.0,38.66,0.36,0.033,-2.71,6.09,0.03,0.0,OK
2026-05-01 01:39:33,1257,0.1803,0.0196,0.0,38.63,3.76,0.067,7.01,-8.55,-0.11,0.0,OK
2026-05-01 01:39:33,1258,0.1921,0.02,0.0,38.6,5.49,0.1,-1.38,4.65,-0.09,0.0,OK
2026-05-01 01:39:33,1259,0.2138,0.0438,0.0,38.57,5.55,0.133,-1.88,4.74,0.22,0.0,OK
2026-05-01 01:39:33,1260,0.1804,0.0385,0.0,38.54,7.86,0.167,-3.26,4.25,0.14,0.0,OK
2026-05-01 01:39:33,1261,0.1826,0.0385,0.0,38.51,9.48,0.2,-3.26,4.25,0.14,0.0,OK
2026-05-01 01:39:33,1262,0.1823,0.04,0.0467,38.48,10.79,0.233,-2.94,3.68,0.34,0.0,OK
2026-05-01 01:39:33,1263,0.1882,0.04,0.0533,38.45,11.52,0.267,-2.61,3.28,0.11,0.0,OK
2026-05-01 01:39:33,1264,0.2009,0.0196,0.06,38.42,11.51,0.3,-3.32,3.01,0.21,0.0,OK
2026-05-01 01:39:33,1265,0.2042,0.02,0.0667,38.39,11.52,0.333,-2.38,4.72,0.28,0.0,OK
2026-05-01 01:39:33,1266,0.1775,0.0408,0.0733,38.36,13.38,0.367,-1.18,5.42,0.12,0.0,OK
2026-05-01 01:39:33,1267,0.1795,0.0392,0.08,38.33,14.72,0.4,-4.24,3.95,0.52,0.0,OK
2026-05-01 01:39:33,1268,0.1788,0.0588,0.0867,38.3,15.88,0.433,-3.55,4.6,0.21,0.0,OK
2026-05-01 01:39:33,1269,0.1804,0.0447,0.0933,38.27,16.79,0.467,-2.77,5.87,0.3,0.0,OK
2026-05-01 01:39:33,1270,0.1786,0.0447,0.1,38.24,17.72,0.5,-2.66,4.93,0.57,0.0,OK
2026-05-01 01:39:33,1271,0.1883,0.0196,0.1067,38.21,18.22,0.533,-1.87,6.65,0.22,0.0,OK
2026-05-01 01:39:33,1272,0.1982,0.0192,0.1133,38.18,18.42,0.567,7.9,-7.93,0.2,0.0,OK
2026-05-01 01:39:33,1273,0.1929,0.04,0.12,38.15,19.35,0.6,-3.31,4.82,-0.08,0.0,OK
2026-05-01 01:39:33,1274,0.1921,0.0408,0.1267,38.12,20.48,0.633,-1.96,4.77,-0.1,0.0,OK
2026-05-01 01:39:33,1275,0.1963,0.0392,0.1333,38.09,21.44,0.667,-2.69,4.74,0.32,0.0,OK
2026-05-01 01:39:33,1276,0.1848,0.0283,0.14,38.06,23.24,0.7,-4.03,4.6,0.13,0.0,OK
2026-05-01 01:39:33,1277,0.1909,0.02,0.1467,38.03,24.52,0.733,-3.74,5.85,-0.04,0.0,OK
2026-05-01 01:39:34,1278,0.1771,0.04,0.1533,38.0,26.67,0.767,-1.67,6.2,0.71,0.0,OK
2026-05-01 01:39:34,1279,0.1823,0.04,0.16,37.97,28.23,0.8,-2.04,4.56,0.2,0.0,OK
2026-05-01 01:39:34,1280,0.2061,0.0192,0.1667,37.94,28.27,0.833,7.71,-10.55,-0.43,0.0,OK
2026-05-01 01:39:34,1281,0.1823,0.0385,0.1733,37.91,30.23,0.867,6.11,-10.76,0.29,0.0,OK
2026-05-01 01:39:34,1282,0.1716,0.0447,0.18,37.88,32.63,0.9,-2.48,4.37,0.36,0.0,OK
2026-05-01 01:39:34,1283,0.1925,0.0277,0.1867,37.85,33.39,0.933,0.5,5.19,-0.08,0.0,OK
2026-05-01 01:39:34,1284,0.1882,0.0196,0.1933,37.82,34.63,0.967,-0.12,5.25,0.39,0.0,OK
2026-05-01 01:39:34,1285,0.1714,0.0192,0.2,37.79,36.93,1.0,-2.93,3.39,1.18,0.0,OK
2026-05-01 01:39:34,1286,0.1628,0.0438,0.2067,37.76,39.43,1.033,-3.51,3.52,0.73,0.0,OK
2026-05-01 01:39:34,1287,0.1863,0.0385,0.2133,37.73,40.11,1.067,8.37,-8.81,0.41,0.0,OK
2026-05-01 01:39:34,1288,0.1781,0.0385,0.22,37.7,41.52,1.1,8.09,-12.04,0.26,0.0,OK
2026-05-01 01:39:34,1289,0.1795,0.0408,0.2267,37.67,42.84,1.133,-4.19,4.41,-0.17,0.0,OK
2026-05-01 01:39:34,1290,0.1875,0.04,0.2333,37.65,43.68,1.167,-5.58,5.84,-0.35,0.0,OK
2026-05-01 01:39:34,1291,0.1739,0.0392,0.24,37.62,45.54,1.2,-3.1,4.99,0.23,0.0,OK
2026-05-01 01:39:34,1292,0.1844,0.0196,0.2467,37.59,46.58,1.233,-2.37,5.35,-0.08,0.0,OK
2026-05-01 01:39:34,1293,0.1803,0.04,0.2533,37.56,47.99,1.267,-3.13,4.02,0.41,0.0,OK
2026-05-01 01:39:34,1294,0.1787,0.04,0.26,37.53,49.48,1.3,-2.74,3.21,0.56,0.0,OK
2026-05-01 01:39:34,1295,0.1868,0.0456,0.2667,37.5,50.44,1.333,-2.74,3.21,0.56,0.0,OK
2026-05-01 01:39:34,1296,0.1767,0.0392,0.2733,37.47,52.15,1.367,-1.42,4.44,-0.02,0.0,OK
2026-05-01 01:39:34,1297,0.1747,0.0392,0.28,37.44,53.86,1.4,-0.84,4.46,0.37,0.0,OK
2026-05-01 01:39:34,1298,0.1882,0.0392,0.2867,37.41,54.63,1.433,7.98,-10.14,0.27,0.0,OK
2026-05-01 01:39:34,1299,0.1979,0.0385,0.2933,37.38,55.02,1.467,8.21,-10.12,0.41,0.0,OK
2026-05-01 01:39:34,1300,0.1787,0.0392,0.3,37.36,56.92,1.5,-4.3,4.58,0.03,0.0,OK
2026-05-01 01:39:34,1301,0.1971,0.0392,0.3067,37.33,57.51,1.533,-4.16,5.47,0.02,0.0,OK
2026-05-01 01:39:34,1302,0.1896,0.0196,0.3133,37.3,58.84,1.567,6.36,-9.93,-0.1,0.0,OK
2026-05-01 01:39:34,1303,0.2138,0.0196,0.32,37.27,58.81,1.6,-2.36,3.89,0.31,0.0,OK
2026-05-01 01:39:34,1304,0.2138,0.0392,0.3267,37.24,59.16,1.633,-1.5,4.37,0.4,0.0,HIGH
2026-05-01 01:39:34,1305,0.2397,0.04,0.3267,37.21,56.24,0.0,-2.35,2.62,0.55,0.0,HIGH
2026-05-01 01:39:34,1306,0.244,0.0204,0.3267,37.18,53.55,0.0,-0.88,3.36,0.51,0.0,HIGH
2026-05-01 01:39:34,1307,0.24,0.0196,0.3267,37.16,51.08,0.0,-1.06,6.37,1.08,0.0,HIGH
2026-05-01 01:39:34,1308,0.2395,0.0392,0.3267,37.13,48.81,0.0,-1.09,4.7,1.24,0.0,HIGH
2026-05-01 01:39:35,1309,0.2826,0.0196,0.3267,37.1,46.72,0.0,-0.94,5.5,0.84,0.0,HIGH
2026-05-01 01:39:35,1310,0.278,0.0392,0.3267,37.07,44.79,0.0,-1.0,5.17,0.67,0.0,HIGH
2026-05-01 01:39:35,1311,0.2792,0.0408,0.3267,37.04,43.02,0.0,5.55,-10.62,0.62,0.0,HIGH
2026-05-01 01:39:35,1312,0.2822,0.0408,0.3267,37.01,41.39,0.0,-1.37,4.44,0.18,0.0,HIGH
2026-05-01 01:39:35,1313,0.2671,0.0456,0.3267,36.99,39.9,0.0,-0.92,5.97,0.23,0.0,HIGH
2026-05-01 01:39:35,1314,0.2752,0.0447,0.3267,36.96,38.52,0.0,-1.28,5.99,0.68,0.0,HIGH
2026-05-01 01:39:35,1315,0.2671,0.0392,0.3267,36.93,37.25,0.0,-0.57,4.43,0.55,0.0,HIGH
2026-05-01 01:39:35,1316,0.251,0.0392,0.3267,36.9,36.08,0.0,-2.65,4.34,0.95,0.0,HIGH
2026-05-01 01:39:35,1317,0.2592,0.04,0.3267,36.87,35.01,0.0,-2.1,6.09,0.8,0.0,HIGH
2026-05-01 01:39:35,1318,0.244,0.04,0.3267,36.85,34.02,0.0,-2.66,5.61,1.49,0.0,HIGH
2026-05-01 01:39:35,1319,0.2673,0.04,0.3267,36.82,33.11,0.0,-0.92,6.37,0.41,0.0,HIGH
2026-05-01 01:39:35,1320,0.255,0.04,0.3267,36.79,32.28,0.0,-0.71,6.89,0.53,0.0,HIGH
2026-05-01 01:39:35,1321,0.2671,0.04,0.3267,36.76,31.51,0.0,6.11,-9.65,0.78,0.0,HIGH
2026-05-01 01:39:35,1322,0.2594,0.04,0.3267,36.73,30.8,0.0,7.36,-9.49,0.75,0.0,HIGH
2026-05-01 01:39:35,1323,0.2517,0.0425,0.3267,36.71,30.15,0.0,-0.8,4.59,0.56,0.0,HIGH
2026-05-01 01:39:35,1324,0.244,0.0417,0.3267,36.68,29.55,0.0,-1.1,4.56,0.47,0.0,HIGH
2026-05-01 01:39:35,1325,0.2744,0.0447,0.3267,36.65,29.0,0.0,-0.88,5.03,0.9,0.0,HIGH
2026-05-01 01:39:35,1326,0.2867,0.0408,0.3267,36.62,28.49,0.0,-0.96,6.51,0.8,0.0,HIGH
2026-05-01 01:39:35,1327,0.2673,0.02,0.3267,36.6,28.03,0.0,-1.11,6.8,0.52,0.0,HIGH
2026-05-01 01:39:35,1328,0.2633,0.02,0.3267,36.57,27.6,0.0,-0.85,7.39,0.37,0.0,HIGH
2026-05-01 01:39:35,1329,0.2666,0.0385,0.3267,36.54,27.2,0.0,5.86,-5.93,0.8,0.0,HIGH
2026-05-01 01:39:35,1330,0.2441,0.04,0.3267,36.51,26.84,0.0,-1.08,4.33,-0.02,0.0,HIGH
2026-05-01 01:39:35,1331,0.2471,0.0447,0.3267,36.49,26.51,0.0,4.68,-7.32,-0.15,0.0,HIGH
2026-05-01 01:39:35,1332,0.255,0.02,0.3267,36.46,26.2,0.0,-3.19,5.4,0.42,0.0,HIGH
2026-05-01 01:39:35,1333,0.2591,0.0392,0.3267,36.43,25.92,0.0,-1.85,4.85,0.29,0.0,HIGH
2026-05-01 01:39:35,1334,0.2591,0.04,0.3267,36.4,25.66,0.0,-2.91,5.45,0.79,0.0,HIGH
2026-05-01 01:39:35,1335,0.2596,0.04,0.3267,36.38,25.42,0.0,-2.91,5.45,0.79,0.0,HIGH
2026-05-01 01:39:35,1336,0.2362,0.0392,0.3267,36.35,25.2,0.0,-0.97,4.41,0.48,0.0,HIGH
2026-05-01 01:39:36,1337,0.2441,0.0392,0.3267,36.32,25.0,0.0,7.33,-10.26,0.39,0.0,HIGH
2026-05-01 01:39:36,1338,0.271,0.0196,0.3267,36.3,24.81,0.0,0.31,4.52,1.22,0.0,HIGH
2026-05-01 01:39:36,1339,0.2671,0.02,0.3267,36.27,24.64,0.0,0.24,4.2,1.04,0.0,HIGH
2026-05-01 01:39:36,1340,0.2674,0.0377,0.3267,36.24,24.48,0.0,-2.12,5.52,0.8,0.0,HIGH
2026-05-01 01:39:36,1341,0.2674,0.0377,0.3267,36.21,24.34,0.0,-2.12,5.52,0.8,0.0,HIGH
2026-05-01 01:39:36,1342,0.2673,0.043,0.3267,36.19,24.2,0.0,6.07,-8.82,0.38,0.0,HIGH
2026-05-01 01:39:36,1343,0.2673,0.0392,0.3267,36.16,24.08,0.0,-0.86,3.85,0.54,0.0,HIGH
2026-05-01 01:39:36,1344,0.2671,0.02,0.3267,36.13,23.97,0.0,-1.0,4.18,0.66,0.0,HIGH
2026-05-01 01:39:36,1345,0.2671,0.0192,0.3267,36.11,23.86,0.0,7.33,-10.17,0.39,0.0,HIGH
2026-05-01 01:39:36,1346,0.2671,0.0192,0.3267,36.08,23.77,0.0,-0.7,4.25,0.38,0.0,HIGH
2026-05-01 01:39:36,1347,0.2707,0.0196,0.3267,36.05,23.68,0.0,6.69,-12.2,0.1,0.0,HIGH
2026-05-01 01:39:36,1348,0.2639,0.0392,0.3267,36.03,23.6,0.0,-1.08,4.1,0.47,0.0,HIGH
2026-05-01 01:39:36,1349,0.2827,0.0392,0.3267,36.0,23.52,0.0,0.02,4.16,0.99,0.0,HIGH
2026-05-01 01:39:36,1350,0.2744,0.0385,0.3267,35.97,23.45,0.0,7.89,-5.86,0.67,0.0,HIGH
2026-05-01 01:39:36,1351,0.271,0.0385,0.3267,35.95,23.39,0.0,8.04,-5.56,0.84,0.0,HIGH
2026-05-01 01:39:36,1352,0.282,0.0392,0.3267,35.92,23.33,0.0,7.2,-8.5,0.71,0.0,HIGH
2026-05-01 01:39:36,1353,0.2789,0.0438,0.3267,35.89,23.28,0.0,7.25,-7.92,1.05,0.0,HIGH
2026-05-01 01:39:36,1354,0.2706,0.0192,0.3267,35.87,23.23,0.0,7.41,-9.24,0.85,0.0,HIGH
2026-05-01 01:39:36,1355,0.2671,0.0192,0.3267,35.84,23.19,0.0,7.65,-9.14,1.0,0.0,HIGH
2026-05-01 01:39:36,1356,0.2917,0.04,0.3267,35.81,23.14,0.0,0.35,3.9,0.9,0.0,HIGH
2026-05-01 01:39:36,1357,0.3014,0.0196,0.3267,35.79,23.11,0.0,0.79,5.4,0.47,0.0,HIGH
2026-05-01 01:39:36,1358,0.2982,0.0196,0.3267,35.76,23.07,0.0,0.79,5.4,0.47,0.0,HIGH
2026-05-01 01:39:36,1359,0.2904,0.0196,0.3267,35.74,23.04,0.0,0.6,4.86,0.35,0.0,HIGH
2026-05-01 01:39:36,1360,0.2904,0.0196,0.3267,35.71,23.01,0.0,0.6,4.86,0.35,0.0,HIGH
2026-05-01 01:39:36,1361,0.2937,0.0196,0.3267,35.68,22.98,0.0,5.98,-8.63,0.39,0.0,HIGH
2026-05-01 01:39:36,1362,0.2859,0.0192,0.3267,35.66,22.96,0.0,6.67,-7.76,0.09,0.0,HIGH
2026-05-01 01:39:36,1363,0.2673,0.0392,0.3267,35.63,22.93,0.0,7.13,-6.97,-0.15,0.0,HIGH
2026-05-01 01:39:36,1364,0.2749,0.043,0.3267,35.6,22.91,0.0,7.4,-6.34,0.03,0.0,HIGH
2026-05-01 01:39:36,1365,0.2741,0.04,0.3267,35.58,22.89,0.0,5.37,-8.8,0.58,0.0,HIGH
2026-05-01 01:39:36,1366,0.2749,0.06,0.3267,35.55,22.87,0.0,8.31,-4.87,0.2,0.0,HIGH
2026-05-01 01:39:36,1367,0.2749,0.0392,0.3267,35.53,22.86,0.0,8.2,-8.17,0.04,0.0,HIGH
2026-05-01 01:39:37,1368,0.2884,0.0196,0.3267,35.5,22.84,0.0,8.55,-6.77,0.15,0.0,HIGH
2026-05-01 01:39:37,1369,0.2839,0.0192,0.3267,35.47,22.83,0.0,9.27,-7.63,0.06,0.0,HIGH
2026-05-01 01:39:37,1370,0.2982,0.0438,0.3267,35.45,22.82,0.0,7.37,-8.81,0.54,0.0,HIGH
2026-05-01 01:39:37,1371,0.2826,0.0608,0.3267,35.42,22.8,0.0,7.37,-8.81,0.54,0.0,HIGH
2026-05-01 01:39:37,1372,0.2903,0.0408,0.3267,35.4,22.79,0.0,1.13,5.51,-0.58,0.0,HIGH
2026-05-01 01:39:37,1373,0.3063,0.04,0.3267,35.37,22.78,0.0,1.13,5.51,-0.58,0.0,HIGH
2026-05-01 01:39:37,1374,0.2979,0.0447,0.3267,35.35,22.77,0.0,8.13,-4.28,-0.44,0.0,HIGH
2026-05-01 01:39:37,1375,0.3135,0.0447,0.3267,35.32,22.76,0.0,7.91,-7.33,-0.58,0.0,HIGH
2026-05-01 01:39:37,1376,0.287,0.0447,0.3267,35.29,22.76,0.0,8.83,-5.75,-0.45,0.0,HIGH
2026-05-01 01:39:37,1377,0.2819,0.04,0.3267,35.27,22.75,0.0,9.39,-7.75,0.01,0.0,HIGH
2026-05-01 01:39:37,1378,0.2945,0.0392,0.3267,35.24,22.74,0.0,8.7,-7.1,0.26,0.0,HIGH
2026-05-01 01:39:37,1379,0.2982,0.0408,0.3267,35.22,22.74,0.0,0.25,4.73,0.26,0.0,HIGH
2026-05-01 01:39:37,1380,0.2994,0.04,0.3267,35.19,22.73,0.0,0.67,4.85,0.35,0.0,HIGH
2026-05-01 01:39:37,1381,0.2958,0.0283,0.3267,35.17,22.73,0.0,1.76,4.59,0.49,0.0,HIGH
2026-05-01 01:39:37,1382,0.3034,0.0277,0.3267,35.14,22.72,0.0,8.2,-8.38,0.36,0.0,OK
2026-05-01 01:39:37,1383,0.3065,0.04,0.3267,35.12,22.72,0.0,1.3,5.58,0.84,0.0,OK
2026-05-01 01:39:37,1384,0.3068,0.04,0.3267,35.09,22.71,0.0,1.44,5.65,0.84,0.0,OK
2026-05-01 01:39:37,1385,0.2982,0.0196,0.3267,35.06,22.71,0.0,0.73,6.35,1.08,0.0,OK
2026-05-01 01:39:37,1386,0.2904,0.0392,0.3267,35.04,22.71,0.0,0.54,5.04,0.92,0.0,OK
2026-05-01 01:39:37,1387,0.2933,0.04,0.3267,35.01,22.7,0.0,1.23,5.12,0.64,0.0,OK
2026-05-01 01:39:37,1388,0.2994,0.02,0.3267,34.99,22.7,0.0,0.6,2.78,0.56,0.0,OK
2026-05-01 01:39:37,1389,0.3108,0.02,0.3267,34.96,22.7,0.0,7.76,-11.57,-0.08,0.0,OK
2026-05-01 01:39:37,1390,0.2982,0.0196,0.3267,34.94,22.69,0.0,7.36,-8.43,0.87,0.0,OK
2026-05-01 01:39:37,1391,0.3072,0.0196,0.3267,34.91,22.69,0.0,7.17,-11.44,0.77,0.0,OK
2026-05-01 01:39:37,1392,0.293,0.0204,0.3267,34.89,22.69,0.0,1.37,4.62,0.98,0.0,OK
2026-05-01 01:39:37,1393,0.3021,0.0408,0.3267,34.86,22.69,0.0,0.36,4.69,1.11,0.0,OK
2026-05-01 01:39:37,1394,0.3154,0.04,0.3267,34.84,22.69,0.0,-0.22,2.2,1.59,0.0,OK
2026-05-01 01:39:37,1395,0.2715,0.0289,0.3267,34.81,22.69,0.0,0.32,1.78,1.38,0.0,OK
2026-05-01 01:39:37,1396,0.2517,0.0289,0.3267,34.79,22.68,0.0,0.48,2.48,1.21,0.0,OK
2026-05-01 01:39:37,1397,0.2472,0.0208,0.3267,34.76,22.68,0.0,0.29,1.76,0.7,0.0,OK
2026-05-01 01:39:38,1398,0.2551,0.02,0.3267,34.74,22.68,0.0,6.78,-10.01,-0.23,0.0,OK
2026-05-01 01:39:38,1399,0.2435,0.0213,0.3267,34.71,22.68,0.0,-0.6,3.64,0.52,0.0,OK
2026-05-01 01:39:38,1400,0.244,0.0208,0.3267,34.69,22.68,0.0,-0.23,3.4,0.2,0.0,OK
2026-05-01 01:39:38,1401,0.2194,0.0196,0.3267,34.66,23.58,0.033,-2.88,3.01,0.44,0.0,OK
2026-05-01 01:39:38,1402,0.2233,0.0204,0.3267,34.64,24.17,0.067,-3.44,4.51,-0.07,0.0,OK
2026-05-01 01:39:38,1403,0.2229,0.0408,0.3267,34.62,24.82,0.1,-4.09,3.81,0.25,0.0,OK
2026-05-01 01:39:38,1404,0.2115,0.0417,0.3267,34.59,26.18,0.133,-3.41,4.21,-0.07,0.0,OK
2026-05-01 01:39:38,1405,0.2109,0.0417,0.3267,34.57,27.35,0.167,-4.89,4.37,0.23,0.0,OK
2026-05-01 01:39:38,1406,0.2275,0.0408,0.32,34.54,27.3,0.2,-4.5,5.23,-0.07,0.0,OK
2026-05-01 01:39:38,1407,0.2268,0.0408,0.36,34.52,28.76,0.233,-3.88,3.46,0.64,0.0,OK
2026-05-01 01:39:38,1408,0.2144,0.0466,0.36,34.49,30.72,0.267,-4.0,3.3,0.32,0.0,OK
2026-05-01 01:39:38,1409,0.2143,0.0408,0.36,34.47,32.24,0.3,-3.38,3.32,0.3,0.0,OK
2026-05-01 01:39:38,1410,0.216,0.0196,0.36,34.44,33.37,0.333,-3.49,3.78,0.37,0.0,OK
2026-05-01 01:39:38,1411,0.2234,0.0196,0.36,34.42,33.9,0.367,-3.92,4.77,0.23,0.0,OK
2026-05-01 01:39:38,1412,0.2315,0.0208,0.3533,35.67,33.21,0.0,-1.75,5.53,0.1,0.0,OK
2026-05-01 01:39:38,1413,0.2349,0.0466,0.3467,35.64,32.53,0.0,-2.49,5.13,-0.01,0.0,OK
2026-05-01 01:39:38,1414,0.2061,0.0408,0.34,35.62,32.24,0.033,-3.96,3.8,0.46,0.0,OK
2026-05-01 01:39:38,1415,0.1915,0.04,0.3333,35.59,32.18,0.067,-4.74,1.87,0.47,0.0,OK
2026-05-01 01:39:38,1416,0.2103,0.04,0.3267,35.57,31.86,0.1,-4.02,3.63,-0.06,0.0,OK
2026-05-01 01:39:38,1417,0.2143,0.04,0.32,35.54,31.52,0.133,-4.44,3.09,0.56,0.0,OK
2026-05-01 01:39:38,1418,0.2075,0.04,0.3133,35.52,31.3,0.167,-4.74,2.75,0.34,0.0,OK
2026-05-01 01:39:38,1419,0.2114,0.0392,0.3067,35.49,31.04,0.2,-4.44,3.02,0.64,0.0,OK
2026-05-01 01:39:38,1420,0.2122,0.0392,0.3467,35.47,31.62,0.233,-4.73,3.92,0.55,0.0,OK
2026-05-01 01:39:38,1421,0.2149,0.0196,0.3467,35.44,32.08,0.267,-4.37,4.81,0.91,0.0,OK
2026-05-01 01:39:38,1422,0.2115,0.0196,0.3467,35.42,32.83,0.3,-4.53,5.07,1.11,0.0,OK
2026-05-01 01:39:38,1423,0.212,0.0392,0.3467,35.39,33.52,0.333,-3.47,2.92,1.58,0.0,OK
2026-05-01 01:39:38,1424,0.2142,0.0392,0.3467,35.37,34.09,0.367,-3.37,1.7,1.08,0.0,OK
2026-05-01 01:39:38,1425,0.1868,0.0408,0.3467,35.34,36.37,0.4,-3.46,3.85,0.94,0.0,OK
2026-05-01 01:39:38,1426,0.2114,0.06,0.3467,35.32,36.6,0.433,-3.67,2.71,1.21,0.0,OK
2026-05-01 01:39:38,1427,0.2081,0.0447,0.3467,35.29,37.2,0.467,-3.46,2.79,1.31,0.0,OK
2026-05-01 01:39:39,1428,0.2122,0.0204,0.3467,35.27,37.58,0.5,-2.52,2.86,-0.09,0.0,OK
2026-05-01 01:39:39,1429,0.2075,0.0408,0.3467,35.24,38.37,0.533,-2.49,3.24,0.03,0.0,LOW
2026-05-01 01:39:39,1430,0.2114,0.0456,0.3467,35.22,38.88,0.567,-3.48,4.24,0.63,0.0,LOW
2026-05-01 01:39:39,1431,0.1992,0.0289,0.3467,35.2,40.2,0.6,-2.14,3.55,0.5,0.0,LOW
2026-05-01 01:39:39,1432,0.2109,0.0392,0.3467,35.17,40.59,0.633,-5.93,2.84,1.13,0.0,LOW
2026-05-01 01:39:39,1433,0.2185,0.0408,0.3467,35.15,40.63,0.667,-4.48,4.73,0.87,0.0,LOW
2026-05-01 01:39:39,1434,0.2064,0.0417,0.3467,35.12,41.63,0.7,-4.33,3.16,1.07,0.0,LOW
2026-05-01 01:39:39,1435,0.2115,0.0392,0.3467,35.1,42.22,0.733,-3.42,3.23,1.5,0.0,LOW
2026-05-01 01:39:39,1436,0.211,0.04,0.3467,35.07,42.88,0.767,-3.49,2.86,1.38,0.0,LOW
2026-05-01 01:39:39,1437,0.2035,0.0447,0.3467,35.05,44.01,0.8,-2.67,4.28,0.39,0.0,LOW
2026-05-01 01:39:39,1438,0.2035,0.0289,0.3467,35.02,44.99,0.833,-1.3,5.69,0.21,0.0,LOW
2026-05-01 01:39:39,1439,0.2067,0.0408,0.3467,35.0,45.68,0.867,-4.42,3.45,0.97,0.0,LOW
2026-05-01 01:39:39,1440,0.2136,0.0204,0.3467,34.98,45.95,0.9,-3.75,1.62,0.94,0.0,LOW
2026-05-01 01:39:39,1441,0.2109,0.0408,0.3467,34.95,46.53,0.933,-4.06,2.99,0.83,0.0,LOW
2026-05-01 01:39:39,1442,0.2268,0.0408,0.3467,34.93,46.45,0.967,-4.14,4.27,1.34,0.0,LOW
2026-05-01 01:39:39,1443,0.2155,0.04,0.3467,34.9,47.07,1.0,-3.4,3.24,1.28,0.0,LOW
2026-05-01 01:39:39,1444,0.1954,0.0204,0.3467,34.88,48.94,1.033,-3.25,1.76,1.45,0.0,LOW
2026-05-01 01:39:39,1445,0.1948,0.04,0.3467,34.85,50.44,1.067,-4.79,4.03,0.83,0.0,LOW
2026-05-01 01:39:39,1446,0.2075,0.0625,0.3467,34.83,50.88,1.1,-4.2,3.68,0.43,0.0,LOW
2026-05-01 01:39:39,1447,0.2107,0.0456,0.3467,34.81,51.22,1.133,-3.95,4.63,0.71,0.0,LOW
2026-05-01 01:39:39,1448,0.2069,0.04,0.3067,34.78,51.06,1.167,-4.09,3.7,1.26,0.0,LOW
2026-05-01 01:39:39,1449,0.2201,0.0213,0.3133,34.76,50.84,1.2,-2.41,2.99,1.2,0.0,LOW
2026-05-01 01:39:39,1450,0.2189,0.0417,0.32,34.73,50.76,1.233,-2.68,3.07,1.38,0.0,LOW
2026-05-01 01:39:39,1451,0.2109,0.0204,0.3267,34.71,51.41,1.267,-4.24,4.34,1.88,0.0,LOW
2026-05-01 01:39:39,1452,0.2187,0.0408,0.3333,34.69,51.84,1.3,-3.91,2.85,2.15,0.0,LOW
2026-05-01 01:39:39,1453,0.2189,0.04,0.34,34.66,52.58,1.333,-5.31,3.22,0.96,0.0,LOW
2026-05-01 01:39:39,1454,0.2233,0.0408,0.3467,34.64,53.27,1.367,-5.33,3.68,0.98,0.0,LOW
2026-05-01 01:39:39,1455,0.2187,0.0408,0.3533,34.62,54.49,1.4,-4.33,3.86,1.71,0.0,LOW
2026-05-01 01:39:39,1456,0.2195,0.0417,0.36,34.59,55.7,1.433,-4.74,4.37,1.52,0.0,LOW
2026-05-01 01:39:39,1457,0.2305,0.0425,0.36,34.57,53.33,0.0,-5.13,2.91,1.89,0.0,LOW
2026-05-01 01:39:39,1458,0.2189,0.0417,0.36,34.54,51.35,0.033,-5.24,2.85,1.79,0.0,LOW
2026-05-01 01:39:40,1459,0.2548,0.0204,0.36,34.52,49.32,0.0,-3.97,3.22,2.61,0.0,LOW
2026-05-01 01:39:40,1460,0.2625,0.0208,0.36,34.5,47.46,0.0,-4.74,2.6,2.69,0.0,LOW
2026-05-01 01:39:40,1461,0.2469,0.04,0.36,34.47,45.74,0.0,-5.96,2.05,1.34,0.0,LOW
2026-05-01 01:39:40,1462,0.2459,0.0208,0.36,34.45,44.16,0.0,-5.52,2.84,1.14,0.0,LOW
2026-05-01 01:39:40,1463,0.2463,0.0408,0.36,34.43,42.71,0.0,-5.7,1.62,2.0,0.0,LOW
2026-05-01 01:39:40,1464,0.2513,0.02,0.36,34.4,41.37,0.0,-4.0,2.9,2.04,0.0,LOW
2026-05-01 01:39:40,1465,0.236,0.02,0.36,34.38,40.14,0.0,-4.7,2.66,1.9,0.0,LOW
2026-05-01 01:39:40,1466,0.2458,0.0408,0.36,34.36,39.01,0.0,-5.65,4.68,1.83,0.0,LOW
2026-05-01 01:39:40,1467,0.2434,0.0408,0.36,34.33,37.97,0.0,-6.0,4.02,1.88,0.0,LOW
2026-05-01 01:39:40,1468,0.2553,0.04,0.36,34.31,37.01,0.0,-3.85,1.15,2.44,0.0,LOW
2026-05-01 01:39:40,1469,0.255,0.02,0.36,34.29,36.13,0.0,-3.85,1.15,2.44,0.0,LOW
2026-05-01 01:39:40,1470,0.2673,0.0417,0.36,34.26,35.32,0.0,-4.3,2.03,2.45,0.0,LOW
2026-05-01 01:39:40,1471,0.2381,0.0392,0.36,34.24,34.58,0.0,-5.29,2.87,2.74,0.0,LOW
2026-05-01 01:39:40,1472,0.2432,0.02,0.36,34.22,33.89,0.0,-5.4,2.1,2.56,0.0,LOW
2026-05-01 01:39:40,1473,0.2711,0.0425,0.36,34.19,33.26,0.0,-4.76,1.55,2.69,0.0,LOW
2026-05-01 01:39:40,1474,0.2631,0.0425,0.36,34.17,32.68,0.0,-3.96,2.17,2.47,0.0,LOW
2026-05-01 01:39:40,1475,0.2585,0.0408,0.36,34.15,32.14,0.0,-6.62,3.54,1.77,0.0,LOW
2026-05-01 01:39:40,1476,0.2469,0.0408,0.36,34.12,31.65,0.0,-6.51,3.0,2.2,0.0,LOW
2026-05-01 01:39:40,1477,0.2311,0.0192,0.36,34.1,31.2,0.0,-3.97,5.97,2.94,0.0,LOW
2026-05-01 01:39:40,1478,0.2468,0.0408,0.36,34.08,30.78,0.0,-5.7,2.13,1.69,0.0,LOW
2026-05-01 01:39:40,1479,0.255,0.0204,0.36,34.05,30.4,0.0,-4.67,2.55,1.79,0.0,LOW
2026-05-01 01:39:40,1480,0.2217,0.0208,0.36,34.03,30.22,0.033,-5.55,3.08,2.27,0.0,LOW
2026-05-01 01:39:40,1481,0.2217,0.0466,0.36,34.01,30.12,0.067,-6.97,3.33,2.32,0.0,LOW
2026-05-01 01:39:40,1482,0.2143,0.0408,0.36,33.99,30.38,0.1,-5.84,3.57,2.29,0.0,LOW
2026-05-01 01:39:40,1483,0.2217,0.0204,0.36,33.96,30.37,0.133,-5.58,1.95,2.31,0.0,LOW
2026-05-01 01:39:40,1484,0.2061,0.0408,0.36,33.94,31.53,0.167,-5.6,3.13,1.87,0.0,LOW
2026-05-01 01:39:40,1485,0.2136,0.0417,0.36,33.92,32.07,0.2,-4.68,2.89,1.85,0.0,LOW
2026-05-01 01:39:40,1486,0.2149,0.0408,0.4067,33.89,33.99,0.233,-3.94,1.73,1.91,0.0,LOW
2026-05-01 01:39:40,1487,0.2387,0.0208,0.4067,35.08,33.67,0.0,-5.44,3.92,1.19,0.0,LOW
2026-05-01 01:39:41,1488,0.2469,0.0204,0.4067,35.06,33.38,0.0,-6.37,4.53,1.66,0.0,LOW
2026-05-01 01:39:41,1489,0.2215,0.0204,0.4067,35.03,33.29,0.033,-5.83,2.96,2.38,0.0,LOW
2026-05-01 01:39:41,1490,0.2192,0.0204,0.4067,35.01,33.29,0.067,-7.39,3.91,2.12,0.0,LOW
2026-05-01 01:39:41,1491,0.223,0.04,0.4067,34.99,33.31,0.1,-7.02,3.43,2.17,0.0,LOW
2026-05-01 01:39:41,1492,0.23,0.04,0.4067,34.96,33.28,0.133,-6.82,2.65,2.22,0.0,LOW
2026-05-01 01:39:41,1493,0.19,0.0208,0.4067,34.94,35.8,0.167,-5.48,3.57,1.97,0.0,LOW
2026-05-01 01:39:41,1494,0.1937,0.0416,0.4067,34.92,37.46,0.2,-5.63,4.41,2.34,0.0,LOW
2026-05-01 01:39:41,1495,0.2054,0.04,0.4533,34.89,38.08,0.233,-6.34,1.96,2.11,0.0,LOW
2026-05-01 01:39:41,1496,0.222,0.04,0.46,34.87,37.99,0.267,-6.34,1.96,2.11,0.0,LOW
2026-05-01 01:39:41,1497,0.2217,0.02,0.4667,34.85,37.98,0.3,-4.67,1.3,1.61,0.0,LOW
2026-05-01 01:39:41,1498,0.2142,0.0466,0.4733,34.82,38.61,0.333,-5.19,4.14,1.73,0.0,LOW
2026-05-01 01:39:41,1499,0.2105,0.0417,0.48,34.8,39.49,0.367,-4.84,4.21,2.23,0.0,LOW
2026-05-01 01:39:41,1500,0.206,0.0408,0.4867,34.78,40.58,0.4,-6.24,3.27,2.07,0.0,LOW
2026-05-01 01:39:41,1501,0.1942,0.0456,0.4933,34.75,42.25,0.433,-7.58,3.79,2.39,0.0,LOW
2026-05-01 01:39:41,1502,0.2063,0.0204,0.5,34.73,42.85,0.467,-6.35,3.58,1.81,0.0,LOW
2026-05-01 01:39:41,1503,0.2136,0.0408,0.5067,34.71,43.03,0.5,-5.21,3.56,1.65,0.0,LOW
2026-05-01 01:39:41,1504,0.2059,0.0204,0.5133,34.68,43.87,0.533,-4.87,2.79,2.02,0.0,LOW
2026-05-01 01:39:41,1505,0.2183,0.0204,0.52,34.66,43.9,0.567,-5.46,4.7,1.55,0.0,LOW
2026-05-01 01:39:41,1506,0.2172,0.0456,0.5267,34.64,44.24,0.6,-4.56,3.45,1.47,0.0,LOW
2026-05-01 01:39:41,1507,0.207,0.0408,0.5333,34.62,45.32,0.633,-4.82,4.21,1.63,0.0,LOW
2026-05-01 01:39:41,1508,0.1948,0.0204,0.54,34.59,47.01,0.667,-5.0,5.09,1.34,0.0,LOW
2026-05-01 01:39:41,1509,0.2215,0.02,0.5467,34.57,46.95,0.7,-3.78,2.62,2.38,0.0,LOW
2026-05-01 01:39:41,1510,0.23,0.0204,0.5533,34.55,46.82,0.733,-5.47,3.08,1.98,0.0,LOW
2026-05-01 01:39:41,1511,0.1974,0.0447,0.56,34.52,48.56,0.767,-6.65,2.09,1.64,0.0,LOW
2026-05-01 01:39:41,1512,0.211,0.02,0.5667,34.5,49.12,0.8,-5.25,2.34,1.69,0.0,LOW
2026-05-01 01:39:41,1513,0.2088,0.0295,0.5733,34.48,49.85,0.833,-4.88,2.22,1.69,0.0,LOW
2026-05-01 01:39:41,1514,0.2184,0.0408,0.58,34.46,49.99,0.867,-5.36,4.4,1.97,0.0,LOW
2026-05-01 01:39:41,1515,0.2236,0.0204,0.5867,34.43,50.01,0.9,-5.36,4.4,1.97,0.0,LOW
2026-05-01 01:39:41,1516,0.2469,0.0416,0.5867,34.41,48.41,0.0,-5.75,0.95,2.2,0.0,LOW
2026-05-01 01:39:41,1517,0.2427,0.0417,0.5867,34.39,46.94,0.0,-4.43,3.03,2.04,0.0,LOW
2026-05-01 01:39:42,1518,0.2467,0.0408,0.5867,34.36,45.58,0.0,-4.6,2.29,1.92,0.0,LOW
2026-05-01 01:39:42,1519,0.2347,0.0408,0.5867,34.34,44.34,0.0,-3.3,2.11,1.87,0.0,LOW
2026-05-01 01:39:42,1520,0.2435,0.0283,0.5867,34.32,43.19,0.0,-5.06,2.83,2.13,0.0,LOW
2026-05-01 01:39:42,1521,0.2434,0.04,0.5867,34.3,42.13,0.0,-5.55,4.11,2.08,0.0,LOW
2026-05-01 01:39:42,1522,0.2392,0.0466,0.5867,34.27,41.16,0.0,-3.81,2.18,1.81,0.0,LOW
2026-05-01 01:39:42,1523,0.2389,0.0204,0.5867,34.25,40.27,0.0,-3.35,3.14,1.23,0.0,LOW
2026-05-01 01:39:42,1524,0.2395,0.0456,0.5867,34.23,39.45,0.0,-4.24,3.12,1.63,0.0,LOW
2026-05-01 01:39:42,1525,0.2431,0.0408,0.5867,34.21,38.69,0.0,-5.41,2.52,1.94,0.0,LOW
2026-05-01 01:39:42,1526,0.2386,0.0408,0.5867,34.18,38.0,0.0,-5.41,2.52,1.94,0.0,LOW
2026-05-01 01:39:42,1527,0.2515,0.0612,0.5867,34.16,37.36,0.0,-2.74,2.9,1.64,0.0,LOW
2026-05-01 01:39:42,1528,0.2474,0.0408,0.5867,34.14,36.77,0.0,-4.03,3.0,1.74,0.0,LOW
2026-05-01 01:39:42,1529,0.2153,0.0408,0.5867,34.12,36.49,0.033,-5.65,2.21,1.19,0.0,LOW
2026-05-01 01:39:42,1530,0.2189,0.0456,0.5867,34.1,36.24,0.067,-5.37,3.55,0.88,0.0,LOW
2026-05-01 01:39:42,1531,0.2466,0.0283,0.5867,35.25,35.74,0.0,-2.89,4.49,1.81,0.0,LOW
2026-05-01 01:39:42,1532,0.2395,0.0204,0.5867,35.23,35.28,0.0,-1.73,3.66,1.75,0.0,LOW
2026-05-01 01:39:42,1533,0.2749,0.0408,0.5867,35.2,34.86,0.0,-1.91,4.38,1.88,0.0,LOW
2026-05-01 01:39:42,1534,0.2636,0.0408,0.5867,35.18,34.47,0.0,-1.88,3.68,1.58,0.0,LOW
2026-05-01 01:39:42,1535,0.2674,0.0408,0.5867,35.16,34.11,0.0,-1.74,4.37,1.67,0.0,LOW
2026-05-01 01:39:42,1536,0.2672,0.04,0.5867,35.13,33.78,0.0,-3.05,3.29,1.48,0.0,LOW
2026-05-01 01:39:42,1537,0.2674,0.04,0.5867,35.11,33.48,0.0,-2.28,2.01,1.53,0.0,LOW
2026-05-01 01:39:42,1538,0.2673,0.0408,0.5867,35.09,33.2,0.0,-2.63,3.18,1.68,0.0,LOW
2026-05-01 01:39:42,1539,0.2674,0.0417,0.5867,35.06,32.95,0.0,-2.03,3.18,1.66,0.0,LOW
2026-05-01 01:39:42,1540,0.2509,0.0204,0.5867,35.04,32.71,0.0,-1.2,2.3,1.02,0.0,LOW
2026-05-01 01:39:42,1541,0.2515,0.0408,0.5867,35.02,32.49,0.0,-1.81,4.71,1.12,0.0,LOW
2026-05-01 01:39:42,1542,0.2717,0.0204,0.5867,35.0,32.29,0.0,-2.21,3.42,0.95,0.0,LOW
2026-05-01 01:39:42,1543,0.2712,0.0204,0.5867,34.97,32.11,0.0,-0.91,4.77,0.76,0.0,LOW
2026-05-01 01:39:42,1544,0.2671,0.02,0.5867,34.95,31.94,0.0,-2.16,3.87,1.0,0.0,LOW
2026-05-01 01:39:42,1545,0.2674,0.04,0.5867,34.93,31.79,0.0,-2.52,4.37,0.9,0.0,LOW
2026-05-01 01:39:42,1546,0.2553,0.0392,0.5867,34.91,31.64,0.0,-2.26,5.36,0.72,0.0,LOW
2026-05-01 01:39:42,1547,0.2723,0.0204,0.5867,34.88,31.51,0.0,-1.37,4.98,0.77,0.0,LOW
2026-05-01 01:39:42,1548,0.2832,0.0456,0.5867,34.86,31.39,0.0,-0.2,4.97,0.97,0.0,LOW
2026-05-01 01:39:43,1549,0.2671,0.04,0.5867,34.84,31.28,0.0,7.08,-7.51,0.62,0.0,LOW
2026-05-01 01:39:43,1550,0.271,0.04,0.5867,34.82,31.18,0.0,6.54,-8.49,0.92,0.0,LOW
2026-05-01 01:39:43,1551,0.2824,0.0408,0.58,34.79,31.08,0.0,-2.22,4.66,0.41,0.0,LOW
2026-05-01 01:39:43,1552,0.2828,0.0289,0.5733,34.77,31.0,0.0,0.97,6.56,-0.18,0.0,LOW
2026-05-01 01:39:43,1553,0.2839,0.0204,0.5667,34.75,30.92,0.0,6.58,-6.97,0.01,0.0,LOW
2026-05-01 01:39:43,1554,0.2839,0.0417,0.56,34.73,30.84,0.0,9.8,-9.0,0.15,0.0,LOW
2026-05-01 01:39:43,1555,0.2762,0.0408,0.5133,34.7,30.78,0.0,1.98,4.9,0.44,0.0,LOW
2026-05-01 01:39:43,1556,0.2987,0.04,0.5133,34.68,30.71,0.0,0.04,5.5,0.46,0.0,LOW
2026-05-01 01:39:43,1557,0.2992,0.04,0.5133,34.66,30.66,0.0,-0.09,5.47,0.16,0.0,LOW
2026-05-01 01:39:43,1558,0.2666,0.0392,0.5133,34.64,30.6,0.0,5.88,-5.3,-0.07,0.0,LOW
2026-05-01 01:39:43,1559,0.2793,0.0192,0.5133,34.62,30.56,0.0,7.19,-6.17,0.61,0.0,LOW
2026-05-01 01:39:43,1560,0.2902,0.0196,0.5133,34.59,30.51,0.0,8.71,-6.32,0.46,0.0,LOW
2026-05-01 01:39:43,1561,0.3002,0.0385,0.5133,34.57,30.47,0.0,8.15,-6.14,0.31,0.0,LOW
2026-05-01 01:39:43,1562,0.2978,0.0392,0.5133,34.55,30.43,0.0,8.03,-4.48,0.64,0.0,LOW
2026-05-01 01:39:43,1563,0.3043,0.0204,0.5133,34.53,30.4,0.0,0.67,7.81,-0.13,0.0,LOW
2026-05-01 01:39:43,1564,0.2917,0.0204,0.5067,34.5,30.37,0.0,7.35,-7.55,-0.07,0.0,LOW
2026-05-01 01:39:43,1565,0.2855,0.0392,0.5,34.48,30.34,0.0,6.33,-7.48,-0.11,0.0,LOW
2026-05-01 01:39:43,1566,0.2904,0.0577,0.4933,34.46,30.31,0.0,6.3,-6.8,0.22,0.0,LOW
2026-05-01 01:39:43,1567,0.2905,0.0392,0.4867,34.44,30.29,0.0,6.86,-7.2,0.62,0.0,LOW
2026-05-01 01:39:43,1568,0.2749,0.04,0.48,34.42,30.26,0.0,7.1,-7.22,0.57,0.0,LOW
2026-05-01 01:39:43,1569,0.2982,0.0385,0.4733,34.39,30.24,0.0,7.41,-6.9,0.12,0.0,LOW
2026-05-01 01:39:43,1570,0.2749,0.0277,0.4667,34.37,30.22,0.0,7.3,-5.31,0.43,0.0,LOW
2026-05-01 01:39:43,1571,0.2826,0.02,0.46,34.35,30.2,0.0,6.61,-6.31,0.66,0.0,LOW
2026-05-01 01:39:43,1572,0.2933,0.04,0.4533,34.33,30.19,0.0,0.76,5.73,0.09,0.0,LOW
2026-05-01 01:39:43,1573,0.2982,0.04,0.4467,34.31,30.17,0.0,0.34,6.49,0.51,0.0,LOW
2026-05-01 01:39:43,1574,0.2936,0.04,0.44,34.29,30.16,0.0,6.39,-7.29,0.42,0.0,LOW
2026-05-01 01:39:43,1575,0.2934,0.04,0.4333,34.26,30.15,0.0,7.23,-7.89,0.34,0.0,LOW
2026-05-01 01:39:43,1576,0.2906,0.04,0.4267,34.24,30.13,0.0,7.69,-6.65,0.28,0.0,LOW
2026-05-01 01:39:43,1577,0.2904,0.0392,0.42,34.22,30.12,0.0,7.69,-6.65,0.28,0.0,LOW
2026-05-01 01:39:43,1578,0.2794,0.0408,0.4133,34.2,30.11,0.0,0.46,6.59,0.8,0.0,LOW
2026-05-01 01:39:44,1579,0.2917,0.0456,0.4067,34.18,30.1,0.0,-0.14,6.99,1.32,0.0,LOW
2026-05-01 01:39:44,1580,0.3077,0.0417,0.4,34.16,30.1,0.0,-1.12,6.6,0.24,0.0,LOW
2026-05-01 01:39:44,1581,0.2749,0.04,0.3933,34.13,30.04,0.0,0.74,6.18,0.9,0.0,LOW
2026-05-01 01:39:44,1582,0.2749,0.0392,0.3867,34.11,29.93,0.0,6.48,-6.93,0.86,0.0,LOW
2026-05-01 01:39:44,1583,0.2826,0.06,0.38,34.09,29.77,0.0,-1.1,4.67,0.56,0.0,LOW
2026-05-01 01:39:44,1584,0.279,0.04,0.3733,34.07,29.58,0.0,-1.12,5.11,0.68,0.0,LOW
2026-05-01 01:39:44,1585,0.2982,0.0392,0.3667,34.05,29.34,0.0,0.7,6.86,0.52,0.0,LOW
2026-05-01 01:39:44,1586,0.2857,0.04,0.36,34.03,29.08,0.0,6.46,-7.59,0.33,0.0,LOW
2026-05-01 01:39:44,1587,0.2706,0.04,0.3533,34.01,28.78,0.0,1.27,6.1,-0.08,0.0,LOW
2026-05-01 01:39:44,1588,0.2751,0.04,0.3467,33.98,28.45,0.0,0.9,5.85,0.09,0.0,LOW
2026-05-01 01:39:44,1589,0.2708,0.06,0.34,33.96,28.09,0.0,0.18,5.22,0.55,0.0,LOW
2026-05-01 01:39:44,1590,0.2826,0.0447,0.3333,33.94,27.71,0.0,-0.26,6.13,0.22,0.0,LOW
2026-05-01 01:39:44,1591,0.2904,0.0408,0.3267,33.92,27.31,0.0,-0.22,6.46,0.4,0.0,LOW
2026-05-01 01:39:44,1592,0.2861,0.0438,0.32,33.9,26.88,0.0,-1.58,7.41,0.42,0.0,LOW
2026-05-01 01:39:44,1593,0.2861,0.0392,0.3133,33.88,26.44,0.0,-1.6,7.07,0.25,0.0,LOW
2026-05-01 01:39:44,1594,0.301,0.0277,0.3067,33.86,25.98,0.0,0.39,6.85,0.88,0.0,LOW
2026-05-01 01:39:44,1595,0.301,0.0392,0.3,33.83,25.5,0.0,0.34,6.56,0.7,0.0,LOW
2026-05-01 01:39:44,1596,0.2707,0.0447,0.2933,33.81,25.01,0.0,-0.79,5.52,0.68,0.0,LOW
2026-05-01 01:39:44,1597,0.2773,0.02,0.2867,33.79,24.5,0.0,0.05,5.83,0.56,0.0,LOW
2026-05-01 01:39:44,1598,0.274,0.0283,0.28,33.77,23.98,0.0,-0.13,6.22,0.68,0.0,LOW
2026-05-01 01:39:44,1599,0.2901,0.02,0.2733,33.75,23.45,0.0,7.04,-5.67,0.84,0.0,LOW
2026-05-01 01:39:44,1600,0.2839,0.04,0.2267,33.73,22.58,0.0,7.28,-5.79,0.68,0.0,LOW
2026-05-01 01:39:44,1601,0.2643,0.0588,0.2267,33.71,21.79,0.0,-0.69,5.68,0.68,0.0,LOW
2026-05-01 01:39:44,1602,0.2904,0.0588,0.2267,33.69,21.06,0.0,-1.07,5.99,0.96,0.0,LOW
2026-05-01 01:39:44,1603,0.2826,0.0392,0.2267,33.67,20.39,0.0,-0.77,6.94,0.17,0.0,LOW
2026-05-01 01:39:44,1604,0.2673,0.0392,0.2267,33.64,19.77,0.0,-0.37,5.48,0.4,0.0,LOW
2026-05-01 01:39:44,1605,0.275,0.02,0.2267,33.62,19.2,0.0,7.17,-6.09,0.65,0.0,LOW
2026-05-01 01:39:44,1606,0.2902,0.0196,0.2267,33.6,18.68,0.0,7.48,-5.15,0.6,0.0,LOW
2026-05-01 01:39:44,1607,0.2902,0.0438,0.2267,33.58,18.2,0.0,7.48,-5.15,0.6,0.0,LOW
2026-05-01 01:39:45,1608,0.2982,0.04,0.2267,33.56,17.76,0.0,0.7,6.52,0.41,0.0,LOW
2026-05-01 01:39:45,1609,0.2826,0.0447,0.2267,33.54,17.35,0.0,0.34,6.56,0.51,0.0,LOW
2026-05-01 01:39:45,1610,0.2826,0.0204,0.2267,33.52,16.98,0.0,-0.3,6.22,0.59,0.0,LOW
2026-05-01 01:39:45,1611,0.2904,0.0456,0.2267,33.5,16.63,0.0,-0.3,5.47,0.29,0.0,LOW
2026-05-01 01:39:45,1612,0.2673,0.0392,0.2267,33.48,16.31,0.0,-0.81,5.65,0.39,0.0,LOW
2026-05-01 01:39:45,1613,0.2668,0.0196,0.2267,33.46,16.02,0.0,-0.94,5.25,0.49,0.0,LOW
2026-05-01 01:39:45,1614,0.2784,0.04,0.2267,33.44,15.75,0.0,-0.86,6.69,0.71,0.0,LOW
2026-05-01 01:39:45,1615,0.2904,0.0456,0.2267,33.42,15.51,0.0,6.35,-8.97,0.4,0.0,LOW
2026-05-01 01:39:45,1616,0.2749,0.0408,0.2267,33.4,15.28,0.0,-0.22,6.22,0.59,0.0,LOW
2026-05-01 01:39:45,1617,0.2749,0.0612,0.2267,33.37,15.07,0.0,-0.37,5.93,0.19,0.0,LOW
2026-05-01 01:39:45,1618,0.2826,0.0204,0.2267,33.35,14.88,0.0,-0.37,5.93,0.19,0.0,LOW
2026-05-01 01:39:45,1619,0.2749,0.02,0.2267,33.33,14.7,0.0,7.05,-7.2,0.7,0.0,LOW
2026-05-01 01:39:45,1620,0.2673,0.0196,0.2267,33.31,14.54,0.0,6.83,-7.73,0.52,0.0,LOW
2026-05-01 01:39:45,1621,0.2624,0.0196,0.2267,33.29,14.39,0.0,0.04,6.24,0.01,0.0,LOW
2026-05-01 01:39:45,1622,0.2623,0.02,0.2267,33.27,14.25,0.0,5.94,-8.49,-0.06,0.0,LOW
2026-05-01 01:39:45,1623,0.278,0.0417,0.2267,33.25,14.12,0.0,-0.97,4.28,0.37,0.0,LOW
2026-05-01 01:39:45,1624,0.2702,0.0408,0.2267,33.23,14.01,0.0,-0.95,5.73,0.23,0.0,LOW
2026-05-01 01:39:45,1625,0.2784,0.02,0.2267,33.21,13.9,0.0,0.46,4.78,0.35,0.0,LOW
2026-05-01 01:39:45,1626,0.2812,0.02,0.2267,33.19,13.8,0.0,-1.2,4.87,0.17,0.0,LOW
2026-05-01 01:39:45,1627,0.2579,0.0204,0.2267,33.17,13.71,0.0,-0.04,4.6,0.07,0.0,LOW
2026-05-01 01:39:45,1628,0.2671,0.0392,0.2267,33.15,13.63,0.0,6.94,-8.09,0.36,0.0,LOW
2026-05-01 01:39:45,1629,0.2671,0.0392,0.2267,33.13,13.55,0.0,6.14,-10.7,0.12,0.0,LOW
2026-05-01 01:39:45,1630,0.2553,0.04,0.18,33.11,13.11,0.0,4.22,-9.93,-0.01,0.0,LOW
2026-05-01 01:39:45,1631,0.2596,0.02,0.18,33.09,12.7,0.0,3.84,-10.56,0.14,0.0,LOW
2026-05-01 01:39:45,1632,0.2594,0.0196,0.18,33.07,12.32,0.0,4.58,-9.94,-0.56,0.0,LOW
2026-05-01 01:39:45,1633,0.2549,0.0277,0.18,33.05,11.98,0.0,-0.76,5.63,-0.28,0.0,LOW
2026-05-01 01:39:45,1634,0.2548,0.0283,0.18,33.03,11.66,0.0,-0.57,5.26,0.55,0.0,LOW
2026-05-01 01:39:45,1635,0.2704,0.0408,0.18,33.01,11.37,0.0,-1.87,4.91,0.4,0.0,LOW
2026-05-01 01:39:45,1636,0.2626,0.02,0.18,32.99,11.1,0.0,-1.89,6.26,0.26,0.0,LOW
2026-05-01 01:39:45,1637,0.2673,0.0392,0.18,32.97,10.85,0.0,-1.31,4.29,0.55,0.0,LOW
2026-05-01 01:39:46,1638,0.2673,0.04,0.18,32.95,10.62,0.0,-0.14,5.47,0.77,0.0,LOW
2026-05-01 01:39:46,1639,0.2591,0.04,0.1733,32.93,10.36,0.0,-0.89,6.15,0.62,0.0,LOW
2026-05-01 01:39:46,1640,0.2436,0.0204,0.1667,32.91,10.06,0.0,-1.32,5.28,0.28,0.0,LOW
2026-05-01 01:39:46,1641,0.2861,0.04,0.16,32.89,9.74,0.0,-0.8,6.16,1.12,0.0,OK
2026-05-01 01:39:46,1642,0.2743,0.0385,0.1533,32.87,9.39,0.0,-0.1,5.12,0.24,0.0,OK
2026-05-01 01:39:46,1643,0.2631,0.0392,0.1467,32.85,9.01,0.0,5.96,-7.47,0.43,0.0,OK
2026-05-01 01:39:46,1644,0.2633,0.0196,0.14,32.83,8.61,0.0,-0.13,4.25,0.1,0.0,OK
2026-05-01 01:39:46,1645,0.2554,0.0272,0.1333,32.81,8.19,0.0,0.37,5.36,-0.1,0.0,OK
2026-05-01 01:39:46,1646,0.2662,0.0408,0.1267,32.79,7.74,0.0,1.32,5.12,0.82,0.0,OK
2026-05-01 01:39:46,1647,0.2596,0.0408,0.12,32.77,7.28,0.0,0.39,5.73,0.48,0.0,OK
2026-05-01 01:39:46,1648,0.2518,0.0408,0.1133,32.75,6.81,0.0,-0.93,5.25,0.6,0.0,OK
2026-05-01 01:39:46,1649,0.2405,0.0408,0.1067,32.73,6.32,0.0,-0.88,4.84,0.48,0.0,OK
2026-05-01 01:39:46,1650,0.2669,0.06,0.1,32.71,5.81,0.0,6.19,-10.16,0.48,0.0,OK
2026-05-01 01:39:46,1651,0.2747,0.0612,0.0933,32.69,5.35,0.0,6.19,-10.16,0.48,0.0,OK
2026-05-01 01:39:46,1652,0.2507,0.02,0.0867,32.67,4.92,0.0,-0.27,3.92,0.69,0.0,OK
2026-05-01 01:39:46,1653,0.2584,0.0283,0.08,32.65,4.53,0.0,-0.62,4.76,0.38,0.0,OK
2026-05-01 01:39:46,1654,0.2589,0.0283,0.0733,32.63,4.16,0.0,-0.62,4.76,0.38,0.0,OK
2026-05-01 01:39:46,1655,0.2589,0.0408,0.0667,32.61,3.83,0.0,-1.06,4.62,0.77,0.0,OK
2026-05-01 01:39:46,1656,0.2671,0.0408,0.06,32.59,3.52,0.0,-0.8,4.13,0.94,0.0,OK
2026-05-01 01:39:46,1657,0.2628,0.04,0.0533,32.57,3.24,0.0,-1.82,4.29,0.2,0.0,OK
2026-05-01 01:39:46,1658,0.2586,0.0196,0.0467,32.55,2.98,0.0,-1.2,4.38,0.53,0.0,OK
2026-05-01 01:39:46,1659,0.2633,0.0392,0.0,32.53,2.74,0.0,5.54,-8.46,0.52,0.0,OK
2026-05-01 01:39:46,1660,0.2623,0.0385,0.0,32.51,2.52,0.0,5.5,-10.57,0.49,0.0,OK
2026-05-01 01:39:46,1661,0.2558,0.0447,0.0,32.49,2.32,0.0,5.99,-11.87,-0.25,0.0,OK
2026-05-01 01:39:46,1662,0.244,0.0204,0.0,32.47,2.14,0.0,-0.25,5.34,0.4,0.0,OK
2026-05-01 01:39:46,1663,0.1982,0.0447,0.0,32.45,3.58,0.033,-2.32,4.41,0.04,0.0,OK
2026-05-01 01:39:46,1664,0.2058,0.0392,0.0,32.43,4.3,0.067,6.95,-9.59,0.38,0.0,OK
2026-05-01 01:39:46,1665,0.2088,0.0392,0.0,32.41,4.83,0.1,-1.03,5.02,0.69,0.0,OK
2026-05-01 01:39:46,1666,0.2361,0.04,0.0,33.47,4.45,0.0,-0.97,5.85,0.57,0.0,OK
2026-05-01 01:39:46,1667,0.2361,0.0392,0.0,33.45,4.09,0.0,-1.09,5.41,0.68,0.0,OK
2026-05-01 01:39:47,1668,0.2668,0.0632,0.0,33.43,3.76,0.0,-0.32,4.96,0.65,0.0,OK
2026-05-01 01:39:47,1669,0.2596,0.0408,0.0,33.41,3.46,0.0,-0.47,5.2,0.37,0.0,OK
2026-05-01 01:39:47,1670,0.2035,0.0447,0.0,33.39,4.12,0.033,-2.32,5.42,0.21,0.0,OK
2026-05-01 01:39:47,1671,0.1795,0.0283,0.0,33.37,6.25,0.067,-1.42,5.04,0.38,0.0,OK
2026-05-01 01:39:47,1672,0.2041,0.0392,0.0,33.35,6.38,0.1,5.5,-9.61,-0.46,0.0,OK
2026-05-01 01:39:47,1673,0.2364,0.0447,0.0,34.41,5.87,0.0,-0.0,4.58,0.83,0.0,OK
2026-05-01 01:39:47,1674,0.2364,0.0447,0.0,34.39,5.4,0.0,-0.57,5.0,0.63,0.0,OK
2026-05-01 01:39:47,1675,0.2375,0.0385,0.0,34.37,4.97,0.0,7.4,-8.6,0.74,0.0,OK
2026-05-01 01:39:47,1676,0.2318,0.0392,0.0,34.35,4.57,0.0,7.17,-8.72,0.58,0.0,OK
2026-05-01 01:39:47,1677,0.2192,0.0283,0.0,34.33,4.42,0.033,7.65,-7.08,-0.0,0.0,OK
2026-05-01 01:39:47,1678,0.2192,0.04,0.0,34.31,4.33,0.067,7.65,-7.08,-0.0,0.0,OK
2026-05-01 01:39:47,1679,0.1803,0.0204,0.0,34.29,6.58,0.1,-2.31,5.5,0.15,0.0,OK
2026-05-01 01:39:47,1680,0.2049,0.0392,0.0,34.27,6.8,0.133,-2.56,5.99,0.55,0.0,OK
2026-05-01 01:39:47,1681,0.2245,0.0392,0.0,34.24,6.61,0.167,-2.6,6.47,0.66,0.0,OK
2026-05-01 01:39:47,1682,0.2392,0.02,0.0,35.29,6.08,0.0,6.63,-7.88,0.36,0.0,OK
2026-05-01 01:39:47,1683,0.2325,0.0196,0.0,35.27,5.6,0.0,6.63,-7.88,0.36,0.0,OK
2026-05-01 01:39:47,1684,0.236,0.0392,0.0,35.25,5.15,0.0,6.67,-8.24,0.08,0.0,OK
2026-05-01 01:39:47,1685,0.2201,0.0447,0.0,35.23,4.93,0.033,-0.77,5.01,0.39,0.0,OK
2026-05-01 01:39:47,1686,0.1835,0.02,0.0,35.21,6.54,0.067,-0.96,4.72,0.1,0.0,OK
2026-05-01 01:39:47,1687,0.2042,0.02,0.0,35.19,6.57,0.1,8.42,-6.67,0.22,0.0,OK
2026-05-01 01:39:47,1688,0.2042,0.0408,0.0,35.17,6.83,0.133,7.51,-9.01,-0.49,0.0,OK
2026-05-01 01:39:47,1689,0.2435,0.0196,0.0,36.21,6.28,0.0,7.36,-5.23,-0.09,0.0,OK
2026-05-01 01:39:47,1690,0.2553,0.0392,0.0,36.19,5.78,0.0,-1.08,5.98,0.52,0.0,OK
2026-05-01 01:39:47,1691,0.2417,0.0408,0.0,36.17,5.32,0.0,0.45,5.33,1.07,0.0,OK
2026-05-01 01:39:47,1692,0.24,0.0417,0.0,36.15,4.89,0.0,-0.85,5.39,1.09,0.0,OK
2026-05-01 01:39:47,1693,0.1883,0.0196,0.0,36.13,5.97,0.033,5.7,-6.37,-0.5,0.0,OK
2026-05-01 01:39:47,1694,0.1848,0.0196,0.0,36.11,7.13,0.067,-2.08,6.28,-0.07,0.0,OK
2026-05-01 01:39:47,1695,0.1715,0.0283,0.0,36.08,8.94,0.1,-3.14,6.5,0.42,0.0,OK
2026-05-01 01:39:47,1696,0.1842,0.0385,0.0,36.06,9.59,0.133,5.92,-6.77,0.21,0.0,OK
2026-05-01 01:39:47,1697,0.2248,0.0392,0.0,36.04,9.18,0.167,0.01,4.59,0.64,0.0,OK
2026-05-01 01:39:48,1698,0.2318,0.0408,0.0,37.08,8.44,0.0,0.54,4.86,0.46,0.0,OK
2026-05-01 01:39:48,1699,0.2557,0.0408,0.0,37.06,7.77,0.0,0.69,7.69,0.84,0.0,OK
2026-05-01 01:39:48,1700,0.2714,0.0408,0.0,37.04,7.15,0.0,0.66,5.91,0.97,0.0,OK
2026-05-01 01:39:48,1701,0.2184,0.0392,0.0,37.02,6.79,0.033,9.21,-5.77,0.86,0.0,OK
2026-05-01 01:39:48,1702,0.1883,0.0456,0.0,36.99,7.46,0.067,-2.06,4.58,0.1,0.0,OK
2026-05-01 01:39:48,1703,0.1818,0.0408,0.0,36.97,8.53,0.1,-2.65,5.61,-0.25,0.0,OK
2026-05-01 01:39:48,1704,0.1767,0.0447,0.0,36.95,9.77,0.133,-0.32,5.57,0.39,0.0,OK
2026-05-01 01:39:48,1705,0.1979,0.04,0.0,36.93,9.72,0.167,-1.57,5.35,0.11,0.0,OK
2026-05-01 01:39:48,1706,0.2121,0.0408,0.0,36.91,9.53,0.2,-1.16,5.99,0.51,0.0,OK
2026-05-01 01:39:48,1707,0.2081,0.0204,0.0467,36.89,9.47,0.233,-0.96,4.05,0.54,0.0,OK
2026-05-01 01:39:48,1708,0.2122,0.0408,0.0533,36.86,9.41,0.267,-2.31,6.53,0.24,0.0,OK
2026-05-01 01:39:48,1709,0.1754,0.04,0.06,36.84,11.65,0.3,-2.57,5.5,-0.27,0.0,OK
2026-05-01 01:39:48,1710,0.1823,0.04,0.0667,36.82,12.94,0.333,-2.93,5.42,-0.15,0.0,OK
2026-05-01 01:39:48,1711,0.1825,0.0408,0.0733,36.8,14.01,0.367,7.0,-10.85,0.33,0.0,OK
2026-05-01 01:39:48,1712,0.1912,0.0456,0.08,36.78,14.41,0.4,7.35,-11.13,0.1,0.0,OK
2026-05-01 01:39:48,1713,0.1823,0.0408,0.0867,36.76,15.47,0.433,-2.61,4.88,0.32,0.0,OK
2026-05-01 01:39:48,1714,0.1724,0.0408,0.0933,36.73,17.0,0.467,-2.41,4.34,0.43,0.0,OK
2026-05-01 01:39:48,1715,0.2312,0.04,0.0933,37.76,15.64,0.0,-0.74,5.82,1.09,0.0,OK
2026-05-01 01:39:48,1716,0.2375,0.06,0.0933,37.74,14.39,0.0,-0.45,5.82,1.2,0.0,OK
2026-05-01 01:39:48,1717,0.2155,0.043,0.0933,37.72,13.5,0.033,8.57,-8.65,0.7,0.0,OK
2026-05-01 01:39:48,1718,0.1664,0.0204,0.0933,37.7,13.42,0.067,-3.62,5.59,0.35,0.0,OK
2026-05-01 01:39:48,1719,0.1637,0.02,0.0933,37.67,13.5,0.1,-2.8,5.59,0.42,0.0,OK
2026-05-01 01:39:48,1720,0.2005,0.04,0.0933,37.65,13.06,0.133,-0.84,5.99,0.62,0.0,OK
2026-05-01 01:39:48,1721,0.1883,0.0408,0.0933,37.63,12.87,0.167,-0.84,5.99,0.62,0.0,OK
2026-05-01 01:39:48,1722,0.2243,0.0392,0.0933,37.61,12.26,0.2,-1.02,6.16,0.91,0.0,OK
2026-05-01 01:39:48,1723,0.2257,0.0392,0.14,37.59,12.06,0.233,-0.68,6.14,0.81,0.0,OK
2026-05-01 01:39:48,1724,0.2264,0.0408,0.1467,37.57,11.97,0.267,9.3,-6.98,0.96,0.0,OK
2026-05-01 01:39:48,1725,0.2178,0.0385,0.1533,37.54,12.6,0.3,8.05,-7.35,1.25,0.0,OK
2026-05-01 01:39:48,1726,0.2014,0.0392,0.16,37.52,14.5,0.333,-0.64,6.18,1.33,0.0,OK
2026-05-01 01:39:48,1727,0.1658,0.0392,0.1667,37.5,18.37,0.367,-4.58,4.09,1.2,0.0,OK
2026-05-01 01:39:49,1728,0.1716,0.0392,0.1733,37.48,21.01,0.4,-4.4,2.85,1.31,0.0,OK
2026-05-01 01:39:49,1729,0.1803,0.0392,0.18,37.46,22.68,0.433,-1.91,4.93,0.8,0.0,OK
2026-05-01 01:39:49,1730,0.1823,0.0385,0.1867,37.44,24.12,0.467,7.9,-9.87,0.23,0.0,OK
2026-05-01 01:39:49,1731,0.2201,0.04,0.1933,37.41,23.91,0.5,7.86,-6.94,0.85,0.0,OK
2026-05-01 01:39:49,1732,0.2281,0.0447,0.2,37.39,23.73,0.533,-0.89,5.0,0.96,0.0,OK
2026-05-01 01:39:49,1733,0.2455,0.0392,0.2,38.41,22.63,0.0,1.83,4.46,1.76,0.0,OK
2026-05-01 01:39:49,1734,0.2379,0.04,0.2,38.39,21.62,0.0,1.83,4.46,1.76,0.0,OK
2026-05-01 01:39:49,1735,0.2063,0.0417,0.2,38.36,21.08,0.033,6.82,-10.37,1.3,0.0,OK
2026-05-01 01:39:49,1736,0.2004,0.0476,0.2,38.34,20.72,0.067,0.96,3.15,1.45,0.0,OK
2026-05-01 01:39:49,1737,0.2015,0.0466,0.2,38.32,20.43,0.1,7.36,-9.62,0.42,0.0,OK
2026-05-01 01:39:49,1738,0.1975,0.06,0.2,38.3,20.27,0.133,-0.64,5.48,1.18,0.0,OK
2026-05-01 01:39:49,1739,0.1902,0.0408,0.2,38.28,20.34,0.167,0.12,3.42,1.39,0.0,OK
2026-05-01 01:39:49,1740,0.2237,0.0204,0.2,38.25,19.94,0.2,7.91,-6.14,1.25,0.0,OK
2026-05-01 01:39:49,1741,0.2173,0.0408,0.2467,38.23,20.59,0.233,7.73,-7.47,1.25,0.0,OK
2026-05-01 01:39:49,1742,0.1833,0.0408,0.2533,38.21,23.56,0.267,7.17,-8.07,0.07,0.0,OK
2026-05-01 01:39:49,1743,0.1831,0.02,0.26,38.19,25.98,0.3,-2.77,5.13,0.72,0.0,OK
2026-05-01 01:39:49,1744,0.1882,0.06,0.2667,38.17,27.73,0.333,-1.71,5.0,0.6,0.0,OK
2026-05-01 01:39:49,1745,0.1901,0.06,0.2733,38.14,29.22,0.367,-1.29,5.61,0.8,0.0,OK
2026-05-01 01:39:49,1746,0.2454,0.0385,0.2733,39.15,28.27,0.0,8.99,-9.45,0.77,0.0,OK
2026-05-01 01:39:49,1747,0.2957,0.0295,0.2733,39.13,27.4,0.0,9.46,-6.59,1.18,0.0,OK
2026-05-01 01:39:49,1748,0.2823,0.0204,0.2733,39.11,26.59,0.0,8.0,-9.1,1.53,0.0,OK
2026-05-01 01:39:49,1749,0.2709,0.0426,0.2733,39.09,25.85,0.0,2.06,5.21,0.67,0.0,OK
2026-05-01 01:39:49,1750,0.282,0.0208,0.2733,39.06,25.17,0.0,7.32,-9.67,1.05,0.0,OK
2026-05-01 01:39:49,1751,0.2928,0.0204,0.2733,39.04,24.54,0.0,9.82,-6.2,0.81,0.0,OK
2026-05-01 01:39:49,1752,0.2926,0.0295,0.2733,39.02,23.97,0.0,3.7,6.11,1.51,0.0,OK
2026-05-01 01:39:49,1753,0.2706,0.0438,0.2733,39.0,23.43,0.0,0.79,5.37,1.02,0.0,OK
2026-05-01 01:39:49,1754,0.2638,0.0213,0.2733,38.97,22.95,0.0,1.82,2.25,0.65,0.0,OK
2026-05-01 01:39:49,1755,0.2879,0.0208,0.2733,38.95,22.5,0.0,8.29,-6.86,0.71,0.0,OK
2026-05-01 01:39:49,1756,0.2628,0.043,0.2733,38.93,22.08,0.0,8.35,-8.22,0.58,0.0,OK
2026-05-01 01:39:49,1757,0.2794,0.04,0.2733,38.91,21.7,0.0,6.96,-6.6,1.21,0.0,OK
2026-05-01 01:39:49,1758,0.2671,0.0588,0.2733,38.89,21.35,0.0,-0.27,4.4,1.1,0.0,OK
2026-05-01 01:39:50,1759,0.2671,0.0392,0.2733,38.86,21.03,0.0,8.01,-10.15,0.74,0.0,OK
2026-05-01 01:39:50,1760,0.2749,0.04,0.2733,38.84,20.74,0.0,1.51,6.96,1.3,0.0,OK
2026-05-01 01:39:50,1761,0.2753,0.04,0.2733,38.82,20.46,0.0,1.45,6.41,1.76,0.0,OK
2026-05-01 01:39:50,1762,0.2741,0.06,0.2733,38.8,20.21,0.0,7.79,-8.83,1.4,0.0,OK
2026-05-01 01:39:50,1763,0.2594,0.0408,0.2733,38.78,19.98,0.0,0.59,5.2,0.66,0.0,OK
2026-05-01 01:39:50,1764,0.2594,0.0456,0.2733,38.75,19.77,0.0,0.97,7.26,0.35,0.0,OK
2026-05-01 01:39:50,1765,0.2902,0.0417,0.2733,38.73,19.58,0.0,1.22,4.38,0.72,0.0,OK
2026-05-01 01:39:50,1766,0.2859,0.0204,0.2733,38.71,19.4,0.0,6.75,-7.06,0.32,0.0,OK
2026-05-01 01:39:50,1767,0.2517,0.0392,0.2733,38.69,19.23,0.0,-0.97,5.61,0.79,0.0,OK
2026-05-01 01:39:50,1768,0.2519,0.0392,0.2733,38.67,19.08,0.0,-1.32,5.99,0.62,0.0,OK
2026-05-01 01:39:50,1769,0.2671,0.04,0.2733,38.64,18.94,0.0,0.95,6.48,0.5,0.0,OK
2026-05-01 01:39:50,1770,0.2671,0.04,0.2733,38.62,18.81,0.0,0.5,5.69,0.78,0.0,OK
2026-05-01 01:39:50,1771,0.2623,0.0196,0.2733,38.6,18.69,0.0,9.17,-9.76,0.39,0.0,OK
2026-05-01 01:39:50,1772,0.2671,0.0392,0.2733,38.58,18.58,0.0,1.5,6.35,0.73,0.0,OK
2026-05-01 01:39:50,1773,0.2649,0.04,0.2733,38.56,18.48,0.0,8.19,-9.47,0.06,0.0,OK
2026-05-01 01:39:50,1774,0.2358,0.0392,0.2733,38.54,18.39,0.0,0.65,5.39,0.06,0.0,OK
2026-05-01 01:39:50,1775,0.2636,0.0196,0.2733,38.51,18.31,0.0,7.1,-8.4,0.04,0.0,OK
2026-05-01 01:39:50,1776,0.2402,0.0392,0.2733,38.49,18.23,0.0,6.1,-8.94,-0.39,0.0,OK
2026-05-01 01:39:50,1777,0.244,0.02,0.2733,38.47,18.16,0.0,6.94,-8.18,0.21,0.0,OK
2026-05-01 01:39:50,1778,0.2358,0.0447,0.2733,38.45,18.09,0.0,5.99,-7.71,-0.34,0.0,OK
2026-05-01 01:39:50,1779,0.2358,0.0392,0.2733,38.43,18.03,0.0,-2.03,5.3,0.27,0.0,OK
2026-05-01 01:39:50,1780,0.2167,0.04,0.2733,38.41,18.85,0.033,7.94,-12.2,-0.29,0.0,OK
2026-05-01 01:39:50,1781,0.2402,0.0204,0.2733,38.38,18.73,0.0,0.57,4.53,-0.06,0.0,OK
2026-05-01 01:39:50,1782,0.2242,0.0377,0.2733,38.36,18.85,0.033,6.88,-10.77,-0.2,0.0,OK
2026-05-01 01:39:50,1783,0.2245,0.0392,0.2733,38.34,19.16,0.067,-0.54,4.43,-0.11,0.0,OK
2026-05-01 01:39:50,1784,0.2479,0.0204,0.2733,39.33,19.01,0.0,-1.91,4.06,0.27,0.0,OK
2026-05-01 01:39:50,1785,0.2354,0.02,0.2733,39.31,18.88,0.0,-2.78,6.52,0.39,0.0,OK
2026-05-01 01:39:50,1786,0.2358,0.0204,0.2733,39.28,18.75,0.0,-2.69,4.92,0.38,0.0,OK
2026-05-01 01:39:50,1787,0.2355,0.0283,0.2733,39.26,18.64,0.0,-2.85,4.58,0.18,0.0,OK
2026-05-01 01:39:51,1788,0.2435,0.0204,0.2733,39.24,18.54,0.0,-0.63,5.76,-0.19,0.0,OK
